2026-06-04 08:56:06 [INFO] reflection.reflection_statistics: ✅ Reflection statistics database initialized
2026-06-04 08:56:06 [INFO] AlcoSoft: =======================================================
2026-06-04 08:56:06 [INFO] AlcoSoft:   ALCOSOFT FINANCIAL SERVICES — SYSTEM STARTING
2026-06-04 08:56:06 [INFO] AlcoSoft:   Mode: PAPER | Strategy: INTRADAY
2026-06-04 08:56:06 [INFO] AlcoSoft: =======================================================
2026-06-04 08:56:06 [INFO] AlcoSoft: [0/6] Initializing database...
2026-06-04 08:56:06 [INFO] core.state_manager: Database initialized.
2026-06-04 08:56:06 [INFO] AlcoSoft: [1/6] Running preflight health checks...
2026-06-04 08:56:06 [INFO] core.health_monitor: 🔍 Running preflight health checks...
2026-06-04 08:56:06 [INFO] core.health_monitor: ✅ API Credentials: All API keys configured
2026-06-04 08:56:06 [INFO] core.kotak_client: Initializing Kotak Neo session...
2026-06-04 08:56:06 [INFO] core.kotak_client: TOTP generated: 345165
2026-06-04 08:56:06 [INFO] core.kotak_client: TOTP login response: {'data': {'token': 'eyJhbGciOiJSUzI1NiIsInR5cCI6IkpXVCJ9.eyJqdGkiOiJlNDRkZGMwMC1hOTRmLTRjMjEtYmM3NC0wMjE4NzEyYTc1NWMiLCJpc3MiOiJsb2dpbi1zZXJ2aWNlIiwic3ViIjoiZDZiODIzNzgtNDMzMy00OTcyLTk2ZTgtOTllOWYwMzE0N2MwIiwidWNjIjoiWEQxNkYiLCJuYXAiOiIiLCJ5Y2UiOiJlWVxcNiAvKjU9dFx1MDAwNlx1MDAwYlx1MDAwNHVcdTAwMDBcdTAwMTBiIiwiY2F0ZWdvcmlzYXRpb24iOiIiLCJzY29wZSI6WyJWaWV3Il0sImV4cCI6MTc4MDU5NzgwMCwiaWF0IjoxNzgwNTQzNTY2LCJmZXRjaGNhY2hpbmdydWxlIjowfQ.kbmPzxlzWDbEYf-9KQ7As77JIM8u1wbXP_f3uOlfkOfmcN1NK73nq0lO4QlpsVezj-ISr1o3atYnGkTWv83VD474R91Isf3ECo2qB6st7J0wVzY0qmmCojebTmTSUcX7Damgc7DWWjilpHQ_bathuhof7hJEploI8Mt8hd46U1mHz__jJXwIX2RvnyYArmXLP5a1wGe-M_A_M0gXqefUqxNGwDKqoTCQGIrgOCVTQM4WrfdfC0OcWDZ9htF9YhsZsJui7xSLXhWhtwVPev2nKIA5D9hF3x1u-1JX8bgrypUcKGN0vSwe_sFC03XgdlMOW2suk7da7sdHvciQEVXMgw', 'sid': '2f1150df-015a-4ef6-9202-1df76348449c', 'rid': '166b9cc2-74c5-4f29-9c8f-c92493b5fb06', 'hsServerId': '', 'isUserPwdExpired': False, 'ucc': 'XD16F', 'greetingName': 'MANOJ', 'isTrialAccount': False, 'dataCenter': 'E41', 'derivativesRiskDisclosure': 'Risk Disclosure on Derivatives\n\nAs per a SEBI study dated 25 Jan 2023- \n• 9 out of 10 individual traders in equity Futures and Options Segment, incurred net losses.\n• On an average, loss makers registered net trading loss close to Rs.50,000.\n• Over and above the net trading losses incurred, loss makers expended an additional 28% of net trading losses as transaction costs.\n• Those making net trading profits, incurred between 15% to 50% of such profits as transaction cost.\n\nFor more information please check out : https://www.sebi.gov.in/reports-and-statistics/research/jan-2023/study-analysis-of-profit-and-loss-of-individual-traders-dealing-in-equity-fando-segment_67525.html', 'mfAccess': 1, 'dataCenterMap': None, 'dormancyStatus': 'A', 'asbaStatus': '', 'clientType': 'RI', 'isNRI': False, 'kId': 'ADDPR4621C', 'kType': 'View', 'status': 'success', 'incRange': 0, 'incUpdFlag': '', 'clientGroup': '', 'kraStatus': '', 'rcFlag': 0}}
2026-06-04 08:56:06 [INFO] core.kotak_client: 🔍 TOTP login data keys: ['token', 'sid', 'rid', 'hsServerId', 'isUserPwdExpired', 'ucc', 'greetingName', 'isTrialAccount', 'dataCenter', 'derivativesRiskDisclosure', 'mfAccess', 'dataCenterMap', 'dormancyStatus', 'asbaStatus', 'clientType', 'isNRI', 'kId', 'kType', 'status', 'incRange', 'incUpdFlag', 'clientGroup', 'kraStatus', 'rcFlag']
2026-06-04 08:56:09 [INFO] core.kotak_client: MPIN validation response: {'data': {'token': 'eyJhbGciOiJSUzI1NiIsInR5cCI6IkpXVCJ9.eyJqdGkiOiJiYjVhMTgzMC1lYWRhLTQ0OWYtOThiMy1hOTAyYzlkNzRmYjEiLCJpc3MiOiJsb2dpbi1zZXJ2aWNlIiwic3ViIjoiZDZiODIzNzgtNDMzMy00OTcyLTk2ZTgtOTllOWYwMzE0N2MwIiwidWNjIjoiWEQxNkYiLCJuYXAiOiIiLCJ5Y2UiOiJlWVxcNiAvKjU9dFx1MDAwNlx1MDAwYlx1MDAwNHVcdTAwMDBcdTAwMTBiIiwiY2F0ZWdvcmlzYXRpb24iOiIiLCJzY29wZSI6WyJUcmFkZSJdLCJleHAiOjE3ODA1OTc4MDAsImlhdCI6MTc4MDU0MzU2OCwiZmV0Y2hjYWNoaW5ncnVsZSI6MH0.S4PQPWRC04DQQJuuzS41_0x_5vjtZViLrEO_aLzqaXbrI7CMuZ7hfDIE1wvbZIL_Go8VgSMataHAm-uFmjtifKaFw0TrxxIZHwmPiRQTWxJU6jgFIC1z5Trz1Nb26FJxqt8yRKI8taRihL2jAIVkkMASMkUMVJIO1i2YdbNnlPcTGzPzZQ77Z8OVLrWx2-C3Aghr2uYOQcqxUJiSuCqUknIuKYHsCs71D5zLUqntyC2Z5HCROiYD5RfEszWSl74bS_jBaXGbtoLQm_WxXtJTA2pMuwVkkgW8zF1nOgihGPZQolhDPGLzhhWIdp5qU1OGJgW8npcynPyaqfSzvYk3rQ', 'sid': 'dd613ef9-bf3d-472e-bd63-619f6a9e0c9b', 'rid': '166b9cc2-74c5-4f29-9c8f-c92493b5fb06', 'baseUrl': 'https://e41.kotaksecurities.com', 'hsServerId': '', 'isUserPwdExpired': False, 'ucc': 'XD16F', 'greetingName': 'MANOJ', 'isTrialAccount': False, 'dataCenter': 'E41', 'derivativesRiskDisclosure': 'Risk Disclosure on Derivatives\n\nAs per a SEBI study dated 25 Jan 2023- \n• 9 out of 10 individual traders in equity Futures and Options Segment, incurred net losses.\n• On an average, loss makers registered net trading loss close to Rs.50,000.\n• Over and above the net trading losses incurred, loss makers expended an additional 28% of net trading losses as transaction costs.\n• Those making net trading profits, incurred between 15% to 50% of such profits as transaction cost.\n\nFor more information please check out : https://www.sebi.gov.in/reports-and-statistics/research/jan-2023/study-analysis-of-profit-and-loss-of-individual-traders-dealing-in-equity-fando-segment_67525.html', 'mfAccess': 1, 'dataCenterMap': None, 'dormancyStatus': 'A', 'asbaStatus': '', 'clientType': 'RI', 'isNRI': False, 'kId': 'ADDPR4621C', 'kType': 'Trade', 'status': 'success', 'incRange': 0, 'incUpdFlag': '', 'clientGroup': '', 'kraStatus': '', 'rcFlag': 0}}
2026-06-04 08:56:09 [INFO] core.kotak_client: 🔍 MPIN response data keys: ['token', 'sid', 'rid', 'baseUrl', 'hsServerId', 'isUserPwdExpired', 'ucc', 'greetingName', 'isTrialAccount', 'dataCenter', 'derivativesRiskDisclosure', 'mfAccess', 'dataCenterMap', 'dormancyStatus', 'asbaStatus', 'clientType', 'isNRI', 'kId', 'kType', 'status', 'incRange', 'incUpdFlag', 'clientGroup', 'kraStatus', 'rcFlag']
2026-06-04 08:56:09 [INFO] core.kotak_client: ✅ NeoAPI configuration.edit_token & edit_sid SET (confirmed)
2026-06-04 08:56:09 [INFO] core.kotak_client: ✅ Trade token verified (kType=Trade) | sid present | baseUrl set
2026-06-04 08:56:09 [INFO] core.kotak_client: ✅ Kotak Neo session established successfully.
2026-06-04 08:56:09 [INFO] core.health_monitor: ✅ Broker Connection: Connected
2026-06-04 08:56:09 [INFO] core.health_monitor: ✅ Database: DB OK (0 open positions)
2026-06-04 08:56:09 [INFO] core.state_manager: [BRIEFING] Loading from data/session_briefing.json...
2026-06-04 08:56:09 [WARNING] core.state_manager: [BRIEFING] Loaded empty/non-tradeable briefing (SAFE_FALLBACK)
2026-06-04 08:56:09 [WARNING] core.state_manager: [BRIEFING] Validation REJECTED: Empty briefing (0 approved + 0 watchlist)
2026-06-04 08:56:09 [INFO] core.health_monitor: ❌ Trading Briefing: Briefing invalid: Briefing is empty (no stocks)
2026-06-04 08:56:09 [INFO] core.health_monitor: ✅ Live Feed: Feed not started yet (starts after briefing load)
2026-06-04 08:56:09 [INFO] core.health_monitor: ✅ Market Hours: Pre-market (screener will run soon)
2026-06-04 08:56:09 [INFO] core.health_monitor: ✅ Available Capital: Capital ₹20000
2026-06-04 08:56:09 [INFO] core.health_monitor: ✅ Daily Loss Limit: Daily loss OK
2026-06-04 08:56:09 [INFO] core.health_monitor: 
======================================================================
SYSTEM HEALTH REPORT — 2026-06-04T08:56:06.267193
======================================================================

✅ PASSED (7):
   • API Credentials
   • Broker Connection
   • Database
   • Live Feed
   • Market Hours
   • Available Capital
   • Daily Loss Limit

❌ FAILED (1):
   • Trading Briefing

======================================================================

2026-06-04 08:56:09 [WARNING] AlcoSoft: ⚠️  Some checks failed but continuing (PAPER MODE)
2026-06-04 08:56:09 [INFO] AlcoSoft: [2/6] Checking for previous state...
2026-06-04 08:56:09 [INFO] core.state_manager: [BRIEFING] Loading from data/session_briefing.json...
2026-06-04 08:56:09 [WARNING] core.state_manager: [BRIEFING] Loaded empty/non-tradeable briefing (SAFE_FALLBACK)
2026-06-04 08:56:09 [INFO] core.state_manager: No open positions found. Clean startup.
2026-06-04 08:56:09 [INFO] AlcoSoft: [3/6] Connecting to Kotak Neo...
2026-06-04 08:56:09 [INFO] AlcoSoft: ✅ Kotak session established successfully.
2026-06-04 08:56:09 [INFO] AlcoSoft: [3b/6] Reconciling broker vs local positions...
2026-06-04 08:56:09 [INFO] core.broker_reconciliation: Reconciliation skipped broker position pull in PAPER mode.
2026-06-04 08:56:09 [INFO] AlcoSoft: [3c/6] Validating capital allocation configuration...
2026-06-04 08:56:09 [INFO] core.order_executor: ✅ Allocation configuration valid
2026-06-04 08:56:09 [INFO] AlcoSoft: ✅ Capital allocation configuration valid
2026-06-04 08:56:09 [INFO] AlcoSoft: [4/6] Checking today's morning screener briefing...
2026-06-04 08:56:09 [INFO] core.state_manager: [BRIEFING] Loading from data/session_briefing.json...
2026-06-04 08:56:09 [WARNING] core.state_manager: [BRIEFING] Loaded empty/non-tradeable briefing (SAFE_FALLBACK)
2026-06-04 08:56:09 [WARNING] core.state_manager: [BRIEFING] Validation REJECTED: Empty briefing (0 approved + 0 watchlist)
2026-06-04 08:56:09 [WARNING] AlcoSoft: [4/6] Running morning screener because briefing invalid: Briefing is empty (no stocks).
2026-06-04 08:56:09 [INFO] screener.morning_screener: 🔄 SCREENER STARTED
2026-06-04 08:56:09 [INFO] screener.morning_screener: [1/6] Fetching stock data from Yahoo Finance...
2026-06-04 08:56:09 [INFO] screener.morning_screener: Fetching Yahoo Finance data for 50 stocks (8s timeout per stock)...
2026-06-04 08:56:41 [INFO] screener.morning_screener: ✅ Fetched: 48/50 stocks
2026-06-04 08:56:41 [WARNING] screener.morning_screener: ⚠️  Failures (1): ['LTIMINDTREE(Yahoo chart request failed for)']
2026-06-04 08:56:41 [INFO] screener.morning_screener: ✅ Step 1 complete: 48 stocks fetched
2026-06-04 08:56:41 [INFO] screener.morning_screener: [2/6] Scoring stocks mathematically...
2026-06-04 08:56:42 [INFO] screener.morning_screener: ✅ Step 2 complete: 48 stocks scored
2026-06-04 08:56:42 [INFO] screener.morning_screener:    Configuration: cognition_count=8, screener_total=8
2026-06-04 08:56:42 [INFO] screener.morning_screener: [3/6] Running Gemini AI analysis...
2026-06-04 08:57:08 [INFO] screener.morning_screener: ✅ Step 3 complete: Gemini picked 8 stocks
2026-06-04 08:57:08 [INFO] screener.morning_screener:    AI cognition picks: ['MARUTI', 'SUNPHARMA', 'DIVISLAB', 'RELIANCE', 'BAJFINANCE', 'SBIN', 'AXISBANK', 'ULTRACEMCO']
2026-06-04 08:57:08 [INFO] screener.morning_screener: [4/6] Building math watchlist from remaining stocks...
2026-06-04 08:57:08 [INFO] screener.morning_screener: ✅ Step 4 complete: 0 math watchlist stocks from 40 remaining
2026-06-04 08:57:08 [INFO] screener.morning_screener: [5/6] Adding market bias to cognition stocks...
2026-06-04 08:57:11 [INFO] screener.morning_screener: ✅ Step 5 complete: Market bias added
2026-06-04 08:57:11 [INFO] screener.morning_screener: [6/6] Creating and saving briefing...
2026-06-04 08:57:11 [INFO] core.state_manager: [BRIEFING] Saving to data/session_briefing.json...
2026-06-04 08:57:11 [INFO] core.state_manager: [BRIEFING] Saved and verified: data/session_briefing.json
2026-06-04 08:57:11 [INFO] core.state_manager: [BRIEFING]   - Approved: 8
2026-06-04 08:57:11 [INFO] core.state_manager: [BRIEFING]   - Watchlist: 0
2026-06-04 08:57:11 [INFO] screener.morning_screener: ✅ SCREENER COMPLETED SUCCESSFULLY
  Cognition (8): ['MARUTI', 'SUNPHARMA', 'DIVISLAB', 'RELIANCE', 'BAJFINANCE', 'SBIN', 'AXISBANK', 'ULTRACEMCO']
  Watchlist (0): []
  Total trading stocks: 8
2026-06-04 08:57:11 [INFO] AlcoSoft: [BRIEFING] Generated Screener Briefing ✅
2026-06-04 08:57:11 [INFO] AlcoSoft: [5/6] Loading and validating briefing for trading...
2026-06-04 08:57:11 [INFO] core.state_manager: [BRIEFING] Loading from data/session_briefing.json...
2026-06-04 08:57:11 [INFO] core.state_manager: [BRIEFING] Loaded Valid: 8 approved + 0 watchlist (MORNING_SCREENER)
2026-06-04 08:57:11 [INFO] core.state_manager: [BRIEFING] Validation PASSED: 8 approved + 0 watchlist (MORNING_SCREENER)
2026-06-04 08:57:11 [INFO] core.state_manager: [BRIEFING] Safety gate PASSED: Ready for trading
2026-06-04 08:57:11 [INFO] core.state_manager: [BRIEFING] Validation PASSED: 8 approved + 0 watchlist (MORNING_SCREENER)
2026-06-04 08:57:11 [INFO] AlcoSoft: [BRIEFING] Validated ✅
2026-06-04 08:57:11 [INFO] AlcoSoft: [BRIEFING] Subscribing live feed: 8 symbols (8 cognition + 0 watchlist)
2026-06-04 08:57:11 [INFO] core.data_fetcher: Starting live feed for 8 symbols: ['MARUTI', 'SUNPHARMA', 'DIVISLAB', 'RELIANCE', 'BAJFINANCE', 'SBIN', 'AXISBANK', 'ULTRACEMCO']
2026-06-04 08:57:11 [INFO] core.data_fetcher: Resolving instrument token for MARUTI...
2026-06-04 08:57:14 [INFO] core.data_fetcher:   MARUTI → token=10999 | MARUTI-EQ
2026-06-04 08:57:14 [INFO] core.data_fetcher: Resolving instrument token for SUNPHARMA...
2026-06-04 08:57:17 [INFO] core.data_fetcher:   SUNPHARMA → token=3351 | SUNPHARMA-EQ
2026-06-04 08:57:17 [INFO] core.data_fetcher: Resolving instrument token for DIVISLAB...
2026-06-04 08:57:24 [INFO] core.data_fetcher:   DIVISLAB → token=10940 | DIVISLAB-EQ
2026-06-04 08:57:24 [INFO] core.data_fetcher: Resolving instrument token for RELIANCE...
2026-06-04 08:57:28 [INFO] core.data_fetcher:   RELIANCE → token=2885 | RELIANCE-EQ
2026-06-04 08:57:28 [INFO] core.data_fetcher: Resolving instrument token for BAJFINANCE...
2026-06-04 08:57:31 [INFO] core.data_fetcher:   BAJFINANCE → token=317 | BAJFINANCE-EQ
2026-06-04 08:57:31 [INFO] core.data_fetcher: Resolving instrument token for SBIN...
2026-06-04 08:57:34 [INFO] core.data_fetcher:   SBIN → token=3045 | SBIN-EQ
2026-06-04 08:57:34 [INFO] core.data_fetcher: Resolving instrument token for AXISBANK...
2026-06-04 08:57:38 [INFO] core.data_fetcher:   AXISBANK → token=5900 | AXISBANK-EQ
2026-06-04 08:57:38 [INFO] core.data_fetcher: Resolving instrument token for ULTRACEMCO...
2026-06-04 08:57:41 [INFO] core.data_fetcher:   ULTRACEMCO → token=11532 | ULTRACEMCO-EQ
2026-06-04 08:57:41 [INFO] core.data_fetcher: Instrument token cache updated.
2026-06-04 08:57:41 [INFO] core.data_fetcher: Subscribing to 8 instruments...
2026-06-04 08:57:41 [INFO] core.data_fetcher: ✅ Subscribed to live feed: ['10999', '3351', '10940', '2885', '317', '3045', '5900', '11532']
2026-06-04 08:57:41 [INFO] core.state_manager: [BRIEFING] Saving to data/session_briefing.json...
2026-06-04 08:57:41 [INFO] core.state_manager: [BRIEFING] Saved and verified: data/session_briefing.json
2026-06-04 08:57:41 [INFO] core.state_manager: [BRIEFING]   - Approved: 8
2026-06-04 08:57:41 [INFO] core.state_manager: [BRIEFING]   - Watchlist: 0
2026-06-04 08:57:41 [INFO] AlcoSoft: [BRIEFING] Saved
2026-06-04 08:57:41 [INFO] AlcoSoft: Live feed active for 8 symbols.
2026-06-04 08:57:41 [INFO] AlcoSoft:   Cognition picks : ['MARUTI', 'SUNPHARMA', 'DIVISLAB', 'RELIANCE', 'BAJFINANCE', 'SBIN', 'AXISBANK', 'ULTRACEMCO']
2026-06-04 08:57:41 [INFO] AlcoSoft:   Math watchlist : []
2026-06-04 08:57:41 [INFO] AlcoSoft: [6/6] Verifying live feed...
2026-06-04 08:57:41 [INFO] core.data_fetcher: ✅ WebSocket connection opened.
2026-06-04 08:57:41 [INFO] core.data_fetcher: 📡 Live feed | ticks received: 8/8 symbols | active=['MARUTI', 'SUNPHARMA', 'DIVISLAB', 'RELIANCE', 'BAJFINANCE', 'SBIN', 'AXISBANK', 'ULTRACEMCO']
2026-06-04 08:57:44 [INFO] AlcoSoft: ✅ Live feed: Ticks flowing (8 total); building candles (4+ needed for health OK)
2026-06-04 08:57:44 [INFO] AlcoSoft: ✅ System startup complete. Trading ready.
2026-06-04 08:57:44 [INFO] apscheduler.scheduler: Adding job tentatively -- it will be properly scheduled when the scheduler starts
2026-06-04 08:57:44 [INFO] apscheduler.scheduler: Adding job tentatively -- it will be properly scheduled when the scheduler starts
2026-06-04 08:57:44 [INFO] apscheduler.scheduler: Adding job tentatively -- it will be properly scheduled when the scheduler starts
2026-06-04 08:57:44 [INFO] apscheduler.scheduler: Adding job tentatively -- it will be properly scheduled when the scheduler starts
2026-06-04 08:57:44 [INFO] apscheduler.scheduler: Adding job tentatively -- it will be properly scheduled when the scheduler starts
2026-06-04 08:57:44 [INFO] apscheduler.scheduler: Added job "Morning Stock Screener" to job store "default"
2026-06-04 08:57:44 [INFO] apscheduler.scheduler: Added job "Market Observation Loop" to job store "default"
2026-06-04 08:57:44 [INFO] apscheduler.scheduler: Added job "Emergency Squareoff" to job store "default"
2026-06-04 08:57:44 [INFO] apscheduler.scheduler: Added job "Owl Alpha Reflection" to job store "default"
2026-06-04 08:57:44 [INFO] apscheduler.scheduler: Added job "End-of-Day Report" to job store "default"
2026-06-04 08:57:44 [INFO] apscheduler.scheduler: Scheduler started
2026-06-04 08:57:44 [INFO] AlcoSoft: Scheduler started:
   08:45 AM - Morning screener
   Every 15 min - Observation loop
   15:15 PM - Emergency squareoff (before close)
   15:30 PM - Market close report
   15:35 PM - Reflection cycle
2026-06-04 08:57:44 [INFO] AlcoSoft: Starting strategy loop. Press Ctrl+C to shutdown safely.
2026-06-04 08:57:44 [INFO] core.strategy: ⚡ Strategy loop started | Mode: INTRADAY | Lookback: 3 candles | Buy sets: 7 | Sell sets: 6 | Buy gate: 3+ completed live WS candles | Config: strategy_sets.json
2026-06-04 09:00:00 [INFO] core.data_fetcher: 📡 Live feed | ticks received: 8/8 symbols | active=['MARUTI', 'SUNPHARMA', 'DIVISLAB', 'RELIANCE', 'BAJFINANCE', 'SBIN', 'AXISBANK', 'ULTRACEMCO']
2026-06-04 09:02:00 [INFO] core.data_fetcher: 📡 Live feed | ticks received: 8/8 symbols | active=['MARUTI', 'SUNPHARMA', 'DIVISLAB', 'RELIANCE', 'BAJFINANCE', 'SBIN', 'AXISBANK', 'ULTRACEMCO']
2026-06-04 09:02:24 [INFO] AlcoSoft: Shutdown signal received. Stopping gracefully...
2026-06-04 09:02:44 [INFO] core.strategy: Strategy loop stopped.
2026-06-04 09:02:44 [INFO] AlcoSoft: Running cleanup...
2026-06-04 09:02:44 [INFO] AlcoSoft: Scheduler stopped.
2026-06-04 09:02:44 [INFO] core.state_manager: [BRIEFING] Loading from data/session_briefing.json...
2026-06-04 09:02:44 [INFO] core.state_manager: [BRIEFING] Loaded Valid: 8 approved + 0 watchlist (MORNING_SCREENER)
2026-06-04 09:02:44 [INFO] core.data_fetcher: Live feed stopped.
2026-06-04 09:02:44 [INFO] AlcoSoft: Live feed stopped.
2026-06-04 09:02:44 [INFO] core.kotak_client: Kotak session logged out cleanly.
2026-06-04 09:02:44 [INFO] AlcoSoft: Kotak session closed.
2026-06-04 09:02:44 [INFO] AlcoSoft: AlcoSoft shutdown complete. Goodbye.
2026-06-04 09:02:44 [INFO] apscheduler.scheduler: Scheduler has been shut down
2026-06-04 09:06:27 [WARNING] core.data_fetcher: ⚠️ WebSocket closed: The Session has been Closed!
2026-06-04 09:06:27 [INFO] core.data_fetcher: No symbols to re-subscribe. Skipping reconnect.
2026-06-04 09:14:27 [INFO] reflection.reflection_statistics: ✅ Reflection statistics database initialized
2026-06-04 09:14:27 [INFO] AlcoSoft: =======================================================
2026-06-04 09:14:27 [INFO] AlcoSoft:   ALCOSOFT FINANCIAL SERVICES — SYSTEM STARTING
2026-06-04 09:14:27 [INFO] AlcoSoft:   Mode: PAPER | Strategy: INTRADAY
2026-06-04 09:14:27 [INFO] AlcoSoft: =======================================================
2026-06-04 09:14:27 [INFO] AlcoSoft: [0/6] Initializing database...
2026-06-04 09:14:27 [INFO] core.state_manager: Database initialized.
2026-06-04 09:14:27 [INFO] AlcoSoft: [1/6] Running preflight health checks...
2026-06-04 09:14:27 [INFO] core.health_monitor: 🔍 Running preflight health checks...
2026-06-04 09:14:27 [INFO] core.health_monitor: ✅ API Credentials: All API keys configured
2026-06-04 09:14:27 [INFO] core.kotak_client: Initializing Kotak Neo session...
2026-06-04 09:14:27 [INFO] core.kotak_client: TOTP generated: 875881
2026-06-04 09:14:28 [INFO] core.kotak_client: TOTP login response: {'data': {'token': 'eyJhbGciOiJSUzI1NiIsInR5cCI6IkpXVCJ9.eyJqdGkiOiI4MzMwMTVkZi1lZDNiLTQxNGMtOWUyMi01ZGVlODJkOTBkMDEiLCJpc3MiOiJsb2dpbi1zZXJ2aWNlIiwic3ViIjoiZDZiODIzNzgtNDMzMy00OTcyLTk2ZTgtOTllOWYwMzE0N2MwIiwidWNjIjoiWEQxNkYiLCJuYXAiOiIiLCJ5Y2UiOiJlWVxcNiAvKjU9dFx1MDAwNlx1MDAwYlx1MDAwNHVcdTAwMDBcdTAwMTBiIiwiY2F0ZWdvcmlzYXRpb24iOiIiLCJzY29wZSI6WyJWaWV3Il0sImV4cCI6MTc4MDU5NzgwMCwiaWF0IjoxNzgwNTQ0NjY3LCJmZXRjaGNhY2hpbmdydWxlIjowfQ.dvC72VKmLZejx7a5_3xc7d3OQdVt42VIXEpZlceCZ7pt0H1QxF5oxD8hYk4CzYccMiT3xApzBOqRC2MKOKDmIpcJIK_Ew-D25sThgcBikj0F-AG5GxzAOHw3nQQuZAP3uI9jWpITfIVv2WkWpHNFNL9ox5S7bPioJhZphXdi3k97jieHVCbXCRGV3R4yxmv2JpY498ztq78eEonsefOR0h839tREUje94rSa6mgGe5ACjrrJc3RHMcV90wYLKL97uMn6r_rZKfMAyPuTqhapA9VYBiQZnSC_hKpmVzyka49q7PA0nfWBkUyExTm8Uwp_fI-bq2otZhIcnaaOkbIqxw', 'sid': '00b2c4f8-ce78-4c4a-9734-bf6c4e90e26b', 'rid': '9a6f21c2-c465-4e62-b9ce-498485282e3d', 'hsServerId': '', 'isUserPwdExpired': False, 'ucc': 'XD16F', 'greetingName': 'MANOJ', 'isTrialAccount': False, 'dataCenter': 'E41', 'derivativesRiskDisclosure': 'Risk Disclosure on Derivatives\n\nAs per a SEBI study dated 25 Jan 2023- \n• 9 out of 10 individual traders in equity Futures and Options Segment, incurred net losses.\n• On an average, loss makers registered net trading loss close to Rs.50,000.\n• Over and above the net trading losses incurred, loss makers expended an additional 28% of net trading losses as transaction costs.\n• Those making net trading profits, incurred between 15% to 50% of such profits as transaction cost.\n\nFor more information please check out : https://www.sebi.gov.in/reports-and-statistics/research/jan-2023/study-analysis-of-profit-and-loss-of-individual-traders-dealing-in-equity-fando-segment_67525.html', 'mfAccess': 1, 'dataCenterMap': None, 'dormancyStatus': 'A', 'asbaStatus': '', 'clientType': 'RI', 'isNRI': False, 'kId': 'ADDPR4621C', 'kType': 'View', 'status': 'success', 'incRange': 0, 'incUpdFlag': '', 'clientGroup': '', 'kraStatus': '', 'rcFlag': 0}}
2026-06-04 09:14:28 [INFO] core.kotak_client: 🔍 TOTP login data keys: ['token', 'sid', 'rid', 'hsServerId', 'isUserPwdExpired', 'ucc', 'greetingName', 'isTrialAccount', 'dataCenter', 'derivativesRiskDisclosure', 'mfAccess', 'dataCenterMap', 'dormancyStatus', 'asbaStatus', 'clientType', 'isNRI', 'kId', 'kType', 'status', 'incRange', 'incUpdFlag', 'clientGroup', 'kraStatus', 'rcFlag']
2026-06-04 09:14:30 [INFO] core.kotak_client: MPIN validation response: {'data': {'token': 'eyJhbGciOiJSUzI1NiIsInR5cCI6IkpXVCJ9.eyJqdGkiOiI4MWI0ZDIzYy0yZWJjLTRlMjEtYWVkMy0wMmU1ZTUxYzllM2QiLCJpc3MiOiJsb2dpbi1zZXJ2aWNlIiwic3ViIjoiZDZiODIzNzgtNDMzMy00OTcyLTk2ZTgtOTllOWYwMzE0N2MwIiwidWNjIjoiWEQxNkYiLCJuYXAiOiIiLCJ5Y2UiOiJlWVxcNiAvKjU9dFx1MDAwNlx1MDAwYlx1MDAwNHVcdTAwMDBcdTAwMTBiIiwiY2F0ZWdvcmlzYXRpb24iOiIiLCJzY29wZSI6WyJUcmFkZSJdLCJleHAiOjE3ODA1OTc4MDAsImlhdCI6MTc4MDU0NDY3MCwiZmV0Y2hjYWNoaW5ncnVsZSI6MH0.C-Kz_nGadwAi12gES3DoJI8l6tQ-B2MJ9CTQSa9nXCNbHtwN-SQTngAMu6t7G-jLKjD1vnGussA5ZAG3PenSJ2Mz9iLu3XPxQiGKD0c7MwC4P3VN0uQyGLkNyI1GpzyZEzBKqEcUwWx8vH1ysIqpPyLWnNhL8Rqx1z_NHJhiMUw_q5apnagh0A3tZx9VkZAsLNXykWtsNg2_woJLKFBFahwIf4gSCRlxpvH3XroEgo4MR7oby9BA8p7d57sc8ZTA5IUVa2_kqRHBZKf2jhwj72JDJkyqsPdtL5t_fxgijH4IBFwR19vF0XqJ6z2Zj88LW5DWYakzN9XLXvKefj8JFQ', 'sid': '34c91eb3-e1be-4e94-84bb-582791d089b0', 'rid': '9a6f21c2-c465-4e62-b9ce-498485282e3d', 'baseUrl': 'https://e41.kotaksecurities.com', 'hsServerId': '', 'isUserPwdExpired': False, 'ucc': 'XD16F', 'greetingName': 'MANOJ', 'isTrialAccount': False, 'dataCenter': 'E41', 'derivativesRiskDisclosure': 'Risk Disclosure on Derivatives\n\nAs per a SEBI study dated 25 Jan 2023- \n• 9 out of 10 individual traders in equity Futures and Options Segment, incurred net losses.\n• On an average, loss makers registered net trading loss close to Rs.50,000.\n• Over and above the net trading losses incurred, loss makers expended an additional 28% of net trading losses as transaction costs.\n• Those making net trading profits, incurred between 15% to 50% of such profits as transaction cost.\n\nFor more information please check out : https://www.sebi.gov.in/reports-and-statistics/research/jan-2023/study-analysis-of-profit-and-loss-of-individual-traders-dealing-in-equity-fando-segment_67525.html', 'mfAccess': 1, 'dataCenterMap': None, 'dormancyStatus': 'A', 'asbaStatus': '', 'clientType': 'RI', 'isNRI': False, 'kId': 'ADDPR4621C', 'kType': 'Trade', 'status': 'success', 'incRange': 0, 'incUpdFlag': '', 'clientGroup': '', 'kraStatus': '', 'rcFlag': 0}}
2026-06-04 09:14:30 [INFO] core.kotak_client: 🔍 MPIN response data keys: ['token', 'sid', 'rid', 'baseUrl', 'hsServerId', 'isUserPwdExpired', 'ucc', 'greetingName', 'isTrialAccount', 'dataCenter', 'derivativesRiskDisclosure', 'mfAccess', 'dataCenterMap', 'dormancyStatus', 'asbaStatus', 'clientType', 'isNRI', 'kId', 'kType', 'status', 'incRange', 'incUpdFlag', 'clientGroup', 'kraStatus', 'rcFlag']
2026-06-04 09:14:30 [INFO] core.kotak_client: ✅ NeoAPI configuration.edit_token & edit_sid SET (confirmed)
2026-06-04 09:14:30 [INFO] core.kotak_client: ✅ Trade token verified (kType=Trade) | sid present | baseUrl set
2026-06-04 09:14:30 [INFO] core.kotak_client: ✅ Kotak Neo session established successfully.
2026-06-04 09:14:30 [INFO] core.health_monitor: ✅ Broker Connection: Connected
2026-06-04 09:14:30 [INFO] core.health_monitor: ✅ Database: DB OK (0 open positions)
2026-06-04 09:14:30 [INFO] core.state_manager: [BRIEFING] Loading from data/session_briefing.json...
2026-06-04 09:14:30 [INFO] core.state_manager: [BRIEFING] Loaded Valid: 8 approved + 0 watchlist (MORNING_SCREENER)
2026-06-04 09:14:30 [INFO] core.state_manager: [BRIEFING] Validation PASSED: 8 approved + 0 watchlist (MORNING_SCREENER)
2026-06-04 09:14:30 [INFO] core.health_monitor: ✅ Trading Briefing: Briefing OK (8 cognition, 0 watchlist, 8 total)
2026-06-04 09:14:30 [INFO] core.health_monitor: ✅ Live Feed: Feed not started yet (starts after briefing load)
2026-06-04 09:14:30 [INFO] core.health_monitor: ✅ Market Hours: Pre-market (screener will run soon)
2026-06-04 09:14:30 [INFO] core.health_monitor: ✅ Available Capital: Capital ₹20000
2026-06-04 09:14:30 [INFO] core.health_monitor: ✅ Daily Loss Limit: Daily loss OK
2026-06-04 09:14:30 [INFO] core.health_monitor: 
======================================================================
SYSTEM HEALTH REPORT — 2026-06-04T09:14:27.915132
======================================================================

✅ PASSED (8):
   • API Credentials
   • Broker Connection
   • Database
   • Trading Briefing
   • Live Feed
   • Market Hours
   • Available Capital
   • Daily Loss Limit

======================================================================

2026-06-04 09:14:30 [INFO] AlcoSoft: [2/6] Checking for previous state...
2026-06-04 09:14:30 [INFO] core.state_manager: [BRIEFING] Loading from data/session_briefing.json...
2026-06-04 09:14:30 [INFO] core.state_manager: [BRIEFING] Loaded Valid: 8 approved + 0 watchlist (MORNING_SCREENER)
2026-06-04 09:14:30 [INFO] core.state_manager: No open positions found. Clean startup.
2026-06-04 09:14:30 [INFO] AlcoSoft: [3/6] Connecting to Kotak Neo...
2026-06-04 09:14:30 [INFO] AlcoSoft: ✅ Kotak session established successfully.
2026-06-04 09:14:30 [INFO] AlcoSoft: [3b/6] Reconciling broker vs local positions...
2026-06-04 09:14:30 [INFO] core.broker_reconciliation: Reconciliation skipped broker position pull in PAPER mode.
2026-06-04 09:14:30 [INFO] AlcoSoft: [3c/6] Validating capital allocation configuration...
2026-06-04 09:14:30 [INFO] core.order_executor: ✅ Allocation configuration valid
2026-06-04 09:14:30 [INFO] AlcoSoft: ✅ Capital allocation configuration valid
2026-06-04 09:14:30 [INFO] AlcoSoft: [4/6] Checking today's morning screener briefing...
2026-06-04 09:14:30 [INFO] core.state_manager: [BRIEFING] Loading from data/session_briefing.json...
2026-06-04 09:14:30 [INFO] core.state_manager: [BRIEFING] Loaded Valid: 8 approved + 0 watchlist (MORNING_SCREENER)
2026-06-04 09:14:30 [INFO] core.state_manager: [BRIEFING] Validation PASSED: 8 approved + 0 watchlist (MORNING_SCREENER)
2026-06-04 09:14:30 [INFO] AlcoSoft: [4/6] Skipping screener: today's MORNING_SCREENER briefing exists (8 approved + 0 watchlist).
2026-06-04 09:14:30 [INFO] AlcoSoft: [5/6] Loading and validating briefing for trading...
2026-06-04 09:14:30 [INFO] core.state_manager: [BRIEFING] Loading from data/session_briefing.json...
2026-06-04 09:14:30 [INFO] core.state_manager: [BRIEFING] Loaded Valid: 8 approved + 0 watchlist (MORNING_SCREENER)
2026-06-04 09:14:30 [INFO] core.state_manager: [BRIEFING] Validation PASSED: 8 approved + 0 watchlist (MORNING_SCREENER)
2026-06-04 09:14:30 [INFO] core.state_manager: [BRIEFING] Safety gate PASSED: Ready for trading
2026-06-04 09:14:30 [INFO] core.state_manager: [BRIEFING] Validation PASSED: 8 approved + 0 watchlist (MORNING_SCREENER)
2026-06-04 09:14:30 [INFO] AlcoSoft: [BRIEFING] Validated ✅
2026-06-04 09:14:30 [INFO] AlcoSoft: [BRIEFING] Subscribing live feed: 8 symbols (8 cognition + 0 watchlist)
2026-06-04 09:14:30 [INFO] core.data_fetcher: Starting live feed for 8 symbols: ['MARUTI', 'SUNPHARMA', 'DIVISLAB', 'RELIANCE', 'BAJFINANCE', 'SBIN', 'AXISBANK', 'ULTRACEMCO']
2026-06-04 09:14:30 [INFO] core.data_fetcher: Subscribing to 8 instruments...
2026-06-04 09:14:30 [INFO] core.data_fetcher: ✅ Subscribed to live feed: ['10999', '3351', '10940', '2885', '317', '3045', '5900', '11532']
2026-06-04 09:14:30 [INFO] core.state_manager: [BRIEFING] Saving to data/session_briefing.json...
2026-06-04 09:14:30 [INFO] core.state_manager: [BRIEFING] Saved and verified: data/session_briefing.json
2026-06-04 09:14:30 [INFO] core.state_manager: [BRIEFING]   - Approved: 8
2026-06-04 09:14:30 [INFO] core.state_manager: [BRIEFING]   - Watchlist: 0
2026-06-04 09:14:30 [INFO] AlcoSoft: [BRIEFING] Saved
2026-06-04 09:14:30 [INFO] AlcoSoft: Live feed active for 8 symbols.
2026-06-04 09:14:30 [INFO] AlcoSoft:   Cognition picks : ['MARUTI', 'SUNPHARMA', 'DIVISLAB', 'RELIANCE', 'BAJFINANCE', 'SBIN', 'AXISBANK', 'ULTRACEMCO']
2026-06-04 09:14:30 [INFO] AlcoSoft:   Math watchlist : []
2026-06-04 09:14:30 [INFO] AlcoSoft: [6/6] Verifying live feed...
2026-06-04 09:14:30 [INFO] core.data_fetcher: ✅ WebSocket connection opened.
2026-06-04 09:14:31 [INFO] core.data_fetcher: 📡 Live feed | ticks received: 8/8 symbols | active=['MARUTI', 'SUNPHARMA', 'DIVISLAB', 'RELIANCE', 'BAJFINANCE', 'SBIN', 'AXISBANK', 'ULTRACEMCO']
2026-06-04 09:14:33 [INFO] AlcoSoft: ✅ Live feed: Ticks flowing (8 total); building candles (4+ needed for health OK)
2026-06-04 09:14:33 [INFO] AlcoSoft: ✅ System startup complete. Trading ready.
2026-06-04 09:14:33 [INFO] apscheduler.scheduler: Adding job tentatively -- it will be properly scheduled when the scheduler starts
2026-06-04 09:14:33 [INFO] apscheduler.scheduler: Adding job tentatively -- it will be properly scheduled when the scheduler starts
2026-06-04 09:14:33 [INFO] apscheduler.scheduler: Adding job tentatively -- it will be properly scheduled when the scheduler starts
2026-06-04 09:14:33 [INFO] apscheduler.scheduler: Adding job tentatively -- it will be properly scheduled when the scheduler starts
2026-06-04 09:14:33 [INFO] apscheduler.scheduler: Adding job tentatively -- it will be properly scheduled when the scheduler starts
2026-06-04 09:14:33 [INFO] apscheduler.scheduler: Added job "Morning Stock Screener" to job store "default"
2026-06-04 09:14:33 [INFO] apscheduler.scheduler: Added job "Market Observation Loop" to job store "default"
2026-06-04 09:14:33 [INFO] apscheduler.scheduler: Added job "Emergency Squareoff" to job store "default"
2026-06-04 09:14:33 [INFO] apscheduler.scheduler: Added job "Owl Alpha Reflection" to job store "default"
2026-06-04 09:14:33 [INFO] apscheduler.scheduler: Added job "End-of-Day Report" to job store "default"
2026-06-04 09:14:33 [INFO] apscheduler.scheduler: Scheduler started
2026-06-04 09:14:33 [INFO] AlcoSoft: Scheduler started:
   08:45 AM - Morning screener
   Every 15 min - Observation loop
   15:15 PM - Emergency squareoff (before close)
   15:30 PM - Market close report
   15:35 PM - Reflection cycle
2026-06-04 09:14:33 [INFO] AlcoSoft: Starting strategy loop. Press Ctrl+C to shutdown safely.
2026-06-04 09:14:33 [INFO] core.strategy: ⚡ Strategy loop started | Mode: INTRADAY | Lookback: 3 candles | Buy sets: 7 | Sell sets: 6 | Buy gate: 3+ completed live WS candles | Config: strategy_sets.json
2026-06-04 09:15:01 [INFO] core.data_fetcher: 🕯️ Candle closed: SBIN | 2026-06-04 09:10 | O:969.90 H:969.90 L:969.90 C:969.90 V:157978.0
2026-06-04 09:15:01 [INFO] core.data_fetcher: 🕯️ Candle closed: MARUTI | 2026-06-04 09:10 | O:12990.00 H:12990.00 L:12990.00 C:12990.00 V:1196.0
2026-06-04 09:15:01 [INFO] core.data_fetcher: 🕯️ Candle closed: RELIANCE | 2026-06-04 09:10 | O:1301.00 H:1301.00 L:1301.00 C:1301.00 V:224420.0
2026-06-04 09:15:01 [INFO] core.data_fetcher: 🕯️ Candle closed: DIVISLAB | 2026-06-04 09:10 | O:6551.00 H:6551.00 L:6551.00 C:6551.00 V:147.0
2026-06-04 09:15:01 [INFO] core.data_fetcher: 🕯️ Candle closed: BAJFINANCE | 2026-06-04 09:10 | O:870.20 H:870.20 L:870.20 C:870.20 V:53765.0
2026-06-04 09:15:01 [INFO] core.data_fetcher: 🕯️ Candle closed: AXISBANK | 2026-06-04 09:10 | O:1246.00 H:1246.00 L:1246.00 C:1246.00 V:26329.0
2026-06-04 09:15:01 [INFO] core.data_fetcher: 🕯️ Candle closed: SUNPHARMA | 2026-06-04 09:10 | O:1787.00 H:1787.00 L:1787.00 C:1787.00 V:3472.0
2026-06-04 09:15:03 [INFO] core.state_manager: [BRIEFING] Loading from data/session_briefing.json...
2026-06-04 09:15:03 [INFO] core.state_manager: [BRIEFING] Loaded Valid: 8 approved + 0 watchlist (MORNING_SCREENER)
2026-06-04 09:15:03 [INFO] core.strategy: ─── Scan summary (8 subscribed) ───
  [Cognition] MARUTI: ticks=5 | live_candles=2
  [Cognition] SUNPHARMA: ticks=5 | live_candles=2
  [Cognition] DIVISLAB: ticks=4 | live_candles=2
  [Cognition] RELIANCE: ticks=6 | live_candles=2
  [Cognition] BAJFINANCE: ticks=7 | live_candles=2
  [Cognition] SBIN: ticks=7 | live_candles=2
  [Cognition] AXISBANK: ticks=7 | live_candles=2
  [Cognition] ULTRACEMCO: ticks=1 | live_candles=1
2026-06-04 09:15:05 [INFO] core.data_fetcher: 🕯️ Candle closed: ULTRACEMCO | 2026-06-04 09:10 | O:11060.00 H:11060.00 L:11060.00 C:11060.00 V:1306.0
2026-06-04 09:16:04 [INFO] core.state_manager: [BRIEFING] Loading from data/session_briefing.json...
2026-06-04 09:16:04 [INFO] core.state_manager: [BRIEFING] Loaded Valid: 8 approved + 0 watchlist (MORNING_SCREENER)
2026-06-04 09:16:31 [INFO] core.data_fetcher: 📡 Live feed | ticks received: 8/8 symbols | active=['MARUTI', 'SUNPHARMA', 'DIVISLAB', 'RELIANCE', 'BAJFINANCE', 'SBIN', 'AXISBANK', 'ULTRACEMCO']
2026-06-04 09:16:34 [INFO] core.strategy: ─── Scan summary (8 subscribed) ───
  [Cognition] MARUTI: ticks=87 | live_candles=2
  [Cognition] SUNPHARMA: ticks=87 | live_candles=2
  [Cognition] DIVISLAB: ticks=80 | live_candles=2
  [Cognition] RELIANCE: ticks=130 | live_candles=2
  [Cognition] BAJFINANCE: ticks=116 | live_candles=2
  [Cognition] SBIN: ticks=121 | live_candles=2
  [Cognition] AXISBANK: ticks=113 | live_candles=2
  [Cognition] ULTRACEMCO: ticks=57 | live_candles=2
2026-06-04 09:17:04 [INFO] core.state_manager: [BRIEFING] Loading from data/session_briefing.json...
2026-06-04 09:17:04 [INFO] core.state_manager: [BRIEFING] Loaded Valid: 8 approved + 0 watchlist (MORNING_SCREENER)
2026-06-04 09:18:05 [INFO] core.state_manager: [BRIEFING] Loading from data/session_briefing.json...
2026-06-04 09:18:05 [INFO] core.state_manager: [BRIEFING] Loaded Valid: 8 approved + 0 watchlist (MORNING_SCREENER)
2026-06-04 09:18:05 [INFO] core.strategy: ─── Scan summary (8 subscribed) ───
  [Cognition] MARUTI: ticks=161 | live_candles=2
  [Cognition] SUNPHARMA: ticks=156 | live_candles=2
  [Cognition] DIVISLAB: ticks=146 | live_candles=2
  [Cognition] RELIANCE: ticks=233 | live_candles=2
  [Cognition] BAJFINANCE: ticks=205 | live_candles=2
  [Cognition] SBIN: ticks=229 | live_candles=2
  [Cognition] AXISBANK: ticks=207 | live_candles=2
  [Cognition] ULTRACEMCO: ticks=114 | live_candles=2
2026-06-04 09:18:31 [INFO] core.data_fetcher: 📡 Live feed | ticks received: 8/8 symbols | active=['MARUTI', 'SUNPHARMA', 'DIVISLAB', 'RELIANCE', 'BAJFINANCE', 'SBIN', 'AXISBANK', 'ULTRACEMCO']
2026-06-04 09:19:06 [INFO] core.state_manager: [BRIEFING] Loading from data/session_briefing.json...
2026-06-04 09:19:06 [INFO] core.state_manager: [BRIEFING] Loaded Valid: 8 approved + 0 watchlist (MORNING_SCREENER)
2026-06-04 09:19:36 [INFO] core.strategy: ─── Scan summary (8 subscribed) ───
  [Cognition] MARUTI: ticks=212 | live_candles=2
  [Cognition] SUNPHARMA: ticks=195 | live_candles=2
  [Cognition] DIVISLAB: ticks=185 | live_candles=2
  [Cognition] RELIANCE: ticks=332 | live_candles=2
  [Cognition] BAJFINANCE: ticks=280 | live_candles=2
  [Cognition] SBIN: ticks=316 | live_candles=2
  [Cognition] AXISBANK: ticks=256 | live_candles=2
  [Cognition] ULTRACEMCO: ticks=164 | live_candles=2
2026-06-04 09:20:00 [INFO] core.data_fetcher: 🕯️ Candle closed: AXISBANK | 2026-06-04 09:15 | O:1251.90 H:1257.00 L:1247.80 C:1253.10 V:25187855.0
2026-06-04 09:20:00 [INFO] core.data_fetcher: 🕯️ Candle closed: SUNPHARMA | 2026-06-04 09:15 | O:1788.50 H:1789.70 L:1768.60 C:1775.90 V:8047993.0
2026-06-04 09:20:00 [INFO] core.data_fetcher: 🕯️ Candle closed: RELIANCE | 2026-06-04 09:15 | O:1305.00 H:1309.60 L:1300.10 C:1303.90 V:420269131.0
2026-06-04 09:20:00 [INFO] core.data_fetcher: 🕯️ Candle closed: BAJFINANCE | 2026-06-04 09:15 | O:870.45 H:875.55 L:870.00 C:874.35 V:61269995.0
2026-06-04 09:20:00 [INFO] core.data_fetcher: 🕯️ Candle closed: ULTRACEMCO | 2026-06-04 09:15 | O:11040.00 H:11128.00 L:11034.00 C:11127.00 V:1060921.0
2026-06-04 09:20:01 [INFO] core.data_fetcher: 🕯️ Candle closed: SBIN | 2026-06-04 09:15 | O:965.20 H:973.40 L:961.10 C:971.10 V:158689998.0
2026-06-04 09:20:03 [INFO] core.data_fetcher: 🕯️ Candle closed: MARUTI | 2026-06-04 09:15 | O:12989.00 H:13044.00 L:12949.00 C:13035.00 V:1251015.0
2026-06-04 09:20:05 [INFO] core.data_fetcher: 🕯️ Candle closed: DIVISLAB | 2026-06-04 09:15 | O:6565.00 H:6576.00 L:6521.50 C:6570.50 V:682388.0
2026-06-04 09:20:06 [INFO] core.state_manager: [BRIEFING] Loading from data/session_briefing.json...
2026-06-04 09:20:06 [INFO] core.state_manager: [BRIEFING] Loaded Valid: 8 approved + 0 watchlist (MORNING_SCREENER)
2026-06-04 09:20:31 [INFO] core.data_fetcher: 📡 Live feed | ticks received: 8/8 symbols | active=['MARUTI', 'SUNPHARMA', 'DIVISLAB', 'RELIANCE', 'BAJFINANCE', 'SBIN', 'AXISBANK', 'ULTRACEMCO']
2026-06-04 09:21:07 [INFO] core.state_manager: [BRIEFING] Loading from data/session_briefing.json...
2026-06-04 09:21:07 [INFO] core.state_manager: [BRIEFING] Loaded Valid: 8 approved + 0 watchlist (MORNING_SCREENER)
2026-06-04 09:21:07 [INFO] core.strategy: ─── Scan summary (8 subscribed) ───
  [Cognition] MARUTI: ticks=260 | live_candles=3
  [Cognition] SUNPHARMA: ticks=245 | live_candles=3
  [Cognition] DIVISLAB: ticks=218 | live_candles=3
  [Cognition] RELIANCE: ticks=423 | live_candles=3
  [Cognition] BAJFINANCE: ticks=362 | live_candles=3
  [Cognition] SBIN: ticks=396 | live_candles=3
  [Cognition] AXISBANK: ticks=312 | live_candles=3
  [Cognition] ULTRACEMCO: ticks=208 | live_candles=3
2026-06-04 09:22:07 [INFO] core.state_manager: [BRIEFING] Loading from data/session_briefing.json...
2026-06-04 09:22:07 [INFO] core.state_manager: [BRIEFING] Loaded Valid: 8 approved + 0 watchlist (MORNING_SCREENER)
2026-06-04 09:22:32 [INFO] core.data_fetcher: 📡 Live feed | ticks received: 8/8 symbols | active=['MARUTI', 'SUNPHARMA', 'DIVISLAB', 'RELIANCE', 'BAJFINANCE', 'SBIN', 'AXISBANK', 'ULTRACEMCO']
2026-06-04 09:22:38 [INFO] core.strategy: ─── Scan summary (8 subscribed) ───
  [Cognition] MARUTI: ticks=296 | live_candles=3
  [Cognition] SUNPHARMA: ticks=291 | live_candles=3
  [Cognition] DIVISLAB: ticks=254 | live_candles=3
  [Cognition] RELIANCE: ticks=504 | live_candles=3
  [Cognition] BAJFINANCE: ticks=440 | live_candles=3
  [Cognition] SBIN: ticks=472 | live_candles=3
  [Cognition] AXISBANK: ticks=368 | live_candles=3
  [Cognition] ULTRACEMCO: ticks=246 | live_candles=3
2026-06-04 09:23:08 [INFO] core.state_manager: [BRIEFING] Loading from data/session_briefing.json...
2026-06-04 09:23:08 [INFO] core.state_manager: [BRIEFING] Loaded Valid: 8 approved + 0 watchlist (MORNING_SCREENER)
2026-06-04 09:24:08 [INFO] core.state_manager: [BRIEFING] Loading from data/session_briefing.json...
2026-06-04 09:24:08 [INFO] core.state_manager: [BRIEFING] Loaded Valid: 8 approved + 0 watchlist (MORNING_SCREENER)
2026-06-04 09:24:08 [INFO] core.strategy: ─── Scan summary (8 subscribed) ───
  [Cognition] MARUTI: ticks=331 | live_candles=3
  [Cognition] SUNPHARMA: ticks=333 | live_candles=3
  [Cognition] DIVISLAB: ticks=293 | live_candles=3
  [Cognition] RELIANCE: ticks=572 | live_candles=3
  [Cognition] BAJFINANCE: ticks=500 | live_candles=3
  [Cognition] SBIN: ticks=547 | live_candles=3
  [Cognition] AXISBANK: ticks=401 | live_candles=3
  [Cognition] ULTRACEMCO: ticks=283 | live_candles=3
2026-06-04 09:24:32 [INFO] core.data_fetcher: 📡 Live feed | ticks received: 8/8 symbols | active=['MARUTI', 'SUNPHARMA', 'DIVISLAB', 'RELIANCE', 'BAJFINANCE', 'SBIN', 'AXISBANK', 'ULTRACEMCO']
2026-06-04 09:25:00 [INFO] core.data_fetcher: 🕯️ Candle closed: DIVISLAB | 2026-06-04 09:20 | O:6572.00 H:6592.50 L:6572.00 C:6582.00 V:946266.0
2026-06-04 09:25:01 [INFO] core.data_fetcher: 🕯️ Candle closed: SBIN | 2026-06-04 09:20 | O:971.00 H:971.60 L:967.00 C:968.40 V:233915701.0
2026-06-04 09:25:01 [INFO] core.data_fetcher: 🕯️ Candle closed: RELIANCE | 2026-06-04 09:20 | O:1303.70 H:1308.20 L:1303.00 C:1306.70 V:447310840.0
2026-06-04 09:25:01 [INFO] core.data_fetcher: 🕯️ Candle closed: SUNPHARMA | 2026-06-04 09:20 | O:1775.80 H:1783.90 L:1775.30 C:1781.40 V:10266062.0
2026-06-04 09:25:01 [INFO] core.data_fetcher: 🕯️ Candle closed: ULTRACEMCO | 2026-06-04 09:20 | O:11130.00 H:11145.00 L:11116.00 C:11137.00 V:1714387.0
2026-06-04 09:25:02 [INFO] core.data_fetcher: 🕯️ Candle closed: MARUTI | 2026-06-04 09:20 | O:13033.00 H:13035.00 L:12976.00 C:13014.00 V:2083625.0
2026-06-04 09:25:02 [INFO] core.data_fetcher: 🕯️ Candle closed: BAJFINANCE | 2026-06-04 09:20 | O:874.30 H:874.65 L:870.10 C:871.05 V:100748861.0
2026-06-04 09:25:02 [INFO] core.data_fetcher: 🕯️ Candle closed: AXISBANK | 2026-06-04 09:20 | O:1252.80 H:1253.10 L:1248.10 C:1248.90 V:24386716.0
2026-06-04 09:25:04 [INFO] core.strategy: ✅ MARUTI — Yahoo chart fetched 303 5m candles (attempt 1)
2026-06-04 09:25:04 [INFO] core.strategy: 📦 MARUTI — Combined: 302 yfinance + 4 WebSocket = 306 total candles
2026-06-04 09:25:04 [INFO] core.strategy: ✅ SUNPHARMA — Yahoo chart fetched 303 5m candles (attempt 1)
2026-06-04 09:25:04 [INFO] core.strategy: 📦 SUNPHARMA — Combined: 302 yfinance + 4 WebSocket = 306 total candles
2026-06-04 09:25:05 [INFO] core.strategy: ✅ DIVISLAB — Yahoo chart fetched 302 5m candles (attempt 1)
2026-06-04 09:25:05 [INFO] core.strategy: 📦 DIVISLAB — Combined: 302 yfinance + 4 WebSocket = 306 total candles
2026-06-04 09:25:05 [INFO] core.strategy: ✅ RELIANCE — Yahoo chart fetched 302 5m candles (attempt 1)
2026-06-04 09:25:05 [INFO] core.strategy: 📦 RELIANCE — Combined: 302 yfinance + 4 WebSocket = 306 total candles
2026-06-04 09:25:05 [INFO] core.strategy: ✅ BAJFINANCE — Yahoo chart fetched 302 5m candles (attempt 1)
2026-06-04 09:25:05 [INFO] core.strategy: 📦 BAJFINANCE — Combined: 302 yfinance + 4 WebSocket = 306 total candles
2026-06-04 09:25:05 [INFO] core.strategy: ✅ SBIN — Yahoo chart fetched 302 5m candles (attempt 1)
2026-06-04 09:25:05 [INFO] core.strategy: 📦 SBIN — Combined: 302 yfinance + 4 WebSocket = 306 total candles
2026-06-04 09:25:05 [INFO] core.strategy: BUY SIGNAL TRIGGERED
Symbol: SBIN
Price: 968.4
Triggered Set: BUY_BREAKOUT_CONFIRMATION
Set Side: BUY
Confidence: base=72.0 signal_x=1.0 weight_x=1.0 time=9:15-10:00@1.0 market_x=1.0 advisory_x=1.0 final=72.0 min=65.0
Satisfied:
- Volume Breakout: VolSpike=True, PriceBreak=True, SMA=True
- Price above EMA20: Close=968.4 > EMA20=967.29
- Price above VWAP: Close=968.4 > VWAP=966.78
- RSI not overbought: RSI=58.1 < 65 ✓
Why: 4-gate fakeout filter. volume_breakout is a strong EVENT anchor. price_above_ema20, price_above_vwap, rsi_not_overbought are filters that eliminate false breakouts. Note: price_above_ema20 is slightly redundant (volume_breakout already checks SMA20) but kept as extra VWAP zone filter.
2026-06-04 09:25:05 [INFO] core.order_executor: ✅ Quantity calculated | Price: ₹968.4 | Qty: 20 | Deployed: ₹19368 | Limiting: Allocation-limited | Risk: 41sh | Alloc: 20sh | Lever: 103sh | Buying Power: ₹100000 | Margin Used: ₹0
2026-06-04 09:25:05 [INFO] core.order_executor: 📋 [PAPER] BUY | SBIN | Qty: 20 | @ ₹968.4 | SL: ₹963.56 | Target: ₹978.08
2026-06-04 09:25:06 [INFO] core.state_manager: Position saved: SBIN x20 | Target: 978.08 | SL: 963.56
2026-06-04 09:25:06 [INFO] core.strategy: ✅ AXISBANK — Yahoo chart fetched 303 5m candles (attempt 1)
2026-06-04 09:25:06 [INFO] core.strategy: 📦 AXISBANK — Combined: 302 yfinance + 4 WebSocket = 306 total candles
2026-06-04 09:25:06 [INFO] core.strategy: ✅ ULTRACEMCO — Yahoo chart fetched 303 5m candles (attempt 1)
2026-06-04 09:25:06 [INFO] core.strategy: 📦 ULTRACEMCO — Combined: 302 yfinance + 4 WebSocket = 306 total candles
2026-06-04 09:25:11 [INFO] core.state_manager: [BRIEFING] Loading from data/session_briefing.json...
2026-06-04 09:25:11 [INFO] core.state_manager: [BRIEFING] Loaded Valid: 8 approved + 0 watchlist (MORNING_SCREENER)
2026-06-04 09:25:11 [INFO] core.strategy: BUY SIGNAL TRIGGERED
Symbol: DIVISLAB
Price: 6587.5
Triggered Set: BUY_EMA_VOLUME_MOMENTUM
Set Side: BUY
Confidence: base=76.0 signal_x=1.0 weight_x=1.05 time=9:15-10:00@1.0 market_x=1.0 advisory_x=1.0 final=79.8 min=65.0
Satisfied:
- EMA 9/21 Crossover: Cross=True, Above_EMA50=True
- Volume Spike: LatestVol=66143.0, AvgVol=89381.55
- MACD positive: MACD=0.5386 > 0 ✓
Why: EMA 9/21 crossover with strong volume participation. MACD positive confirms bullish regime — prevents buying a dead-cat bounce where MACD is still negative.
2026-06-04 09:25:11 [INFO] core.order_executor: ✅ Quantity calculated | Price: ₹6587.5 | Qty: 3 | Deployed: ₹19762 | Limiting: Allocation-limited | Risk: 6sh | Alloc: 3sh | Lever: 12sh | Buying Power: ₹100000 | Margin Used: ₹0
2026-06-04 09:25:11 [INFO] core.order_executor: 📋 [PAPER] BUY | DIVISLAB | Qty: 3 | @ ₹6587.5 | SL: ₹6554.56 | Target: ₹6653.38
2026-06-04 09:25:11 [INFO] core.state_manager: Position saved: DIVISLAB x3 | Target: 6653.38 | SL: 6554.56
2026-06-04 09:25:11 [INFO] core.strategy: BUY SIGNAL TRIGGERED
Symbol: RELIANCE
Price: 1306.8
Triggered Set: BUY_VWAP_REVERSAL
Set Side: BUY
Confidence: base=73.0 signal_x=1.0 weight_x=1.0 time=9:15-10:00@1.0 market_x=1.0 advisory_x=1.0 final=73.0 min=65.0
Satisfied:
- Price above VWAP: Close=1306.8 > VWAP=1306.77
- RSI recovering: RSI=44.4, recent_oversold=True, rising=True
- Bullish Reversal Candle: Bullish Engulfing
Why: Price reclaims VWAP while RSI recovers and bullish candle structure appears. VWAP is the most important intraday reference — reclaim = trend resumption. bullish_reversal_candle is the EVENT anchor preventing noise.
2026-06-04 09:25:11 [INFO] core.order_executor: ✅ Quantity calculated | Price: ₹1306.8 | Qty: 15 | Deployed: ₹19602 | Limiting: Allocation-limited | Risk: 30sh | Alloc: 15sh | Lever: 46sh | Buying Power: ₹100000 | Margin Used: ₹0
2026-06-04 09:25:11 [INFO] core.order_executor: 📋 [PAPER] BUY | RELIANCE | Qty: 15 | @ ₹1306.8 | SL: ₹1300.27 | Target: ₹1319.86
2026-06-04 09:25:11 [INFO] core.state_manager: Position saved: RELIANCE x15 | Target: 1319.86 | SL: 1300.27
2026-06-04 09:25:16 [INFO] core.order_executor: 📈 TRAILING SL | RELIANCE | ₹1300.27 → ₹1300.46
2026-06-04 09:25:21 [INFO] core.order_executor: 📈 TRAILING SL | RELIANCE | ₹1300.46 → ₹1300.56
2026-06-04 09:25:26 [INFO] core.order_executor: 📈 TRAILING SL | RELIANCE | ₹1300.56 → ₹1300.96
2026-06-04 09:25:32 [INFO] core.order_executor: 📈 TRAILING SL | SBIN | ₹963.56 → ₹963.61
2026-06-04 09:25:37 [INFO] core.order_executor: 📈 TRAILING SL | RELIANCE | ₹1300.96 → ₹1301.06
2026-06-04 09:25:42 [INFO] core.strategy: ─── Scan summary (8 subscribed) ───
  [Cognition] MARUTI: ticks=387 | live_candles=4
  [Cognition] SUNPHARMA: ticks=363 | live_candles=4
  [Cognition] DIVISLAB: ticks=324 | live_candles=4
  [Cognition] RELIANCE: ticks=640 | live_candles=4
  [Cognition] BAJFINANCE: ticks=546 | live_candles=4
  [Cognition] SBIN: ticks=620 | live_candles=4
  [Cognition] AXISBANK: ticks=436 | live_candles=4
  [Cognition] ULTRACEMCO: ticks=320 | live_candles=4
2026-06-04 09:25:52 [INFO] core.order_executor: 📈 TRAILING SL | RELIANCE | ₹1301.06 → ₹1301.26
2026-06-04 09:25:57 [INFO] core.order_executor: 📈 TRAILING SL | RELIANCE | ₹1301.26 → ₹1301.36
2026-06-04 09:26:08 [INFO] core.order_executor: 📈 TRAILING SL | DIVISLAB | ₹6554.56 → ₹6558.54
2026-06-04 09:26:13 [INFO] core.state_manager: [BRIEFING] Loading from data/session_briefing.json...
2026-06-04 09:26:13 [INFO] core.state_manager: [BRIEFING] Loaded Valid: 8 approved + 0 watchlist (MORNING_SCREENER)
2026-06-04 09:26:13 [INFO] core.order_executor: 📈 TRAILING SL | DIVISLAB | ₹6558.54 → ₹6562.52
2026-06-04 09:26:18 [INFO] core.order_executor: 📈 TRAILING SL | SBIN | ₹963.61 → ₹963.66
2026-06-04 09:26:23 [INFO] core.order_executor: 📈 TRAILING SL | SBIN | ₹963.66 → ₹963.71
2026-06-04 09:26:29 [INFO] core.order_executor: 📈 TRAILING SL | SBIN | ₹963.71 → ₹963.86
2026-06-04 09:26:32 [INFO] core.data_fetcher: 📡 Live feed | ticks received: 8/8 symbols | active=['MARUTI', 'SUNPHARMA', 'DIVISLAB', 'RELIANCE', 'BAJFINANCE', 'SBIN', 'AXISBANK', 'ULTRACEMCO']
2026-06-04 09:26:39 [INFO] core.order_executor: 📈 TRAILING SL | SBIN | ₹963.86 → ₹964.35
2026-06-04 09:27:15 [INFO] core.state_manager: [BRIEFING] Loading from data/session_briefing.json...
2026-06-04 09:27:15 [INFO] core.state_manager: [BRIEFING] Loaded Valid: 8 approved + 0 watchlist (MORNING_SCREENER)
2026-06-04 09:27:15 [INFO] core.strategy: ─── Scan summary (8 subscribed) ───
  [Cognition] MARUTI: ticks=427 | live_candles=4
  [Cognition] SUNPHARMA: ticks=392 | live_candles=4
  [Cognition] DIVISLAB: ticks=367 | live_candles=4
  [Cognition] RELIANCE: ticks=696 | live_candles=4
  [Cognition] BAJFINANCE: ticks=613 | live_candles=4
  [Cognition] SBIN: ticks=701 | live_candles=4
  [Cognition] AXISBANK: ticks=500 | live_candles=4
  [Cognition] ULTRACEMCO: ticks=355 | live_candles=4
2026-06-04 09:27:36 [INFO] core.order_executor: 📈 TRAILING SL | SBIN | ₹964.35 → ₹964.55
2026-06-04 09:27:46 [INFO] core.order_executor: 📈 TRAILING SL | SBIN | ₹964.55 → ₹964.8
2026-06-04 09:28:17 [INFO] core.state_manager: [BRIEFING] Loading from data/session_briefing.json...
2026-06-04 09:28:17 [INFO] core.state_manager: [BRIEFING] Loaded Valid: 8 approved + 0 watchlist (MORNING_SCREENER)
2026-06-04 09:28:28 [INFO] core.order_executor: 📈 TRAILING SL | SBIN | ₹964.8 → ₹965.15
2026-06-04 09:28:32 [INFO] core.data_fetcher: 📡 Live feed | ticks received: 8/8 symbols | active=['MARUTI', 'SUNPHARMA', 'DIVISLAB', 'RELIANCE', 'BAJFINANCE', 'SBIN', 'AXISBANK', 'ULTRACEMCO']
2026-06-04 09:28:38 [INFO] core.order_executor: 📈 TRAILING SL | SBIN | ₹965.15 → ₹965.6
2026-06-04 09:28:48 [INFO] core.strategy: ─── Scan summary (8 subscribed) ───
  [Cognition] MARUTI: ticks=485 | live_candles=4
  [Cognition] SUNPHARMA: ticks=424 | live_candles=4
  [Cognition] DIVISLAB: ticks=383 | live_candles=4
  [Cognition] RELIANCE: ticks=779 | live_candles=4
  [Cognition] BAJFINANCE: ticks=695 | live_candles=4
  [Cognition] SBIN: ticks=781 | live_candles=4
  [Cognition] AXISBANK: ticks=550 | live_candles=4
  [Cognition] ULTRACEMCO: ticks=400 | live_candles=4
2026-06-04 09:28:54 [INFO] core.order_executor: 📈 TRAILING SL | SBIN | ₹965.6 → ₹966.05
2026-06-04 09:28:59 [INFO] core.order_executor: 📈 TRAILING SL | SBIN | ₹966.05 → ₹966.14
2026-06-04 09:29:04 [INFO] core.order_executor: 📈 TRAILING SL | SBIN | ₹966.14 → ₹966.34
2026-06-04 09:29:19 [INFO] core.state_manager: [BRIEFING] Loading from data/session_briefing.json...
2026-06-04 09:29:19 [INFO] core.state_manager: [BRIEFING] Loaded Valid: 8 approved + 0 watchlist (MORNING_SCREENER)
2026-06-04 09:29:33 [INFO] apscheduler.executors.default: Running job "Market Observation Loop (trigger: interval[0:15:00], next run at: 2026-06-04 09:44:33 IST)" (scheduled at 2026-06-04 09:29:33.655386+05:30)
2026-06-04 09:29:33 [INFO] reflection.observation_loop: 🔍 Running observation cycle...
2026-06-04 09:29:33 [INFO] core.state_manager: [BRIEFING] Loading from data/session_briefing.json...
2026-06-04 09:29:33 [INFO] core.state_manager: [BRIEFING] Loaded Valid: 8 approved + 0 watchlist (MORNING_SCREENER)
2026-06-04 09:29:33 [INFO] reflection.observation_loop: 📊 Observation recorded:
   Market: RANGING | Trend: WEAK
   Vol: LOW | Breakouts: LOW
   Reversals: LOW
2026-06-04 09:29:33 [INFO] apscheduler.executors.default: Job "Market Observation Loop (trigger: interval[0:15:00], next run at: 2026-06-04 09:44:33 IST)" executed successfully
2026-06-04 09:30:00 [INFO] core.data_fetcher: 🕯️ Candle closed: SBIN | 2026-06-04 09:25 | O:968.50 H:971.25 L:968.00 C:970.25 V:286331469.0
2026-06-04 09:30:00 [INFO] core.data_fetcher: 🕯️ Candle closed: RELIANCE | 2026-06-04 09:25 | O:1306.20 H:1308.00 L:1305.10 C:1306.40 V:411808297.0
2026-06-04 09:30:00 [INFO] core.data_fetcher: 🕯️ Candle closed: AXISBANK | 2026-06-04 09:25 | O:1248.80 H:1249.40 L:1247.20 C:1248.30 V:34826925.0
2026-06-04 09:30:00 [INFO] core.data_fetcher: 🕯️ Candle closed: BAJFINANCE | 2026-06-04 09:25 | O:871.00 H:874.70 L:871.00 C:871.70 V:115044690.0
2026-06-04 09:30:01 [INFO] core.data_fetcher: 🕯️ Candle closed: SUNPHARMA | 2026-06-04 09:25 | O:1781.00 H:1786.00 L:1780.40 C:1783.20 V:8040328.0
2026-06-04 09:30:01 [INFO] core.data_fetcher: 🕯️ Candle closed: ULTRACEMCO | 2026-06-04 09:25 | O:11140.00 H:11148.00 L:11111.00 C:11135.00 V:2340893.0
2026-06-04 09:30:02 [INFO] core.data_fetcher: 🕯️ Candle closed: MARUTI | 2026-06-04 09:25 | O:13012.00 H:13035.00 L:13001.00 C:13003.00 V:3152797.0
2026-06-04 09:30:02 [INFO] core.data_fetcher: 🕯️ Candle closed: DIVISLAB | 2026-06-04 09:25 | O:6578.50 H:6599.00 L:6578.50 C:6586.00 V:1155854.0
2026-06-04 09:30:22 [INFO] core.state_manager: [BRIEFING] Loading from data/session_briefing.json...
2026-06-04 09:30:22 [INFO] core.state_manager: [BRIEFING] Loaded Valid: 8 approved + 0 watchlist (MORNING_SCREENER)
2026-06-04 09:30:22 [INFO] core.strategy: ─── Scan summary (8 subscribed) ───
  [Cognition] MARUTI: ticks=546 | live_candles=5
  [Cognition] SUNPHARMA: ticks=459 | live_candles=5
  [Cognition] DIVISLAB: ticks=409 | live_candles=5
  [Cognition] RELIANCE: ticks=842 | live_candles=5
  [Cognition] BAJFINANCE: ticks=756 | live_candles=5
  [Cognition] SBIN: ticks=875 | live_candles=5
  [Cognition] AXISBANK: ticks=597 | live_candles=5
  [Cognition] ULTRACEMCO: ticks=435 | live_candles=5
2026-06-04 09:30:32 [INFO] core.data_fetcher: 📡 Live feed | ticks received: 8/8 symbols | active=['MARUTI', 'SUNPHARMA', 'DIVISLAB', 'RELIANCE', 'BAJFINANCE', 'SBIN', 'AXISBANK', 'ULTRACEMCO']
2026-06-04 09:31:24 [INFO] core.state_manager: [BRIEFING] Loading from data/session_briefing.json...
2026-06-04 09:31:24 [INFO] core.state_manager: [BRIEFING] Loaded Valid: 8 approved + 0 watchlist (MORNING_SCREENER)
2026-06-04 09:31:55 [INFO] core.strategy: ─── Scan summary (8 subscribed) ───
  [Cognition] MARUTI: ticks=604 | live_candles=5
  [Cognition] SUNPHARMA: ticks=510 | live_candles=5
  [Cognition] DIVISLAB: ticks=452 | live_candles=5
  [Cognition] RELIANCE: ticks=944 | live_candles=5
  [Cognition] BAJFINANCE: ticks=852 | live_candles=5
  [Cognition] SBIN: ticks=944 | live_candles=5
  [Cognition] AXISBANK: ticks=661 | live_candles=5
  [Cognition] ULTRACEMCO: ticks=482 | live_candles=5
2026-06-04 09:32:01 [INFO] core.order_executor: 📈 TRAILING SL | DIVISLAB | ₹6562.52 → ₹6568.99
2026-06-04 09:32:11 [INFO] core.order_executor: 📈 TRAILING SL | DIVISLAB | ₹6568.99 → ₹6569.98
2026-06-04 09:32:26 [INFO] core.state_manager: [BRIEFING] Loading from data/session_briefing.json...
2026-06-04 09:32:26 [INFO] core.state_manager: [BRIEFING] Loaded Valid: 8 approved + 0 watchlist (MORNING_SCREENER)
2026-06-04 09:32:27 [INFO] core.order_executor: 📈 TRAILING SL | DIVISLAB | ₹6569.98 → ₹6572.97
2026-06-04 09:32:32 [INFO] core.data_fetcher: 📡 Live feed | ticks received: 8/8 symbols | active=['MARUTI', 'SUNPHARMA', 'DIVISLAB', 'RELIANCE', 'BAJFINANCE', 'SBIN', 'AXISBANK', 'ULTRACEMCO']
2026-06-04 09:32:37 [INFO] core.order_executor: 📈 TRAILING SL | DIVISLAB | ₹6572.97 → ₹6574.46
2026-06-04 09:32:42 [INFO] core.order_executor: 📈 TRAILING SL | DIVISLAB | ₹6574.46 → ₹6575.95
2026-06-04 09:33:03 [INFO] core.order_executor: 📈 TRAILING SL | DIVISLAB | ₹6575.95 → ₹6584.91
2026-06-04 09:33:13 [INFO] core.order_executor: 📈 TRAILING SL | DIVISLAB | ₹6584.91 → ₹6591.88
2026-06-04 09:33:28 [INFO] core.state_manager: [BRIEFING] Loading from data/session_briefing.json...
2026-06-04 09:33:28 [INFO] core.state_manager: [BRIEFING] Loaded Valid: 8 approved + 0 watchlist (MORNING_SCREENER)
2026-06-04 09:33:28 [INFO] core.strategy: ─── Scan summary (8 subscribed) ───
  [Cognition] MARUTI: ticks=660 | live_candles=5
  [Cognition] SUNPHARMA: ticks=580 | live_candles=5
  [Cognition] DIVISLAB: ticks=497 | live_candles=5
  [Cognition] RELIANCE: ticks=1039 | live_candles=5
  [Cognition] BAJFINANCE: ticks=924 | live_candles=5
  [Cognition] SBIN: ticks=1027 | live_candles=5
  [Cognition] AXISBANK: ticks=721 | live_candles=5
  [Cognition] ULTRACEMCO: ticks=517 | live_candles=5
2026-06-04 09:33:29 [INFO] core.order_executor: 📈 TRAILING SL | DIVISLAB | ₹6591.88 → ₹6592.87
2026-06-04 09:33:34 [INFO] core.order_executor: 📈 TRAILING SL | DIVISLAB | ₹6592.87 → ₹6606.8
2026-06-04 09:33:39 [INFO] core.order_executor: 📈 TRAILING SL | DIVISLAB | ₹6606.8 → ₹6614.76
2026-06-04 09:33:44 [INFO] core.order_executor: 📈 TRAILING SL | DIVISLAB | ₹6614.76 → ₹6615.76
2026-06-04 09:33:59 [INFO] core.order_executor: 📈 TRAILING SL | DIVISLAB | ₹6615.76 → ₹6620.73
2026-06-04 09:33:59 [INFO] core.order_executor: 🎯 TARGET HIT | DIVISLAB | ₹6654.0 ≥ Target ₹6653.38
2026-06-04 09:33:59 [INFO] core.order_executor: 📋 [PAPER] SELL | DIVISLAB | Qty: 3 | @ ₹6654.0 | Reason: TARGET
2026-06-04 09:33:59 [INFO] core.state_manager: Position closed: DIVISLAB | 6654.0 | P&L: 199.50 | TARGET | price_source=ws_ltp
2026-06-04 09:33:59 [INFO] core.strategy: BUY SIGNAL TRIGGERED
Symbol: DIVISLAB
Price: 6654.0
Triggered Set: BUY_EMA_VOLUME_MOMENTUM
Set Side: BUY
Confidence: base=76.0 signal_x=1.0 weight_x=1.05 time=9:15-10:00@1.0 market_x=1.0 advisory_x=0.99 final=79.0 min=65.0
Satisfied:
- EMA 9/21 Crossover: Cross=True, Above_EMA50=True
- Volume Spike: LatestVol=1622281.0, AvgVol=224749.25
- MACD positive: MACD=6.6243 > 0 ✓
Why: EMA 9/21 crossover with strong volume participation. MACD positive confirms bullish regime — prevents buying a dead-cat bounce where MACD is still negative.
2026-06-04 09:33:59 [INFO] core.order_executor: ✅ Quantity calculated | Price: ₹6654.0 | Qty: 3 | Deployed: ₹19962 | Limiting: Allocation-limited | Risk: 6sh | Alloc: 3sh | Lever: 9sh | Buying Power: ₹100998 | Margin Used: ₹0
2026-06-04 09:33:59 [INFO] core.order_executor: 📋 [PAPER] BUY | DIVISLAB | Qty: 3 | @ ₹6654.0 | SL: ₹6620.73 | Target: ₹6720.54
2026-06-04 09:33:59 [INFO] core.state_manager: Position saved: DIVISLAB x3 | Target: 6720.54 | SL: 6620.73
2026-06-04 09:34:05 [INFO] core.order_executor: 📈 TRAILING SL | DIVISLAB | ₹6620.73 → ₹6623.22
2026-06-04 09:34:30 [INFO] core.state_manager: [BRIEFING] Loading from data/session_briefing.json...
2026-06-04 09:34:30 [INFO] core.state_manager: [BRIEFING] Loaded Valid: 8 approved + 0 watchlist (MORNING_SCREENER)
2026-06-04 09:34:32 [INFO] core.data_fetcher: 📡 Live feed | ticks received: 8/8 symbols | active=['MARUTI', 'SUNPHARMA', 'DIVISLAB', 'RELIANCE', 'BAJFINANCE', 'SBIN', 'AXISBANK', 'ULTRACEMCO']
2026-06-04 09:34:46 [INFO] core.order_executor: 📈 TRAILING SL | SBIN | ₹966.34 → ₹966.54
2026-06-04 09:35:00 [INFO] core.data_fetcher: 🕯️ Candle closed: MARUTI | 2026-06-04 09:30 | O:13004.00 H:13014.00 L:12984.00 C:12996.00 V:3157357.0
2026-06-04 09:35:00 [INFO] core.data_fetcher: 🕯️ Candle closed: SUNPHARMA | 2026-06-04 09:30 | O:1783.10 H:1783.20 L:1776.10 C:1780.80 V:16616966.0
2026-06-04 09:35:00 [INFO] core.data_fetcher: 🕯️ Candle closed: RELIANCE | 2026-06-04 09:30 | O:1306.50 H:1306.90 L:1304.20 C:1304.70 V:535100705.0
2026-06-04 09:35:00 [INFO] core.data_fetcher: 🕯️ Candle closed: ULTRACEMCO | 2026-06-04 09:30 | O:11131.00 H:11136.00 L:11094.00 C:11105.00 V:2799840.0
2026-06-04 09:35:01 [INFO] core.data_fetcher: 🕯️ Candle closed: AXISBANK | 2026-06-04 09:30 | O:1248.50 H:1248.50 L:1246.00 C:1247.60 V:44373007.0
2026-06-04 09:35:01 [INFO] core.data_fetcher: 🕯️ Candle closed: BAJFINANCE | 2026-06-04 09:30 | O:871.60 H:871.90 L:868.00 C:871.60 V:173860125.0
2026-06-04 09:35:01 [INFO] core.strategy: ─── Scan summary (8 subscribed) ───
  [Cognition] MARUTI: ticks=696 | live_candles=6
  [Cognition] SUNPHARMA: ticks=625 | live_candles=6
  [Cognition] DIVISLAB: ticks=550 | live_candles=5
  [Cognition] RELIANCE: ticks=1111 | live_candles=6
  [Cognition] BAJFINANCE: ticks=987 | live_candles=6
  [Cognition] SBIN: ticks=1103 | live_candles=5
  [Cognition] AXISBANK: ticks=770 | live_candles=6
  [Cognition] ULTRACEMCO: ticks=543 | live_candles=6
2026-06-04 09:35:01 [INFO] core.data_fetcher: 🕯️ Candle closed: SBIN | 2026-06-04 09:30 | O:970.30 H:971.45 L:968.10 C:971.20 V:288722138.0
2026-06-04 09:35:02 [INFO] core.data_fetcher: 🕯️ Candle closed: DIVISLAB | 2026-06-04 09:30 | O:6586.50 H:6660.00 L:6579.00 C:6633.00 V:2278109.0
2026-06-04 09:35:32 [INFO] core.state_manager: [BRIEFING] Loading from data/session_briefing.json...
2026-06-04 09:35:32 [INFO] core.state_manager: [BRIEFING] Loaded Valid: 8 approved + 0 watchlist (MORNING_SCREENER)
2026-06-04 09:35:53 [WARNING] core.order_executor: 🔴 TRAILING_SL HIT | DIVISLAB | ₹6622.0 ≤ ₹6623.22
2026-06-04 09:35:53 [INFO] core.order_executor: 📋 [PAPER] SELL | DIVISLAB | Qty: 3 | @ ₹6622.0 | Reason: TRAILING_SL
2026-06-04 09:35:53 [INFO] core.state_manager: Position closed: DIVISLAB | 6622.0 | P&L: -96.00 | TRAILING_SL | price_source=ws_ltp
2026-06-04 09:35:53 [INFO] core.strategy: BUY SIGNAL TRIGGERED
Symbol: DIVISLAB
Price: 6622.0
Triggered Set: BUY_EMA_VOLUME_MOMENTUM
Set Side: BUY
Confidence: base=76.0 signal_x=1.0 weight_x=1.05 time=9:15-10:00@1.0 market_x=1.0 advisory_x=0.99 final=79.0 min=65.0
Satisfied:
- EMA 9/21 Crossover: Cross=True, Above_EMA50=True
- Volume Spike: LatestVol=307427.0, AvgVol=272709.55
- MACD positive: MACD=7.5644 > 0 ✓
Why: EMA 9/21 crossover with strong volume participation. MACD positive confirms bullish regime — prevents buying a dead-cat bounce where MACD is still negative.
2026-06-04 09:35:53 [INFO] core.order_executor: ✅ Quantity calculated | Price: ₹6622.0 | Qty: 3 | Deployed: ₹19866 | Limiting: Allocation-limited | Risk: 6sh | Alloc: 3sh | Lever: 9sh | Buying Power: ₹100518 | Margin Used: ₹0
2026-06-04 09:35:53 [INFO] core.order_executor: 📋 [PAPER] BUY | DIVISLAB | Qty: 3 | @ ₹6622.0 | SL: ₹6588.89 | Target: ₹6688.22
2026-06-04 09:35:53 [INFO] core.state_manager: Position saved: DIVISLAB x3 | Target: 6688.22 | SL: 6588.89
2026-06-04 09:35:58 [INFO] core.order_executor: 📈 TRAILING SL | SBIN | ₹966.54 → ₹966.89
2026-06-04 09:35:58 [INFO] core.order_executor: 📈 TRAILING SL | DIVISLAB | ₹6588.89 → ₹6592.37
2026-06-04 09:36:03 [INFO] core.order_executor: 📈 TRAILING SL | SBIN | ₹966.89 → ₹967.09
2026-06-04 09:36:09 [INFO] core.order_executor: 📈 TRAILING SL | SBIN | ₹967.09 → ₹967.89
2026-06-04 09:36:14 [INFO] core.order_executor: 📈 TRAILING SL | SBIN | ₹967.89 → ₹968.04
2026-06-04 09:36:19 [INFO] core.order_executor: 📈 TRAILING SL | SBIN | ₹968.04 → ₹968.13
2026-06-04 09:36:24 [INFO] core.order_executor: 📈 TRAILING SL | SBIN | ₹968.13 → ₹968.53
2026-06-04 09:36:29 [INFO] core.order_executor: 📈 TRAILING SL | SBIN | ₹968.53 → ₹968.78
2026-06-04 09:36:32 [INFO] core.data_fetcher: 📡 Live feed | ticks received: 8/8 symbols | active=['MARUTI', 'SUNPHARMA', 'DIVISLAB', 'RELIANCE', 'BAJFINANCE', 'SBIN', 'AXISBANK', 'ULTRACEMCO']
2026-06-04 09:36:34 [INFO] core.state_manager: [BRIEFING] Loading from data/session_briefing.json...
2026-06-04 09:36:34 [INFO] core.state_manager: [BRIEFING] Loaded Valid: 8 approved + 0 watchlist (MORNING_SCREENER)
2026-06-04 09:36:34 [INFO] core.strategy: ─── Scan summary (8 subscribed) ───
  [Cognition] MARUTI: ticks=725 | live_candles=6
  [Cognition] SUNPHARMA: ticks=652 | live_candles=6
  [Cognition] DIVISLAB: ticks=576 | live_candles=6
  [Cognition] RELIANCE: ticks=1168 | live_candles=6
  [Cognition] BAJFINANCE: ticks=1047 | live_candles=6
  [Cognition] SBIN: ticks=1187 | live_candles=6
  [Cognition] AXISBANK: ticks=830 | live_candles=6
  [Cognition] ULTRACEMCO: ticks=584 | live_candles=6
2026-06-04 09:36:40 [INFO] core.order_executor: 📈 TRAILING SL | SBIN | ₹968.78 → ₹968.83
2026-06-04 09:36:45 [INFO] core.order_executor: 📈 TRAILING SL | SBIN | ₹968.83 → ₹969.08
2026-06-04 09:36:50 [INFO] core.strategy: BUY SIGNAL TRIGGERED
Symbol: MARUTI
Price: 13025.0
Triggered Set: BUY_VWAP_REVERSAL
Set Side: BUY
Confidence: base=73.0 signal_x=1.0 weight_x=1.0 time=9:15-10:00@1.0 market_x=1.0 advisory_x=0.99 final=72.3 min=65.0
Satisfied:
- Price above VWAP: Close=13025.0 > VWAP=13022.05
- RSI recovering: RSI=42.8, recent_oversold=True, rising=True
- Bullish Reversal Candle: Hammer Reversal, Inverted Hammer
Why: Price reclaims VWAP while RSI recovers and bullish candle structure appears. VWAP is the most important intraday reference — reclaim = trend resumption. bullish_reversal_candle is the EVENT anchor preventing noise.
2026-06-04 09:36:50 [INFO] core.order_executor: ✅ Quantity calculated | Price: ₹13025.0 | Qty: 1 | Deployed: ₹13025 | Limiting: Allocation-limited | Risk: 3sh | Alloc: 1sh | Lever: 3sh | Buying Power: ₹100518 | Margin Used: ₹0
2026-06-04 09:36:50 [INFO] core.order_executor: 📋 [PAPER] BUY | MARUTI | Qty: 1 | @ ₹13025.0 | SL: ₹12959.88 | Target: ₹13155.24
2026-06-04 09:36:50 [INFO] core.state_manager: Position saved: MARUTI x1 | Target: 13155.24 | SL: 12959.88
2026-06-04 09:36:55 [INFO] core.order_executor: 📈 TRAILING SL | SBIN | ₹969.08 → ₹969.23
2026-06-04 09:36:55 [INFO] core.order_executor: 📈 TRAILING SL | MARUTI | ₹12959.88 → ₹12963.85
2026-06-04 09:37:00 [INFO] core.order_executor: 📈 TRAILING SL | SBIN | ₹969.23 → ₹969.83
2026-06-04 09:37:00 [INFO] core.order_executor: 📈 TRAILING SL | MARUTI | ₹12963.85 → ₹12964.85
2026-06-04 09:37:06 [INFO] core.order_executor: 📈 TRAILING SL | SBIN | ₹969.83 → ₹969.88
2026-06-04 09:37:06 [INFO] core.order_executor: 📈 TRAILING SL | DIVISLAB | ₹6592.37 → ₹6593.86
2026-06-04 09:37:11 [INFO] core.order_executor: 📈 TRAILING SL | SBIN | ₹969.88 → ₹970.08
2026-06-04 09:37:16 [INFO] core.order_executor: 📈 TRAILING SL | SBIN | ₹970.08 → ₹970.12
2026-06-04 09:37:37 [INFO] core.state_manager: [BRIEFING] Loading from data/session_briefing.json...
2026-06-04 09:37:37 [INFO] core.state_manager: [BRIEFING] Loaded Valid: 8 approved + 0 watchlist (MORNING_SCREENER)
2026-06-04 09:37:37 [INFO] core.order_executor: 📈 TRAILING SL | DIVISLAB | ₹6593.86 → ₹6595.36
2026-06-04 09:37:42 [INFO] core.order_executor: 📈 TRAILING SL | DIVISLAB | ₹6595.36 → ₹6603.32
2026-06-04 09:37:52 [INFO] core.order_executor: 📈 TRAILING SL | DIVISLAB | ₹6603.32 → ₹6607.3
2026-06-04 09:38:08 [INFO] core.strategy: ─── Scan summary (8 subscribed) ───
  [Cognition] MARUTI: ticks=760 | live_candles=6
  [Cognition] SUNPHARMA: ticks=688 | live_candles=6
  [Cognition] DIVISLAB: ticks=598 | live_candles=6
  [Cognition] RELIANCE: ticks=1222 | live_candles=6
  [Cognition] BAJFINANCE: ticks=1115 | live_candles=6
  [Cognition] SBIN: ticks=1275 | live_candles=6
  [Cognition] AXISBANK: ticks=868 | live_candles=6
  [Cognition] ULTRACEMCO: ticks=615 | live_candles=6
2026-06-04 09:38:18 [INFO] core.order_executor: 📈 TRAILING SL | DIVISLAB | ₹6607.3 → ₹6608.29
2026-06-04 09:38:24 [INFO] core.order_executor: 📈 TRAILING SL | DIVISLAB | ₹6608.29 → ₹6610.78
2026-06-04 09:38:29 [INFO] core.order_executor: 📈 TRAILING SL | DIVISLAB | ₹6610.78 → ₹6611.77
2026-06-04 09:38:32 [INFO] core.data_fetcher: 📡 Live feed | ticks received: 8/8 symbols | active=['MARUTI', 'SUNPHARMA', 'DIVISLAB', 'RELIANCE', 'BAJFINANCE', 'SBIN', 'AXISBANK', 'ULTRACEMCO']
2026-06-04 09:38:39 [INFO] core.state_manager: [BRIEFING] Loading from data/session_briefing.json...
2026-06-04 09:38:39 [INFO] core.state_manager: [BRIEFING] Loaded Valid: 8 approved + 0 watchlist (MORNING_SCREENER)
2026-06-04 09:38:54 [INFO] core.order_executor: 📈 TRAILING SL | MARUTI | ₹12964.85 → ₹12969.83
2026-06-04 09:38:59 [INFO] core.order_executor: 📈 TRAILING SL | MARUTI | ₹12969.83 → ₹12971.82
2026-06-04 09:39:41 [INFO] core.state_manager: [BRIEFING] Loading from data/session_briefing.json...
2026-06-04 09:39:41 [INFO] core.state_manager: [BRIEFING] Loaded Valid: 8 approved + 0 watchlist (MORNING_SCREENER)
2026-06-04 09:39:41 [INFO] core.strategy: ─── Scan summary (8 subscribed) ───
  [Cognition] MARUTI: ticks=803 | live_candles=6
  [Cognition] SUNPHARMA: ticks=713 | live_candles=6
  [Cognition] DIVISLAB: ticks=647 | live_candles=6
  [Cognition] RELIANCE: ticks=1290 | live_candles=6
  [Cognition] BAJFINANCE: ticks=1170 | live_candles=6
  [Cognition] SBIN: ticks=1361 | live_candles=6
  [Cognition] AXISBANK: ticks=913 | live_candles=6
  [Cognition] ULTRACEMCO: ticks=638 | live_candles=6
2026-06-04 09:39:41 [INFO] core.order_executor: 📈 TRAILING SL | MARUTI | ₹12971.82 → ₹12973.81
2026-06-04 09:39:51 [INFO] core.order_executor: 📈 TRAILING SL | DIVISLAB | ₹6611.77 → ₹6616.75
2026-06-04 09:40:00 [INFO] core.data_fetcher: 🕯️ Candle closed: MARUTI | 2026-06-04 09:35 | O:13000.00 H:13039.00 L:12996.00 C:13034.00 V:2372715.0
2026-06-04 09:40:01 [INFO] core.data_fetcher: 🕯️ Candle closed: SBIN | 2026-06-04 09:35 | O:970.80 H:975.00 L:970.50 C:971.05 V:401054135.0
2026-06-04 09:40:01 [INFO] core.data_fetcher: 🕯️ Candle closed: RELIANCE | 2026-06-04 09:35 | O:1305.00 H:1307.00 L:1304.70 C:1305.40 V:416846253.0
2026-06-04 09:40:01 [INFO] core.data_fetcher: 🕯️ Candle closed: AXISBANK | 2026-06-04 09:35 | O:1247.50 H:1253.70 L:1246.90 C:1250.30 V:43920418.0
2026-06-04 09:40:01 [INFO] core.data_fetcher: 🕯️ Candle closed: DIVISLAB | 2026-06-04 09:35 | O:6632.50 H:6650.00 L:6621.50 C:6648.50 V:2169047.0
2026-06-04 09:40:01 [INFO] core.data_fetcher: 🕯️ Candle closed: BAJFINANCE | 2026-06-04 09:35 | O:871.80 H:874.85 L:871.15 C:871.15 V:169996322.0
2026-06-04 09:40:03 [INFO] core.data_fetcher: 🕯️ Candle closed: SUNPHARMA | 2026-06-04 09:35 | O:1781.20 H:1785.00 L:1780.40 C:1781.60 V:11932363.0
2026-06-04 09:40:05 [INFO] core.data_fetcher: 🕯️ Candle closed: ULTRACEMCO | 2026-06-04 09:35 | O:11106.00 H:11108.00 L:11062.00 C:11062.00 V:3268990.0
2026-06-04 09:40:12 [INFO] core.strategy: SELL SIGNAL TRIGGERED
Symbol: DIVISLAB
Price: 6644.0
Triggered Set: SELL_RSI_BEARISH_REVERSAL
Set Side: SELL
Confidence: 
Satisfied:
- RSI Overbought: RSI=69.3 crossed above 70
- Bearish Pattern: Pattern=ShootingStar
Why: Overbought RSI (> 70) with a bearish candle pattern. Momentum exhaustion at the top. bearish_pattern is the EVENT anchor.
2026-06-04 09:40:12 [INFO] core.order_executor: 📋 [PAPER] SELL | DIVISLAB | Qty: 3 | @ ₹6644.0 | Reason: SELL_SET:SELL_RSI_BEARISH_REVERSAL
2026-06-04 09:40:12 [INFO] core.state_manager: Position closed: DIVISLAB | 6644.0 | P&L: 66.00 | SELL_SET:SELL_RSI_BEARISH_REVERSAL | price_source=ws_ltp
2026-06-04 09:40:12 [INFO] core.strategy: BUY SIGNAL TRIGGERED
Symbol: DIVISLAB
Price: 6644.0
Triggered Set: BUY_EMA_VOLUME_MOMENTUM
Set Side: BUY
Confidence: base=76.0 signal_x=1.0 weight_x=1.05 time=9:15-10:00@1.0 market_x=1.0 advisory_x=0.99 final=79.0 min=65.0
Satisfied:
- EMA 9/21 Crossover: Cross=True, Above_EMA50=True
- Volume Spike: LatestVol=128837.0, AvgVol=371949.0
- MACD positive: MACD=12.9143 > 0 ✓
Why: EMA 9/21 crossover with strong volume participation. MACD positive confirms bullish regime — prevents buying a dead-cat bounce where MACD is still negative.
2026-06-04 09:40:12 [INFO] core.order_executor: ✅ Quantity calculated | Price: ₹6644.0 | Qty: 3 | Deployed: ₹19932 | Limiting: Allocation-limited | Risk: 6sh | Alloc: 3sh | Lever: 7sh | Buying Power: ₹100848 | Margin Used: ₹0
2026-06-04 09:40:12 [INFO] core.order_executor: 📋 [PAPER] BUY | DIVISLAB | Qty: 3 | @ ₹6644.0 | SL: ₹6610.78 | Target: ₹6710.44
2026-06-04 09:40:12 [INFO] core.state_manager: Position saved: DIVISLAB x3 | Target: 6710.44 | SL: 6610.78
2026-06-04 09:40:17 [INFO] core.strategy: SELL SIGNAL TRIGGERED
Symbol: DIVISLAB
Price: 6644.0
Triggered Set: SELL_RSI_BEARISH_REVERSAL
Set Side: SELL
Confidence: 
Satisfied:
- RSI Overbought: RSI=69.3 crossed above 70
- Bearish Pattern: Pattern=ShootingStar
Why: Overbought RSI (> 70) with a bearish candle pattern. Momentum exhaustion at the top. bearish_pattern is the EVENT anchor.
2026-06-04 09:40:17 [INFO] core.order_executor: 📋 [PAPER] SELL | DIVISLAB | Qty: 3 | @ ₹6644.0 | Reason: SELL_SET:SELL_RSI_BEARISH_REVERSAL
2026-06-04 09:40:17 [INFO] core.state_manager: Position closed: DIVISLAB | 6644.0 | P&L: 0.00 | SELL_SET:SELL_RSI_BEARISH_REVERSAL | price_source=ws_ltp
2026-06-04 09:40:17 [INFO] core.strategy: BUY SIGNAL TRIGGERED
Symbol: DIVISLAB
Price: 6647.0
Triggered Set: BUY_EMA_VOLUME_MOMENTUM
Set Side: BUY
Confidence: base=76.0 signal_x=1.0 weight_x=1.05 time=9:15-10:00@1.0 market_x=1.0 advisory_x=0.99 final=79.0 min=65.0
Satisfied:
- EMA 9/21 Crossover: Cross=True, Above_EMA50=True
- Volume Spike: LatestVol=161128.0, AvgVol=373563.55
- MACD positive: MACD=13.1537 > 0 ✓
Why: EMA 9/21 crossover with strong volume participation. MACD positive confirms bullish regime — prevents buying a dead-cat bounce where MACD is still negative.
2026-06-04 09:40:17 [INFO] core.order_executor: ✅ Quantity calculated | Price: ₹6647.0 | Qty: 3 | Deployed: ₹19941 | Limiting: Allocation-limited | Risk: 6sh | Alloc: 3sh | Lever: 7sh | Buying Power: ₹100848 | Margin Used: ₹0
2026-06-04 09:40:17 [INFO] core.order_executor: 📋 [PAPER] BUY | DIVISLAB | Qty: 3 | @ ₹6647.0 | SL: ₹6613.77 | Target: ₹6713.46
2026-06-04 09:40:17 [INFO] core.state_manager: Position saved: DIVISLAB x3 | Target: 6713.46 | SL: 6613.77
2026-06-04 09:40:22 [INFO] core.order_executor: 📈 TRAILING SL | DIVISLAB | ₹6613.77 → ₹6618.74
2026-06-04 09:40:33 [INFO] core.data_fetcher: 📡 Live feed | ticks received: 8/8 symbols | active=['MARUTI', 'SUNPHARMA', 'DIVISLAB', 'RELIANCE', 'BAJFINANCE', 'SBIN', 'AXISBANK', 'ULTRACEMCO']
2026-06-04 09:40:43 [INFO] core.state_manager: [BRIEFING] Loading from data/session_briefing.json...
2026-06-04 09:40:43 [INFO] core.state_manager: [BRIEFING] Loaded Valid: 8 approved + 0 watchlist (MORNING_SCREENER)
2026-06-04 09:40:58 [WARNING] core.order_executor: 🔴 TRAILING_SL HIT | SBIN | ₹970.0 ≤ ₹970.12
2026-06-04 09:40:58 [INFO] core.order_executor: 📋 [PAPER] SELL | SBIN | Qty: 20 | @ ₹970.0 | Reason: TRAILING_SL
2026-06-04 09:40:58 [INFO] core.state_manager: Position closed: SBIN | 970.0 | P&L: 32.00 | TRAILING_SL | price_source=ws_ltp
2026-06-04 09:41:04 [INFO] core.strategy: SELL SIGNAL TRIGGERED
Symbol: DIVISLAB
Price: 6644.5
Triggered Set: SELL_RSI_BEARISH_REVERSAL
Set Side: SELL
Confidence: 
Satisfied:
- RSI Overbought: RSI=69.5 crossed above 70
- Bearish Pattern: Pattern=ShootingStar
Why: Overbought RSI (> 70) with a bearish candle pattern. Momentum exhaustion at the top. bearish_pattern is the EVENT anchor.
2026-06-04 09:41:04 [INFO] core.order_executor: 📋 [PAPER] SELL | DIVISLAB | Qty: 3 | @ ₹6644.5 | Reason: SELL_SET:SELL_RSI_BEARISH_REVERSAL
2026-06-04 09:41:04 [INFO] core.state_manager: Position closed: DIVISLAB | 6644.5 | P&L: -7.50 | SELL_SET:SELL_RSI_BEARISH_REVERSAL | price_source=ws_ltp
2026-06-04 09:41:04 [INFO] core.strategy: BUY SIGNAL TRIGGERED
Symbol: DIVISLAB
Price: 6644.5
Triggered Set: BUY_EMA_VOLUME_MOMENTUM
Set Side: BUY
Confidence: base=76.0 signal_x=1.0 weight_x=1.05 time=9:15-10:00@1.0 market_x=1.0 advisory_x=0.99 final=79.0 min=65.0
Satisfied:
- EMA 9/21 Crossover: Cross=True, Above_EMA50=True
- Volume Spike: LatestVol=622077.0, AvgVol=396611.0
- MACD positive: MACD=12.9542 > 0 ✓
Why: EMA 9/21 crossover with strong volume participation. MACD positive confirms bullish regime — prevents buying a dead-cat bounce where MACD is still negative.
2026-06-04 09:41:04 [INFO] core.order_executor: ✅ Quantity calculated | Price: ₹6644.5 | Qty: 3 | Deployed: ₹19934 | Limiting: Allocation-limited | Risk: 6sh | Alloc: 3sh | Lever: 10sh | Buying Power: ₹100970 | Margin Used: ₹0
2026-06-04 09:41:04 [INFO] core.order_executor: 📋 [PAPER] BUY | DIVISLAB | Qty: 3 | @ ₹6644.5 | SL: ₹6611.28 | Target: ₹6710.94
2026-06-04 09:41:04 [INFO] core.state_manager: Position saved: DIVISLAB x3 | Target: 6710.94 | SL: 6611.28
2026-06-04 09:41:09 [INFO] core.order_executor: 📈 TRAILING SL | DIVISLAB | ₹6611.28 → ₹6614.26
2026-06-04 09:41:14 [INFO] core.strategy: ─── Scan summary (8 subscribed) ───
  [Cognition] MARUTI: ticks=840 | live_candles=7
  [Cognition] SUNPHARMA: ticks=747 | live_candles=7
  [Cognition] DIVISLAB: ticks=690 | live_candles=7
  [Cognition] RELIANCE: ticks=1347 | live_candles=7
  [Cognition] BAJFINANCE: ticks=1235 | live_candles=7
  [Cognition] SBIN: ticks=1428 | live_candles=7
  [Cognition] AXISBANK: ticks=957 | live_candles=7
  [Cognition] ULTRACEMCO: ticks=677 | live_candles=7
2026-06-04 09:41:24 [INFO] core.order_executor: 📈 TRAILING SL | DIVISLAB | ₹6614.26 → ₹6615.26
2026-06-04 09:41:45 [INFO] core.state_manager: [BRIEFING] Loading from data/session_briefing.json...
2026-06-04 09:41:45 [INFO] core.state_manager: [BRIEFING] Loaded Valid: 8 approved + 0 watchlist (MORNING_SCREENER)
2026-06-04 09:42:01 [INFO] core.strategy: SELL SIGNAL TRIGGERED
Symbol: DIVISLAB
Price: 6644.0
Triggered Set: SELL_RSI_BEARISH_REVERSAL
Set Side: SELL
Confidence: 
Satisfied:
- RSI Overbought: RSI=69.3 crossed above 70
- Bearish Pattern: Pattern=ShootingStar
Why: Overbought RSI (> 70) with a bearish candle pattern. Momentum exhaustion at the top. bearish_pattern is the EVENT anchor.
2026-06-04 09:42:01 [INFO] core.order_executor: 📋 [PAPER] SELL | DIVISLAB | Qty: 3 | @ ₹6644.0 | Reason: SELL_SET:SELL_RSI_BEARISH_REVERSAL
2026-06-04 09:42:01 [INFO] core.state_manager: Position closed: DIVISLAB | 6644.0 | P&L: -1.50 | SELL_SET:SELL_RSI_BEARISH_REVERSAL | price_source=ws_ltp
2026-06-04 09:42:01 [INFO] core.strategy: BUY SIGNAL TRIGGERED
Symbol: DIVISLAB
Price: 6644.0
Triggered Set: BUY_EMA_VOLUME_MOMENTUM
Set Side: BUY
Confidence: base=76.0 signal_x=1.0 weight_x=1.05 time=9:15-10:00@1.0 market_x=1.0 advisory_x=0.99 final=79.0 min=65.0
Satisfied:
- EMA 9/21 Crossover: Cross=True, Above_EMA50=True
- Volume Spike: LatestVol=889087.0, AvgVol=409961.5
- MACD positive: MACD=12.9143 > 0 ✓
Why: EMA 9/21 crossover with strong volume participation. MACD positive confirms bullish regime — prevents buying a dead-cat bounce where MACD is still negative.
2026-06-04 09:42:01 [INFO] core.order_executor: ✅ Quantity calculated | Price: ₹6644.0 | Qty: 3 | Deployed: ₹19932 | Limiting: Allocation-limited | Risk: 6sh | Alloc: 3sh | Lever: 10sh | Buying Power: ₹100962 | Margin Used: ₹0
2026-06-04 09:42:01 [INFO] core.order_executor: 📋 [PAPER] BUY | DIVISLAB | Qty: 3 | @ ₹6644.0 | SL: ₹6610.78 | Target: ₹6710.44
2026-06-04 09:42:01 [INFO] core.state_manager: Position saved: DIVISLAB x3 | Target: 6710.44 | SL: 6610.78
2026-06-04 09:42:06 [INFO] core.strategy: SELL SIGNAL TRIGGERED
Symbol: DIVISLAB
Price: 6644.0
Triggered Set: SELL_RSI_BEARISH_REVERSAL
Set Side: SELL
Confidence: 
Satisfied:
- RSI Overbought: RSI=69.3 crossed above 70
- Bearish Pattern: Pattern=ShootingStar
Why: Overbought RSI (> 70) with a bearish candle pattern. Momentum exhaustion at the top. bearish_pattern is the EVENT anchor.
2026-06-04 09:42:06 [INFO] core.order_executor: 📋 [PAPER] SELL | DIVISLAB | Qty: 3 | @ ₹6644.0 | Reason: SELL_SET:SELL_RSI_BEARISH_REVERSAL
2026-06-04 09:42:06 [INFO] core.state_manager: Position closed: DIVISLAB | 6644.0 | P&L: 0.00 | SELL_SET:SELL_RSI_BEARISH_REVERSAL | price_source=ws_ltp
2026-06-04 09:42:06 [INFO] core.strategy: BUY SIGNAL TRIGGERED
Symbol: DIVISLAB
Price: 6644.0
Triggered Set: BUY_EMA_VOLUME_MOMENTUM
Set Side: BUY
Confidence: base=76.0 signal_x=1.0 weight_x=1.05 time=9:15-10:00@1.0 market_x=1.0 advisory_x=0.99 final=79.0 min=65.0
Satisfied:
- EMA 9/21 Crossover: Cross=True, Above_EMA50=True
- Volume Spike: LatestVol=922595.0, AvgVol=411636.9
- MACD positive: MACD=12.9143 > 0 ✓
Why: EMA 9/21 crossover with strong volume participation. MACD positive confirms bullish regime — prevents buying a dead-cat bounce where MACD is still negative.
2026-06-04 09:42:06 [INFO] core.order_executor: ✅ Quantity calculated | Price: ₹6644.0 | Qty: 3 | Deployed: ₹19932 | Limiting: Allocation-limited | Risk: 6sh | Alloc: 3sh | Lever: 10sh | Buying Power: ₹100962 | Margin Used: ₹0
2026-06-04 09:42:06 [INFO] core.order_executor: 📋 [PAPER] BUY | DIVISLAB | Qty: 3 | @ ₹6644.0 | SL: ₹6610.78 | Target: ₹6710.44
2026-06-04 09:42:06 [INFO] core.state_manager: Position saved: DIVISLAB x3 | Target: 6710.44 | SL: 6610.78
2026-06-04 09:42:11 [INFO] core.order_executor: 📈 TRAILING SL | DIVISLAB | ₹6610.78 → ₹6616.25
2026-06-04 09:42:17 [INFO] core.order_executor: 📈 TRAILING SL | DIVISLAB | ₹6616.25 → ₹6616.75
2026-06-04 09:42:33 [INFO] core.data_fetcher: 📡 Live feed | ticks received: 8/8 symbols | active=['MARUTI', 'SUNPHARMA', 'DIVISLAB', 'RELIANCE', 'BAJFINANCE', 'SBIN', 'AXISBANK', 'ULTRACEMCO']
2026-06-04 09:42:42 [INFO] core.order_executor: 📈 TRAILING SL | DIVISLAB | ₹6616.75 → ₹6617.74
2026-06-04 09:42:48 [INFO] core.state_manager: [BRIEFING] Loading from data/session_briefing.json...
2026-06-04 09:42:48 [INFO] core.state_manager: [BRIEFING] Loaded Valid: 8 approved + 0 watchlist (MORNING_SCREENER)
2026-06-04 09:42:48 [INFO] core.strategy: ─── Scan summary (8 subscribed) ───
  [Cognition] MARUTI: ticks=874 | live_candles=7
  [Cognition] SUNPHARMA: ticks=767 | live_candles=7
  [Cognition] DIVISLAB: ticks=714 | live_candles=7
  [Cognition] RELIANCE: ticks=1395 | live_candles=7
  [Cognition] BAJFINANCE: ticks=1279 | live_candles=7
  [Cognition] SBIN: ticks=1498 | live_candles=7
  [Cognition] AXISBANK: ticks=986 | live_candles=7
  [Cognition] ULTRACEMCO: ticks=713 | live_candles=7
2026-06-04 09:43:50 [INFO] core.state_manager: [BRIEFING] Loading from data/session_briefing.json...
2026-06-04 09:43:50 [INFO] core.state_manager: [BRIEFING] Loaded Valid: 8 approved + 0 watchlist (MORNING_SCREENER)
2026-06-04 09:43:50 [INFO] core.order_executor: 📈 TRAILING SL | DIVISLAB | ₹6617.74 → ₹6619.24
2026-06-04 09:44:16 [INFO] core.strategy: BUY SIGNAL TRIGGERED
Symbol: AXISBANK
Price: 1253.4
Triggered Set: BUY_BREAKOUT_CONFIRMATION
Set Side: BUY
Confidence: base=72.0 signal_x=1.0 weight_x=1.0 time=9:15-10:00@1.0 market_x=1.0 advisory_x=0.99 final=71.3 min=65.0
Satisfied:
- Volume Breakout: VolSpike=True, PriceBreak=True, SMA=True
- Price above EMA20: Close=1253.4 > EMA20=1252.62
- Price above VWAP: Close=1253.4 > VWAP=1253.07
- RSI not overbought: RSI=50.6 < 65 ✓
Why: 4-gate fakeout filter. volume_breakout is a strong EVENT anchor. price_above_ema20, price_above_vwap, rsi_not_overbought are filters that eliminate false breakouts. Note: price_above_ema20 is slightly redundant (volume_breakout already checks SMA20) but kept as extra VWAP zone filter.
2026-06-04 09:44:16 [INFO] core.order_executor: ✅ Quantity calculated | Price: ₹1253.4 | Qty: 16 | Deployed: ₹20054 | Limiting: Allocation-limited | Risk: 32sh | Alloc: 16sh | Lever: 38sh | Buying Power: ₹100962 | Margin Used: ₹0
2026-06-04 09:44:16 [INFO] core.order_executor: 📋 [PAPER] BUY | AXISBANK | Qty: 16 | @ ₹1253.4 | SL: ₹1247.13 | Target: ₹1265.94
2026-06-04 09:44:16 [INFO] core.state_manager: Position saved: AXISBANK x16 | Target: 1265.94 | SL: 1247.13
2026-06-04 09:44:21 [INFO] core.strategy: ─── Scan summary (8 subscribed) ───
  [Cognition] MARUTI: ticks=911 | live_candles=7
  [Cognition] SUNPHARMA: ticks=807 | live_candles=7
  [Cognition] DIVISLAB: ticks=732 | live_candles=7
  [Cognition] RELIANCE: ticks=1464 | live_candles=7
  [Cognition] BAJFINANCE: ticks=1348 | live_candles=7
  [Cognition] SBIN: ticks=1569 | live_candles=7
  [Cognition] AXISBANK: ticks=1048 | live_candles=7
  [Cognition] ULTRACEMCO: ticks=743 | live_candles=7
2026-06-04 09:44:21 [INFO] core.order_executor: 📈 TRAILING SL | AXISBANK | ₹1247.13 → ₹1247.53
2026-06-04 09:44:26 [INFO] core.order_executor: 📈 TRAILING SL | AXISBANK | ₹1247.53 → ₹1247.63
2026-06-04 09:44:31 [INFO] core.order_executor: 📈 TRAILING SL | MARUTI | ₹12973.81 → ₹12984.75
2026-06-04 09:44:31 [INFO] core.order_executor: 📈 TRAILING SL | AXISBANK | ₹1247.63 → ₹1247.73
2026-06-04 09:44:33 [INFO] core.data_fetcher: 📡 Live feed | ticks received: 8/8 symbols | active=['MARUTI', 'SUNPHARMA', 'DIVISLAB', 'RELIANCE', 'BAJFINANCE', 'SBIN', 'AXISBANK', 'ULTRACEMCO']
2026-06-04 09:44:33 [INFO] apscheduler.executors.default: Running job "Market Observation Loop (trigger: interval[0:15:00], next run at: 2026-06-04 09:59:33 IST)" (scheduled at 2026-06-04 09:44:33.655386+05:30)
2026-06-04 09:44:33 [INFO] reflection.observation_loop: 🔍 Running observation cycle...
2026-06-04 09:44:33 [INFO] core.state_manager: [BRIEFING] Loading from data/session_briefing.json...
2026-06-04 09:44:33 [INFO] core.state_manager: [BRIEFING] Loaded Valid: 8 approved + 0 watchlist (MORNING_SCREENER)
2026-06-04 09:44:33 [INFO] reflection.observation_loop: 📊 Observation recorded:
   Market: RANGING | Trend: WEAK
   Vol: LOW | Breakouts: LOW
   Reversals: LOW
2026-06-04 09:44:33 [INFO] apscheduler.executors.default: Job "Market Observation Loop (trigger: interval[0:15:00], next run at: 2026-06-04 09:59:33 IST)" executed successfully
2026-06-04 09:44:36 [INFO] core.order_executor: 📈 TRAILING SL | AXISBANK | ₹1247.73 → ₹1247.93
2026-06-04 09:44:36 [INFO] core.strategy: BUY SIGNAL TRIGGERED
Symbol: SUNPHARMA
Price: 1784.2
Triggered Set: BUY_MACD_VWAP_SURGE
Set Side: BUY
Confidence: base=73.0 signal_x=1.0 weight_x=1.0 time=9:15-10:00@1.0 market_x=1.0 advisory_x=0.99 final=72.3 min=65.0
Satisfied:
- MACD positive: MACD=1.9646 > 0 ✓
- Price above VWAP: Close=1784.2 > VWAP=1783.99
- Volume Spike: LatestVol=11928999.0, AvgVol=3416127.55
- Bullish Reversal Candle: Bullish Harami
Why: MACD bullish regime + price above VWAP + volume surge + bullish candle. Added bullish_reversal_candle as EVENT anchor — without it 2 STATE conditions would fire continuously on any uptrending stock.
2026-06-04 09:44:37 [INFO] core.order_executor: ✅ Quantity calculated | Price: ₹1784.2 | Qty: 11 | Deployed: ₹19626 | Limiting: Allocation-limited | Risk: 22sh | Alloc: 11sh | Lever: 15sh | Buying Power: ₹100962 | Margin Used: ₹0
2026-06-04 09:44:37 [INFO] core.order_executor: 📋 [PAPER] BUY | SUNPHARMA | Qty: 11 | @ ₹1784.2 | SL: ₹1775.28 | Target: ₹1802.04
2026-06-04 09:44:37 [INFO] core.state_manager: Position saved: SUNPHARMA x11 | Target: 1802.04 | SL: 1775.28
2026-06-04 09:44:42 [INFO] core.order_executor: 📈 TRAILING SL | DIVISLAB | ₹6619.24 → ₹6620.73
2026-06-04 09:44:47 [INFO] core.order_executor: 📈 TRAILING SL | SUNPHARMA | ₹1775.28 → ₹1776.08
2026-06-04 09:44:52 [INFO] core.state_manager: [BRIEFING] Loading from data/session_briefing.json...
2026-06-04 09:44:52 [INFO] core.state_manager: [BRIEFING] Loaded Valid: 8 approved + 0 watchlist (MORNING_SCREENER)
2026-06-04 09:44:52 [INFO] core.order_executor: 📈 TRAILING SL | MARUTI | ₹12984.75 → ₹12985.75
2026-06-04 09:44:52 [INFO] core.order_executor: 📈 TRAILING SL | DIVISLAB | ₹6620.73 → ₹6622.72
2026-06-04 09:44:57 [INFO] core.order_executor: 📈 TRAILING SL | DIVISLAB | ₹6622.72 → ₹6623.72
2026-06-04 09:45:00 [INFO] core.data_fetcher: 🕯️ Candle closed: SBIN | 2026-06-04 09:40 | O:971.00 H:974.80 L:970.00 C:974.00 V:440036697.0
2026-06-04 09:45:00 [INFO] core.data_fetcher: 🕯️ Candle closed: RELIANCE | 2026-06-04 09:40 | O:1305.00 H:1307.00 L:1304.70 C:1307.00 V:444580517.0
2026-06-04 09:45:00 [INFO] core.data_fetcher: 🕯️ Candle closed: DIVISLAB | 2026-06-04 09:40 | O:6645.50 H:6657.00 L:6641.00 C:6657.00 V:1888272.0
2026-06-04 09:45:00 [INFO] core.data_fetcher: 🕯️ Candle closed: ULTRACEMCO | 2026-06-04 09:40 | O:11057.00 H:11078.00 L:11041.00 C:11078.00 V:4122576.0
2026-06-04 09:45:01 [INFO] core.data_fetcher: 🕯️ Candle closed: MARUTI | 2026-06-04 09:40 | O:13035.00 H:13055.00 L:13015.00 C:13055.00 V:2942202.0
2026-06-04 09:45:01 [INFO] core.data_fetcher: 🕯️ Candle closed: AXISBANK | 2026-06-04 09:40 | O:1250.70 H:1254.20 L:1249.20 C:1253.30 V:47811553.0
2026-06-04 09:45:01 [INFO] core.data_fetcher: 🕯️ Candle closed: BAJFINANCE | 2026-06-04 09:40 | O:871.20 H:872.50 L:870.60 C:872.15 V:174564982.0
2026-06-04 09:45:02 [INFO] core.data_fetcher: 🕯️ Candle closed: SUNPHARMA | 2026-06-04 09:40 | O:1781.10 H:1785.00 L:1778.70 C:1784.60 V:12583441.0
2026-06-04 09:45:07 [INFO] core.order_executor: 📈 TRAILING SL | MARUTI | ₹12985.75 → ₹12988.73
2026-06-04 09:45:12 [INFO] core.order_executor: 📈 TRAILING SL | MARUTI | ₹12988.73 → ₹12993.7
2026-06-04 09:45:12 [INFO] core.order_executor: 📈 TRAILING SL | SUNPHARMA | ₹1776.08 → ₹1776.47
2026-06-04 09:45:17 [INFO] core.order_executor: 📈 TRAILING SL | MARUTI | ₹12993.7 → ₹12994.7
2026-06-04 09:45:38 [INFO] core.order_executor: 📈 TRAILING SL | MARUTI | ₹12994.7 → ₹12996.69
2026-06-04 09:45:43 [INFO] core.order_executor: 📈 TRAILING SL | AXISBANK | ₹1247.93 → ₹1248.03
2026-06-04 09:45:48 [INFO] core.order_executor: 📈 TRAILING SL | SUNPHARMA | ₹1776.47 → ₹1777.27
2026-06-04 09:45:53 [INFO] core.state_manager: [BRIEFING] Loading from data/session_briefing.json...
2026-06-04 09:45:53 [INFO] core.state_manager: [BRIEFING] Loaded Valid: 8 approved + 0 watchlist (MORNING_SCREENER)
2026-06-04 09:45:53 [INFO] core.strategy: ─── Scan summary (8 subscribed) ───
  [Cognition] MARUTI: ticks=957 | live_candles=8
  [Cognition] SUNPHARMA: ticks=843 | live_candles=8
  [Cognition] DIVISLAB: ticks=764 | live_candles=8
  [Cognition] RELIANCE: ticks=1544 | live_candles=8
  [Cognition] BAJFINANCE: ticks=1421 | live_candles=8
  [Cognition] SBIN: ticks=1668 | live_candles=8
  [Cognition] AXISBANK: ticks=1116 | live_candles=8
  [Cognition] ULTRACEMCO: ticks=776 | live_candles=8
2026-06-04 09:45:53 [INFO] core.order_executor: 📈 TRAILING SL | AXISBANK | ₹1248.03 → ₹1248.43
2026-06-04 09:45:58 [INFO] core.order_executor: 📈 TRAILING SL | MARUTI | ₹12996.69 → ₹13002.66
2026-06-04 09:45:58 [INFO] core.order_executor: 📈 TRAILING SL | AXISBANK | ₹1248.43 → ₹1248.53
2026-06-04 09:45:58 [INFO] core.order_executor: 📈 TRAILING SL | SUNPHARMA | ₹1777.27 → ₹1778.76
2026-06-04 09:46:03 [INFO] core.order_executor: 📈 TRAILING SL | MARUTI | ₹13002.66 → ₹13003.66
2026-06-04 09:46:13 [INFO] core.order_executor: 📈 TRAILING SL | MARUTI | ₹13003.66 → ₹13004.65
2026-06-04 09:46:18 [INFO] core.order_executor: 📈 TRAILING SL | MARUTI | ₹13004.65 → ₹13005.65
2026-06-04 09:46:18 [INFO] core.order_executor: 📈 TRAILING SL | AXISBANK | ₹1248.53 → ₹1248.63
2026-06-04 09:46:29 [INFO] core.order_executor: 📈 TRAILING SL | MARUTI | ₹13005.65 → ₹13006.64
2026-06-04 09:46:33 [INFO] core.data_fetcher: 📡 Live feed | ticks received: 8/8 symbols | active=['MARUTI', 'SUNPHARMA', 'DIVISLAB', 'RELIANCE', 'BAJFINANCE', 'SBIN', 'AXISBANK', 'ULTRACEMCO']
2026-06-04 09:46:39 [INFO] core.order_executor: 📈 TRAILING SL | SUNPHARMA | ₹1778.76 → ₹1778.86
2026-06-04 09:46:44 [INFO] core.order_executor: 📈 TRAILING SL | MARUTI | ₹13006.64 → ₹13008.63
2026-06-04 09:46:49 [INFO] core.order_executor: 📈 TRAILING SL | AXISBANK | ₹1248.63 → ₹1248.72
2026-06-04 09:46:54 [INFO] core.state_manager: [BRIEFING] Loading from data/session_briefing.json...
2026-06-04 09:46:54 [INFO] core.state_manager: [BRIEFING] Loaded Valid: 8 approved + 0 watchlist (MORNING_SCREENER)
2026-06-04 09:46:54 [INFO] core.order_executor: 📈 TRAILING SL | MARUTI | ₹13008.63 → ₹13009.62
2026-06-04 09:46:54 [INFO] core.order_executor: 📈 TRAILING SL | AXISBANK | ₹1248.72 → ₹1248.92
2026-06-04 09:47:14 [INFO] core.order_executor: 📈 TRAILING SL | SUNPHARMA | ₹1778.86 → ₹1779.16
2026-06-04 09:47:19 [INFO] core.order_executor: 📈 TRAILING SL | SUNPHARMA | ₹1779.16 → ₹1779.26
2026-06-04 09:47:24 [INFO] core.strategy: ─── Scan summary (8 subscribed) ───
  [Cognition] MARUTI: ticks=1007 | live_candles=8
  [Cognition] SUNPHARMA: ticks=895 | live_candles=8
  [Cognition] DIVISLAB: ticks=789 | live_candles=8
  [Cognition] RELIANCE: ticks=1602 | live_candles=8
  [Cognition] BAJFINANCE: ticks=1488 | live_candles=8
  [Cognition] SBIN: ticks=1759 | live_candles=8
  [Cognition] AXISBANK: ticks=1179 | live_candles=8
  [Cognition] ULTRACEMCO: ticks=795 | live_candles=8
2026-06-04 09:47:36 [WARNING] core.data_fetcher: ⚠️ WebSocket closed: The Session has been Closed!
2026-06-04 09:47:36 [INFO] core.data_fetcher: Scheduling reconnect in 5s (attempt 1/10)
2026-06-04 09:47:36 [ERROR] core.data_fetcher: ❌ WebSocket error | type=WebSocketConnectionClosedException | msg=Connection to remote host was lost. | symbols=8 | attempt=1
Traceback (most recent call last):
  File "C:\Extra Programs\Files\AlcoSoft_Financial_Services\alco_env\lib\site-packages\websocket\_app.py", line 511, in setSock
    dispatcher.read(self.sock.sock, read, check)
  File "C:\Extra Programs\Files\AlcoSoft_Financial_Services\alco_env\lib\site-packages\websocket\_app.py", line 113, in read
    if not read_callback():
  File "C:\Extra Programs\Files\AlcoSoft_Financial_Services\alco_env\lib\site-packages\websocket\_app.py", line 535, in read
    raise e
  File "C:\Extra Programs\Files\AlcoSoft_Financial_Services\alco_env\lib\site-packages\websocket\_app.py", line 526, in read
    op_code, frame = self.sock.recv_data_frame(True)
  File "C:\Extra Programs\Files\AlcoSoft_Financial_Services\alco_env\lib\site-packages\websocket\_core.py", line 437, in recv_data_frame
    frame = self.recv_frame()
  File "C:\Extra Programs\Files\AlcoSoft_Financial_Services\alco_env\lib\site-packages\websocket\_core.py", line 478, in recv_frame
    return self.frame_buffer.recv_frame()
  File "C:\Extra Programs\Files\AlcoSoft_Financial_Services\alco_env\lib\site-packages\websocket\_abnf.py", line 363, in recv_frame
    self.recv_header()
  File "C:\Extra Programs\Files\AlcoSoft_Financial_Services\alco_env\lib\site-packages\websocket\_abnf.py", line 319, in recv_header
    header = self.recv_strict(2)
  File "C:\Extra Programs\Files\AlcoSoft_Financial_Services\alco_env\lib\site-packages\websocket\_abnf.py", line 398, in recv_strict
    bytes_ = self.recv(min(16384, shortage))
  File "C:\Extra Programs\Files\AlcoSoft_Financial_Services\alco_env\lib\site-packages\websocket\_core.py", line 563, in _recv
    return recv(self.sock, bufsize)
  File "C:\Extra Programs\Files\AlcoSoft_Financial_Services\alco_env\lib\site-packages\websocket\_socket.py", line 132, in recv
    raise WebSocketConnectionClosedException("Connection to remote host was lost.")
websocket._exceptions.WebSocketConnectionClosedException: Connection to remote host was lost.
2026-06-04 09:47:36 [INFO] core.data_fetcher: Scheduling reconnect in 5s (attempt 1/10)
2026-06-04 09:47:36 [WARNING] core.data_fetcher: ⚠️ WebSocket closed: The Session has been Closed!
2026-06-04 09:47:36 [INFO] core.data_fetcher: Scheduling reconnect in 5s (attempt 1/10)
2026-06-04 09:47:41 [INFO] core.data_fetcher: Reconnecting WebSocket...
2026-06-04 09:47:41 [INFO] core.data_fetcher: Starting live feed for 8 symbols: ['MARUTI', 'SUNPHARMA', 'DIVISLAB', 'RELIANCE', 'BAJFINANCE', 'SBIN', 'AXISBANK', 'ULTRACEMCO']
2026-06-04 09:47:41 [INFO] core.data_fetcher: Subscribing to 8 instruments...
2026-06-04 09:47:41 [INFO] core.data_fetcher: ✅ Subscribed to live feed: ['10999', '3351', '10940', '2885', '317', '3045', '5900', '11532']
2026-06-04 09:47:41 [INFO] core.data_fetcher: Reconnection successful.
2026-06-04 09:47:41 [INFO] core.data_fetcher: ✅ WebSocket connection opened.
2026-06-04 09:47:45 [INFO] core.order_executor: 📈 TRAILING SL | SUNPHARMA | ₹1779.26 → ₹1779.46
2026-06-04 09:47:55 [INFO] core.state_manager: [BRIEFING] Loading from data/session_briefing.json...
2026-06-04 09:47:55 [INFO] core.state_manager: [BRIEFING] Loaded Valid: 8 approved + 0 watchlist (MORNING_SCREENER)
2026-06-04 09:47:55 [INFO] core.order_executor: 📈 TRAILING SL | AXISBANK | ₹1248.92 → ₹1249.12
2026-06-04 09:47:55 [INFO] core.order_executor: 📈 TRAILING SL | SUNPHARMA | ₹1779.46 → ₹1780.35
2026-06-04 09:48:00 [INFO] core.order_executor: 📈 TRAILING SL | AXISBANK | ₹1249.12 → ₹1249.22
2026-06-04 09:48:05 [INFO] core.order_executor: 📈 TRAILING SL | AXISBANK | ₹1249.22 → ₹1249.62
2026-06-04 09:48:33 [INFO] core.data_fetcher: 📡 Live feed | ticks received: 8/8 symbols | active=['MARUTI', 'SUNPHARMA', 'DIVISLAB', 'RELIANCE', 'BAJFINANCE', 'SBIN', 'AXISBANK', 'ULTRACEMCO']
2026-06-04 09:48:36 [INFO] core.order_executor: 📈 TRAILING SL | AXISBANK | ₹1249.62 → ₹1249.72
2026-06-04 09:48:56 [INFO] core.state_manager: [BRIEFING] Loading from data/session_briefing.json...
2026-06-04 09:48:56 [INFO] core.state_manager: [BRIEFING] Loaded Valid: 8 approved + 0 watchlist (MORNING_SCREENER)
2026-06-04 09:48:56 [INFO] core.strategy: ─── Scan summary (8 subscribed) ───
  [Cognition] MARUTI: ticks=20 | live_candles=8
  [Cognition] SUNPHARMA: ticks=31 | live_candles=8
  [Cognition] DIVISLAB: ticks=14 | live_candles=8
  [Cognition] RELIANCE: ticks=61 | live_candles=8
  [Cognition] BAJFINANCE: ticks=57 | live_candles=8
  [Cognition] SBIN: ticks=66 | live_candles=8
  [Cognition] AXISBANK: ticks=30 | live_candles=8
  [Cognition] ULTRACEMCO: ticks=20 | live_candles=8
2026-06-04 09:49:01 [INFO] core.order_executor: 📈 TRAILING SL | SUNPHARMA | ₹1780.35 → ₹1780.45
2026-06-04 09:49:06 [INFO] core.order_executor: 📈 TRAILING SL | SUNPHARMA | ₹1780.45 → ₹1780.85
2026-06-04 09:49:21 [INFO] core.order_executor: 📈 TRAILING SL | SUNPHARMA | ₹1780.85 → ₹1781.05
2026-06-04 09:49:26 [INFO] core.order_executor: 📈 TRAILING SL | AXISBANK | ₹1249.72 → ₹1249.82
2026-06-04 09:49:27 [INFO] core.order_executor: 📈 TRAILING SL | SUNPHARMA | ₹1781.05 → ₹1781.15
2026-06-04 09:49:32 [INFO] core.order_executor: 📈 TRAILING SL | AXISBANK | ₹1249.82 → ₹1249.92
2026-06-04 09:49:32 [INFO] core.order_executor: 📈 TRAILING SL | SUNPHARMA | ₹1781.15 → ₹1781.45
2026-06-04 09:49:37 [INFO] core.order_executor: 📈 TRAILING SL | AXISBANK | ₹1249.92 → ₹1250.22
2026-06-04 09:49:42 [INFO] core.order_executor: 📈 TRAILING SL | SUNPHARMA | ₹1781.45 → ₹1781.95
2026-06-04 09:49:57 [INFO] core.state_manager: [BRIEFING] Loading from data/session_briefing.json...
2026-06-04 09:49:57 [INFO] core.state_manager: [BRIEFING] Loaded Valid: 8 approved + 0 watchlist (MORNING_SCREENER)
2026-06-04 09:49:57 [INFO] core.order_executor: 📈 TRAILING SL | SUNPHARMA | ₹1781.95 → ₹1782.14
2026-06-04 09:50:00 [INFO] core.data_fetcher: 🕯️ Candle closed: RELIANCE | 2026-06-04 09:45 | O:1306.50 H:1309.60 L:1300.10 C:1306.30 V:478153646.0
2026-06-04 09:50:00 [INFO] core.data_fetcher: 🕯️ Candle closed: BAJFINANCE | 2026-06-04 09:45 | O:872.30 H:875.60 L:868.00 C:875.25 V:244696683.0
2026-06-04 09:50:01 [INFO] core.data_fetcher: 🕯️ Candle closed: SBIN | 2026-06-04 09:45 | O:974.30 H:977.60 L:961.10 C:977.60 V:551353391.0
2026-06-04 09:50:01 [INFO] core.data_fetcher: 🕯️ Candle closed: SUNPHARMA | 2026-06-04 09:45 | O:1784.50 H:1791.10 L:1768.60 C:1791.10 V:18812379.0
2026-06-04 09:50:01 [INFO] core.data_fetcher: 🕯️ Candle closed: MARUTI | 2026-06-04 09:45 | O:13051.00 H:13075.00 L:12949.00 C:13064.00 V:3322785.0
2026-06-04 09:50:01 [INFO] core.data_fetcher: 🕯️ Candle closed: AXISBANK | 2026-06-04 09:45 | O:1253.60 H:1257.00 L:1246.00 C:1255.60 V:49705159.0
2026-06-04 09:50:01 [INFO] core.data_fetcher: 🕯️ Candle closed: DIVISLAB | 2026-06-04 09:45 | O:6653.50 H:6660.00 L:6521.00 C:6654.50 V:1611100.0
2026-06-04 09:50:02 [INFO] core.data_fetcher: 🕯️ Candle closed: ULTRACEMCO | 2026-06-04 09:45 | O:11076.00 H:11150.00 L:11033.00 C:11065.00 V:2768619.0
2026-06-04 09:50:28 [INFO] core.strategy: ─── Scan summary (8 subscribed) ───
  [Cognition] MARUTI: ticks=60 | live_candles=9
  [Cognition] SUNPHARMA: ticks=72 | live_candles=9
  [Cognition] DIVISLAB: ticks=34 | live_candles=9
  [Cognition] RELIANCE: ticks=137 | live_candles=9
  [Cognition] BAJFINANCE: ticks=128 | live_candles=9
  [Cognition] SBIN: ticks=175 | live_candles=9
  [Cognition] AXISBANK: ticks=69 | live_candles=9
  [Cognition] ULTRACEMCO: ticks=53 | live_candles=9
2026-06-04 09:50:34 [INFO] core.data_fetcher: 📡 Live feed | ticks received: 8/8 symbols | active=['MARUTI', 'SUNPHARMA', 'DIVISLAB', 'RELIANCE', 'BAJFINANCE', 'SBIN', 'AXISBANK', 'ULTRACEMCO']
2026-06-04 09:50:59 [INFO] core.state_manager: [BRIEFING] Loading from data/session_briefing.json...
2026-06-04 09:50:59 [INFO] core.state_manager: [BRIEFING] Loaded Valid: 8 approved + 0 watchlist (MORNING_SCREENER)
2026-06-04 09:51:40 [INFO] core.order_executor: 📈 TRAILING SL | SUNPHARMA | ₹1782.14 → ₹1782.24
2026-06-04 09:51:50 [INFO] core.order_executor: 📈 TRAILING SL | SUNPHARMA | ₹1782.24 → ₹1782.54
2026-06-04 09:51:55 [INFO] core.order_executor: 📈 TRAILING SL | SUNPHARMA | ₹1782.54 → ₹1782.64
2026-06-04 09:52:00 [INFO] core.state_manager: [BRIEFING] Loading from data/session_briefing.json...
2026-06-04 09:52:00 [INFO] core.state_manager: [BRIEFING] Loaded Valid: 8 approved + 0 watchlist (MORNING_SCREENER)
2026-06-04 09:52:00 [INFO] core.strategy: ─── Scan summary (8 subscribed) ───
  [Cognition] MARUTI: ticks=105 | live_candles=9
  [Cognition] SUNPHARMA: ticks=98 | live_candles=9
  [Cognition] DIVISLAB: ticks=61 | live_candles=9
  [Cognition] RELIANCE: ticks=197 | live_candles=9
  [Cognition] BAJFINANCE: ticks=198 | live_candles=9
  [Cognition] SBIN: ticks=261 | live_candles=9
  [Cognition] AXISBANK: ticks=99 | live_candles=9
  [Cognition] ULTRACEMCO: ticks=80 | live_candles=9
2026-06-04 09:52:34 [INFO] core.data_fetcher: 📡 Live feed | ticks received: 8/8 symbols | active=['MARUTI', 'SUNPHARMA', 'DIVISLAB', 'RELIANCE', 'BAJFINANCE', 'SBIN', 'AXISBANK', 'ULTRACEMCO']
2026-06-04 09:53:01 [INFO] core.state_manager: [BRIEFING] Loading from data/session_briefing.json...
2026-06-04 09:53:01 [INFO] core.state_manager: [BRIEFING] Loaded Valid: 8 approved + 0 watchlist (MORNING_SCREENER)
2026-06-04 09:53:31 [INFO] core.strategy: ─── Scan summary (8 subscribed) ───
  [Cognition] MARUTI: ticks=140 | live_candles=9
  [Cognition] SUNPHARMA: ticks=124 | live_candles=9
  [Cognition] DIVISLAB: ticks=83 | live_candles=9
  [Cognition] RELIANCE: ticks=253 | live_candles=9
  [Cognition] BAJFINANCE: ticks=258 | live_candles=9
  [Cognition] SBIN: ticks=342 | live_candles=9
  [Cognition] AXISBANK: ticks=128 | live_candles=9
  [Cognition] ULTRACEMCO: ticks=120 | live_candles=9
2026-06-04 09:54:02 [INFO] core.state_manager: [BRIEFING] Loading from data/session_briefing.json...
2026-06-04 09:54:02 [INFO] core.state_manager: [BRIEFING] Loaded Valid: 8 approved + 0 watchlist (MORNING_SCREENER)
2026-06-04 09:54:34 [INFO] core.data_fetcher: 📡 Live feed | ticks received: 8/8 symbols | active=['MARUTI', 'SUNPHARMA', 'DIVISLAB', 'RELIANCE', 'BAJFINANCE', 'SBIN', 'AXISBANK', 'ULTRACEMCO']
2026-06-04 09:54:58 [INFO] core.order_executor: 📈 TRAILING SL | SUNPHARMA | ₹1782.64 → ₹1782.74
2026-06-04 09:55:00 [INFO] core.data_fetcher: 🕯️ Candle closed: DIVISLAB | 2026-06-04 09:50 | O:6652.50 H:6663.50 L:6641.00 C:6656.00 V:2590815.0
2026-06-04 09:55:00 [INFO] core.data_fetcher: 🕯️ Candle closed: BAJFINANCE | 2026-06-04 09:50 | O:875.40 H:876.80 L:873.80 C:874.85 V:240670397.0
2026-06-04 09:55:00 [INFO] core.data_fetcher: 🕯️ Candle closed: ULTRACEMCO | 2026-06-04 09:50 | O:11068.00 H:11075.00 L:11060.00 C:11070.00 V:4419675.0
2026-06-04 09:55:00 [INFO] core.data_fetcher: 🕯️ Candle closed: RELIANCE | 2026-06-04 09:50 | O:1306.80 H:1306.90 L:1305.80 C:1306.50 V:469421693.0
2026-06-04 09:55:01 [INFO] core.data_fetcher: 🕯️ Candle closed: AXISBANK | 2026-06-04 09:50 | O:1256.10 H:1256.30 L:1254.00 C:1256.00 V:39570717.0
2026-06-04 09:55:01 [INFO] core.data_fetcher: 🕯️ Candle closed: SBIN | 2026-06-04 09:50 | O:977.50 H:977.70 L:975.00 C:977.25 V:643529694.0
2026-06-04 09:55:02 [INFO] core.data_fetcher: 🕯️ Candle closed: SUNPHARMA | 2026-06-04 09:50 | O:1791.00 H:1792.00 L:1790.10 C:1791.70 V:14999303.0
2026-06-04 09:55:03 [INFO] core.state_manager: [BRIEFING] Loading from data/session_briefing.json...
2026-06-04 09:55:03 [INFO] core.state_manager: [BRIEFING] Loaded Valid: 8 approved + 0 watchlist (MORNING_SCREENER)
2026-06-04 09:55:03 [INFO] core.strategy: ─── Scan summary (8 subscribed) ───
  [Cognition] MARUTI: ticks=164 | live_candles=9
  [Cognition] SUNPHARMA: ticks=146 | live_candles=10
  [Cognition] DIVISLAB: ticks=111 | live_candles=10
  [Cognition] RELIANCE: ticks=318 | live_candles=10
  [Cognition] BAJFINANCE: ticks=310 | live_candles=10
  [Cognition] SBIN: ticks=418 | live_candles=10
  [Cognition] AXISBANK: ticks=156 | live_candles=10
  [Cognition] ULTRACEMCO: ticks=138 | live_candles=10
2026-06-04 09:55:05 [INFO] core.data_fetcher: 🕯️ Candle closed: MARUTI | 2026-06-04 09:50 | O:13069.00 H:13069.00 L:13046.00 C:13057.00 V:4266874.0
2026-06-04 09:55:33 [INFO] core.order_executor: 📈 TRAILING SL | SUNPHARMA | ₹1782.74 → ₹1782.84
2026-06-04 09:55:54 [INFO] core.order_executor: 📈 TRAILING SL | RELIANCE | ₹1301.36 → ₹1301.46
2026-06-04 09:55:59 [INFO] core.order_executor: 📈 TRAILING SL | RELIANCE | ₹1301.46 → ₹1301.86
2026-06-04 09:55:59 [INFO] core.order_executor: 📈 TRAILING SL | SUNPHARMA | ₹1782.84 → ₹1783.34
2026-06-04 09:56:04 [INFO] core.state_manager: [BRIEFING] Loading from data/session_briefing.json...
2026-06-04 09:56:04 [INFO] core.state_manager: [BRIEFING] Loaded Valid: 8 approved + 0 watchlist (MORNING_SCREENER)
2026-06-04 09:56:04 [INFO] core.order_executor: 📈 TRAILING SL | RELIANCE | ₹1301.86 → ₹1302.16
2026-06-04 09:56:04 [INFO] core.order_executor: 📈 TRAILING SL | SUNPHARMA | ₹1783.34 → ₹1783.74
2026-06-04 09:56:09 [INFO] core.order_executor: 📈 TRAILING SL | SUNPHARMA | ₹1783.74 → ₹1783.84
2026-06-04 09:56:34 [INFO] core.data_fetcher: 📡 Live feed | ticks received: 8/8 symbols | active=['MARUTI', 'SUNPHARMA', 'DIVISLAB', 'RELIANCE', 'BAJFINANCE', 'SBIN', 'AXISBANK', 'ULTRACEMCO']
2026-06-04 09:56:34 [INFO] core.strategy: ─── Scan summary (8 subscribed) ───
  [Cognition] MARUTI: ticks=194 | live_candles=10
  [Cognition] SUNPHARMA: ticks=170 | live_candles=10
  [Cognition] DIVISLAB: ticks=128 | live_candles=10
  [Cognition] RELIANCE: ticks=380 | live_candles=10
  [Cognition] BAJFINANCE: ticks=368 | live_candles=10
  [Cognition] SBIN: ticks=487 | live_candles=10
  [Cognition] AXISBANK: ticks=186 | live_candles=10
  [Cognition] ULTRACEMCO: ticks=158 | live_candles=10
2026-06-04 09:56:55 [INFO] core.order_executor: 📈 TRAILING SL | AXISBANK | ₹1250.22 → ₹1250.32
2026-06-04 09:57:05 [INFO] core.state_manager: [BRIEFING] Loading from data/session_briefing.json...
2026-06-04 09:57:05 [INFO] core.state_manager: [BRIEFING] Loaded Valid: 8 approved + 0 watchlist (MORNING_SCREENER)
2026-06-04 09:57:05 [INFO] core.order_executor: 📈 TRAILING SL | RELIANCE | ₹1302.16 → ₹1303.25
2026-06-04 09:57:05 [INFO] core.order_executor: 📈 TRAILING SL | AXISBANK | ₹1250.32 → ₹1250.42
2026-06-04 09:57:10 [INFO] core.order_executor: 📈 TRAILING SL | RELIANCE | ₹1303.25 → ₹1303.45
2026-06-04 09:57:10 [INFO] core.order_executor: 📈 TRAILING SL | MARUTI | ₹13009.62 → ₹13011.61
2026-06-04 09:57:10 [INFO] core.order_executor: 📈 TRAILING SL | AXISBANK | ₹1250.42 → ₹1251.61
2026-06-04 09:57:15 [INFO] core.order_executor: 📈 TRAILING SL | MARUTI | ₹13011.61 → ₹13014.6
2026-06-04 09:57:15 [INFO] core.order_executor: 📈 TRAILING SL | AXISBANK | ₹1251.61 → ₹1251.71
2026-06-04 09:57:20 [INFO] core.order_executor: 📈 TRAILING SL | MARUTI | ₹13014.6 → ₹13019.58
2026-06-04 09:57:25 [INFO] core.order_executor: 📈 TRAILING SL | MARUTI | ₹13019.58 → ₹13021.57
2026-06-04 09:57:25 [INFO] core.order_executor: 📈 TRAILING SL | AXISBANK | ₹1251.71 → ₹1252.61
2026-06-04 09:57:31 [INFO] core.order_executor: 📈 TRAILING SL | RELIANCE | ₹1303.45 → ₹1303.95
2026-06-04 09:57:31 [INFO] core.order_executor: 📈 TRAILING SL | MARUTI | ₹13021.57 → ₹13023.56
2026-06-04 09:57:36 [INFO] core.order_executor: 📈 TRAILING SL | RELIANCE | ₹1303.95 → ₹1304.44
2026-06-04 09:57:36 [INFO] core.order_executor: 📈 TRAILING SL | SUNPHARMA | ₹1783.84 → ₹1784.04
2026-06-04 09:57:41 [INFO] core.order_executor: 📈 TRAILING SL | SUNPHARMA | ₹1784.04 → ₹1784.33
2026-06-04 09:57:51 [INFO] core.order_executor: 📈 TRAILING SL | DIVISLAB | ₹6623.72 → ₹6624.21
2026-06-04 09:58:06 [INFO] core.state_manager: [BRIEFING] Loading from data/session_briefing.json...
2026-06-04 09:58:06 [INFO] core.state_manager: [BRIEFING] Loaded Valid: 8 approved + 0 watchlist (MORNING_SCREENER)
2026-06-04 09:58:06 [INFO] core.strategy: ─── Scan summary (8 subscribed) ───
  [Cognition] MARUTI: ticks=236 | live_candles=10
  [Cognition] SUNPHARMA: ticks=204 | live_candles=10
  [Cognition] DIVISLAB: ticks=152 | live_candles=10
  [Cognition] RELIANCE: ticks=450 | live_candles=10
  [Cognition] BAJFINANCE: ticks=437 | live_candles=10
  [Cognition] SBIN: ticks=560 | live_candles=10
  [Cognition] AXISBANK: ticks=247 | live_candles=10
  [Cognition] ULTRACEMCO: ticks=193 | live_candles=10
2026-06-04 09:58:11 [INFO] core.order_executor: 📈 TRAILING SL | AXISBANK | ₹1252.61 → ₹1253.2
2026-06-04 09:58:26 [INFO] core.order_executor: 📈 TRAILING SL | MARUTI | ₹13023.56 → ₹13040.47
2026-06-04 09:58:27 [INFO] core.order_executor: 📈 TRAILING SL | DIVISLAB | ₹6624.21 → ₹6626.2
2026-06-04 09:58:34 [INFO] core.data_fetcher: 📡 Live feed | ticks received: 8/8 symbols | active=['MARUTI', 'SUNPHARMA', 'DIVISLAB', 'RELIANCE', 'BAJFINANCE', 'SBIN', 'AXISBANK', 'ULTRACEMCO']
2026-06-04 09:59:07 [INFO] core.state_manager: [BRIEFING] Loading from data/session_briefing.json...
2026-06-04 09:59:07 [INFO] core.state_manager: [BRIEFING] Loaded Valid: 8 approved + 0 watchlist (MORNING_SCREENER)
2026-06-04 09:59:33 [INFO] apscheduler.executors.default: Running job "Market Observation Loop (trigger: interval[0:15:00], next run at: 2026-06-04 10:14:33 IST)" (scheduled at 2026-06-04 09:59:33.655386+05:30)
2026-06-04 09:59:33 [INFO] reflection.observation_loop: 🔍 Running observation cycle...
2026-06-04 09:59:33 [INFO] core.state_manager: [BRIEFING] Loading from data/session_briefing.json...
2026-06-04 09:59:33 [INFO] core.state_manager: [BRIEFING] Loaded Valid: 8 approved + 0 watchlist (MORNING_SCREENER)
2026-06-04 09:59:33 [INFO] reflection.observation_loop: 📊 Observation recorded:
   Market: RANGING | Trend: WEAK
   Vol: LOW | Breakouts: LOW
   Reversals: LOW
2026-06-04 09:59:33 [INFO] apscheduler.executors.default: Job "Market Observation Loop (trigger: interval[0:15:00], next run at: 2026-06-04 10:14:33 IST)" executed successfully
2026-06-04 09:59:38 [INFO] core.strategy: ─── Scan summary (8 subscribed) ───
  [Cognition] MARUTI: ticks=283 | live_candles=10
  [Cognition] SUNPHARMA: ticks=227 | live_candles=10
  [Cognition] DIVISLAB: ticks=172 | live_candles=10
  [Cognition] RELIANCE: ticks=527 | live_candles=10
  [Cognition] BAJFINANCE: ticks=503 | live_candles=10
  [Cognition] SBIN: ticks=638 | live_candles=10
  [Cognition] AXISBANK: ticks=316 | live_candles=10
  [Cognition] ULTRACEMCO: ticks=220 | live_candles=10
2026-06-04 10:00:00 [INFO] core.data_fetcher: 🕯️ Candle closed: RELIANCE | 2026-06-04 09:55 | O:1307.00 H:1311.20 L:1306.50 C:1308.70 V:574673961.0
2026-06-04 10:00:00 [INFO] core.data_fetcher: 🕯️ Candle closed: BAJFINANCE | 2026-06-04 09:55 | O:874.50 H:877.80 L:874.40 C:877.00 V:287754658.0
2026-06-04 10:00:01 [INFO] core.data_fetcher: 🕯️ Candle closed: SBIN | 2026-06-04 09:55 | O:977.20 H:979.00 L:976.15 C:976.60 V:674629252.0
2026-06-04 10:00:01 [INFO] core.data_fetcher: 🕯️ Candle closed: SUNPHARMA | 2026-06-04 09:55 | O:1791.20 H:1793.40 L:1791.00 C:1791.20 V:14793025.0
2026-06-04 10:00:01 [INFO] core.data_fetcher: 🕯️ Candle closed: MARUTI | 2026-06-04 09:55 | O:13050.00 H:13108.00 L:13050.00 C:13100.00 V:5187806.0
2026-06-04 10:00:02 [INFO] core.data_fetcher: 🕯️ Candle closed: AXISBANK | 2026-06-04 09:55 | O:1256.10 H:1259.90 L:1255.30 C:1256.60 V:67610638.0
2026-06-04 10:00:04 [INFO] core.data_fetcher: 🕯️ Candle closed: ULTRACEMCO | 2026-06-04 09:55 | O:11073.00 H:11106.00 L:11065.00 C:11080.00 V:4961325.0
2026-06-04 10:00:08 [INFO] core.state_manager: [BRIEFING] Loading from data/session_briefing.json...
2026-06-04 10:00:08 [INFO] core.state_manager: [BRIEFING] Loaded Valid: 8 approved + 0 watchlist (MORNING_SCREENER)
2026-06-04 10:00:10 [INFO] core.data_fetcher: 🕯️ Candle closed: DIVISLAB | 2026-06-04 09:55 | O:6653.50 H:6663.00 L:6650.00 C:6655.00 V:2142986.0
2026-06-04 10:00:34 [INFO] core.data_fetcher: 📡 Live feed | ticks received: 8/8 symbols | active=['MARUTI', 'SUNPHARMA', 'DIVISLAB', 'RELIANCE', 'BAJFINANCE', 'SBIN', 'AXISBANK', 'ULTRACEMCO']
2026-06-04 10:01:09 [INFO] core.state_manager: [BRIEFING] Loading from data/session_briefing.json...
2026-06-04 10:01:09 [INFO] core.state_manager: [BRIEFING] Loaded Valid: 8 approved + 0 watchlist (MORNING_SCREENER)
2026-06-04 10:01:09 [INFO] core.strategy: ─── Scan summary (8 subscribed) ───
  [Cognition] MARUTI: ticks=333 | live_candles=11
  [Cognition] SUNPHARMA: ticks=266 | live_candles=11
  [Cognition] DIVISLAB: ticks=182 | live_candles=11
  [Cognition] RELIANCE: ticks=590 | live_candles=11
  [Cognition] BAJFINANCE: ticks=571 | live_candles=11
  [Cognition] SBIN: ticks=711 | live_candles=11
  [Cognition] AXISBANK: ticks=375 | live_candles=11
  [Cognition] ULTRACEMCO: ticks=252 | live_candles=11
2026-06-04 10:01:24 [INFO] core.strategy: SELL SIGNAL TRIGGERED
Symbol: DIVISLAB
Price: 6653.0
Triggered Set: SELL_RSI_BEARISH_REVERSAL
Set Side: SELL
Confidence: 
Satisfied:
- RSI Overbought: RSI=70.3 crossed above 70
- Bearish Pattern: Pattern=BearishEngulfing
Why: Overbought RSI (> 70) with a bearish candle pattern. Momentum exhaustion at the top. bearish_pattern is the EVENT anchor.
2026-06-04 10:01:24 [INFO] core.order_executor: 📋 [PAPER] SELL | DIVISLAB | Qty: 3 | @ ₹6653.0 | Reason: SELL_SET:SELL_RSI_BEARISH_REVERSAL
2026-06-04 10:01:24 [INFO] core.state_manager: Position closed: DIVISLAB | 6653.0 | P&L: 27.00 | SELL_SET:SELL_RSI_BEARISH_REVERSAL | price_source=ws_ltp
2026-06-04 10:01:24 [INFO] core.strategy: BUY SIGNAL TRIGGERED
Symbol: DIVISLAB
Price: 6653.0
Triggered Set: BUY_MACD_VWAP_SURGE
Set Side: BUY
Confidence: base=73.0 signal_x=1.0 weight_x=1.0 time=10:00-11:30@1.0 market_x=1.0 advisory_x=0.99 final=72.3 min=65.0
Satisfied:
- MACD positive: MACD=21.4516 > 0 ✓
- Price above VWAP: Close=6653.0 > VWAP=6628.09
- Volume Spike: LatestVol=587716.0, AvgVol=805634.85
- Bullish Reversal Candle: Dragonfly Doji
Why: MACD bullish regime + price above VWAP + volume surge + bullish candle. Added bullish_reversal_candle as EVENT anchor — without it 2 STATE conditions would fire continuously on any uptrending stock.
2026-06-04 10:01:24 [INFO] core.order_executor: ✅ Quantity calculated | Price: ₹6653.0 | Qty: 3 | Deployed: ₹19959 | Limiting: Allocation-limited | Risk: 6sh | Alloc: 3sh | Lever: 4sh | Buying Power: ₹101098 | Margin Used: ₹0
2026-06-04 10:01:24 [INFO] core.order_executor: 📋 [PAPER] BUY | DIVISLAB | Qty: 3 | @ ₹6653.0 | SL: ₹6619.73 | Target: ₹6719.54
2026-06-04 10:01:24 [INFO] core.state_manager: Position saved: DIVISLAB x3 | Target: 6719.54 | SL: 6619.73
2026-06-04 10:01:29 [INFO] core.order_executor: 📈 TRAILING SL | DIVISLAB | ₹6619.73 → ₹6620.23
2026-06-04 10:01:29 [INFO] core.strategy: SELL SIGNAL TRIGGERED
Symbol: DIVISLAB
Price: 6653.5
Triggered Set: SELL_RSI_BEARISH_REVERSAL
Set Side: SELL
Confidence: 
Satisfied:
- RSI Overbought: RSI=70.6 crossed above 70
- Bearish Pattern: Pattern=BearishEngulfing
Why: Overbought RSI (> 70) with a bearish candle pattern. Momentum exhaustion at the top. bearish_pattern is the EVENT anchor.
2026-06-04 10:01:29 [INFO] core.order_executor: 📋 [PAPER] SELL | DIVISLAB | Qty: 3 | @ ₹6653.5 | Reason: SELL_SET:SELL_RSI_BEARISH_REVERSAL
2026-06-04 10:01:29 [INFO] core.state_manager: Position closed: DIVISLAB | 6653.5 | P&L: 1.50 | SELL_SET:SELL_RSI_BEARISH_REVERSAL | price_source=ws_ltp
2026-06-04 10:01:30 [INFO] core.strategy: BUY SIGNAL TRIGGERED
Symbol: DIVISLAB
Price: 6653.5
Triggered Set: BUY_MACD_VWAP_SURGE
Set Side: BUY
Confidence: base=73.0 signal_x=1.0 weight_x=1.0 time=10:00-11:30@1.0 market_x=1.0 advisory_x=0.99 final=72.3 min=65.0
Satisfied:
- MACD positive: MACD=21.4915 > 0 ✓
- Price above VWAP: Close=6653.5 > VWAP=6628.38
- Volume Spike: LatestVol=785220.0, AvgVol=815510.05
- Bullish Reversal Candle: Dragonfly Doji
Why: MACD bullish regime + price above VWAP + volume surge + bullish candle. Added bullish_reversal_candle as EVENT anchor — without it 2 STATE conditions would fire continuously on any uptrending stock.
2026-06-04 10:01:30 [INFO] core.order_executor: ✅ Quantity calculated | Price: ₹6653.5 | Qty: 3 | Deployed: ₹19960 | Limiting: Allocation-limited | Risk: 6sh | Alloc: 3sh | Lever: 4sh | Buying Power: ₹101105 | Margin Used: ₹0
2026-06-04 10:01:30 [INFO] core.order_executor: 📋 [PAPER] BUY | DIVISLAB | Qty: 3 | @ ₹6653.5 | SL: ₹6620.23 | Target: ₹6720.04
2026-06-04 10:01:30 [INFO] core.state_manager: Position saved: DIVISLAB x3 | Target: 6720.04 | SL: 6620.23
2026-06-04 10:01:35 [INFO] core.order_executor: 📈 TRAILING SL | DIVISLAB | ₹6620.23 → ₹6621.23
2026-06-04 10:01:40 [INFO] core.order_executor: 📈 TRAILING SL | DIVISLAB | ₹6621.23 → ₹6622.22
2026-06-04 10:01:50 [INFO] core.order_executor: 📈 TRAILING SL | DIVISLAB | ₹6622.22 → ₹6622.72
2026-06-04 10:02:00 [INFO] core.strategy: SELL SIGNAL TRIGGERED
Symbol: DIVISLAB
Price: 6653.5
Triggered Set: SELL_RSI_BEARISH_REVERSAL
Set Side: SELL
Confidence: 
Satisfied:
- RSI Overbought: RSI=70.6 crossed above 70
- Bearish Pattern: Pattern=BearishEngulfing
Why: Overbought RSI (> 70) with a bearish candle pattern. Momentum exhaustion at the top. bearish_pattern is the EVENT anchor.
2026-06-04 10:02:00 [INFO] core.order_executor: 📋 [PAPER] SELL | DIVISLAB | Qty: 3 | @ ₹6653.5 | Reason: SELL_SET:SELL_RSI_BEARISH_REVERSAL
2026-06-04 10:02:00 [INFO] core.state_manager: Position closed: DIVISLAB | 6653.5 | P&L: 0.00 | SELL_SET:SELL_RSI_BEARISH_REVERSAL | price_source=ws_ltp
2026-06-04 10:02:00 [INFO] core.strategy: BUY SIGNAL TRIGGERED
Symbol: DIVISLAB
Price: 6653.5
Triggered Set: BUY_MACD_VWAP_SURGE
Set Side: BUY
Confidence: base=73.0 signal_x=1.0 weight_x=1.0 time=10:00-11:30@1.0 market_x=1.0 advisory_x=0.99 final=72.3 min=65.0
Satisfied:
- MACD positive: MACD=21.4915 > 0 ✓
- Price above VWAP: Close=6653.5 > VWAP=6628.89
- Volume Spike: LatestVol=1131801.0, AvgVol=832839.1
- Bullish Reversal Candle: Dragonfly Doji
Why: MACD bullish regime + price above VWAP + volume surge + bullish candle. Added bullish_reversal_candle as EVENT anchor — without it 2 STATE conditions would fire continuously on any uptrending stock.
2026-06-04 10:02:00 [INFO] core.order_executor: ✅ Quantity calculated | Price: ₹6653.5 | Qty: 3 | Deployed: ₹19960 | Limiting: Allocation-limited | Risk: 6sh | Alloc: 3sh | Lever: 4sh | Buying Power: ₹101105 | Margin Used: ₹0
2026-06-04 10:02:00 [INFO] core.order_executor: 📋 [PAPER] BUY | DIVISLAB | Qty: 3 | @ ₹6653.5 | SL: ₹6620.23 | Target: ₹6720.04
2026-06-04 10:02:00 [INFO] core.state_manager: Position saved: DIVISLAB x3 | Target: 6720.04 | SL: 6620.23
2026-06-04 10:02:05 [INFO] core.order_executor: 📈 TRAILING SL | DIVISLAB | ₹6620.23 → ₹6620.73
2026-06-04 10:02:10 [INFO] core.state_manager: [BRIEFING] Loading from data/session_briefing.json...
2026-06-04 10:02:10 [INFO] core.state_manager: [BRIEFING] Loaded Valid: 8 approved + 0 watchlist (MORNING_SCREENER)
2026-06-04 10:02:15 [INFO] core.strategy: SELL SIGNAL TRIGGERED
Symbol: DIVISLAB
Price: 6653.5
Triggered Set: SELL_RSI_BEARISH_REVERSAL
Set Side: SELL
Confidence: 
Satisfied:
- RSI Overbought: RSI=70.6 crossed above 70
- Bearish Pattern: Pattern=BearishEngulfing
Why: Overbought RSI (> 70) with a bearish candle pattern. Momentum exhaustion at the top. bearish_pattern is the EVENT anchor.
2026-06-04 10:02:15 [INFO] core.order_executor: 📋 [PAPER] SELL | DIVISLAB | Qty: 3 | @ ₹6653.5 | Reason: SELL_SET:SELL_RSI_BEARISH_REVERSAL
2026-06-04 10:02:15 [INFO] core.state_manager: Position closed: DIVISLAB | 6653.5 | P&L: 0.00 | SELL_SET:SELL_RSI_BEARISH_REVERSAL | price_source=ws_ltp
2026-06-04 10:02:16 [INFO] core.strategy: BUY SIGNAL TRIGGERED
Symbol: DIVISLAB
Price: 6653.5
Triggered Set: BUY_MACD_VWAP_SURGE
Set Side: BUY
Confidence: base=73.0 signal_x=1.0 weight_x=1.0 time=10:00-11:30@1.0 market_x=1.0 advisory_x=0.99 final=72.3 min=65.0
Satisfied:
- MACD positive: MACD=21.4915 > 0 ✓
- Price above VWAP: Close=6653.5 > VWAP=6628.97
- Volume Spike: LatestVol=1181554.0, AvgVol=835326.75
- Bullish Reversal Candle: Dragonfly Doji
Why: MACD bullish regime + price above VWAP + volume surge + bullish candle. Added bullish_reversal_candle as EVENT anchor — without it 2 STATE conditions would fire continuously on any uptrending stock.
2026-06-04 10:02:16 [INFO] core.order_executor: ✅ Quantity calculated | Price: ₹6653.5 | Qty: 3 | Deployed: ₹19960 | Limiting: Allocation-limited | Risk: 6sh | Alloc: 3sh | Lever: 4sh | Buying Power: ₹101105 | Margin Used: ₹0
2026-06-04 10:02:16 [INFO] core.order_executor: 📋 [PAPER] BUY | DIVISLAB | Qty: 3 | @ ₹6653.5 | SL: ₹6620.23 | Target: ₹6720.04
2026-06-04 10:02:16 [INFO] core.state_manager: Position saved: DIVISLAB x3 | Target: 6720.04 | SL: 6620.23
2026-06-04 10:02:21 [INFO] core.strategy: SELL SIGNAL TRIGGERED
Symbol: DIVISLAB
Price: 6653.0
Triggered Set: SELL_RSI_BEARISH_REVERSAL
Set Side: SELL
Confidence: 
Satisfied:
- RSI Overbought: RSI=70.3 crossed above 70
- Bearish Pattern: Pattern=BearishEngulfing
Why: Overbought RSI (> 70) with a bearish candle pattern. Momentum exhaustion at the top. bearish_pattern is the EVENT anchor.
2026-06-04 10:02:21 [INFO] core.order_executor: 📋 [PAPER] SELL | DIVISLAB | Qty: 3 | @ ₹6653.0 | Reason: SELL_SET:SELL_RSI_BEARISH_REVERSAL
2026-06-04 10:02:21 [INFO] core.state_manager: Position closed: DIVISLAB | 6653.0 | P&L: -1.50 | SELL_SET:SELL_RSI_BEARISH_REVERSAL | price_source=ws_ltp
2026-06-04 10:02:21 [INFO] core.strategy: BUY SIGNAL TRIGGERED
Symbol: DIVISLAB
Price: 6653.0
Triggered Set: BUY_MACD_VWAP_SURGE
Set Side: BUY
Confidence: base=73.0 signal_x=1.0 weight_x=1.0 time=10:00-11:30@1.0 market_x=1.0 advisory_x=0.99 final=72.3 min=65.0
Satisfied:
- MACD positive: MACD=21.4516 > 0 ✓
- Price above VWAP: Close=6653.0 > VWAP=6629.03
- Volume Spike: LatestVol=1231380.0, AvgVol=837818.05
- Bullish Reversal Candle: Dragonfly Doji
Why: MACD bullish regime + price above VWAP + volume surge + bullish candle. Added bullish_reversal_candle as EVENT anchor — without it 2 STATE conditions would fire continuously on any uptrending stock.
2026-06-04 10:02:21 [INFO] core.order_executor: ✅ Quantity calculated | Price: ₹6653.0 | Qty: 3 | Deployed: ₹19959 | Limiting: Allocation-limited | Risk: 6sh | Alloc: 3sh | Lever: 4sh | Buying Power: ₹101098 | Margin Used: ₹0
2026-06-04 10:02:21 [INFO] core.order_executor: 📋 [PAPER] BUY | DIVISLAB | Qty: 3 | @ ₹6653.0 | SL: ₹6619.73 | Target: ₹6719.54
2026-06-04 10:02:21 [INFO] core.state_manager: Position saved: DIVISLAB x3 | Target: 6719.54 | SL: 6619.73
2026-06-04 10:02:26 [INFO] core.order_executor: 📈 TRAILING SL | MARUTI | ₹13040.47 → ₹13047.43
2026-06-04 10:02:26 [INFO] core.strategy: SELL SIGNAL TRIGGERED
Symbol: DIVISLAB
Price: 6653.0
Triggered Set: SELL_RSI_BEARISH_REVERSAL
Set Side: SELL
Confidence: 
Satisfied:
- RSI Overbought: RSI=70.3 crossed above 70
- Bearish Pattern: Pattern=BearishEngulfing
Why: Overbought RSI (> 70) with a bearish candle pattern. Momentum exhaustion at the top. bearish_pattern is the EVENT anchor.
2026-06-04 10:02:26 [INFO] core.order_executor: 📋 [PAPER] SELL | DIVISLAB | Qty: 3 | @ ₹6653.0 | Reason: SELL_SET:SELL_RSI_BEARISH_REVERSAL
2026-06-04 10:02:26 [INFO] core.state_manager: Position closed: DIVISLAB | 6653.0 | P&L: 0.00 | SELL_SET:SELL_RSI_BEARISH_REVERSAL | price_source=ws_ltp
2026-06-04 10:02:26 [INFO] core.strategy: BUY SIGNAL TRIGGERED
Symbol: DIVISLAB
Price: 6653.0
Triggered Set: BUY_MACD_VWAP_SURGE
Set Side: BUY
Confidence: base=73.0 signal_x=1.0 weight_x=1.0 time=10:00-11:30@1.0 market_x=1.0 advisory_x=0.99 final=72.3 min=65.0
Satisfied:
- MACD positive: MACD=21.4516 > 0 ✓
- Price above VWAP: Close=6653.0 > VWAP=6629.03
- Volume Spike: LatestVol=1231380.0, AvgVol=837818.05
- Bullish Reversal Candle: Dragonfly Doji
Why: MACD bullish regime + price above VWAP + volume surge + bullish candle. Added bullish_reversal_candle as EVENT anchor — without it 2 STATE conditions would fire continuously on any uptrending stock.
2026-06-04 10:02:26 [INFO] core.order_executor: ✅ Quantity calculated | Price: ₹6653.0 | Qty: 3 | Deployed: ₹19959 | Limiting: Allocation-limited | Risk: 6sh | Alloc: 3sh | Lever: 4sh | Buying Power: ₹101098 | Margin Used: ₹0
2026-06-04 10:02:26 [INFO] core.order_executor: 📋 [PAPER] BUY | DIVISLAB | Qty: 3 | @ ₹6653.0 | SL: ₹6619.73 | Target: ₹6719.54
2026-06-04 10:02:26 [INFO] core.state_manager: Position saved: DIVISLAB x3 | Target: 6719.54 | SL: 6619.73
2026-06-04 10:02:31 [INFO] core.order_executor: 📈 TRAILING SL | MARUTI | ₹13047.43 → ₹13053.41
2026-06-04 10:02:31 [INFO] core.strategy: SELL SIGNAL TRIGGERED
Symbol: DIVISLAB
Price: 6653.0
Triggered Set: SELL_RSI_BEARISH_REVERSAL
Set Side: SELL
Confidence: 
Satisfied:
- RSI Overbought: RSI=70.3 crossed above 70
- Bearish Pattern: Pattern=BearishEngulfing
Why: Overbought RSI (> 70) with a bearish candle pattern. Momentum exhaustion at the top. bearish_pattern is the EVENT anchor.
2026-06-04 10:02:31 [INFO] core.order_executor: 📋 [PAPER] SELL | DIVISLAB | Qty: 3 | @ ₹6653.0 | Reason: SELL_SET:SELL_RSI_BEARISH_REVERSAL
2026-06-04 10:02:31 [INFO] core.state_manager: Position closed: DIVISLAB | 6653.0 | P&L: 0.00 | SELL_SET:SELL_RSI_BEARISH_REVERSAL | price_source=ws_ltp
2026-06-04 10:02:31 [INFO] core.strategy: BUY SIGNAL TRIGGERED
Symbol: DIVISLAB
Price: 6653.0
Triggered Set: BUY_MACD_VWAP_SURGE
Set Side: BUY
Confidence: base=73.0 signal_x=1.0 weight_x=1.0 time=10:00-11:30@1.0 market_x=1.0 advisory_x=0.99 final=72.3 min=65.0
Satisfied:
- MACD positive: MACD=21.4516 > 0 ✓
- Price above VWAP: Close=6653.0 > VWAP=6629.03
- Volume Spike: LatestVol=1231380.0, AvgVol=837818.05
- Bullish Reversal Candle: Dragonfly Doji
Why: MACD bullish regime + price above VWAP + volume surge + bullish candle. Added bullish_reversal_candle as EVENT anchor — without it 2 STATE conditions would fire continuously on any uptrending stock.
2026-06-04 10:02:31 [INFO] core.order_executor: ✅ Quantity calculated | Price: ₹6653.0 | Qty: 3 | Deployed: ₹19959 | Limiting: Allocation-limited | Risk: 6sh | Alloc: 3sh | Lever: 4sh | Buying Power: ₹101098 | Margin Used: ₹0
2026-06-04 10:02:31 [INFO] core.order_executor: 📋 [PAPER] BUY | DIVISLAB | Qty: 3 | @ ₹6653.0 | SL: ₹6619.73 | Target: ₹6719.54
2026-06-04 10:02:31 [INFO] core.state_manager: Position saved: DIVISLAB x3 | Target: 6719.54 | SL: 6619.73
2026-06-04 10:02:34 [INFO] core.data_fetcher: 📡 Live feed | ticks received: 8/8 symbols | active=['MARUTI', 'SUNPHARMA', 'DIVISLAB', 'RELIANCE', 'BAJFINANCE', 'SBIN', 'AXISBANK', 'ULTRACEMCO']
2026-06-04 10:02:36 [INFO] core.order_executor: 📈 TRAILING SL | DIVISLAB | ₹6619.73 → ₹6620.73
2026-06-04 10:02:41 [INFO] core.strategy: ─── Scan summary (8 subscribed) ───
  [Cognition] MARUTI: ticks=383 | live_candles=11
  [Cognition] SUNPHARMA: ticks=306 | live_candles=11
  [Cognition] DIVISLAB: ticks=206 | live_candles=11
  [Cognition] RELIANCE: ticks=663 | live_candles=11
  [Cognition] BAJFINANCE: ticks=643 | live_candles=11
  [Cognition] SBIN: ticks=812 | live_candles=11
  [Cognition] AXISBANK: ticks=441 | live_candles=11
  [Cognition] ULTRACEMCO: ticks=269 | live_candles=11
2026-06-04 10:02:57 [INFO] core.strategy: SELL SIGNAL TRIGGERED
Symbol: DIVISLAB
Price: 6651.5
Triggered Set: SELL_RSI_BEARISH_REVERSAL
Set Side: SELL
Confidence: 
Satisfied:
- RSI Overbought: RSI=69.5 crossed above 70
- Bearish Pattern: Pattern=BearishEngulfing
Why: Overbought RSI (> 70) with a bearish candle pattern. Momentum exhaustion at the top. bearish_pattern is the EVENT anchor.
2026-06-04 10:02:57 [INFO] core.order_executor: 📋 [PAPER] SELL | DIVISLAB | Qty: 3 | @ ₹6651.5 | Reason: SELL_SET:SELL_RSI_BEARISH_REVERSAL
2026-06-04 10:02:57 [INFO] core.state_manager: Position closed: DIVISLAB | 6651.5 | P&L: -4.50 | SELL_SET:SELL_RSI_BEARISH_REVERSAL | price_source=ws_ltp
2026-06-04 10:02:57 [INFO] core.strategy: BUY SIGNAL TRIGGERED
Symbol: DIVISLAB
Price: 6651.5
Triggered Set: BUY_MACD_VWAP_SURGE
Set Side: BUY
Confidence: base=73.0 signal_x=1.0 weight_x=1.0 time=10:00-11:30@1.0 market_x=1.0 advisory_x=0.99 final=72.3 min=65.0
Satisfied:
- MACD positive: MACD=21.332 > 0 ✓
- Price above VWAP: Close=6651.5 > VWAP=6629.24
- Volume Spike: LatestVol=1431260.0, AvgVol=847812.05
- Bullish Reversal Candle: Dragonfly Doji
Why: MACD bullish regime + price above VWAP + volume surge + bullish candle. Added bullish_reversal_candle as EVENT anchor — without it 2 STATE conditions would fire continuously on any uptrending stock.
2026-06-04 10:02:57 [INFO] core.order_executor: ✅ Quantity calculated | Price: ₹6651.5 | Qty: 3 | Deployed: ₹19954 | Limiting: Allocation-limited | Risk: 6sh | Alloc: 3sh | Lever: 4sh | Buying Power: ₹101075 | Margin Used: ₹0
2026-06-04 10:02:57 [INFO] core.order_executor: 📋 [PAPER] BUY | DIVISLAB | Qty: 3 | @ ₹6651.5 | SL: ₹6618.24 | Target: ₹6718.02
2026-06-04 10:02:57 [INFO] core.state_manager: Position saved: DIVISLAB x3 | Target: 6718.02 | SL: 6618.24
2026-06-04 10:03:02 [INFO] core.strategy: SELL SIGNAL TRIGGERED
Symbol: DIVISLAB
Price: 6651.5
Triggered Set: SELL_RSI_BEARISH_REVERSAL
Set Side: SELL
Confidence: 
Satisfied:
- RSI Overbought: RSI=69.5 crossed above 70
- Bearish Pattern: Pattern=BearishEngulfing
Why: Overbought RSI (> 70) with a bearish candle pattern. Momentum exhaustion at the top. bearish_pattern is the EVENT anchor.
2026-06-04 10:03:02 [INFO] core.order_executor: 📋 [PAPER] SELL | DIVISLAB | Qty: 3 | @ ₹6651.5 | Reason: SELL_SET:SELL_RSI_BEARISH_REVERSAL
2026-06-04 10:03:02 [INFO] core.state_manager: Position closed: DIVISLAB | 6651.5 | P&L: 0.00 | SELL_SET:SELL_RSI_BEARISH_REVERSAL | price_source=ws_ltp
2026-06-04 10:03:02 [INFO] core.strategy: BUY SIGNAL TRIGGERED
Symbol: DIVISLAB
Price: 6651.5
Triggered Set: BUY_MACD_VWAP_SURGE
Set Side: BUY
Confidence: base=73.0 signal_x=1.0 weight_x=1.0 time=10:00-11:30@1.0 market_x=1.0 advisory_x=0.99 final=72.3 min=65.0
Satisfied:
- MACD positive: MACD=21.332 > 0 ✓
- Price above VWAP: Close=6651.5 > VWAP=6629.24
- Volume Spike: LatestVol=1431260.0, AvgVol=847812.05
- Bullish Reversal Candle: Dragonfly Doji
Why: MACD bullish regime + price above VWAP + volume surge + bullish candle. Added bullish_reversal_candle as EVENT anchor — without it 2 STATE conditions would fire continuously on any uptrending stock.
2026-06-04 10:03:02 [INFO] core.order_executor: ✅ Quantity calculated | Price: ₹6651.5 | Qty: 3 | Deployed: ₹19954 | Limiting: Allocation-limited | Risk: 6sh | Alloc: 3sh | Lever: 4sh | Buying Power: ₹101075 | Margin Used: ₹0
2026-06-04 10:03:02 [INFO] core.order_executor: 📋 [PAPER] BUY | DIVISLAB | Qty: 3 | @ ₹6651.5 | SL: ₹6618.24 | Target: ₹6718.02
2026-06-04 10:03:02 [INFO] core.state_manager: Position saved: DIVISLAB x3 | Target: 6718.02 | SL: 6618.24
2026-06-04 10:03:07 [INFO] core.strategy: SELL SIGNAL TRIGGERED
Symbol: DIVISLAB
Price: 6651.5
Triggered Set: SELL_RSI_BEARISH_REVERSAL
Set Side: SELL
Confidence: 
Satisfied:
- RSI Overbought: RSI=69.5 crossed above 70
- Bearish Pattern: Pattern=BearishEngulfing
Why: Overbought RSI (> 70) with a bearish candle pattern. Momentum exhaustion at the top. bearish_pattern is the EVENT anchor.
2026-06-04 10:03:07 [INFO] core.order_executor: 📋 [PAPER] SELL | DIVISLAB | Qty: 3 | @ ₹6651.5 | Reason: SELL_SET:SELL_RSI_BEARISH_REVERSAL
2026-06-04 10:03:07 [INFO] core.state_manager: Position closed: DIVISLAB | 6651.5 | P&L: 0.00 | SELL_SET:SELL_RSI_BEARISH_REVERSAL | price_source=ws_ltp
2026-06-04 10:03:07 [INFO] core.strategy: BUY SIGNAL TRIGGERED
Symbol: DIVISLAB
Price: 6651.5
Triggered Set: BUY_MACD_VWAP_SURGE
Set Side: BUY
Confidence: base=73.0 signal_x=1.0 weight_x=1.0 time=10:00-11:30@1.0 market_x=1.0 advisory_x=0.99 final=72.3 min=65.0
Satisfied:
- MACD positive: MACD=21.332 > 0 ✓
- Price above VWAP: Close=6651.5 > VWAP=6629.24
- Volume Spike: LatestVol=1431260.0, AvgVol=847812.05
- Bullish Reversal Candle: Dragonfly Doji
Why: MACD bullish regime + price above VWAP + volume surge + bullish candle. Added bullish_reversal_candle as EVENT anchor — without it 2 STATE conditions would fire continuously on any uptrending stock.
2026-06-04 10:03:07 [INFO] core.order_executor: ✅ Quantity calculated | Price: ₹6651.5 | Qty: 3 | Deployed: ₹19954 | Limiting: Allocation-limited | Risk: 6sh | Alloc: 3sh | Lever: 4sh | Buying Power: ₹101075 | Margin Used: ₹0
2026-06-04 10:03:07 [INFO] core.order_executor: 📋 [PAPER] BUY | DIVISLAB | Qty: 3 | @ ₹6651.5 | SL: ₹6618.24 | Target: ₹6718.02
2026-06-04 10:03:07 [INFO] core.state_manager: Position saved: DIVISLAB x3 | Target: 6718.02 | SL: 6618.24
2026-06-04 10:03:12 [INFO] core.state_manager: [BRIEFING] Loading from data/session_briefing.json...
2026-06-04 10:03:12 [INFO] core.state_manager: [BRIEFING] Loaded Valid: 8 approved + 0 watchlist (MORNING_SCREENER)
2026-06-04 10:03:12 [INFO] core.strategy: SELL SIGNAL TRIGGERED
Symbol: DIVISLAB
Price: 6651.5
Triggered Set: SELL_RSI_BEARISH_REVERSAL
Set Side: SELL
Confidence: 
Satisfied:
- RSI Overbought: RSI=69.5 crossed above 70
- Bearish Pattern: Pattern=BearishEngulfing
Why: Overbought RSI (> 70) with a bearish candle pattern. Momentum exhaustion at the top. bearish_pattern is the EVENT anchor.
2026-06-04 10:03:12 [INFO] core.order_executor: 📋 [PAPER] SELL | DIVISLAB | Qty: 3 | @ ₹6651.5 | Reason: SELL_SET:SELL_RSI_BEARISH_REVERSAL
2026-06-04 10:03:12 [INFO] core.state_manager: Position closed: DIVISLAB | 6651.5 | P&L: 0.00 | SELL_SET:SELL_RSI_BEARISH_REVERSAL | price_source=ws_ltp
2026-06-04 10:03:12 [WARNING] core.strategy: BUY blocked | DIVISLAB | BUY_MACD_VWAP_SURGE suppressed: today win rate 10.0% from 10 trades is below 40.0%
2026-06-04 10:03:12 [INFO] core.strategy: BUY SIGNAL TRIGGERED
Symbol: BAJFINANCE
Price: 877.9
Triggered Set: BUY_EMA_VOLUME_MOMENTUM
Set Side: BUY
Confidence: base=76.0 signal_x=1.0 weight_x=1.05 time=10:00-11:30@1.0 market_x=1.0 advisory_x=0.99 final=79.0 min=65.0
Satisfied:
- EMA 9/21 Crossover: Cross=True, Above_EMA50=True
- Volume Spike: LatestVol=183852796.0, AvgVol=87750600.2
- MACD positive: MACD=0.2942 > 0 ✓
Why: EMA 9/21 crossover with strong volume participation. MACD positive confirms bullish regime — prevents buying a dead-cat bounce where MACD is still negative.
2026-06-04 10:03:12 [INFO] core.order_executor: ✅ Quantity calculated | Price: ₹877.9 | Qty: 23 | Deployed: ₹20192 | Limiting: Allocation-limited | Risk: 46sh | Alloc: 23sh | Lever: 32sh | Buying Power: ₹101075 | Margin Used: ₹0
2026-06-04 10:03:12 [INFO] core.order_executor: 📋 [PAPER] BUY | BAJFINANCE | Qty: 23 | @ ₹877.9 | SL: ₹873.51 | Target: ₹886.68
2026-06-04 10:03:12 [INFO] core.state_manager: Position saved: BAJFINANCE x23 | Target: 886.68 | SL: 873.51
2026-06-04 10:03:23 [INFO] core.order_executor: 📈 TRAILING SL | BAJFINANCE | ₹873.51 → ₹873.61
2026-06-04 10:03:28 [INFO] core.order_executor: 📈 TRAILING SL | BAJFINANCE | ₹873.61 → ₹874.06
2026-06-04 10:03:38 [INFO] core.order_executor: 📈 TRAILING SL | BAJFINANCE | ₹874.06 → ₹874.41
2026-06-04 10:03:43 [INFO] core.order_executor: 📈 TRAILING SL | MARUTI | ₹13053.41 → ₹13054.4
2026-06-04 10:03:43 [INFO] core.order_executor: 📈 TRAILING SL | BAJFINANCE | ₹874.41 → ₹874.51
2026-06-04 10:03:48 [INFO] core.order_executor: 📈 TRAILING SL | MARUTI | ₹13054.4 → ₹13066.34
2026-06-04 10:03:48 [INFO] core.order_executor: 📈 TRAILING SL | BAJFINANCE | ₹874.51 → ₹874.61
2026-06-04 10:03:58 [INFO] core.order_executor: 📈 TRAILING SL | MARUTI | ₹13066.34 → ₹13072.31
2026-06-04 10:04:13 [INFO] core.state_manager: [BRIEFING] Loading from data/session_briefing.json...
2026-06-04 10:04:13 [INFO] core.state_manager: [BRIEFING] Loaded Valid: 8 approved + 0 watchlist (MORNING_SCREENER)
2026-06-04 10:04:13 [INFO] core.strategy: ─── Scan summary (8 subscribed) ───
  [Cognition] MARUTI: ticks=437 | live_candles=11
  [Cognition] SUNPHARMA: ticks=327 | live_candles=11
  [Cognition] DIVISLAB: ticks=225 | live_candles=11
  [Cognition] RELIANCE: ticks=734 | live_candles=11
  [Cognition] BAJFINANCE: ticks=719 | live_candles=11
  [Cognition] SBIN: ticks=918 | live_candles=11
  [Cognition] AXISBANK: ticks=481 | live_candles=11
  [Cognition] ULTRACEMCO: ticks=288 | live_candles=11
2026-06-04 10:04:18 [INFO] core.order_executor: 📈 TRAILING SL | MARUTI | ₹13072.31 → ₹13078.28
2026-06-04 10:04:24 [INFO] core.order_executor: 📈 TRAILING SL | MARUTI | ₹13078.28 → ₹13082.26
2026-06-04 10:04:34 [INFO] core.data_fetcher: 📡 Live feed | ticks received: 8/8 symbols | active=['MARUTI', 'SUNPHARMA', 'DIVISLAB', 'RELIANCE', 'BAJFINANCE', 'SBIN', 'AXISBANK', 'ULTRACEMCO']
2026-06-04 10:05:00 [INFO] core.data_fetcher: 🕯️ Candle closed: SBIN | 2026-06-04 10:00 | O:976.55 H:982.90 L:976.10 C:982.25 V:955382726.0
2026-06-04 10:05:00 [INFO] core.data_fetcher: 🕯️ Candle closed: BAJFINANCE | 2026-06-04 10:00 | O:876.80 H:879.15 L:876.20 C:877.90 V:287345603.0
2026-06-04 10:05:00 [INFO] core.data_fetcher: 🕯️ Candle closed: AXISBANK | 2026-06-04 10:00 | O:1256.90 H:1257.20 L:1254.70 C:1255.90 V:65524648.0
2026-06-04 10:05:01 [INFO] core.data_fetcher: 🕯️ Candle closed: MARUTI | 2026-06-04 10:00 | O:13101.00 H:13148.00 L:13094.00 C:13131.00 V:6283093.0
2026-06-04 10:05:01 [INFO] core.data_fetcher: 🕯️ Candle closed: SUNPHARMA | 2026-06-04 10:00 | O:1791.70 H:1793.00 L:1787.80 C:1787.90 V:18105218.0
2026-06-04 10:05:02 [INFO] core.data_fetcher: 🕯️ Candle closed: DIVISLAB | 2026-06-04 10:00 | O:6658.00 H:6660.00 L:6651.00 C:6654.50 V:2296413.0
2026-06-04 10:05:02 [INFO] core.data_fetcher: 🕯️ Candle closed: ULTRACEMCO | 2026-06-04 10:00 | O:11079.00 H:11085.00 L:11060.00 C:11065.00 V:4497399.0
2026-06-04 10:05:02 [INFO] core.data_fetcher: 🕯️ Candle closed: RELIANCE | 2026-06-04 10:00 | O:1308.80 H:1310.80 L:1308.20 C:1308.90 V:673699346.0
2026-06-04 10:05:14 [INFO] core.state_manager: [BRIEFING] Loading from data/session_briefing.json...
2026-06-04 10:05:14 [INFO] core.state_manager: [BRIEFING] Loaded Valid: 8 approved + 0 watchlist (MORNING_SCREENER)
2026-06-04 10:05:25 [INFO] core.order_executor: 📈 TRAILING SL | MARUTI | ₹13082.26 → ₹13083.25
2026-06-04 10:05:30 [INFO] core.order_executor: 📈 TRAILING SL | MARUTI | ₹13083.25 → ₹13088.23
2026-06-04 10:05:35 [INFO] core.order_executor: 📈 TRAILING SL | MARUTI | ₹13088.23 → ₹13114.1
2026-06-04 10:05:35 [INFO] core.order_executor: 🎯 TARGET HIT | MARUTI | ₹13180.0 ≥ Target ₹13155.24
2026-06-04 10:05:35 [INFO] core.order_executor: 📋 [PAPER] SELL | MARUTI | Qty: 1 | @ ₹13180.0 | Reason: TARGET
2026-06-04 10:05:35 [INFO] core.state_manager: Position closed: MARUTI | 13180.0 | P&L: 155.00 | TARGET | price_source=ws_ltp
2026-06-04 10:05:35 [INFO] core.strategy: BUY SIGNAL TRIGGERED
Symbol: MARUTI
Price: 13180.0
Triggered Set: BUY_EMA_VOLUME_MOMENTUM
Set Side: BUY
Confidence: base=76.0 signal_x=1.0 weight_x=1.05 time=10:00-11:30@1.0 market_x=1.0 advisory_x=0.99 final=79.0 min=65.0
Satisfied:
- EMA 9/21 Crossover: Cross=True, Above_EMA50=True
- Volume Spike: LatestVol=1059668.0, AvgVol=1760615.9
- MACD positive: MACD=4.2602 > 0 ✓
Why: EMA 9/21 crossover with strong volume participation. MACD positive confirms bullish regime — prevents buying a dead-cat bounce where MACD is still negative.
2026-06-04 10:05:35 [INFO] core.order_executor: ✅ Quantity calculated | Price: ₹13180.0 | Qty: 1 | Deployed: ₹13180 | Limiting: Allocation-limited | Risk: 3sh | Alloc: 1sh | Lever: 1sh | Buying Power: ₹101850 | Margin Used: ₹0
2026-06-04 10:05:35 [INFO] core.order_executor: 📋 [PAPER] BUY | MARUTI | Qty: 1 | @ ₹13180.0 | SL: ₹13114.1 | Target: ₹13311.8
2026-06-04 10:05:35 [INFO] core.state_manager: Position saved: MARUTI x1 | Target: 13311.8 | SL: 13114.1
2026-06-04 10:05:45 [INFO] core.strategy: ─── Scan summary (8 subscribed) ───
  [Cognition] MARUTI: ticks=495 | live_candles=12
  [Cognition] SUNPHARMA: ticks=351 | live_candles=12
  [Cognition] DIVISLAB: ticks=241 | live_candles=12
  [Cognition] RELIANCE: ticks=809 | live_candles=12
  [Cognition] BAJFINANCE: ticks=782 | live_candles=12
  [Cognition] SBIN: ticks=1022 | live_candles=12
  [Cognition] AXISBANK: ticks=519 | live_candles=12
  [Cognition] ULTRACEMCO: ticks=309 | live_candles=12
2026-06-04 10:05:55 [INFO] core.order_executor: 📈 TRAILING SL | MARUTI | ₹13114.1 → ₹13130.02
2026-06-04 10:06:05 [INFO] core.order_executor: 📈 TRAILING SL | MARUTI | ₹13130.02 → ₹13140.97
2026-06-04 10:06:15 [INFO] core.state_manager: [BRIEFING] Loading from data/session_briefing.json...
2026-06-04 10:06:15 [INFO] core.state_manager: [BRIEFING] Loaded Valid: 8 approved + 0 watchlist (MORNING_SCREENER)
2026-06-04 10:06:15 [INFO] core.order_executor: 📈 TRAILING SL | MARUTI | ₹13140.97 → ₹13143.95
2026-06-04 10:06:35 [INFO] core.data_fetcher: 📡 Live feed | ticks received: 8/8 symbols | active=['MARUTI', 'SUNPHARMA', 'DIVISLAB', 'RELIANCE', 'BAJFINANCE', 'SBIN', 'AXISBANK', 'ULTRACEMCO']
2026-06-04 10:07:16 [INFO] core.state_manager: [BRIEFING] Loading from data/session_briefing.json...
2026-06-04 10:07:16 [INFO] core.state_manager: [BRIEFING] Loaded Valid: 8 approved + 0 watchlist (MORNING_SCREENER)
2026-06-04 10:07:16 [INFO] core.strategy: ─── Scan summary (8 subscribed) ───
  [Cognition] MARUTI: ticks=557 | live_candles=12
  [Cognition] SUNPHARMA: ticks=381 | live_candles=12
  [Cognition] DIVISLAB: ticks=263 | live_candles=12
  [Cognition] RELIANCE: ticks=870 | live_candles=12
  [Cognition] BAJFINANCE: ticks=837 | live_candles=12
  [Cognition] SBIN: ticks=1105 | live_candles=12
  [Cognition] AXISBANK: ticks=584 | live_candles=12
  [Cognition] ULTRACEMCO: ticks=327 | live_candles=12
2026-06-04 10:08:17 [INFO] core.state_manager: [BRIEFING] Loading from data/session_briefing.json...
2026-06-04 10:08:17 [INFO] core.state_manager: [BRIEFING] Loaded Valid: 8 approved + 0 watchlist (MORNING_SCREENER)
2026-06-04 10:08:35 [INFO] core.data_fetcher: 📡 Live feed | ticks received: 8/8 symbols | active=['MARUTI', 'SUNPHARMA', 'DIVISLAB', 'RELIANCE', 'BAJFINANCE', 'SBIN', 'AXISBANK', 'ULTRACEMCO']
2026-06-04 10:08:48 [INFO] core.strategy: ─── Scan summary (8 subscribed) ───
  [Cognition] MARUTI: ticks=607 | live_candles=12
  [Cognition] SUNPHARMA: ticks=409 | live_candles=12
  [Cognition] DIVISLAB: ticks=287 | live_candles=12
  [Cognition] RELIANCE: ticks=930 | live_candles=12
  [Cognition] BAJFINANCE: ticks=907 | live_candles=12
  [Cognition] SBIN: ticks=1189 | live_candles=12
  [Cognition] AXISBANK: ticks=636 | live_candles=12
  [Cognition] ULTRACEMCO: ticks=351 | live_candles=12
2026-06-04 10:08:53 [INFO] core.order_executor: 📈 TRAILING SL | MARUTI | ₹13143.95 → ₹13147.93
2026-06-04 10:08:58 [INFO] core.order_executor: 📈 TRAILING SL | MARUTI | ₹13147.93 → ₹13166.83
2026-06-04 10:09:18 [INFO] core.state_manager: [BRIEFING] Loading from data/session_briefing.json...
2026-06-04 10:09:18 [INFO] core.state_manager: [BRIEFING] Loaded Valid: 8 approved + 0 watchlist (MORNING_SCREENER)
2026-06-04 10:09:33 [INFO] core.order_executor: 📈 TRAILING SL | MARUTI | ₹13166.83 → ₹13169.82
2026-06-04 10:09:39 [INFO] core.order_executor: 📈 TRAILING SL | MARUTI | ₹13169.82 → ₹13177.78
2026-06-04 10:09:49 [INFO] core.order_executor: 📈 TRAILING SL | MARUTI | ₹13177.78 → ₹13180.76
2026-06-04 10:10:00 [INFO] core.data_fetcher: 🕯️ Candle closed: SBIN | 2026-06-04 10:05 | O:982.20 H:982.85 L:980.30 C:980.55 V:924574882.0
2026-06-04 10:10:00 [INFO] core.data_fetcher: 🕯️ Candle closed: MARUTI | 2026-06-04 10:05 | O:13128.00 H:13247.00 L:13128.00 C:13224.00 V:11633610.0
2026-06-04 10:10:00 [INFO] core.data_fetcher: 🕯️ Candle closed: RELIANCE | 2026-06-04 10:05 | O:1309.20 H:1310.40 L:1308.60 C:1309.40 V:544736175.0
2026-06-04 10:10:00 [INFO] core.data_fetcher: 🕯️ Candle closed: AXISBANK | 2026-06-04 10:05 | O:1255.80 H:1258.30 L:1255.80 C:1256.60 V:81668993.0
2026-06-04 10:10:00 [INFO] core.data_fetcher: 🕯️ Candle closed: BAJFINANCE | 2026-06-04 10:05 | O:877.75 H:878.65 L:877.45 C:878.25 V:312645885.0
2026-06-04 10:10:01 [INFO] core.data_fetcher: 🕯️ Candle closed: SUNPHARMA | 2026-06-04 10:05 | O:1787.10 H:1791.30 L:1787.10 C:1789.10 V:16426184.0
2026-06-04 10:10:02 [INFO] core.data_fetcher: 🕯️ Candle closed: DIVISLAB | 2026-06-04 10:05 | O:6654.00 H:6663.00 L:6652.00 C:6657.50 V:2169632.0
2026-06-04 10:10:02 [INFO] core.data_fetcher: 🕯️ Candle closed: ULTRACEMCO | 2026-06-04 10:05 | O:11066.00 H:11087.00 L:11062.00 C:11070.00 V:4480869.0
2026-06-04 10:10:19 [INFO] core.state_manager: [BRIEFING] Loading from data/session_briefing.json...
2026-06-04 10:10:19 [INFO] core.state_manager: [BRIEFING] Loaded Valid: 8 approved + 0 watchlist (MORNING_SCREENER)
2026-06-04 10:10:19 [INFO] core.strategy: ─── Scan summary (8 subscribed) ───
  [Cognition] MARUTI: ticks=675 | live_candles=13
  [Cognition] SUNPHARMA: ticks=442 | live_candles=13
  [Cognition] DIVISLAB: ticks=297 | live_candles=13
  [Cognition] RELIANCE: ticks=986 | live_candles=13
  [Cognition] BAJFINANCE: ticks=969 | live_candles=13
  [Cognition] SBIN: ticks=1274 | live_candles=13
  [Cognition] AXISBANK: ticks=694 | live_candles=13
  [Cognition] ULTRACEMCO: ticks=378 | live_candles=13
2026-06-04 10:10:24 [INFO] core.order_executor: 📈 TRAILING SL | MARUTI | ₹13180.76 → ₹13181.76
2026-06-04 10:10:29 [INFO] core.order_executor: 📈 TRAILING SL | MARUTI | ₹13181.76 → ₹13182.75
2026-06-04 10:10:34 [INFO] core.order_executor: 📈 TRAILING SL | MARUTI | ₹13182.75 → ₹13188.73
2026-06-04 10:10:35 [INFO] core.data_fetcher: 📡 Live feed | ticks received: 8/8 symbols | active=['MARUTI', 'SUNPHARMA', 'DIVISLAB', 'RELIANCE', 'BAJFINANCE', 'SBIN', 'AXISBANK', 'ULTRACEMCO']
2026-06-04 10:11:20 [INFO] core.state_manager: [BRIEFING] Loading from data/session_briefing.json...
2026-06-04 10:11:20 [INFO] core.state_manager: [BRIEFING] Loaded Valid: 8 approved + 0 watchlist (MORNING_SCREENER)
2026-06-04 10:11:20 [INFO] core.strategy: SELL SIGNAL TRIGGERED
Symbol: MARUTI
Price: 13231.0
Triggered Set: SELL_RSI_BEARISH_REVERSAL
Set Side: SELL
Confidence: 
Satisfied:
- RSI Overbought: RSI=71.8 crossed above 70
- Bearish Pattern: Pattern=ShootingStar
Why: Overbought RSI (> 70) with a bearish candle pattern. Momentum exhaustion at the top. bearish_pattern is the EVENT anchor.
2026-06-04 10:11:20 [INFO] core.order_executor: 📋 [PAPER] SELL | MARUTI | Qty: 1 | @ ₹13231.0 | Reason: SELL_SET:SELL_RSI_BEARISH_REVERSAL
2026-06-04 10:11:20 [INFO] core.state_manager: Position closed: MARUTI | 13231.0 | P&L: 51.00 | SELL_SET:SELL_RSI_BEARISH_REVERSAL | price_source=ws_ltp
2026-06-04 10:11:20 [INFO] core.strategy: BUY SIGNAL TRIGGERED
Symbol: MARUTI
Price: 13231.0
Triggered Set: BUY_EMA_VOLUME_MOMENTUM
Set Side: BUY
Confidence: base=76.0 signal_x=1.0 weight_x=1.05 time=10:00-11:30@1.0 market_x=1.0 advisory_x=0.99 final=79.0 min=65.0
Satisfied:
- EMA 9/21 Crossover: Cross=True, Above_EMA50=True
- Volume Spike: LatestVol=3812154.0, AvgVol=2478666.9
- MACD positive: MACD=18.6489 > 0 ✓
Why: EMA 9/21 crossover with strong volume participation. MACD positive confirms bullish regime — prevents buying a dead-cat bounce where MACD is still negative.
2026-06-04 10:11:20 [INFO] core.order_executor: ✅ Quantity calculated | Price: ₹13231.0 | Qty: 1 | Deployed: ₹13231 | Limiting: Allocation-limited | Risk: 3sh | Alloc: 1sh | Lever: 1sh | Buying Power: ₹102105 | Margin Used: ₹0
2026-06-04 10:11:20 [INFO] core.order_executor: 📋 [PAPER] BUY | MARUTI | Qty: 1 | @ ₹13231.0 | SL: ₹13164.84 | Target: ₹13363.32
2026-06-04 10:11:20 [INFO] core.state_manager: Position saved: MARUTI x1 | Target: 13363.32 | SL: 13164.84
2026-06-04 10:11:25 [INFO] core.order_executor: 📈 TRAILING SL | MARUTI | ₹13164.84 → ₹13169.82
2026-06-04 10:11:26 [INFO] core.strategy: SELL SIGNAL TRIGGERED
Symbol: MARUTI
Price: 13236.0
Triggered Set: SELL_RSI_BEARISH_REVERSAL
Set Side: SELL
Confidence: 
Satisfied:
- RSI Overbought: RSI=72.2 crossed above 70
- Bearish Pattern: Pattern=ShootingStar
Why: Overbought RSI (> 70) with a bearish candle pattern. Momentum exhaustion at the top. bearish_pattern is the EVENT anchor.
2026-06-04 10:11:26 [INFO] core.order_executor: 📋 [PAPER] SELL | MARUTI | Qty: 1 | @ ₹13236.0 | Reason: SELL_SET:SELL_RSI_BEARISH_REVERSAL
2026-06-04 10:11:26 [INFO] core.state_manager: Position closed: MARUTI | 13236.0 | P&L: 5.00 | SELL_SET:SELL_RSI_BEARISH_REVERSAL | price_source=ws_ltp
2026-06-04 10:11:26 [INFO] core.strategy: BUY SIGNAL TRIGGERED
Symbol: MARUTI
Price: 13236.0
Triggered Set: BUY_EMA_VOLUME_MOMENTUM
Set Side: BUY
Confidence: base=76.0 signal_x=1.0 weight_x=1.05 time=10:00-11:30@1.0 market_x=1.0 advisory_x=0.99 final=79.0 min=65.0
Satisfied:
- EMA 9/21 Crossover: Cross=True, Above_EMA50=True
- Volume Spike: LatestVol=3899812.0, AvgVol=2483049.8
- MACD positive: MACD=19.0477 > 0 ✓
Why: EMA 9/21 crossover with strong volume participation. MACD positive confirms bullish regime — prevents buying a dead-cat bounce where MACD is still negative.
2026-06-04 10:11:26 [INFO] core.order_executor: ✅ Quantity calculated | Price: ₹13236.0 | Qty: 1 | Deployed: ₹13236 | Limiting: Allocation-limited | Risk: 3sh | Alloc: 1sh | Lever: 1sh | Buying Power: ₹102130 | Margin Used: ₹0
2026-06-04 10:11:26 [INFO] core.order_executor: 📋 [PAPER] BUY | MARUTI | Qty: 1 | @ ₹13236.0 | SL: ₹13169.82 | Target: ₹13368.36
2026-06-04 10:11:26 [INFO] core.state_manager: Position saved: MARUTI x1 | Target: 13368.36 | SL: 13169.82
2026-06-04 10:11:31 [INFO] core.order_executor: 📈 TRAILING SL | MARUTI | ₹13169.82 → ₹13172.81
2026-06-04 10:11:36 [INFO] core.strategy: SELL SIGNAL TRIGGERED
Symbol: MARUTI
Price: 13238.0
Triggered Set: SELL_RSI_BEARISH_REVERSAL
Set Side: SELL
Confidence: 
Satisfied:
- RSI Overbought: RSI=72.3 crossed above 70
- Bearish Pattern: Pattern=ShootingStar
Why: Overbought RSI (> 70) with a bearish candle pattern. Momentum exhaustion at the top. bearish_pattern is the EVENT anchor.
2026-06-04 10:11:36 [INFO] core.order_executor: 📋 [PAPER] SELL | MARUTI | Qty: 1 | @ ₹13238.0 | Reason: SELL_SET:SELL_RSI_BEARISH_REVERSAL
2026-06-04 10:11:36 [INFO] core.state_manager: Position closed: MARUTI | 13238.0 | P&L: 2.00 | SELL_SET:SELL_RSI_BEARISH_REVERSAL | price_source=ws_ltp
2026-06-04 10:11:36 [INFO] core.strategy: BUY SIGNAL TRIGGERED
Symbol: MARUTI
Price: 13238.0
Triggered Set: BUY_EMA_VOLUME_MOMENTUM
Set Side: BUY
Confidence: base=76.0 signal_x=1.0 weight_x=1.05 time=10:00-11:30@1.0 market_x=1.0 advisory_x=0.99 final=79.0 min=65.0
Satisfied:
- EMA 9/21 Crossover: Cross=True, Above_EMA50=True
- Volume Spike: LatestVol=4514295.0, AvgVol=2513773.95
- MACD positive: MACD=19.2073 > 0 ✓
Why: EMA 9/21 crossover with strong volume participation. MACD positive confirms bullish regime — prevents buying a dead-cat bounce where MACD is still negative.
2026-06-04 10:11:36 [INFO] core.order_executor: ✅ Quantity calculated | Price: ₹13238.0 | Qty: 1 | Deployed: ₹13238 | Limiting: Allocation-limited | Risk: 3sh | Alloc: 1sh | Lever: 1sh | Buying Power: ₹102140 | Margin Used: ₹0
2026-06-04 10:11:36 [INFO] core.order_executor: 📋 [PAPER] BUY | MARUTI | Qty: 1 | @ ₹13238.0 | SL: ₹13171.81 | Target: ₹13370.38
2026-06-04 10:11:36 [INFO] core.state_manager: Position saved: MARUTI x1 | Target: 13370.38 | SL: 13171.81
2026-06-04 10:11:41 [INFO] core.order_executor: 📈 TRAILING SL | MARUTI | ₹13171.81 → ₹13173.8
2026-06-04 10:11:46 [INFO] core.order_executor: 📈 TRAILING SL | MARUTI | ₹13173.8 → ₹13181.76
2026-06-04 10:11:51 [INFO] core.strategy: ─── Scan summary (8 subscribed) ───
  [Cognition] MARUTI: ticks=728 | live_candles=13
  [Cognition] SUNPHARMA: ticks=469 | live_candles=13
  [Cognition] DIVISLAB: ticks=307 | live_candles=13
  [Cognition] RELIANCE: ticks=1060 | live_candles=13
  [Cognition] BAJFINANCE: ticks=1024 | live_candles=13
  [Cognition] SBIN: ticks=1345 | live_candles=13
  [Cognition] AXISBANK: ticks=757 | live_candles=13
  [Cognition] ULTRACEMCO: ticks=403 | live_candles=13
2026-06-04 10:11:51 [INFO] core.order_executor: 📈 TRAILING SL | MARUTI | ₹13181.76 → ₹13182.75
2026-06-04 10:12:01 [INFO] core.strategy: SELL SIGNAL TRIGGERED
Symbol: MARUTI
Price: 13235.0
Triggered Set: SELL_RSI_BEARISH_REVERSAL
Set Side: SELL
Confidence: 
Satisfied:
- RSI Overbought: RSI=72.2 crossed above 70
- Bearish Pattern: Pattern=ShootingStar
Why: Overbought RSI (> 70) with a bearish candle pattern. Momentum exhaustion at the top. bearish_pattern is the EVENT anchor.
2026-06-04 10:12:01 [INFO] core.order_executor: 📋 [PAPER] SELL | MARUTI | Qty: 1 | @ ₹13235.0 | Reason: SELL_SET:SELL_RSI_BEARISH_REVERSAL
2026-06-04 10:12:01 [INFO] core.state_manager: Position closed: MARUTI | 13235.0 | P&L: -3.00 | SELL_SET:SELL_RSI_BEARISH_REVERSAL | price_source=ws_ltp
2026-06-04 10:12:01 [INFO] core.strategy: BUY SIGNAL TRIGGERED
Symbol: MARUTI
Price: 13236.0
Triggered Set: BUY_EMA_VOLUME_MOMENTUM
Set Side: BUY
Confidence: base=76.0 signal_x=1.0 weight_x=1.05 time=10:00-11:30@1.0 market_x=1.0 advisory_x=0.99 final=79.0 min=65.0
Satisfied:
- EMA 9/21 Crossover: Cross=True, Above_EMA50=True
- Volume Spike: LatestVol=5571781.0, AvgVol=2566648.25
- MACD positive: MACD=19.0477 > 0 ✓
Why: EMA 9/21 crossover with strong volume participation. MACD positive confirms bullish regime — prevents buying a dead-cat bounce where MACD is still negative.
2026-06-04 10:12:01 [INFO] core.order_executor: ✅ Quantity calculated | Price: ₹13236.0 | Qty: 1 | Deployed: ₹13236 | Limiting: Allocation-limited | Risk: 3sh | Alloc: 1sh | Lever: 1sh | Buying Power: ₹102125 | Margin Used: ₹0
2026-06-04 10:12:01 [INFO] core.order_executor: 📋 [PAPER] BUY | MARUTI | Qty: 1 | @ ₹13236.0 | SL: ₹13169.82 | Target: ₹13368.36
2026-06-04 10:12:01 [INFO] core.state_manager: Position saved: MARUTI x1 | Target: 13368.36 | SL: 13169.82
2026-06-04 10:12:06 [INFO] core.strategy: SELL SIGNAL TRIGGERED
Symbol: MARUTI
Price: 13231.0
Triggered Set: SELL_RSI_BEARISH_REVERSAL
Set Side: SELL
Confidence: 
Satisfied:
- RSI Overbought: RSI=71.8 crossed above 70
- Bearish Pattern: Pattern=ShootingStar
Why: Overbought RSI (> 70) with a bearish candle pattern. Momentum exhaustion at the top. bearish_pattern is the EVENT anchor.
2026-06-04 10:12:06 [INFO] core.order_executor: 📋 [PAPER] SELL | MARUTI | Qty: 1 | @ ₹13231.0 | Reason: SELL_SET:SELL_RSI_BEARISH_REVERSAL
2026-06-04 10:12:06 [INFO] core.state_manager: Position closed: MARUTI | 13231.0 | P&L: -5.00 | SELL_SET:SELL_RSI_BEARISH_REVERSAL | price_source=ws_ltp
2026-06-04 10:12:06 [INFO] core.strategy: BUY SIGNAL TRIGGERED
Symbol: MARUTI
Price: 13231.0
Triggered Set: BUY_EMA_VOLUME_MOMENTUM
Set Side: BUY
Confidence: base=76.0 signal_x=1.0 weight_x=1.05 time=10:00-11:30@1.0 market_x=1.0 advisory_x=0.99 final=79.0 min=65.0
Satisfied:
- EMA 9/21 Crossover: Cross=True, Above_EMA50=True
- Volume Spike: LatestVol=5660421.0, AvgVol=2571080.25
- MACD positive: MACD=18.6489 > 0 ✓
Why: EMA 9/21 crossover with strong volume participation. MACD positive confirms bullish regime — prevents buying a dead-cat bounce where MACD is still negative.
2026-06-04 10:12:07 [INFO] core.order_executor: ✅ Quantity calculated | Price: ₹13231.0 | Qty: 1 | Deployed: ₹13231 | Limiting: Allocation-limited | Risk: 3sh | Alloc: 1sh | Lever: 1sh | Buying Power: ₹102100 | Margin Used: ₹0
2026-06-04 10:12:07 [INFO] core.order_executor: 📋 [PAPER] BUY | MARUTI | Qty: 1 | @ ₹13231.0 | SL: ₹13164.84 | Target: ₹13363.32
2026-06-04 10:12:07 [INFO] core.state_manager: Position saved: MARUTI x1 | Target: 13363.32 | SL: 13164.84
2026-06-04 10:12:12 [INFO] core.order_executor: 📈 TRAILING SL | MARUTI | ₹13164.84 → ₹13168.83
2026-06-04 10:12:12 [INFO] core.strategy: SELL SIGNAL TRIGGERED
Symbol: MARUTI
Price: 13235.0
Triggered Set: SELL_RSI_BEARISH_REVERSAL
Set Side: SELL
Confidence: 
Satisfied:
- RSI Overbought: RSI=72.1 crossed above 70
- Bearish Pattern: Pattern=ShootingStar
Why: Overbought RSI (> 70) with a bearish candle pattern. Momentum exhaustion at the top. bearish_pattern is the EVENT anchor.
2026-06-04 10:12:12 [INFO] core.order_executor: 📋 [PAPER] SELL | MARUTI | Qty: 1 | @ ₹13235.0 | Reason: SELL_SET:SELL_RSI_BEARISH_REVERSAL
2026-06-04 10:12:12 [INFO] core.state_manager: Position closed: MARUTI | 13235.0 | P&L: 4.00 | SELL_SET:SELL_RSI_BEARISH_REVERSAL | price_source=ws_ltp
2026-06-04 10:12:12 [INFO] core.strategy: BUY SIGNAL TRIGGERED
Symbol: MARUTI
Price: 13235.0
Triggered Set: BUY_EMA_VOLUME_MOMENTUM
Set Side: BUY
Confidence: base=76.0 signal_x=1.0 weight_x=1.05 time=10:00-11:30@1.0 market_x=1.0 advisory_x=0.99 final=79.0 min=65.0
Satisfied:
- EMA 9/21 Crossover: Cross=True, Above_EMA50=True
- Volume Spike: LatestVol=5749543.0, AvgVol=2575536.35
- MACD positive: MACD=18.968 > 0 ✓
Why: EMA 9/21 crossover with strong volume participation. MACD positive confirms bullish regime — prevents buying a dead-cat bounce where MACD is still negative.
2026-06-04 10:12:12 [INFO] core.order_executor: ✅ Quantity calculated | Price: ₹13235.0 | Qty: 1 | Deployed: ₹13235 | Limiting: Allocation-limited | Risk: 3sh | Alloc: 1sh | Lever: 1sh | Buying Power: ₹102120 | Margin Used: ₹0
2026-06-04 10:12:12 [INFO] core.order_executor: 📋 [PAPER] BUY | MARUTI | Qty: 1 | @ ₹13235.0 | SL: ₹13168.83 | Target: ₹13367.34
2026-06-04 10:12:12 [INFO] core.state_manager: Position saved: MARUTI x1 | Target: 13367.34 | SL: 13168.83
2026-06-04 10:12:17 [INFO] core.strategy: SELL SIGNAL TRIGGERED
Symbol: MARUTI
Price: 13225.0
Triggered Set: SELL_RSI_BEARISH_REVERSAL
Set Side: SELL
Confidence: 
Satisfied:
- RSI Overbought: RSI=71.3 crossed above 70
- Bearish Pattern: Pattern=ShootingStar
Why: Overbought RSI (> 70) with a bearish candle pattern. Momentum exhaustion at the top. bearish_pattern is the EVENT anchor.
2026-06-04 10:12:17 [INFO] core.order_executor: 📋 [PAPER] SELL | MARUTI | Qty: 1 | @ ₹13225.0 | Reason: SELL_SET:SELL_RSI_BEARISH_REVERSAL
2026-06-04 10:12:17 [INFO] core.state_manager: Position closed: MARUTI | 13225.0 | P&L: -10.00 | SELL_SET:SELL_RSI_BEARISH_REVERSAL | price_source=ws_ltp
2026-06-04 10:12:17 [INFO] core.strategy: BUY SIGNAL TRIGGERED
Symbol: MARUTI
Price: 13225.0
Triggered Set: BUY_EMA_VOLUME_MOMENTUM
Set Side: BUY
Confidence: base=76.0 signal_x=1.0 weight_x=1.05 time=10:00-11:30@1.0 market_x=1.0 advisory_x=0.99 final=79.0 min=65.0
Satisfied:
- EMA 9/21 Crossover: Cross=True, Above_EMA50=True
- Volume Spike: LatestVol=6106644.0, AvgVol=2593391.4
- MACD positive: MACD=18.1702 > 0 ✓
Why: EMA 9/21 crossover with strong volume participation. MACD positive confirms bullish regime — prevents buying a dead-cat bounce where MACD is still negative.
2026-06-04 10:12:17 [INFO] core.order_executor: ✅ Quantity calculated | Price: ₹13225.0 | Qty: 1 | Deployed: ₹13225 | Limiting: Allocation-limited | Risk: 3sh | Alloc: 1sh | Lever: 1sh | Buying Power: ₹102070 | Margin Used: ₹0
2026-06-04 10:12:17 [INFO] core.order_executor: 📋 [PAPER] BUY | MARUTI | Qty: 1 | @ ₹13225.0 | SL: ₹13158.88 | Target: ₹13357.24
2026-06-04 10:12:17 [INFO] core.state_manager: Position saved: MARUTI x1 | Target: 13357.24 | SL: 13158.88
2026-06-04 10:12:22 [INFO] core.state_manager: [BRIEFING] Loading from data/session_briefing.json...
2026-06-04 10:12:22 [INFO] core.state_manager: [BRIEFING] Loaded Valid: 8 approved + 0 watchlist (MORNING_SCREENER)
2026-06-04 10:12:22 [INFO] core.order_executor: 📈 TRAILING SL | MARUTI | ₹13158.88 → ₹13159.87
2026-06-04 10:12:27 [INFO] core.order_executor: 📈 TRAILING SL | MARUTI | ₹13159.87 → ₹13160.86
2026-06-04 10:12:35 [INFO] core.data_fetcher: 📡 Live feed | ticks received: 8/8 symbols | active=['MARUTI', 'SUNPHARMA', 'DIVISLAB', 'RELIANCE', 'BAJFINANCE', 'SBIN', 'AXISBANK', 'ULTRACEMCO']
2026-06-04 10:12:37 [INFO] core.order_executor: 📈 TRAILING SL | MARUTI | ₹13160.86 → ₹13167.83
2026-06-04 10:12:47 [INFO] core.strategy: SELL SIGNAL TRIGGERED
Symbol: MARUTI
Price: 13225.0
Triggered Set: SELL_RSI_BEARISH_REVERSAL
Set Side: SELL
Confidence: 
Satisfied:
- RSI Overbought: RSI=71.3 crossed above 70
- Bearish Pattern: Pattern=ShootingStar
Why: Overbought RSI (> 70) with a bearish candle pattern. Momentum exhaustion at the top. bearish_pattern is the EVENT anchor.
2026-06-04 10:12:47 [INFO] core.order_executor: 📋 [PAPER] SELL | MARUTI | Qty: 1 | @ ₹13225.0 | Reason: SELL_SET:SELL_RSI_BEARISH_REVERSAL
2026-06-04 10:12:47 [INFO] core.state_manager: Position closed: MARUTI | 13225.0 | P&L: 0.00 | SELL_SET:SELL_RSI_BEARISH_REVERSAL | price_source=ws_ltp
2026-06-04 10:12:47 [INFO] core.strategy: BUY SIGNAL TRIGGERED
Symbol: MARUTI
Price: 13225.0
Triggered Set: BUY_EMA_VOLUME_MOMENTUM
Set Side: BUY
Confidence: base=76.0 signal_x=1.0 weight_x=1.05 time=10:00-11:30@1.0 market_x=1.0 advisory_x=0.99 final=79.0 min=65.0
Satisfied:
- EMA 9/21 Crossover: Cross=True, Above_EMA50=True
- Volume Spike: LatestVol=7361351.0, AvgVol=2656126.75
- MACD positive: MACD=18.1702 > 0 ✓
Why: EMA 9/21 crossover with strong volume participation. MACD positive confirms bullish regime — prevents buying a dead-cat bounce where MACD is still negative.
2026-06-04 10:12:47 [INFO] core.order_executor: ✅ Quantity calculated | Price: ₹13225.0 | Qty: 1 | Deployed: ₹13225 | Limiting: Allocation-limited | Risk: 3sh | Alloc: 1sh | Lever: 1sh | Buying Power: ₹102070 | Margin Used: ₹0
2026-06-04 10:12:47 [INFO] core.order_executor: 📋 [PAPER] BUY | MARUTI | Qty: 1 | @ ₹13225.0 | SL: ₹13158.88 | Target: ₹13357.24
2026-06-04 10:12:47 [INFO] core.state_manager: Position saved: MARUTI x1 | Target: 13357.24 | SL: 13158.88
2026-06-04 10:12:52 [INFO] core.order_executor: 📈 TRAILING SL | MARUTI | ₹13158.88 → ₹13165.84
2026-06-04 10:13:02 [INFO] core.strategy: SELL SIGNAL TRIGGERED
Symbol: MARUTI
Price: 13222.0
Triggered Set: SELL_RSI_BEARISH_REVERSAL
Set Side: SELL
Confidence: 
Satisfied:
- RSI Overbought: RSI=70.8 crossed above 70
- Bearish Pattern: Pattern=ShootingStar
Why: Overbought RSI (> 70) with a bearish candle pattern. Momentum exhaustion at the top. bearish_pattern is the EVENT anchor.
2026-06-04 10:13:02 [INFO] core.order_executor: 📋 [PAPER] SELL | MARUTI | Qty: 1 | @ ₹13222.0 | Reason: SELL_SET:SELL_RSI_BEARISH_REVERSAL
2026-06-04 10:13:02 [INFO] core.state_manager: Position closed: MARUTI | 13222.0 | P&L: -3.00 | SELL_SET:SELL_RSI_BEARISH_REVERSAL | price_source=ws_ltp
2026-06-04 10:13:02 [INFO] core.strategy: BUY SIGNAL TRIGGERED
Symbol: MARUTI
Price: 13222.0
Triggered Set: BUY_EMA_VOLUME_MOMENTUM
Set Side: BUY
Confidence: base=76.0 signal_x=1.0 weight_x=1.05 time=10:00-11:30@1.0 market_x=1.0 advisory_x=0.99 final=79.0 min=65.0
Satisfied:
- EMA 9/21 Crossover: Cross=True, Above_EMA50=True
- Volume Spike: LatestVol=7813438.0, AvgVol=2678731.1
- MACD positive: MACD=17.9309 > 0 ✓
Why: EMA 9/21 crossover with strong volume participation. MACD positive confirms bullish regime — prevents buying a dead-cat bounce where MACD is still negative.
2026-06-04 10:13:02 [INFO] core.order_executor: ✅ Quantity calculated | Price: ₹13222.0 | Qty: 1 | Deployed: ₹13222 | Limiting: Allocation-limited | Risk: 3sh | Alloc: 1sh | Lever: 1sh | Buying Power: ₹102055 | Margin Used: ₹0
2026-06-04 10:13:02 [INFO] core.order_executor: 📋 [PAPER] BUY | MARUTI | Qty: 1 | @ ₹13222.0 | SL: ₹13155.89 | Target: ₹13354.22
2026-06-04 10:13:02 [INFO] core.state_manager: Position saved: MARUTI x1 | Target: 13354.22 | SL: 13155.89
2026-06-04 10:13:08 [INFO] core.strategy: SELL SIGNAL TRIGGERED
Symbol: MARUTI
Price: 13222.0
Triggered Set: SELL_RSI_BEARISH_REVERSAL
Set Side: SELL
Confidence: 
Satisfied:
- RSI Overbought: RSI=70.8 crossed above 70
- Bearish Pattern: Pattern=ShootingStar
Why: Overbought RSI (> 70) with a bearish candle pattern. Momentum exhaustion at the top. bearish_pattern is the EVENT anchor.
2026-06-04 10:13:08 [INFO] core.order_executor: 📋 [PAPER] SELL | MARUTI | Qty: 1 | @ ₹13222.0 | Reason: SELL_SET:SELL_RSI_BEARISH_REVERSAL
2026-06-04 10:13:08 [INFO] core.state_manager: Position closed: MARUTI | 13222.0 | P&L: 0.00 | SELL_SET:SELL_RSI_BEARISH_REVERSAL | price_source=ws_ltp
2026-06-04 10:13:08 [WARNING] core.strategy: BUY blocked | MARUTI | BUY_EMA_VOLUME_MOMENTUM suppressed: today win rate 38.9% from 18 trades is below 40.0%
2026-06-04 10:13:13 [WARNING] core.strategy: BUY blocked | MARUTI | BUY_EMA_VOLUME_MOMENTUM suppressed: today win rate 38.9% from 18 trades is below 40.0%
2026-06-04 10:13:18 [WARNING] core.strategy: BUY blocked | MARUTI | BUY_EMA_VOLUME_MOMENTUM suppressed: today win rate 38.9% from 18 trades is below 40.0%
2026-06-04 10:13:23 [INFO] core.state_manager: [BRIEFING] Loading from data/session_briefing.json...
2026-06-04 10:13:23 [INFO] core.state_manager: [BRIEFING] Loaded Valid: 8 approved + 0 watchlist (MORNING_SCREENER)
2026-06-04 10:13:23 [INFO] core.strategy: ─── Scan summary (8 subscribed) ───
  [Cognition] MARUTI: ticks=783 | live_candles=13
  [Cognition] SUNPHARMA: ticks=492 | live_candles=13
  [Cognition] DIVISLAB: ticks=323 | live_candles=13
  [Cognition] RELIANCE: ticks=1119 | live_candles=13
  [Cognition] BAJFINANCE: ticks=1085 | live_candles=13
  [Cognition] SBIN: ticks=1418 | live_candles=13
  [Cognition] AXISBANK: ticks=796 | live_candles=13
  [Cognition] ULTRACEMCO: ticks=423 | live_candles=13
2026-06-04 10:13:23 [WARNING] core.strategy: BUY blocked | MARUTI | BUY_EMA_VOLUME_MOMENTUM suppressed: today win rate 38.9% from 18 trades is below 40.0%
2026-06-04 10:13:28 [WARNING] core.strategy: BUY blocked | MARUTI | BUY_EMA_VOLUME_MOMENTUM suppressed: today win rate 38.9% from 18 trades is below 40.0%
2026-06-04 10:13:34 [WARNING] core.strategy: BUY blocked | MARUTI | BUY_EMA_VOLUME_MOMENTUM suppressed: today win rate 38.9% from 18 trades is below 40.0%
2026-06-04 10:13:39 [WARNING] core.strategy: BUY blocked | MARUTI | BUY_EMA_VOLUME_MOMENTUM suppressed: today win rate 38.9% from 18 trades is below 40.0%
2026-06-04 10:13:44 [WARNING] core.strategy: BUY blocked | MARUTI | BUY_EMA_VOLUME_MOMENTUM suppressed: today win rate 38.9% from 18 trades is below 40.0%
2026-06-04 10:13:49 [WARNING] core.strategy: BUY blocked | MARUTI | BUY_EMA_VOLUME_MOMENTUM suppressed: today win rate 38.9% from 18 trades is below 40.0%
2026-06-04 10:13:54 [WARNING] core.strategy: BUY blocked | MARUTI | BUY_EMA_VOLUME_MOMENTUM suppressed: today win rate 38.9% from 18 trades is below 40.0%
2026-06-04 10:13:59 [WARNING] core.strategy: BUY blocked | MARUTI | BUY_EMA_VOLUME_MOMENTUM suppressed: today win rate 38.9% from 18 trades is below 40.0%
2026-06-04 10:14:05 [WARNING] core.strategy: BUY blocked | MARUTI | BUY_EMA_VOLUME_MOMENTUM suppressed: today win rate 38.9% from 18 trades is below 40.0%
2026-06-04 10:14:10 [WARNING] core.strategy: BUY blocked | MARUTI | BUY_EMA_VOLUME_MOMENTUM suppressed: today win rate 38.9% from 18 trades is below 40.0%
2026-06-04 10:14:15 [WARNING] core.strategy: BUY blocked | MARUTI | BUY_EMA_VOLUME_MOMENTUM suppressed: today win rate 38.9% from 18 trades is below 40.0%
2026-06-04 10:14:20 [WARNING] core.strategy: BUY blocked | MARUTI | BUY_EMA_VOLUME_MOMENTUM suppressed: today win rate 38.9% from 18 trades is below 40.0%
2026-06-04 10:14:25 [INFO] core.state_manager: [BRIEFING] Loading from data/session_briefing.json...
2026-06-04 10:14:25 [INFO] core.state_manager: [BRIEFING] Loaded Valid: 8 approved + 0 watchlist (MORNING_SCREENER)
2026-06-04 10:14:25 [WARNING] core.strategy: BUY blocked | MARUTI | BUY_EMA_VOLUME_MOMENTUM suppressed: today win rate 38.9% from 18 trades is below 40.0%
2026-06-04 10:14:31 [WARNING] core.strategy: BUY blocked | MARUTI | BUY_EMA_VOLUME_MOMENTUM suppressed: today win rate 38.9% from 18 trades is below 40.0%
2026-06-04 10:14:33 [INFO] apscheduler.executors.default: Running job "Market Observation Loop (trigger: interval[0:15:00], next run at: 2026-06-04 10:29:33 IST)" (scheduled at 2026-06-04 10:14:33.655386+05:30)
2026-06-04 10:14:33 [INFO] reflection.observation_loop: 🔍 Running observation cycle...
2026-06-04 10:14:33 [INFO] core.state_manager: [BRIEFING] Loading from data/session_briefing.json...
2026-06-04 10:14:33 [INFO] core.state_manager: [BRIEFING] Loaded Valid: 8 approved + 0 watchlist (MORNING_SCREENER)
2026-06-04 10:14:33 [INFO] reflection.observation_loop: 📊 Observation recorded:
   Market: RANGING | Trend: WEAK
   Vol: LOW | Breakouts: LOW
   Reversals: LOW
2026-06-04 10:14:33 [INFO] apscheduler.executors.default: Job "Market Observation Loop (trigger: interval[0:15:00], next run at: 2026-06-04 10:29:33 IST)" executed successfully
2026-06-04 10:14:35 [INFO] core.data_fetcher: 📡 Live feed | ticks received: 8/8 symbols | active=['MARUTI', 'SUNPHARMA', 'DIVISLAB', 'RELIANCE', 'BAJFINANCE', 'SBIN', 'AXISBANK', 'ULTRACEMCO']
2026-06-04 10:14:36 [WARNING] core.strategy: BUY blocked | MARUTI | BUY_EMA_VOLUME_MOMENTUM suppressed: today win rate 38.9% from 18 trades is below 40.0%
2026-06-04 10:14:41 [WARNING] core.strategy: BUY blocked | MARUTI | BUY_EMA_VOLUME_MOMENTUM suppressed: today win rate 38.9% from 18 trades is below 40.0%
2026-06-04 10:14:46 [WARNING] core.strategy: BUY blocked | MARUTI | BUY_EMA_VOLUME_MOMENTUM suppressed: today win rate 38.9% from 18 trades is below 40.0%
2026-06-04 10:14:51 [WARNING] core.strategy: BUY blocked | MARUTI | BUY_EMA_VOLUME_MOMENTUM suppressed: today win rate 38.9% from 18 trades is below 40.0%
2026-06-04 10:14:56 [INFO] core.strategy: ─── Scan summary (8 subscribed) ───
  [Cognition] MARUTI: ticks=841 | live_candles=13
  [Cognition] SUNPHARMA: ticks=518 | live_candles=13
  [Cognition] DIVISLAB: ticks=352 | live_candles=13
  [Cognition] RELIANCE: ticks=1184 | live_candles=13
  [Cognition] BAJFINANCE: ticks=1142 | live_candles=13
  [Cognition] SBIN: ticks=1488 | live_candles=13
  [Cognition] AXISBANK: ticks=826 | live_candles=13
  [Cognition] ULTRACEMCO: ticks=437 | live_candles=13
2026-06-04 10:14:56 [WARNING] core.strategy: BUY blocked | MARUTI | BUY_EMA_VOLUME_MOMENTUM suppressed: today win rate 38.9% from 18 trades is below 40.0%
2026-06-04 10:15:00 [INFO] core.data_fetcher: 🕯️ Candle closed: SBIN | 2026-06-04 10:10 | O:980.85 H:981.75 L:980.00 C:980.70 V:834172868.0
2026-06-04 10:15:00 [INFO] core.data_fetcher: 🕯️ Candle closed: RELIANCE | 2026-06-04 10:10 | O:1309.60 H:1309.90 L:1307.10 C:1307.20 V:598128076.0
2026-06-04 10:15:00 [INFO] core.data_fetcher: 🕯️ Candle closed: DIVISLAB | 2026-06-04 10:10 | O:6658.50 H:6658.50 L:6644.50 C:6651.50 V:2374721.0
2026-06-04 10:15:00 [INFO] core.data_fetcher: 🕯️ Candle closed: SUNPHARMA | 2026-06-04 10:10 | O:1789.20 H:1789.90 L:1785.20 C:1786.20 V:15113415.0
2026-06-04 10:15:00 [INFO] core.data_fetcher: 🕯️ Candle closed: BAJFINANCE | 2026-06-04 10:10 | O:878.00 H:878.95 L:877.55 C:878.10 V:279291995.0
2026-06-04 10:15:01 [INFO] core.data_fetcher: 🕯️ Candle closed: MARUTI | 2026-06-04 10:10 | O:13230.00 H:13255.00 L:13211.00 C:13229.00 V:13888076.0
2026-06-04 10:15:01 [INFO] core.data_fetcher: 🕯️ Candle closed: AXISBANK | 2026-06-04 10:10 | O:1256.50 H:1257.50 L:1255.50 C:1255.60 V:70623026.0
2026-06-04 10:15:02 [WARNING] core.strategy: BUY blocked | MARUTI | BUY_MACD_VWAP_SURGE suppressed: today win rate 10.0% from 10 trades is below 40.0%
2026-06-04 10:15:03 [INFO] core.data_fetcher: 🕯️ Candle closed: ULTRACEMCO | 2026-06-04 10:10 | O:11074.00 H:11085.00 L:11073.00 C:11081.00 V:4853310.0
2026-06-04 10:15:07 [WARNING] core.strategy: BUY blocked | MARUTI | BUY_MACD_VWAP_SURGE suppressed: today win rate 10.0% from 10 trades is below 40.0%
2026-06-04 10:15:12 [WARNING] core.strategy: BUY blocked | MARUTI | BUY_MACD_VWAP_SURGE suppressed: today win rate 10.0% from 10 trades is below 40.0%
2026-06-04 10:15:17 [WARNING] core.strategy: BUY blocked | MARUTI | BUY_MACD_VWAP_SURGE suppressed: today win rate 10.0% from 10 trades is below 40.0%
2026-06-04 10:15:22 [WARNING] core.strategy: BUY blocked | MARUTI | BUY_MACD_VWAP_SURGE suppressed: today win rate 10.0% from 10 trades is below 40.0%
2026-06-04 10:15:27 [INFO] core.state_manager: [BRIEFING] Loading from data/session_briefing.json...
2026-06-04 10:15:27 [INFO] core.state_manager: [BRIEFING] Loaded Valid: 8 approved + 0 watchlist (MORNING_SCREENER)
2026-06-04 10:15:27 [WARNING] core.strategy: BUY blocked | MARUTI | BUY_MACD_VWAP_SURGE suppressed: today win rate 10.0% from 10 trades is below 40.0%
2026-06-04 10:15:33 [WARNING] core.strategy: BUY blocked | MARUTI | BUY_MACD_VWAP_SURGE suppressed: today win rate 10.0% from 10 trades is below 40.0%
2026-06-04 10:15:38 [WARNING] core.strategy: BUY blocked | MARUTI | BUY_MACD_VWAP_SURGE suppressed: today win rate 10.0% from 10 trades is below 40.0%
2026-06-04 10:15:43 [WARNING] core.strategy: BUY blocked | MARUTI | BUY_MACD_VWAP_SURGE suppressed: today win rate 10.0% from 10 trades is below 40.0%
2026-06-04 10:15:48 [WARNING] core.strategy: BUY blocked | MARUTI | BUY_MACD_VWAP_SURGE suppressed: today win rate 10.0% from 10 trades is below 40.0%
2026-06-04 10:15:53 [WARNING] core.strategy: BUY blocked | MARUTI | BUY_MACD_VWAP_SURGE suppressed: today win rate 10.0% from 10 trades is below 40.0%
2026-06-04 10:15:58 [WARNING] core.strategy: BUY blocked | MARUTI | BUY_MACD_VWAP_SURGE suppressed: today win rate 10.0% from 10 trades is below 40.0%
2026-06-04 10:16:03 [WARNING] core.strategy: BUY blocked | MARUTI | BUY_MACD_VWAP_SURGE suppressed: today win rate 10.0% from 10 trades is below 40.0%
2026-06-04 10:16:09 [WARNING] core.strategy: BUY blocked | MARUTI | BUY_MACD_VWAP_SURGE suppressed: today win rate 10.0% from 10 trades is below 40.0%
2026-06-04 10:16:14 [WARNING] core.strategy: BUY blocked | MARUTI | BUY_MACD_VWAP_SURGE suppressed: today win rate 10.0% from 10 trades is below 40.0%
2026-06-04 10:16:19 [INFO] core.strategy: SELL SIGNAL TRIGGERED
Symbol: RELIANCE
Price: 1307.0
Triggered Set: SELL_BREAKDOWN_CONFIRMED
Set Side: SELL
Confidence: 
Satisfied:
- Price below recent support: Close=1307.0, Support=1307.1
- EMA20 Breakdown: Price broke below EMA20 in last 3 candles
Why: Support broken AND EMA confirms breakdown. Both are EVENT conditions. Reliable structural exit — not noise, not a fake dip.
2026-06-04 10:16:19 [INFO] core.order_executor: 📋 [PAPER] SELL | RELIANCE | Qty: 15 | @ ₹1307.0 | Reason: SELL_SET:SELL_BREAKDOWN_CONFIRMED
2026-06-04 10:16:19 [INFO] core.state_manager: Position closed: RELIANCE | 1307.0 | P&L: 3.00 | SELL_SET:SELL_BREAKDOWN_CONFIRMED | price_source=ws_ltp
2026-06-04 10:16:19 [WARNING] core.strategy: BUY blocked | MARUTI | BUY_MACD_VWAP_SURGE suppressed: today win rate 10.0% from 10 trades is below 40.0%
2026-06-04 10:16:24 [WARNING] core.strategy: BUY blocked | MARUTI | BUY_MACD_VWAP_SURGE suppressed: today win rate 10.0% from 10 trades is below 40.0%
2026-06-04 10:16:29 [INFO] core.state_manager: [BRIEFING] Loading from data/session_briefing.json...
2026-06-04 10:16:29 [INFO] core.state_manager: [BRIEFING] Loaded Valid: 8 approved + 0 watchlist (MORNING_SCREENER)
2026-06-04 10:16:29 [INFO] core.strategy: ─── Scan summary (8 subscribed) ───
  [Cognition] MARUTI: ticks=891 | live_candles=14
  [Cognition] SUNPHARMA: ticks=546 | live_candles=14
  [Cognition] DIVISLAB: ticks=379 | live_candles=14
  [Cognition] RELIANCE: ticks=1234 | live_candles=14
  [Cognition] BAJFINANCE: ticks=1190 | live_candles=14
  [Cognition] SBIN: ticks=1566 | live_candles=14
  [Cognition] AXISBANK: ticks=858 | live_candles=14
  [Cognition] ULTRACEMCO: ticks=458 | live_candles=14
2026-06-04 10:16:29 [WARNING] core.strategy: BUY blocked | MARUTI | BUY_MACD_VWAP_SURGE suppressed: today win rate 10.0% from 10 trades is below 40.0%
2026-06-04 10:16:34 [WARNING] core.strategy: BUY blocked | MARUTI | BUY_MACD_VWAP_SURGE suppressed: today win rate 10.0% from 10 trades is below 40.0%
2026-06-04 10:16:36 [INFO] core.data_fetcher: 📡 Live feed | ticks received: 8/8 symbols | active=['MARUTI', 'SUNPHARMA', 'DIVISLAB', 'RELIANCE', 'BAJFINANCE', 'SBIN', 'AXISBANK', 'ULTRACEMCO']
2026-06-04 10:16:39 [WARNING] core.strategy: BUY blocked | MARUTI | BUY_MACD_VWAP_SURGE suppressed: today win rate 10.0% from 10 trades is below 40.0%
2026-06-04 10:16:44 [WARNING] core.strategy: BUY blocked | MARUTI | BUY_MACD_VWAP_SURGE suppressed: today win rate 10.0% from 10 trades is below 40.0%
2026-06-04 10:16:50 [WARNING] core.strategy: BUY blocked | MARUTI | BUY_MACD_VWAP_SURGE suppressed: today win rate 10.0% from 10 trades is below 40.0%
2026-06-04 10:16:55 [INFO] core.strategy: SELL SIGNAL TRIGGERED
Symbol: SUNPHARMA
Price: 1784.9
Triggered Set: SELL_MACD_EMA_WEAKNESS
Set Side: SELL
Confidence: 
Satisfied:
- MACD Bearish Cross: MACD crossed below signal in last 3 candles
- EMA20 Breakdown: Price broke below EMA20 in last 3 candles
Why: MACD bearish cross aligned with EMA20 breakdown. Both are EVENT conditions — this is the tightest, most reliable sell set. High conviction exit.
2026-06-04 10:16:55 [INFO] core.order_executor: 📋 [PAPER] SELL | SUNPHARMA | Qty: 11 | @ ₹1784.9 | Reason: SELL_SET:SELL_MACD_EMA_WEAKNESS
2026-06-04 10:16:55 [INFO] core.state_manager: Position closed: SUNPHARMA | 1784.9 | P&L: 7.70 | SELL_SET:SELL_MACD_EMA_WEAKNESS | price_source=ws_ltp
2026-06-04 10:16:55 [WARNING] core.strategy: BUY blocked | MARUTI | BUY_MACD_VWAP_SURGE suppressed: today win rate 18.2% from 11 trades is below 40.0%
2026-06-04 10:17:00 [WARNING] core.strategy: BUY blocked | MARUTI | BUY_MACD_VWAP_SURGE suppressed: today win rate 18.2% from 11 trades is below 40.0%
2026-06-04 10:17:05 [WARNING] core.strategy: BUY blocked | MARUTI | BUY_MACD_VWAP_SURGE suppressed: today win rate 18.2% from 11 trades is below 40.0%
2026-06-04 10:17:10 [WARNING] core.strategy: BUY blocked | MARUTI | BUY_MACD_VWAP_SURGE suppressed: today win rate 18.2% from 11 trades is below 40.0%
2026-06-04 10:17:15 [WARNING] core.strategy: BUY blocked | MARUTI | BUY_MACD_VWAP_SURGE suppressed: today win rate 18.2% from 11 trades is below 40.0%
2026-06-04 10:17:21 [WARNING] core.strategy: BUY blocked | MARUTI | BUY_MACD_VWAP_SURGE suppressed: today win rate 18.2% from 11 trades is below 40.0%
2026-06-04 10:17:26 [WARNING] core.strategy: BUY blocked | MARUTI | BUY_MACD_VWAP_SURGE suppressed: today win rate 18.2% from 11 trades is below 40.0%
2026-06-04 10:17:31 [INFO] core.state_manager: [BRIEFING] Loading from data/session_briefing.json...
2026-06-04 10:17:31 [INFO] core.state_manager: [BRIEFING] Loaded Valid: 8 approved + 0 watchlist (MORNING_SCREENER)
2026-06-04 10:17:31 [WARNING] core.strategy: BUY blocked | MARUTI | BUY_MACD_VWAP_SURGE suppressed: today win rate 18.2% from 11 trades is below 40.0%
2026-06-04 10:17:36 [WARNING] core.strategy: BUY blocked | MARUTI | BUY_MACD_VWAP_SURGE suppressed: today win rate 18.2% from 11 trades is below 40.0%
2026-06-04 10:17:41 [WARNING] core.strategy: BUY blocked | MARUTI | BUY_MACD_VWAP_SURGE suppressed: today win rate 18.2% from 11 trades is below 40.0%
2026-06-04 10:17:46 [WARNING] core.strategy: BUY blocked | MARUTI | BUY_MACD_VWAP_SURGE suppressed: today win rate 18.2% from 11 trades is below 40.0%
2026-06-04 10:17:51 [WARNING] core.strategy: BUY blocked | MARUTI | BUY_MACD_VWAP_SURGE suppressed: today win rate 18.2% from 11 trades is below 40.0%
2026-06-04 10:17:57 [WARNING] core.strategy: BUY blocked | MARUTI | BUY_MACD_VWAP_SURGE suppressed: today win rate 18.2% from 11 trades is below 40.0%
2026-06-04 10:18:02 [INFO] core.strategy: ─── Scan summary (8 subscribed) ───
  [Cognition] MARUTI: ticks=926 | live_candles=14
  [Cognition] SUNPHARMA: ticks=572 | live_candles=14
  [Cognition] DIVISLAB: ticks=385 | live_candles=14
  [Cognition] RELIANCE: ticks=1301 | live_candles=14
  [Cognition] BAJFINANCE: ticks=1251 | live_candles=14
  [Cognition] SBIN: ticks=1641 | live_candles=14
  [Cognition] AXISBANK: ticks=885 | live_candles=14
  [Cognition] ULTRACEMCO: ticks=475 | live_candles=14
2026-06-04 10:18:02 [WARNING] core.strategy: BUY blocked | MARUTI | BUY_MACD_VWAP_SURGE suppressed: today win rate 18.2% from 11 trades is below 40.0%
2026-06-04 10:18:07 [WARNING] core.strategy: BUY blocked | MARUTI | BUY_MACD_VWAP_SURGE suppressed: today win rate 18.2% from 11 trades is below 40.0%
2026-06-04 10:18:12 [WARNING] core.strategy: BUY blocked | MARUTI | BUY_MACD_VWAP_SURGE suppressed: today win rate 18.2% from 11 trades is below 40.0%
2026-06-04 10:18:17 [WARNING] core.strategy: BUY blocked | MARUTI | BUY_MACD_VWAP_SURGE suppressed: today win rate 18.2% from 11 trades is below 40.0%
2026-06-04 10:18:23 [WARNING] core.strategy: BUY blocked | MARUTI | BUY_MACD_VWAP_SURGE suppressed: today win rate 18.2% from 11 trades is below 40.0%
2026-06-04 10:18:28 [WARNING] core.strategy: BUY blocked | MARUTI | BUY_MACD_VWAP_SURGE suppressed: today win rate 18.2% from 11 trades is below 40.0%
2026-06-04 10:18:33 [INFO] core.state_manager: [BRIEFING] Loading from data/session_briefing.json...
2026-06-04 10:18:33 [INFO] core.state_manager: [BRIEFING] Loaded Valid: 8 approved + 0 watchlist (MORNING_SCREENER)
2026-06-04 10:18:33 [WARNING] core.strategy: BUY blocked | MARUTI | BUY_MACD_VWAP_SURGE suppressed: today win rate 18.2% from 11 trades is below 40.0%
2026-06-04 10:18:36 [INFO] core.data_fetcher: 📡 Live feed | ticks received: 8/8 symbols | active=['MARUTI', 'SUNPHARMA', 'DIVISLAB', 'RELIANCE', 'BAJFINANCE', 'SBIN', 'AXISBANK', 'ULTRACEMCO']
2026-06-04 10:18:38 [WARNING] core.strategy: BUY blocked | MARUTI | BUY_MACD_VWAP_SURGE suppressed: today win rate 18.2% from 11 trades is below 40.0%
2026-06-04 10:18:43 [WARNING] core.strategy: BUY blocked | MARUTI | BUY_MACD_VWAP_SURGE suppressed: today win rate 18.2% from 11 trades is below 40.0%
2026-06-04 10:18:49 [WARNING] core.strategy: BUY blocked | MARUTI | BUY_MACD_VWAP_SURGE suppressed: today win rate 18.2% from 11 trades is below 40.0%
2026-06-04 10:18:54 [WARNING] core.strategy: BUY blocked | MARUTI | BUY_MACD_VWAP_SURGE suppressed: today win rate 18.2% from 11 trades is below 40.0%
2026-06-04 10:18:59 [WARNING] core.strategy: BUY blocked | MARUTI | BUY_MACD_VWAP_SURGE suppressed: today win rate 18.2% from 11 trades is below 40.0%
2026-06-04 10:19:04 [WARNING] core.strategy: BUY blocked | MARUTI | BUY_MACD_VWAP_SURGE suppressed: today win rate 18.2% from 11 trades is below 40.0%
2026-06-04 10:19:10 [WARNING] core.strategy: BUY blocked | MARUTI | BUY_MACD_VWAP_SURGE suppressed: today win rate 18.2% from 11 trades is below 40.0%
2026-06-04 10:19:15 [WARNING] core.strategy: BUY blocked | MARUTI | BUY_MACD_VWAP_SURGE suppressed: today win rate 18.2% from 11 trades is below 40.0%
2026-06-04 10:19:20 [WARNING] core.strategy: BUY blocked | MARUTI | BUY_MACD_VWAP_SURGE suppressed: today win rate 18.2% from 11 trades is below 40.0%
2026-06-04 10:19:25 [WARNING] core.strategy: BUY blocked | MARUTI | BUY_MACD_VWAP_SURGE suppressed: today win rate 18.2% from 11 trades is below 40.0%
2026-06-04 10:19:30 [WARNING] core.strategy: BUY blocked | MARUTI | BUY_MACD_VWAP_SURGE suppressed: today win rate 18.2% from 11 trades is below 40.0%
2026-06-04 10:19:35 [INFO] core.state_manager: [BRIEFING] Loading from data/session_briefing.json...
2026-06-04 10:19:35 [INFO] core.state_manager: [BRIEFING] Loaded Valid: 8 approved + 0 watchlist (MORNING_SCREENER)
2026-06-04 10:19:35 [INFO] core.strategy: ─── Scan summary (8 subscribed) ───
  [Cognition] MARUTI: ticks=959 | live_candles=14
  [Cognition] SUNPHARMA: ticks=590 | live_candles=14
  [Cognition] DIVISLAB: ticks=395 | live_candles=14
  [Cognition] RELIANCE: ticks=1353 | live_candles=14
  [Cognition] BAJFINANCE: ticks=1308 | live_candles=14
  [Cognition] SBIN: ticks=1711 | live_candles=14
  [Cognition] AXISBANK: ticks=915 | live_candles=14
  [Cognition] ULTRACEMCO: ticks=492 | live_candles=14
2026-06-04 10:19:36 [WARNING] core.strategy: BUY blocked | MARUTI | BUY_MACD_VWAP_SURGE suppressed: today win rate 18.2% from 11 trades is below 40.0%
2026-06-04 10:19:41 [WARNING] core.strategy: BUY blocked | MARUTI | BUY_MACD_VWAP_SURGE suppressed: today win rate 18.2% from 11 trades is below 40.0%
2026-06-04 10:19:46 [WARNING] core.strategy: BUY blocked | MARUTI | BUY_MACD_VWAP_SURGE suppressed: today win rate 18.2% from 11 trades is below 40.0%
2026-06-04 10:19:51 [WARNING] core.strategy: BUY blocked | MARUTI | BUY_MACD_VWAP_SURGE suppressed: today win rate 18.2% from 11 trades is below 40.0%
2026-06-04 10:19:56 [WARNING] core.strategy: BUY blocked | MARUTI | BUY_MACD_VWAP_SURGE suppressed: today win rate 18.2% from 11 trades is below 40.0%
2026-06-04 10:20:00 [INFO] core.data_fetcher: 🕯️ Candle closed: AXISBANK | 2026-06-04 10:15 | O:1256.00 H:1257.30 L:1254.50 C:1256.90 V:52456685.0
2026-06-04 10:20:00 [INFO] core.data_fetcher: 🕯️ Candle closed: BAJFINANCE | 2026-06-04 10:15 | O:878.30 H:878.65 L:877.00 C:878.45 V:298337181.0
2026-06-04 10:20:02 [WARNING] core.strategy: BUY blocked | MARUTI | BUY_MACD_VWAP_SURGE suppressed: today win rate 18.2% from 11 trades is below 40.0%
2026-06-04 10:20:02 [INFO] core.data_fetcher: 🕯️ Candle closed: SUNPHARMA | 2026-06-04 10:15 | O:1786.90 H:1787.40 L:1783.20 C:1783.90 V:15725162.0
2026-06-04 10:20:04 [INFO] core.data_fetcher: 🕯️ Candle closed: SBIN | 2026-06-04 10:15 | O:980.40 H:981.00 L:979.50 C:981.00 V:881008043.0
2026-06-04 10:20:04 [INFO] core.data_fetcher: 🕯️ Candle closed: MARUTI | 2026-06-04 10:15 | O:13235.00 H:13249.00 L:13211.00 C:13218.00 V:8539901.0
2026-06-04 10:20:05 [INFO] core.data_fetcher: 🕯️ Candle closed: ULTRACEMCO | 2026-06-04 10:15 | O:11080.00 H:11081.00 L:11070.00 C:11075.00 V:4199835.0
2026-06-04 10:20:08 [INFO] core.data_fetcher: 🕯️ Candle closed: RELIANCE | 2026-06-04 10:15 | O:1307.60 H:1307.80 L:1305.60 C:1306.00 V:548623572.0
2026-06-04 10:20:12 [WARNING] core.strategy: BUY blocked | MARUTI | BUY_MACD_VWAP_SURGE suppressed: today win rate 18.2% from 11 trades is below 40.0%
2026-06-04 10:20:17 [INFO] core.data_fetcher: 🕯️ Candle closed: DIVISLAB | 2026-06-04 10:15 | O:6648.00 H:6659.00 L:6644.00 C:6651.50 V:2013681.0
2026-06-04 10:20:17 [WARNING] core.strategy: BUY blocked | MARUTI | BUY_MACD_VWAP_SURGE suppressed: today win rate 18.2% from 11 trades is below 40.0%
2026-06-04 10:20:22 [WARNING] core.strategy: BUY blocked | MARUTI | BUY_MACD_VWAP_SURGE suppressed: today win rate 18.2% from 11 trades is below 40.0%
2026-06-04 10:20:28 [WARNING] core.strategy: BUY blocked | MARUTI | BUY_MACD_VWAP_SURGE suppressed: today win rate 18.2% from 11 trades is below 40.0%
2026-06-04 10:20:33 [WARNING] core.strategy: BUY blocked | MARUTI | BUY_MACD_VWAP_SURGE suppressed: today win rate 18.2% from 11 trades is below 40.0%
2026-06-04 10:20:36 [INFO] core.data_fetcher: 📡 Live feed | ticks received: 8/8 symbols | active=['MARUTI', 'SUNPHARMA', 'DIVISLAB', 'RELIANCE', 'BAJFINANCE', 'SBIN', 'AXISBANK', 'ULTRACEMCO']
2026-06-04 10:20:38 [INFO] core.state_manager: [BRIEFING] Loading from data/session_briefing.json...
2026-06-04 10:20:38 [INFO] core.state_manager: [BRIEFING] Loaded Valid: 8 approved + 0 watchlist (MORNING_SCREENER)
2026-06-04 10:20:38 [WARNING] core.strategy: BUY blocked | MARUTI | BUY_MACD_VWAP_SURGE suppressed: today win rate 18.2% from 11 trades is below 40.0%
2026-06-04 10:20:43 [WARNING] core.strategy: BUY blocked | MARUTI | BUY_MACD_VWAP_SURGE suppressed: today win rate 18.2% from 11 trades is below 40.0%
2026-06-04 10:20:49 [WARNING] core.strategy: BUY blocked | MARUTI | BUY_MACD_VWAP_SURGE suppressed: today win rate 18.2% from 11 trades is below 40.0%
2026-06-04 10:20:54 [WARNING] core.strategy: BUY blocked | MARUTI | BUY_MACD_VWAP_SURGE suppressed: today win rate 18.2% from 11 trades is below 40.0%
2026-06-04 10:20:59 [WARNING] core.strategy: BUY blocked | MARUTI | BUY_MACD_VWAP_SURGE suppressed: today win rate 18.2% from 11 trades is below 40.0%
2026-06-04 10:21:04 [WARNING] core.strategy: BUY blocked | MARUTI | BUY_MACD_VWAP_SURGE suppressed: today win rate 18.2% from 11 trades is below 40.0%
2026-06-04 10:21:09 [INFO] core.strategy: ─── Scan summary (8 subscribed) ───
  [Cognition] MARUTI: ticks=987 | live_candles=15
  [Cognition] SUNPHARMA: ticks=616 | live_candles=15
  [Cognition] DIVISLAB: ticks=405 | live_candles=15
  [Cognition] RELIANCE: ticks=1419 | live_candles=15
  [Cognition] BAJFINANCE: ticks=1361 | live_candles=15
  [Cognition] SBIN: ticks=1785 | live_candles=15
  [Cognition] AXISBANK: ticks=978 | live_candles=15
  [Cognition] ULTRACEMCO: ticks=504 | live_candles=15
2026-06-04 10:21:09 [WARNING] core.strategy: BUY blocked | MARUTI | BUY_MACD_VWAP_SURGE suppressed: today win rate 18.2% from 11 trades is below 40.0%
2026-06-04 10:21:14 [WARNING] core.strategy: BUY blocked | MARUTI | BUY_MACD_VWAP_SURGE suppressed: today win rate 18.2% from 11 trades is below 40.0%
2026-06-04 10:21:20 [WARNING] core.strategy: BUY blocked | MARUTI | BUY_MACD_VWAP_SURGE suppressed: today win rate 18.2% from 11 trades is below 40.0%
2026-06-04 10:21:25 [WARNING] core.strategy: BUY blocked | MARUTI | BUY_MACD_VWAP_SURGE suppressed: today win rate 18.2% from 11 trades is below 40.0%
2026-06-04 10:21:30 [WARNING] core.strategy: BUY blocked | MARUTI | BUY_MACD_VWAP_SURGE suppressed: today win rate 18.2% from 11 trades is below 40.0%
2026-06-04 10:21:35 [WARNING] core.strategy: BUY blocked | MARUTI | BUY_MACD_VWAP_SURGE suppressed: today win rate 18.2% from 11 trades is below 40.0%
2026-06-04 10:21:40 [INFO] core.state_manager: [BRIEFING] Loading from data/session_briefing.json...
2026-06-04 10:21:40 [INFO] core.state_manager: [BRIEFING] Loaded Valid: 8 approved + 0 watchlist (MORNING_SCREENER)
2026-06-04 10:21:40 [WARNING] core.strategy: BUY blocked | MARUTI | BUY_MACD_VWAP_SURGE suppressed: today win rate 18.2% from 11 trades is below 40.0%
2026-06-04 10:21:46 [WARNING] core.strategy: BUY blocked | MARUTI | BUY_MACD_VWAP_SURGE suppressed: today win rate 18.2% from 11 trades is below 40.0%
2026-06-04 10:21:51 [WARNING] core.strategy: BUY blocked | MARUTI | BUY_MACD_VWAP_SURGE suppressed: today win rate 18.2% from 11 trades is below 40.0%
2026-06-04 10:21:56 [WARNING] core.strategy: BUY blocked | MARUTI | BUY_MACD_VWAP_SURGE suppressed: today win rate 18.2% from 11 trades is below 40.0%
2026-06-04 10:22:01 [WARNING] core.strategy: BUY blocked | MARUTI | BUY_MACD_VWAP_SURGE suppressed: today win rate 18.2% from 11 trades is below 40.0%
2026-06-04 10:22:06 [WARNING] core.strategy: BUY blocked | MARUTI | BUY_MACD_VWAP_SURGE suppressed: today win rate 18.2% from 11 trades is below 40.0%
2026-06-04 10:22:12 [WARNING] core.strategy: BUY blocked | MARUTI | BUY_MACD_VWAP_SURGE suppressed: today win rate 18.2% from 11 trades is below 40.0%
2026-06-04 10:22:17 [WARNING] core.strategy: BUY blocked | MARUTI | BUY_MACD_VWAP_SURGE suppressed: today win rate 18.2% from 11 trades is below 40.0%
2026-06-04 10:22:22 [WARNING] core.strategy: BUY blocked | MARUTI | BUY_MACD_VWAP_SURGE suppressed: today win rate 18.2% from 11 trades is below 40.0%
2026-06-04 10:22:27 [WARNING] core.strategy: BUY blocked | MARUTI | BUY_MACD_VWAP_SURGE suppressed: today win rate 18.2% from 11 trades is below 40.0%
2026-06-04 10:22:32 [WARNING] core.strategy: BUY blocked | MARUTI | BUY_MACD_VWAP_SURGE suppressed: today win rate 18.2% from 11 trades is below 40.0%
2026-06-04 10:22:36 [INFO] core.data_fetcher: 📡 Live feed | ticks received: 8/8 symbols | active=['MARUTI', 'SUNPHARMA', 'DIVISLAB', 'RELIANCE', 'BAJFINANCE', 'SBIN', 'AXISBANK', 'ULTRACEMCO']
2026-06-04 10:22:38 [WARNING] core.strategy: BUY blocked | MARUTI | BUY_MACD_VWAP_SURGE suppressed: today win rate 18.2% from 11 trades is below 40.0%
2026-06-04 10:22:43 [INFO] core.state_manager: [BRIEFING] Loading from data/session_briefing.json...
2026-06-04 10:22:43 [INFO] core.state_manager: [BRIEFING] Loaded Valid: 8 approved + 0 watchlist (MORNING_SCREENER)
2026-06-04 10:22:43 [INFO] core.strategy: ─── Scan summary (8 subscribed) ───
  [Cognition] MARUTI: ticks=1025 | live_candles=15
  [Cognition] SUNPHARMA: ticks=638 | live_candles=15
  [Cognition] DIVISLAB: ticks=414 | live_candles=15
  [Cognition] RELIANCE: ticks=1504 | live_candles=15
  [Cognition] BAJFINANCE: ticks=1411 | live_candles=15
  [Cognition] SBIN: ticks=1877 | live_candles=15
  [Cognition] AXISBANK: ticks=1056 | live_candles=15
  [Cognition] ULTRACEMCO: ticks=529 | live_candles=15
2026-06-04 10:22:43 [WARNING] core.strategy: BUY blocked | MARUTI | BUY_MACD_VWAP_SURGE suppressed: today win rate 18.2% from 11 trades is below 40.0%
2026-06-04 10:22:48 [WARNING] core.strategy: BUY blocked | MARUTI | BUY_MACD_VWAP_SURGE suppressed: today win rate 18.2% from 11 trades is below 40.0%
2026-06-04 10:22:53 [WARNING] core.strategy: BUY blocked | MARUTI | BUY_MACD_VWAP_SURGE suppressed: today win rate 18.2% from 11 trades is below 40.0%
2026-06-04 10:22:58 [WARNING] core.strategy: BUY blocked | MARUTI | BUY_MACD_VWAP_SURGE suppressed: today win rate 18.2% from 11 trades is below 40.0%
2026-06-04 10:23:04 [WARNING] core.strategy: BUY blocked | MARUTI | BUY_MACD_VWAP_SURGE suppressed: today win rate 18.2% from 11 trades is below 40.0%
2026-06-04 10:23:09 [WARNING] core.strategy: BUY blocked | MARUTI | BUY_MACD_VWAP_SURGE suppressed: today win rate 18.2% from 11 trades is below 40.0%
2026-06-04 10:23:14 [WARNING] core.strategy: BUY blocked | MARUTI | BUY_MACD_VWAP_SURGE suppressed: today win rate 18.2% from 11 trades is below 40.0%
2026-06-04 10:23:19 [WARNING] core.strategy: BUY blocked | MARUTI | BUY_MACD_VWAP_SURGE suppressed: today win rate 18.2% from 11 trades is below 40.0%
2026-06-04 10:23:24 [WARNING] core.strategy: BUY blocked | MARUTI | BUY_MACD_VWAP_SURGE suppressed: today win rate 18.2% from 11 trades is below 40.0%
2026-06-04 10:23:29 [WARNING] core.strategy: BUY blocked | MARUTI | BUY_MACD_VWAP_SURGE suppressed: today win rate 18.2% from 11 trades is below 40.0%
2026-06-04 10:23:35 [WARNING] core.strategy: BUY blocked | MARUTI | BUY_MACD_VWAP_SURGE suppressed: today win rate 18.2% from 11 trades is below 40.0%
2026-06-04 10:23:40 [WARNING] core.strategy: BUY blocked | MARUTI | BUY_MACD_VWAP_SURGE suppressed: today win rate 18.2% from 11 trades is below 40.0%
2026-06-04 10:23:45 [INFO] core.state_manager: [BRIEFING] Loading from data/session_briefing.json...
2026-06-04 10:23:45 [INFO] core.state_manager: [BRIEFING] Loaded Valid: 8 approved + 0 watchlist (MORNING_SCREENER)
2026-06-04 10:23:45 [WARNING] core.strategy: BUY blocked | MARUTI | BUY_MACD_VWAP_SURGE suppressed: today win rate 18.2% from 11 trades is below 40.0%
2026-06-04 10:23:50 [WARNING] core.strategy: BUY blocked | MARUTI | BUY_MACD_VWAP_SURGE suppressed: today win rate 18.2% from 11 trades is below 40.0%
2026-06-04 10:23:55 [WARNING] core.strategy: BUY blocked | MARUTI | BUY_MACD_VWAP_SURGE suppressed: today win rate 18.2% from 11 trades is below 40.0%
2026-06-04 10:24:01 [WARNING] core.strategy: Entries disabled by session state FLAT_LOCKED (EMERGENCY_SQUAREOFF_FAILED). Exit checks continue; BUY scan skipped.
2026-06-04 10:24:06 [WARNING] core.strategy: Entries disabled by session state FLAT_LOCKED (EMERGENCY_SQUAREOFF_FAILED). Exit checks continue; BUY scan skipped.
2026-06-04 10:24:11 [WARNING] core.strategy: Entries disabled by session state FLAT_LOCKED (EMERGENCY_SQUAREOFF_FAILED). Exit checks continue; BUY scan skipped.
2026-06-04 10:24:16 [INFO] core.strategy: ─── Scan summary (8 subscribed) ───
  [Cognition] MARUTI: ticks=1056 | live_candles=15
  [Cognition] SUNPHARMA: ticks=651 | live_candles=15
  [Cognition] DIVISLAB: ticks=435 | live_candles=15
  [Cognition] RELIANCE: ticks=1568 | live_candles=15
  [Cognition] BAJFINANCE: ticks=1452 | live_candles=15
  [Cognition] SBIN: ticks=1971 | live_candles=15
  [Cognition] AXISBANK: ticks=1112 | live_candles=15
  [Cognition] ULTRACEMCO: ticks=562 | live_candles=15
2026-06-04 10:24:16 [WARNING] core.strategy: Entries disabled by session state FLAT_LOCKED (EMERGENCY_SQUAREOFF_FAILED). Exit checks continue; BUY scan skipped.
2026-06-04 10:24:21 [WARNING] core.strategy: Entries disabled by session state FLAT_LOCKED (EMERGENCY_SQUAREOFF_FAILED). Exit checks continue; BUY scan skipped.
2026-06-04 10:24:26 [WARNING] core.strategy: BUY blocked | MARUTI | BUY_MACD_VWAP_SURGE suppressed: today win rate 18.2% from 11 trades is below 40.0%
2026-06-04 10:24:31 [WARNING] core.strategy: BUY blocked | MARUTI | BUY_MACD_VWAP_SURGE suppressed: today win rate 18.2% from 11 trades is below 40.0%
2026-06-04 10:24:36 [INFO] core.data_fetcher: 📡 Live feed | ticks received: 8/8 symbols | active=['MARUTI', 'SUNPHARMA', 'DIVISLAB', 'RELIANCE', 'BAJFINANCE', 'SBIN', 'AXISBANK', 'ULTRACEMCO']
2026-06-04 10:24:36 [WARNING] core.strategy: BUY blocked | MARUTI | BUY_MACD_VWAP_SURGE suppressed: today win rate 18.2% from 11 trades is below 40.0%
2026-06-04 10:24:42 [WARNING] core.strategy: BUY blocked | MARUTI | BUY_MACD_VWAP_SURGE suppressed: today win rate 18.2% from 11 trades is below 40.0%
2026-06-04 10:24:47 [INFO] core.state_manager: [BRIEFING] Loading from data/session_briefing.json...
2026-06-04 10:24:47 [INFO] core.state_manager: [BRIEFING] Loaded Valid: 8 approved + 0 watchlist (MORNING_SCREENER)
2026-06-04 10:24:47 [WARNING] core.strategy: BUY blocked | MARUTI | BUY_MACD_VWAP_SURGE suppressed: today win rate 18.2% from 11 trades is below 40.0%
2026-06-04 10:24:52 [WARNING] core.strategy: BUY blocked | MARUTI | BUY_MACD_VWAP_SURGE suppressed: today win rate 18.2% from 11 trades is below 40.0%
2026-06-04 10:24:57 [WARNING] core.strategy: BUY blocked | MARUTI | BUY_MACD_VWAP_SURGE suppressed: today win rate 18.2% from 11 trades is below 40.0%
2026-06-04 10:25:00 [INFO] core.data_fetcher: 🕯️ Candle closed: SBIN | 2026-06-04 10:20 | O:980.95 H:983.40 L:980.95 C:982.30 V:1049623534.0
2026-06-04 10:25:00 [INFO] core.data_fetcher: 🕯️ Candle closed: SUNPHARMA | 2026-06-04 10:20 | O:1783.50 H:1786.10 L:1783.10 C:1786.10 V:10640887.0
2026-06-04 10:25:01 [INFO] core.data_fetcher: 🕯️ Candle closed: AXISBANK | 2026-06-04 10:20 | O:1257.20 H:1258.30 L:1256.40 C:1257.60 V:114028251.0
2026-06-04 10:25:01 [INFO] core.data_fetcher: 🕯️ Candle closed: RELIANCE | 2026-06-04 10:20 | O:1305.70 H:1307.60 L:1305.70 C:1306.70 V:627744568.0
2026-06-04 10:25:01 [INFO] core.data_fetcher: 🕯️ Candle closed: DIVISLAB | 2026-06-04 10:20 | O:6650.50 H:6659.00 L:6650.50 C:6654.00 V:2438175.0
2026-06-04 10:25:02 [INFO] core.data_fetcher: 🕯️ Candle closed: BAJFINANCE | 2026-06-04 10:20 | O:878.15 H:878.65 L:877.30 C:877.70 V:261869622.0
2026-06-04 10:25:02 [WARNING] core.strategy: BUY blocked | MARUTI | BUY_MACD_VWAP_SURGE suppressed: today win rate 18.2% from 11 trades is below 40.0%
2026-06-04 10:25:03 [INFO] core.data_fetcher: 🕯️ Candle closed: ULTRACEMCO | 2026-06-04 10:20 | O:11074.00 H:11077.00 L:11050.00 C:11053.00 V:5707519.0
2026-06-04 10:25:04 [INFO] core.data_fetcher: 🕯️ Candle closed: MARUTI | 2026-06-04 10:20 | O:13215.00 H:13223.00 L:13200.00 C:13213.00 V:6366868.0
2026-06-04 10:25:49 [INFO] core.state_manager: [BRIEFING] Loading from data/session_briefing.json...
2026-06-04 10:25:49 [INFO] core.state_manager: [BRIEFING] Loaded Valid: 8 approved + 0 watchlist (MORNING_SCREENER)
2026-06-04 10:25:49 [INFO] core.strategy: ─── Scan summary (8 subscribed) ───
  [Cognition] MARUTI: ticks=1083 | live_candles=16
  [Cognition] SUNPHARMA: ticks=666 | live_candles=16
  [Cognition] DIVISLAB: ticks=462 | live_candles=16
  [Cognition] RELIANCE: ticks=1610 | live_candles=16
  [Cognition] BAJFINANCE: ticks=1494 | live_candles=16
  [Cognition] SBIN: ticks=2056 | live_candles=16
  [Cognition] AXISBANK: ticks=1174 | live_candles=16
  [Cognition] ULTRACEMCO: ticks=597 | live_candles=16
2026-06-04 10:26:14 [INFO] AlcoSoft: Shutdown signal received. Stopping gracefully...
2026-06-04 10:26:15 [INFO] core.strategy: Strategy loop stopped.
2026-06-04 10:26:15 [INFO] AlcoSoft: Running cleanup...
2026-06-04 10:26:15 [INFO] AlcoSoft: Scheduler stopped.
2026-06-04 10:26:15 [INFO] core.state_manager: [BRIEFING] Loading from data/session_briefing.json...
2026-06-04 10:26:15 [INFO] core.state_manager: [BRIEFING] Loaded Valid: 8 approved + 0 watchlist (MORNING_SCREENER)
2026-06-04 10:26:15 [INFO] core.data_fetcher: Live feed stopped.
2026-06-04 10:26:15 [INFO] AlcoSoft: Live feed stopped.
2026-06-04 10:26:15 [INFO] core.kotak_client: Kotak session logged out cleanly.
2026-06-04 10:26:15 [INFO] AlcoSoft: Kotak session closed.
2026-06-04 10:26:15 [INFO] AlcoSoft: AlcoSoft shutdown complete. Goodbye.
2026-06-04 10:26:15 [INFO] apscheduler.scheduler: Scheduler has been shut down
2026-06-04 10:26:18 [INFO] reflection.reflection_statistics: ✅ Reflection statistics database initialized
2026-06-04 10:26:18 [INFO] AlcoSoft: =======================================================
2026-06-04 10:26:18 [INFO] AlcoSoft:   ALCOSOFT FINANCIAL SERVICES — SYSTEM STARTING
2026-06-04 10:26:18 [INFO] AlcoSoft:   Mode: PAPER | Strategy: INTRADAY
2026-06-04 10:26:18 [INFO] AlcoSoft: =======================================================
2026-06-04 10:26:18 [INFO] AlcoSoft: [0/6] Initializing database...
2026-06-04 10:26:18 [INFO] core.state_manager: Database initialized.
2026-06-04 10:26:18 [INFO] AlcoSoft: [1/6] Running preflight health checks...
2026-06-04 10:26:18 [INFO] core.health_monitor: 🔍 Running preflight health checks...
2026-06-04 10:26:18 [INFO] core.health_monitor: ✅ API Credentials: All API keys configured
2026-06-04 10:26:18 [INFO] core.kotak_client: Initializing Kotak Neo session...
2026-06-04 10:26:18 [INFO] core.kotak_client: TOTP generated: 130673
2026-06-04 10:26:18 [INFO] core.kotak_client: TOTP login response: {'data': {'token': 'eyJhbGciOiJSUzI1NiIsInR5cCI6IkpXVCJ9.eyJqdGkiOiI2ZDI4M2JkYi0xYjRiLTRlOTQtODE5Zi0zYjc1ZWUxZTAxMWEiLCJpc3MiOiJsb2dpbi1zZXJ2aWNlIiwic3ViIjoiZDZiODIzNzgtNDMzMy00OTcyLTk2ZTgtOTllOWYwMzE0N2MwIiwidWNjIjoiWEQxNkYiLCJuYXAiOiIiLCJ5Y2UiOiJlWVxcNiAvKjU9dFx1MDAwNlx1MDAwYlx1MDAwNHVcdTAwMDBcdTAwMTBiIiwiY2F0ZWdvcmlzYXRpb24iOiIiLCJzY29wZSI6WyJWaWV3Il0sImV4cCI6MTc4MDU5NzgwMCwiaWF0IjoxNzgwNTQ4OTc4LCJmZXRjaGNhY2hpbmdydWxlIjowfQ.Trb5U9_ElPnasVSOebqUegpMCX6kkoeADPf6FIpW-iM1gEkJtdWcJ5p2VFD4XuRm0yBhbUGc9PJANVwS0UCZQDZnFRY1On2qmCWxMNovqz5ZUPTOmHUJ5TBG0i6uzwbH2E-w9B3KFI1maBOGG2lcjHabwn3XQ77XcjUufhJsxR_UyHGwYiF0CjdALSE95Qx8Vcf3x4H26utVRTwwGU8ngn7QyNXDX8nTqD8LrMjQJNhnZisNZ2UbO0BxrW03Ro71tTezDiQa_GS9U_a_D-80Y8aDJh1MGlgDyyJokI4y5NWehd3kkfnlqGJ6LPl-rrSqeOsrjAnQhMYCEDES39pz0A', 'sid': '89ed5c59-18a5-45a0-b695-6fee83165ca1', 'rid': '546d95c8-cb4a-46ab-8363-b2530d13407b', 'hsServerId': '', 'isUserPwdExpired': False, 'ucc': 'XD16F', 'greetingName': 'MANOJ', 'isTrialAccount': False, 'dataCenter': 'E41', 'derivativesRiskDisclosure': 'Risk Disclosure on Derivatives\n\nAs per a SEBI study dated 25 Jan 2023- \n• 9 out of 10 individual traders in equity Futures and Options Segment, incurred net losses.\n• On an average, loss makers registered net trading loss close to Rs.50,000.\n• Over and above the net trading losses incurred, loss makers expended an additional 28% of net trading losses as transaction costs.\n• Those making net trading profits, incurred between 15% to 50% of such profits as transaction cost.\n\nFor more information please check out : https://www.sebi.gov.in/reports-and-statistics/research/jan-2023/study-analysis-of-profit-and-loss-of-individual-traders-dealing-in-equity-fando-segment_67525.html', 'mfAccess': 1, 'dataCenterMap': None, 'dormancyStatus': 'A', 'asbaStatus': '', 'clientType': 'RI', 'isNRI': False, 'kId': 'ADDPR4621C', 'kType': 'View', 'status': 'success', 'incRange': 0, 'incUpdFlag': '', 'clientGroup': '', 'kraStatus': '', 'rcFlag': 0}}
2026-06-04 10:26:18 [INFO] core.kotak_client: 🔍 TOTP login data keys: ['token', 'sid', 'rid', 'hsServerId', 'isUserPwdExpired', 'ucc', 'greetingName', 'isTrialAccount', 'dataCenter', 'derivativesRiskDisclosure', 'mfAccess', 'dataCenterMap', 'dormancyStatus', 'asbaStatus', 'clientType', 'isNRI', 'kId', 'kType', 'status', 'incRange', 'incUpdFlag', 'clientGroup', 'kraStatus', 'rcFlag']
2026-06-04 10:26:20 [INFO] core.kotak_client: MPIN validation response: {'data': {'token': 'eyJhbGciOiJSUzI1NiIsInR5cCI6IkpXVCJ9.eyJqdGkiOiIzMTA3MzE5MS1hOWZmLTQ3MjUtODA4NC01MmVlMjQ3YTIzNDQiLCJpc3MiOiJsb2dpbi1zZXJ2aWNlIiwic3ViIjoiZDZiODIzNzgtNDMzMy00OTcyLTk2ZTgtOTllOWYwMzE0N2MwIiwidWNjIjoiWEQxNkYiLCJuYXAiOiIiLCJ5Y2UiOiJlWVxcNiAvKjU9dFx1MDAwNlx1MDAwYlx1MDAwNHVcdTAwMDBcdTAwMTBiIiwiY2F0ZWdvcmlzYXRpb24iOiIiLCJzY29wZSI6WyJUcmFkZSJdLCJleHAiOjE3ODA1OTc4MDAsImlhdCI6MTc4MDU0ODk4MCwiZmV0Y2hjYWNoaW5ncnVsZSI6MH0.fBPGlGWzT3aoxx_qh33mHngR2UtB_Pf9bu1GAUZM8LkguB6lVcJt2XeQQ48xbEX4G72FPYhOl9ayEhV7ZGuB6Tv4Idf3vpD3Bx8eZgFbaI7XbMYT6vVuQu_v00nboOJx3cc0H5IlEOQ7PdgQX5yDXuv0AI9COYAaaQGLD8u5_ltlXMbZikdXQVBjFFbsbYskbEdFEP0xczXHu4kpqiOvrLC7mr370pBW0TiCfr1H4CTOlo5LOyonbqbrfS9Q8aos36JpLUGWiiV6sl4kmQ9jg-MU4Y10N1vvwjVnWBdQM6nAh8fWtVc4CWNMYIjKkfm-J2xnxi3PItSs3QiQdYJcUw', 'sid': 'e7e41f29-e1b1-43a2-9313-a1c55a4e3da1', 'rid': '546d95c8-cb4a-46ab-8363-b2530d13407b', 'baseUrl': 'https://e41.kotaksecurities.com', 'hsServerId': '', 'isUserPwdExpired': False, 'ucc': 'XD16F', 'greetingName': 'MANOJ', 'isTrialAccount': False, 'dataCenter': 'E41', 'derivativesRiskDisclosure': 'Risk Disclosure on Derivatives\n\nAs per a SEBI study dated 25 Jan 2023- \n• 9 out of 10 individual traders in equity Futures and Options Segment, incurred net losses.\n• On an average, loss makers registered net trading loss close to Rs.50,000.\n• Over and above the net trading losses incurred, loss makers expended an additional 28% of net trading losses as transaction costs.\n• Those making net trading profits, incurred between 15% to 50% of such profits as transaction cost.\n\nFor more information please check out : https://www.sebi.gov.in/reports-and-statistics/research/jan-2023/study-analysis-of-profit-and-loss-of-individual-traders-dealing-in-equity-fando-segment_67525.html', 'mfAccess': 1, 'dataCenterMap': None, 'dormancyStatus': 'A', 'asbaStatus': '', 'clientType': 'RI', 'isNRI': False, 'kId': 'ADDPR4621C', 'kType': 'Trade', 'status': 'success', 'incRange': 0, 'incUpdFlag': '', 'clientGroup': '', 'kraStatus': '', 'rcFlag': 0}}
2026-06-04 10:26:20 [INFO] core.kotak_client: 🔍 MPIN response data keys: ['token', 'sid', 'rid', 'baseUrl', 'hsServerId', 'isUserPwdExpired', 'ucc', 'greetingName', 'isTrialAccount', 'dataCenter', 'derivativesRiskDisclosure', 'mfAccess', 'dataCenterMap', 'dormancyStatus', 'asbaStatus', 'clientType', 'isNRI', 'kId', 'kType', 'status', 'incRange', 'incUpdFlag', 'clientGroup', 'kraStatus', 'rcFlag']
2026-06-04 10:26:20 [INFO] core.kotak_client: ✅ NeoAPI configuration.edit_token & edit_sid SET (confirmed)
2026-06-04 10:26:20 [INFO] core.kotak_client: ✅ Trade token verified (kType=Trade) | sid present | baseUrl set
2026-06-04 10:26:20 [INFO] core.kotak_client: ✅ Kotak Neo session established successfully.
2026-06-04 10:26:20 [INFO] core.health_monitor: ✅ Broker Connection: Connected
2026-06-04 10:26:20 [INFO] core.health_monitor: ✅ Database: DB OK (2 open positions)
2026-06-04 10:26:20 [INFO] core.state_manager: [BRIEFING] Loading from data/session_briefing.json...
2026-06-04 10:26:20 [INFO] core.state_manager: [BRIEFING] Loaded Valid: 8 approved + 0 watchlist (MORNING_SCREENER)
2026-06-04 10:26:20 [INFO] core.state_manager: [BRIEFING] Validation PASSED: 8 approved + 0 watchlist (MORNING_SCREENER)
2026-06-04 10:26:20 [INFO] core.health_monitor: ✅ Trading Briefing: Briefing OK (8 cognition, 0 watchlist, 8 total)
2026-06-04 10:26:20 [INFO] core.health_monitor: ✅ Live Feed: Feed not started yet (starts after briefing load)
2026-06-04 10:26:20 [INFO] core.health_monitor: ✅ Market Hours: Market is OPEN
2026-06-04 10:26:20 [INFO] core.health_monitor: ❌ Available Capital: Capital ₹0 below minimum ₹500
2026-06-04 10:26:20 [INFO] core.health_monitor: ✅ Daily Loss Limit: Daily loss OK
2026-06-04 10:26:20 [INFO] core.health_monitor: 
======================================================================
SYSTEM HEALTH REPORT — 2026-06-04T10:26:18.151932
======================================================================

✅ PASSED (7):
   • API Credentials
   • Broker Connection
   • Database
   • Trading Briefing
   • Live Feed
   • Market Hours
   • Daily Loss Limit

❌ FAILED (1):
   • Available Capital

======================================================================

2026-06-04 10:26:20 [WARNING] AlcoSoft: ⚠️  Some checks failed but continuing (PAPER MODE)
2026-06-04 10:26:20 [INFO] AlcoSoft: [2/6] Checking for previous state...
2026-06-04 10:26:20 [INFO] core.state_manager: [BRIEFING] Loading from data/session_briefing.json...
2026-06-04 10:26:20 [INFO] core.state_manager: [BRIEFING] Loaded Valid: 8 approved + 0 watchlist (MORNING_SCREENER)
2026-06-04 10:26:20 [WARNING] core.state_manager: CRASH RECOVERY: 2 open position(s): ['AXISBANK', 'BAJFINANCE']
2026-06-04 10:26:20 [WARNING] AlcoSoft: ⚠️  CRASH RECOVERY: 2 open position(s) from last session. Monitoring resumed.
2026-06-04 10:26:20 [INFO] AlcoSoft: [3/6] Connecting to Kotak Neo...
2026-06-04 10:26:20 [INFO] AlcoSoft: ✅ Kotak session established successfully.
2026-06-04 10:26:20 [INFO] AlcoSoft: [3b/6] Reconciling broker vs local positions...
2026-06-04 10:26:20 [INFO] core.broker_reconciliation: Reconciliation skipped broker position pull in PAPER mode.
2026-06-04 10:26:20 [INFO] AlcoSoft: [3c/6] Validating capital allocation configuration...
2026-06-04 10:26:20 [INFO] core.order_executor: ✅ Allocation configuration valid
2026-06-04 10:26:20 [INFO] AlcoSoft: ✅ Capital allocation configuration valid
2026-06-04 10:26:20 [INFO] AlcoSoft: [4/6] Checking today's morning screener briefing...
2026-06-04 10:26:20 [INFO] core.state_manager: [BRIEFING] Loading from data/session_briefing.json...
2026-06-04 10:26:20 [INFO] core.state_manager: [BRIEFING] Loaded Valid: 8 approved + 0 watchlist (MORNING_SCREENER)
2026-06-04 10:26:20 [INFO] core.state_manager: [BRIEFING] Validation PASSED: 8 approved + 0 watchlist (MORNING_SCREENER)
2026-06-04 10:26:20 [INFO] AlcoSoft: [4/6] Skipping screener: today's MORNING_SCREENER briefing exists (8 approved + 0 watchlist).
2026-06-04 10:26:20 [INFO] AlcoSoft: [5/6] Loading and validating briefing for trading...
2026-06-04 10:26:20 [INFO] core.state_manager: [BRIEFING] Loading from data/session_briefing.json...
2026-06-04 10:26:20 [INFO] core.state_manager: [BRIEFING] Loaded Valid: 8 approved + 0 watchlist (MORNING_SCREENER)
2026-06-04 10:26:20 [INFO] core.state_manager: [BRIEFING] Validation PASSED: 8 approved + 0 watchlist (MORNING_SCREENER)
2026-06-04 10:26:20 [INFO] core.state_manager: [BRIEFING] Safety gate PASSED: Ready for trading
2026-06-04 10:26:20 [INFO] core.state_manager: [BRIEFING] Validation PASSED: 8 approved + 0 watchlist (MORNING_SCREENER)
2026-06-04 10:26:20 [INFO] AlcoSoft: [BRIEFING] Validated ✅
2026-06-04 10:26:20 [INFO] AlcoSoft: [BRIEFING] Subscribing live feed: 8 symbols (8 cognition + 0 watchlist)
2026-06-04 10:26:20 [INFO] core.data_fetcher: Starting live feed for 8 symbols: ['MARUTI', 'SUNPHARMA', 'DIVISLAB', 'RELIANCE', 'BAJFINANCE', 'SBIN', 'AXISBANK', 'ULTRACEMCO']
2026-06-04 10:26:20 [INFO] core.data_fetcher: Subscribing to 8 instruments...
2026-06-04 10:26:20 [INFO] core.data_fetcher: ✅ Subscribed to live feed: ['10999', '3351', '10940', '2885', '317', '3045', '5900', '11532']
2026-06-04 10:26:20 [INFO] core.state_manager: [BRIEFING] Saving to data/session_briefing.json...
2026-06-04 10:26:20 [INFO] core.state_manager: [BRIEFING] Saved and verified: data/session_briefing.json
2026-06-04 10:26:20 [INFO] core.state_manager: [BRIEFING]   - Approved: 8
2026-06-04 10:26:20 [INFO] core.state_manager: [BRIEFING]   - Watchlist: 0
2026-06-04 10:26:20 [INFO] AlcoSoft: [BRIEFING] Saved
2026-06-04 10:26:20 [INFO] AlcoSoft: Live feed active for 8 symbols.
2026-06-04 10:26:20 [INFO] AlcoSoft:   Cognition picks : ['MARUTI', 'SUNPHARMA', 'DIVISLAB', 'RELIANCE', 'BAJFINANCE', 'SBIN', 'AXISBANK', 'ULTRACEMCO']
2026-06-04 10:26:20 [INFO] AlcoSoft:   Math watchlist : []
2026-06-04 10:26:20 [INFO] AlcoSoft: [6/6] Verifying live feed...
2026-06-04 10:26:21 [INFO] core.data_fetcher: ✅ WebSocket connection opened.
2026-06-04 10:26:21 [INFO] core.data_fetcher: 📡 Live feed | ticks received: 8/8 symbols | active=['MARUTI', 'SUNPHARMA', 'DIVISLAB', 'RELIANCE', 'BAJFINANCE', 'SBIN', 'AXISBANK', 'ULTRACEMCO']
2026-06-04 10:26:23 [INFO] AlcoSoft: ✅ Live feed: Ticks flowing (13 total); building candles (4+ needed for health OK)
2026-06-04 10:26:23 [INFO] AlcoSoft: ✅ System startup complete. Trading ready.
2026-06-04 10:26:23 [INFO] apscheduler.scheduler: Adding job tentatively -- it will be properly scheduled when the scheduler starts
2026-06-04 10:26:23 [INFO] apscheduler.scheduler: Adding job tentatively -- it will be properly scheduled when the scheduler starts
2026-06-04 10:26:23 [INFO] apscheduler.scheduler: Adding job tentatively -- it will be properly scheduled when the scheduler starts
2026-06-04 10:26:23 [INFO] apscheduler.scheduler: Adding job tentatively -- it will be properly scheduled when the scheduler starts
2026-06-04 10:26:23 [INFO] apscheduler.scheduler: Adding job tentatively -- it will be properly scheduled when the scheduler starts
2026-06-04 10:26:23 [INFO] apscheduler.scheduler: Added job "Morning Stock Screener" to job store "default"
2026-06-04 10:26:23 [INFO] apscheduler.scheduler: Added job "Market Observation Loop" to job store "default"
2026-06-04 10:26:23 [INFO] apscheduler.scheduler: Added job "Emergency Squareoff" to job store "default"
2026-06-04 10:26:23 [INFO] apscheduler.scheduler: Added job "Owl Alpha Reflection" to job store "default"
2026-06-04 10:26:23 [INFO] apscheduler.scheduler: Added job "End-of-Day Report" to job store "default"
2026-06-04 10:26:23 [INFO] apscheduler.scheduler: Scheduler started
2026-06-04 10:26:23 [INFO] AlcoSoft: Scheduler started:
   08:45 AM - Morning screener
   Every 15 min - Observation loop
   15:15 PM - Emergency squareoff (before close)
   15:30 PM - Market close report
   15:35 PM - Reflection cycle
2026-06-04 10:26:23 [INFO] AlcoSoft: Starting strategy loop. Press Ctrl+C to shutdown safely.
2026-06-04 10:26:23 [INFO] core.strategy: ⚡ Strategy loop started | Mode: INTRADAY | Lookback: 3 candles | Buy sets: 7 | Sell sets: 6 | Buy gate: 3+ completed live WS candles | Config: strategy_sets.json
2026-06-04 10:26:23 [INFO] core.state_manager: [BRIEFING] Loading from data/session_briefing.json...
2026-06-04 10:26:23 [INFO] core.state_manager: [BRIEFING] Loaded Valid: 8 approved + 0 watchlist (MORNING_SCREENER)
2026-06-04 10:26:23 [INFO] core.strategy: ─── Scan summary (8 subscribed) ───
  [Cognition] MARUTI: ticks=2 | live_candles=1
  [Cognition] SUNPHARMA: ticks=1 | live_candles=1
  [Cognition] DIVISLAB: ticks=1 | live_candles=1
  [Cognition] RELIANCE: ticks=1 | live_candles=1
  [Cognition] BAJFINANCE: ticks=2 | live_candles=1
  [Cognition] SBIN: ticks=2 | live_candles=1
  [Cognition] AXISBANK: ticks=3 | live_candles=1
  [Cognition] ULTRACEMCO: ticks=1 | live_candles=1
2026-06-04 10:26:24 [INFO] core.strategy: ✅ AXISBANK — Yahoo chart fetched 315 5m candles (attempt 1)
2026-06-04 10:26:24 [INFO] core.strategy: 📦 AXISBANK — Combined: 314 yfinance + 1 WebSocket = 315 total candles
2026-06-04 10:26:24 [INFO] core.strategy: ✅ BAJFINANCE — Yahoo chart fetched 315 5m candles (attempt 1)
2026-06-04 10:26:24 [INFO] core.strategy: 📦 BAJFINANCE — Combined: 314 yfinance + 1 WebSocket = 315 total candles
2026-06-04 10:27:25 [INFO] core.state_manager: [BRIEFING] Loading from data/session_briefing.json...
2026-06-04 10:27:25 [INFO] core.state_manager: [BRIEFING] Loaded Valid: 8 approved + 0 watchlist (MORNING_SCREENER)
2026-06-04 10:27:30 [WARNING] core.strategy: Entries disabled by session state FLAT_LOCKED (EMERGENCY_SQUAREOFF_FAILED). Exit checks continue; BUY scan skipped.
2026-06-04 10:27:35 [WARNING] core.strategy: Entries disabled by session state FLAT_LOCKED (EMERGENCY_SQUAREOFF_FAILED). Exit checks continue; BUY scan skipped.
2026-06-04 10:27:40 [WARNING] core.strategy: Entries disabled by session state FLAT_LOCKED (EMERGENCY_SQUAREOFF_FAILED). Exit checks continue; BUY scan skipped.
2026-06-04 10:27:45 [WARNING] core.strategy: Entries disabled by session state FLAT_LOCKED (EMERGENCY_SQUAREOFF_FAILED). Exit checks continue; BUY scan skipped.
2026-06-04 10:27:55 [INFO] core.strategy: ─── Scan summary (8 subscribed) ───
  [Cognition] MARUTI: ticks=29 | live_candles=1
  [Cognition] SUNPHARMA: ticks=21 | live_candles=1
  [Cognition] DIVISLAB: ticks=8 | live_candles=1
  [Cognition] RELIANCE: ticks=65 | live_candles=1
  [Cognition] BAJFINANCE: ticks=54 | live_candles=1
  [Cognition] SBIN: ticks=75 | live_candles=1
  [Cognition] AXISBANK: ticks=41 | live_candles=1
  [Cognition] ULTRACEMCO: ticks=24 | live_candles=1
2026-06-04 10:28:21 [INFO] core.data_fetcher: 📡 Live feed | ticks received: 8/8 symbols | active=['MARUTI', 'SUNPHARMA', 'DIVISLAB', 'RELIANCE', 'BAJFINANCE', 'SBIN', 'AXISBANK', 'ULTRACEMCO']
2026-06-04 10:28:26 [INFO] core.state_manager: [BRIEFING] Loading from data/session_briefing.json...
2026-06-04 10:28:26 [INFO] core.state_manager: [BRIEFING] Loaded Valid: 8 approved + 0 watchlist (MORNING_SCREENER)
2026-06-04 10:29:26 [INFO] core.state_manager: [BRIEFING] Loading from data/session_briefing.json...
2026-06-04 10:29:26 [INFO] core.state_manager: [BRIEFING] Loaded Valid: 8 approved + 0 watchlist (MORNING_SCREENER)
2026-06-04 10:29:26 [INFO] core.strategy: ─── Scan summary (8 subscribed) ───
  [Cognition] MARUTI: ticks=61 | live_candles=1
  [Cognition] SUNPHARMA: ticks=38 | live_candles=1
  [Cognition] DIVISLAB: ticks=20 | live_candles=1
  [Cognition] RELIANCE: ticks=128 | live_candles=1
  [Cognition] BAJFINANCE: ticks=94 | live_candles=1
  [Cognition] SBIN: ticks=153 | live_candles=1
  [Cognition] AXISBANK: ticks=75 | live_candles=1
  [Cognition] ULTRACEMCO: ticks=43 | live_candles=1
2026-06-04 10:30:00 [INFO] core.data_fetcher: 🕯️ Candle closed: SUNPHARMA | 2026-06-04 10:25 | O:1786.70 H:1786.70 L:1785.20 C:1785.60 V:10348229.0
2026-06-04 10:30:00 [INFO] core.data_fetcher: 🕯️ Candle closed: SBIN | 2026-06-04 10:25 | O:982.70 H:983.85 L:982.45 C:982.60 V:804271204.0
2026-06-04 10:30:00 [INFO] core.data_fetcher: 🕯️ Candle closed: BAJFINANCE | 2026-06-04 10:25 | O:877.65 H:878.00 L:877.00 C:877.40 V:197576143.0
2026-06-04 10:30:01 [INFO] core.data_fetcher: 🕯️ Candle closed: ULTRACEMCO | 2026-06-04 10:25 | O:11053.00 H:11057.00 L:11042.00 C:11042.00 V:3509799.0
2026-06-04 10:30:01 [INFO] core.data_fetcher: 🕯️ Candle closed: MARUTI | 2026-06-04 10:25 | O:13208.00 H:13213.00 L:13184.00 C:13187.00 V:3853635.0
2026-06-04 10:30:01 [INFO] core.data_fetcher: 🕯️ Candle closed: RELIANCE | 2026-06-04 10:25 | O:1306.00 H:1306.10 L:1305.00 C:1305.10 V:484225793.0
2026-06-04 10:30:01 [INFO] core.data_fetcher: 🕯️ Candle closed: AXISBANK | 2026-06-04 10:25 | O:1256.60 H:1257.20 L:1255.30 C:1255.30 V:47293346.0
2026-06-04 10:30:01 [INFO] core.data_fetcher: 🕯️ Candle closed: DIVISLAB | 2026-06-04 10:25 | O:6656.00 H:6657.00 L:6651.00 C:6651.50 V:1058514.0
2026-06-04 10:30:21 [INFO] core.data_fetcher: 📡 Live feed | ticks received: 8/8 symbols | active=['MARUTI', 'SUNPHARMA', 'DIVISLAB', 'RELIANCE', 'BAJFINANCE', 'SBIN', 'AXISBANK', 'ULTRACEMCO']
2026-06-04 10:30:28 [INFO] core.state_manager: [BRIEFING] Loading from data/session_briefing.json...
2026-06-04 10:30:28 [INFO] core.state_manager: [BRIEFING] Loaded Valid: 8 approved + 0 watchlist (MORNING_SCREENER)
2026-06-04 10:30:58 [INFO] core.strategy: ─── Scan summary (8 subscribed) ───
  [Cognition] MARUTI: ticks=90 | live_candles=2
  [Cognition] SUNPHARMA: ticks=51 | live_candles=2
  [Cognition] DIVISLAB: ticks=33 | live_candles=2
  [Cognition] RELIANCE: ticks=188 | live_candles=2
  [Cognition] BAJFINANCE: ticks=147 | live_candles=2
  [Cognition] SBIN: ticks=224 | live_candles=2
  [Cognition] AXISBANK: ticks=124 | live_candles=2
  [Cognition] ULTRACEMCO: ticks=57 | live_candles=2
2026-06-04 10:31:24 [INFO] core.strategy: SELL SIGNAL TRIGGERED
Symbol: AXISBANK
Price: 1254.4
Triggered Set: SELL_BREAKDOWN_CONFIRMED
Set Side: SELL
Confidence: 
Satisfied:
- Price below recent support: Close=1254.4, Support=1254.6
- EMA20 Breakdown: Price broke below EMA20 in last 3 candles
Why: Support broken AND EMA confirms breakdown. Both are EVENT conditions. Reliable structural exit — not noise, not a fake dip.
2026-06-04 10:31:24 [INFO] core.order_executor: 📋 [PAPER] SELL | AXISBANK | Qty: 16 | @ ₹1254.4 | Reason: SELL_SET:SELL_BREAKDOWN_CONFIRMED
2026-06-04 10:31:24 [INFO] core.state_manager: Position closed: AXISBANK | 1254.4 | P&L: 16.00 | SELL_SET:SELL_BREAKDOWN_CONFIRMED | price_source=ws_ltp
2026-06-04 10:31:29 [INFO] core.state_manager: [BRIEFING] Loading from data/session_briefing.json...
2026-06-04 10:31:29 [INFO] core.state_manager: [BRIEFING] Loaded Valid: 8 approved + 0 watchlist (MORNING_SCREENER)
2026-06-04 10:32:22 [INFO] core.data_fetcher: 📡 Live feed | ticks received: 8/8 symbols | active=['MARUTI', 'SUNPHARMA', 'DIVISLAB', 'RELIANCE', 'BAJFINANCE', 'SBIN', 'AXISBANK', 'ULTRACEMCO']
2026-06-04 10:32:30 [INFO] core.state_manager: [BRIEFING] Loading from data/session_briefing.json...
2026-06-04 10:32:30 [INFO] core.state_manager: [BRIEFING] Loaded Valid: 8 approved + 0 watchlist (MORNING_SCREENER)
2026-06-04 10:32:30 [INFO] core.strategy: ─── Scan summary (8 subscribed) ───
  [Cognition] MARUTI: ticks=128 | live_candles=2
  [Cognition] SUNPHARMA: ticks=82 | live_candles=2
  [Cognition] DIVISLAB: ticks=45 | live_candles=2
  [Cognition] RELIANCE: ticks=261 | live_candles=2
  [Cognition] BAJFINANCE: ticks=198 | live_candles=2
  [Cognition] SBIN: ticks=306 | live_candles=2
  [Cognition] AXISBANK: ticks=172 | live_candles=2
  [Cognition] ULTRACEMCO: ticks=94 | live_candles=2
2026-06-04 10:33:00 [INFO] core.strategy: SELL SIGNAL TRIGGERED
Symbol: BAJFINANCE
Price: 875.5
Triggered Set: SELL_BREAKDOWN_CONFIRMED
Set Side: SELL
Confidence: 
Satisfied:
- Price below recent support: Close=875.5, Support=877.0
- EMA20 Breakdown: Price broke below EMA20 in last 3 candles
Why: Support broken AND EMA confirms breakdown. Both are EVENT conditions. Reliable structural exit — not noise, not a fake dip.
2026-06-04 10:33:00 [INFO] core.order_executor: 📋 [PAPER] SELL | BAJFINANCE | Qty: 23 | @ ₹875.5 | Reason: SELL_SET:SELL_BREAKDOWN_CONFIRMED
2026-06-04 10:33:00 [INFO] core.state_manager: Position closed: BAJFINANCE | 875.5 | P&L: -55.20 | SELL_SET:SELL_BREAKDOWN_CONFIRMED | price_source=ws_ltp
2026-06-04 10:33:27 [INFO] AlcoSoft: Shutdown signal received. Stopping gracefully...
2026-06-04 10:33:30 [INFO] core.strategy: Strategy loop stopped.
2026-06-04 10:33:30 [INFO] AlcoSoft: Running cleanup...
2026-06-04 10:33:30 [INFO] AlcoSoft: Scheduler stopped.
2026-06-04 10:33:30 [INFO] core.state_manager: [BRIEFING] Loading from data/session_briefing.json...
2026-06-04 10:33:30 [INFO] core.state_manager: [BRIEFING] Loaded Valid: 8 approved + 0 watchlist (MORNING_SCREENER)
2026-06-04 10:33:30 [INFO] core.data_fetcher: Live feed stopped.
2026-06-04 10:33:30 [INFO] AlcoSoft: Live feed stopped.
2026-06-04 10:33:30 [INFO] core.kotak_client: Kotak session logged out cleanly.
2026-06-04 10:33:30 [INFO] AlcoSoft: Kotak session closed.
2026-06-04 10:33:30 [INFO] AlcoSoft: AlcoSoft shutdown complete. Goodbye.
2026-06-04 10:33:30 [INFO] apscheduler.scheduler: Scheduler has been shut down
2026-06-04 10:36:27 [WARNING] core.data_fetcher: ⚠️ WebSocket closed: The Session has been Closed!
2026-06-04 10:36:27 [INFO] core.data_fetcher: No symbols to re-subscribe. Skipping reconnect.
2026-06-04 11:12:32 [INFO] reflection.reflection_statistics: ✅ Reflection statistics database initialized
2026-06-04 11:12:32 [INFO] AlcoSoft: =======================================================
2026-06-04 11:12:32 [INFO] AlcoSoft:   ALCOSOFT FINANCIAL SERVICES — SYSTEM STARTING
2026-06-04 11:12:32 [INFO] AlcoSoft:   Mode: PAPER | Strategy: INTRADAY
2026-06-04 11:12:32 [INFO] AlcoSoft: =======================================================
2026-06-04 11:12:32 [INFO] AlcoSoft: [0/6] Initializing database...
2026-06-04 11:12:32 [INFO] core.state_manager: Database initialized.
2026-06-04 11:12:32 [INFO] AlcoSoft: [1/6] Running preflight health checks...
2026-06-04 11:12:32 [INFO] core.health_monitor: 🔍 Running preflight health checks...
2026-06-04 11:12:32 [INFO] core.health_monitor: ✅ API Credentials: All API keys configured
2026-06-04 11:12:32 [INFO] core.kotak_client: Initializing Kotak Neo session...
2026-06-04 11:12:32 [INFO] core.kotak_client: TOTP generated: 056235
2026-06-04 11:12:32 [INFO] core.kotak_client: TOTP login response: {'data': {'token': 'eyJhbGciOiJSUzI1NiIsInR5cCI6IkpXVCJ9.eyJqdGkiOiJkZTEyZDc5OS02ODJkLTRiYWItYjQxNC1kMDRmMDFiNWY3MTciLCJpc3MiOiJsb2dpbi1zZXJ2aWNlIiwic3ViIjoiZDZiODIzNzgtNDMzMy00OTcyLTk2ZTgtOTllOWYwMzE0N2MwIiwidWNjIjoiWEQxNkYiLCJuYXAiOiIiLCJ5Y2UiOiJlWVxcNiAvKjU9dFx1MDAwNlx1MDAwYlx1MDAwNHVcdTAwMDBcdTAwMTBiIiwiY2F0ZWdvcmlzYXRpb24iOiIiLCJzY29wZSI6WyJWaWV3Il0sImV4cCI6MTc4MDU5NzgwMCwiaWF0IjoxNzgwNTUxNzUxLCJmZXRjaGNhY2hpbmdydWxlIjowfQ.mvw9Ru3OjWfKEczdwoi7rHwHOo-ifGdBk6DWctAgNHYTy9hcay4UJDINPn6MKqZM5TrHnwCQCDJt3a7ZWTzqo-S4lE9OR65BcENVi-accCsRYELQcl0C2kemTNQ8wmm5RqBwfEGy2BAOsvJi-g75bqQV3m-EFMtoWCAf3KtkM9J7U6nSZlOctOXMRCBj7SvYI1TFvInVjl9yQPKIz_lH6PdvjGTG06t9kbL-GaHGp7XHDOQcmYJfrB1KJT1D0dhaNsrdPRuGPi972kZIOuQE2rLDCjOcooaMtLV8Zv-MD8HNa20NjEUwO6avCACYNt5kov9oXwhiZAMOEJ0buqzQSA', 'sid': 'fce45f56-fc28-4243-83c5-327e912c4d9b', 'rid': '2e5ff290-5a28-4948-974a-6842c08678ef', 'hsServerId': '', 'isUserPwdExpired': False, 'ucc': 'XD16F', 'greetingName': 'MANOJ', 'isTrialAccount': False, 'dataCenter': 'E41', 'derivativesRiskDisclosure': 'Risk Disclosure on Derivatives\n\nAs per a SEBI study dated 25 Jan 2023- \n• 9 out of 10 individual traders in equity Futures and Options Segment, incurred net losses.\n• On an average, loss makers registered net trading loss close to Rs.50,000.\n• Over and above the net trading losses incurred, loss makers expended an additional 28% of net trading losses as transaction costs.\n• Those making net trading profits, incurred between 15% to 50% of such profits as transaction cost.\n\nFor more information please check out : https://www.sebi.gov.in/reports-and-statistics/research/jan-2023/study-analysis-of-profit-and-loss-of-individual-traders-dealing-in-equity-fando-segment_67525.html', 'mfAccess': 1, 'dataCenterMap': None, 'dormancyStatus': 'A', 'asbaStatus': '', 'clientType': 'RI', 'isNRI': False, 'kId': 'ADDPR4621C', 'kType': 'View', 'status': 'success', 'incRange': 0, 'incUpdFlag': '', 'clientGroup': '', 'kraStatus': '', 'rcFlag': 0}}
2026-06-04 11:12:32 [INFO] core.kotak_client: 🔍 TOTP login data keys: ['token', 'sid', 'rid', 'hsServerId', 'isUserPwdExpired', 'ucc', 'greetingName', 'isTrialAccount', 'dataCenter', 'derivativesRiskDisclosure', 'mfAccess', 'dataCenterMap', 'dormancyStatus', 'asbaStatus', 'clientType', 'isNRI', 'kId', 'kType', 'status', 'incRange', 'incUpdFlag', 'clientGroup', 'kraStatus', 'rcFlag']
2026-06-04 11:12:34 [INFO] core.kotak_client: MPIN validation response: {'data': {'token': 'eyJhbGciOiJSUzI1NiIsInR5cCI6IkpXVCJ9.eyJqdGkiOiI3MjNlNDcxNy0wZDkzLTQ2ZmUtODIzOS1jNGQ5OTczZjI5ODciLCJpc3MiOiJsb2dpbi1zZXJ2aWNlIiwic3ViIjoiZDZiODIzNzgtNDMzMy00OTcyLTk2ZTgtOTllOWYwMzE0N2MwIiwidWNjIjoiWEQxNkYiLCJuYXAiOiIiLCJ5Y2UiOiJlWVxcNiAvKjU9dFx1MDAwNlx1MDAwYlx1MDAwNHVcdTAwMDBcdTAwMTBiIiwiY2F0ZWdvcmlzYXRpb24iOiIiLCJzY29wZSI6WyJUcmFkZSJdLCJleHAiOjE3ODA1OTc4MDAsImlhdCI6MTc4MDU1MTc1NCwiZmV0Y2hjYWNoaW5ncnVsZSI6MH0.OAd3horJapLvbe3R3Rhs-Ij-YSzMMuNOnQ5OG5t8FuRR2pL5ak9vw3FiXqntkpL-D4fcHeqeG_m3_QdUdwT9VbP71BLSO-EF7cj1P3VDbx7ao-GPsi95KcN7y6HDrEqQKAd_d6Tsw5swSkyTGvqGAPChZIiAn4j6CsMZPQKH4a8GMJqOjcOrW67BQxzy4ds94A8JcSo7PCyl6GBJTLL8IxPvwDEBg8OFl-HmvCTbB10E4ygTwnlJ4GhpOIXYgt3t-vinv-79Q93YJR2fvrTVxGksgGmqfWiVmpwQNq6nIXObTs5Rzwxow3MZLBEcYZrxR0zSmAUUjmd8GdZJjJvSuA', 'sid': '55c6c489-6dd8-407e-aed2-8b279dd0a7ad', 'rid': '2e5ff290-5a28-4948-974a-6842c08678ef', 'baseUrl': 'https://e41.kotaksecurities.com', 'hsServerId': '', 'isUserPwdExpired': False, 'ucc': 'XD16F', 'greetingName': 'MANOJ', 'isTrialAccount': False, 'dataCenter': 'E41', 'derivativesRiskDisclosure': 'Risk Disclosure on Derivatives\n\nAs per a SEBI study dated 25 Jan 2023- \n• 9 out of 10 individual traders in equity Futures and Options Segment, incurred net losses.\n• On an average, loss makers registered net trading loss close to Rs.50,000.\n• Over and above the net trading losses incurred, loss makers expended an additional 28% of net trading losses as transaction costs.\n• Those making net trading profits, incurred between 15% to 50% of such profits as transaction cost.\n\nFor more information please check out : https://www.sebi.gov.in/reports-and-statistics/research/jan-2023/study-analysis-of-profit-and-loss-of-individual-traders-dealing-in-equity-fando-segment_67525.html', 'mfAccess': 1, 'dataCenterMap': None, 'dormancyStatus': 'A', 'asbaStatus': '', 'clientType': 'RI', 'isNRI': False, 'kId': 'ADDPR4621C', 'kType': 'Trade', 'status': 'success', 'incRange': 0, 'incUpdFlag': '', 'clientGroup': '', 'kraStatus': '', 'rcFlag': 0}}
2026-06-04 11:12:34 [INFO] core.kotak_client: 🔍 MPIN response data keys: ['token', 'sid', 'rid', 'baseUrl', 'hsServerId', 'isUserPwdExpired', 'ucc', 'greetingName', 'isTrialAccount', 'dataCenter', 'derivativesRiskDisclosure', 'mfAccess', 'dataCenterMap', 'dormancyStatus', 'asbaStatus', 'clientType', 'isNRI', 'kId', 'kType', 'status', 'incRange', 'incUpdFlag', 'clientGroup', 'kraStatus', 'rcFlag']
2026-06-04 11:12:34 [INFO] core.kotak_client: ✅ NeoAPI configuration.edit_token & edit_sid SET (confirmed)
2026-06-04 11:12:34 [INFO] core.kotak_client: ✅ Trade token verified (kType=Trade) | sid present | baseUrl set
2026-06-04 11:12:34 [INFO] core.kotak_client: ✅ Kotak Neo session established successfully.
2026-06-04 11:12:34 [INFO] core.health_monitor: ✅ Broker Connection: Connected
2026-06-04 11:12:34 [INFO] core.health_monitor: ✅ Database: DB OK (0 open positions)
2026-06-04 11:12:34 [INFO] core.state_manager: [BRIEFING] Loading from data/session_briefing.json...
2026-06-04 11:12:34 [INFO] core.state_manager: [BRIEFING] Loaded Valid: 8 approved + 0 watchlist (MORNING_SCREENER)
2026-06-04 11:12:34 [INFO] core.state_manager: [BRIEFING] Validation PASSED: 8 approved + 0 watchlist (MORNING_SCREENER)
2026-06-04 11:12:34 [INFO] core.health_monitor: ✅ Trading Briefing: Briefing OK (8 cognition, 0 watchlist, 8 total)
2026-06-04 11:12:34 [INFO] core.health_monitor: ✅ Live Feed: Feed not started yet (starts after briefing load)
2026-06-04 11:12:34 [INFO] core.health_monitor: ✅ Market Hours: Market is OPEN
2026-06-04 11:12:34 [INFO] core.health_monitor: ✅ Available Capital: Capital ₹20383
2026-06-04 11:12:34 [INFO] core.health_monitor: ✅ Daily Loss Limit: Daily loss OK
2026-06-04 11:12:34 [INFO] core.health_monitor: 
======================================================================
SYSTEM HEALTH REPORT — 2026-06-04T11:12:32.147171
======================================================================

✅ PASSED (8):
   • API Credentials
   • Broker Connection
   • Database
   • Trading Briefing
   • Live Feed
   • Market Hours
   • Available Capital
   • Daily Loss Limit

======================================================================

2026-06-04 11:12:34 [INFO] AlcoSoft: [2/6] Checking for previous state...
2026-06-04 11:12:34 [INFO] core.state_manager: [BRIEFING] Loading from data/session_briefing.json...
2026-06-04 11:12:34 [INFO] core.state_manager: [BRIEFING] Loaded Valid: 8 approved + 0 watchlist (MORNING_SCREENER)
2026-06-04 11:12:34 [INFO] core.state_manager: No open positions found. Clean startup.
2026-06-04 11:12:34 [INFO] AlcoSoft: [3/6] Connecting to Kotak Neo...
2026-06-04 11:12:34 [INFO] AlcoSoft: ✅ Kotak session established successfully.
2026-06-04 11:12:34 [INFO] AlcoSoft: [3b/6] Reconciling broker vs local positions...
2026-06-04 11:12:34 [INFO] core.broker_reconciliation: Reconciliation skipped broker position pull in PAPER mode.
2026-06-04 11:12:34 [INFO] AlcoSoft: [3c/6] Validating capital allocation configuration...
2026-06-04 11:12:34 [INFO] core.order_executor: ✅ Allocation configuration valid
2026-06-04 11:12:34 [INFO] AlcoSoft: ✅ Capital allocation configuration valid
2026-06-04 11:12:34 [INFO] AlcoSoft: [4/6] Checking today's morning screener briefing...
2026-06-04 11:12:34 [INFO] core.state_manager: [BRIEFING] Loading from data/session_briefing.json...
2026-06-04 11:12:34 [INFO] core.state_manager: [BRIEFING] Loaded Valid: 8 approved + 0 watchlist (MORNING_SCREENER)
2026-06-04 11:12:34 [INFO] core.state_manager: [BRIEFING] Validation PASSED: 8 approved + 0 watchlist (MORNING_SCREENER)
2026-06-04 11:12:34 [INFO] AlcoSoft: [4/6] Skipping screener: today's MORNING_SCREENER briefing exists (8 approved + 0 watchlist).
2026-06-04 11:12:34 [INFO] AlcoSoft: [5/6] Loading and validating briefing for trading...
2026-06-04 11:12:34 [INFO] core.state_manager: [BRIEFING] Loading from data/session_briefing.json...
2026-06-04 11:12:34 [INFO] core.state_manager: [BRIEFING] Loaded Valid: 8 approved + 0 watchlist (MORNING_SCREENER)
2026-06-04 11:12:34 [INFO] core.state_manager: [BRIEFING] Validation PASSED: 8 approved + 0 watchlist (MORNING_SCREENER)
2026-06-04 11:12:34 [INFO] core.state_manager: [BRIEFING] Safety gate PASSED: Ready for trading
2026-06-04 11:12:34 [INFO] core.state_manager: [BRIEFING] Validation PASSED: 8 approved + 0 watchlist (MORNING_SCREENER)
2026-06-04 11:12:34 [INFO] AlcoSoft: [BRIEFING] Validated ✅
2026-06-04 11:12:34 [INFO] AlcoSoft: [BRIEFING] Subscribing live feed: 8 symbols (8 cognition + 0 watchlist)
2026-06-04 11:12:34 [INFO] core.data_fetcher: Starting live feed for 8 symbols: ['MARUTI', 'SUNPHARMA', 'DIVISLAB', 'RELIANCE', 'BAJFINANCE', 'SBIN', 'AXISBANK', 'ULTRACEMCO']
2026-06-04 11:12:34 [INFO] core.data_fetcher: Subscribing to 8 instruments...
2026-06-04 11:12:34 [INFO] core.data_fetcher: ✅ Subscribed to live feed: ['10999', '3351', '10940', '2885', '317', '3045', '5900', '11532']
2026-06-04 11:12:34 [INFO] core.state_manager: [BRIEFING] Saving to data/session_briefing.json...
2026-06-04 11:12:34 [INFO] core.state_manager: [BRIEFING] Saved and verified: data/session_briefing.json
2026-06-04 11:12:34 [INFO] core.state_manager: [BRIEFING]   - Approved: 8
2026-06-04 11:12:34 [INFO] core.state_manager: [BRIEFING]   - Watchlist: 0
2026-06-04 11:12:34 [INFO] AlcoSoft: [BRIEFING] Saved
2026-06-04 11:12:34 [INFO] AlcoSoft: Live feed active for 8 symbols.
2026-06-04 11:12:34 [INFO] AlcoSoft:   Cognition picks : ['MARUTI', 'SUNPHARMA', 'DIVISLAB', 'RELIANCE', 'BAJFINANCE', 'SBIN', 'AXISBANK', 'ULTRACEMCO']
2026-06-04 11:12:34 [INFO] AlcoSoft:   Math watchlist : []
2026-06-04 11:12:34 [INFO] AlcoSoft: [6/6] Verifying live feed...
2026-06-04 11:12:35 [INFO] core.data_fetcher: ✅ WebSocket connection opened.
2026-06-04 11:12:35 [INFO] core.data_fetcher: 📡 Live feed | ticks received: 8/8 symbols | active=['MARUTI', 'SUNPHARMA', 'DIVISLAB', 'RELIANCE', 'BAJFINANCE', 'SBIN', 'AXISBANK', 'ULTRACEMCO']
2026-06-04 11:12:37 [INFO] AlcoSoft: ✅ Live feed: Ticks flowing (18 total); building candles (4+ needed for health OK)
2026-06-04 11:12:37 [INFO] AlcoSoft: ✅ System startup complete. Trading ready.
2026-06-04 11:12:37 [INFO] apscheduler.scheduler: Adding job tentatively -- it will be properly scheduled when the scheduler starts
2026-06-04 11:12:37 [INFO] apscheduler.scheduler: Adding job tentatively -- it will be properly scheduled when the scheduler starts
2026-06-04 11:12:37 [INFO] apscheduler.scheduler: Adding job tentatively -- it will be properly scheduled when the scheduler starts
2026-06-04 11:12:37 [INFO] apscheduler.scheduler: Adding job tentatively -- it will be properly scheduled when the scheduler starts
2026-06-04 11:12:37 [INFO] apscheduler.scheduler: Adding job tentatively -- it will be properly scheduled when the scheduler starts
2026-06-04 11:12:37 [INFO] apscheduler.scheduler: Added job "Morning Stock Screener" to job store "default"
2026-06-04 11:12:37 [INFO] apscheduler.scheduler: Added job "Market Observation Loop" to job store "default"
2026-06-04 11:12:37 [INFO] apscheduler.scheduler: Added job "Emergency Squareoff" to job store "default"
2026-06-04 11:12:37 [INFO] apscheduler.scheduler: Added job "Owl Alpha Reflection" to job store "default"
2026-06-04 11:12:37 [INFO] apscheduler.scheduler: Added job "End-of-Day Report" to job store "default"
2026-06-04 11:12:37 [INFO] apscheduler.scheduler: Scheduler started
2026-06-04 11:12:37 [INFO] AlcoSoft: Scheduler started:
   08:45 AM - Morning screener
   Every 15 min - Observation loop
   15:15 PM - Emergency squareoff (before close)
   15:30 PM - Market close report
   15:35 PM - Reflection cycle
2026-06-04 11:12:37 [INFO] AlcoSoft: Starting strategy loop. Press Ctrl+C to shutdown safely.
2026-06-04 11:12:37 [INFO] core.strategy: ⚡ Strategy loop started | Mode: INTRADAY | Lookback: 3 candles | Buy sets: 7 | Sell sets: 6 | Buy gate: 3+ completed live WS candles | Config: strategy_sets.json
2026-06-04 11:12:37 [INFO] core.state_manager: [BRIEFING] Loading from data/session_briefing.json...
2026-06-04 11:12:37 [INFO] core.state_manager: [BRIEFING] Loaded Valid: 8 approved + 0 watchlist (MORNING_SCREENER)
2026-06-04 11:12:37 [INFO] core.strategy: ─── Scan summary (8 subscribed) ───
  [Cognition] MARUTI: ticks=3 | live_candles=1
  [Cognition] SUNPHARMA: ticks=5 | live_candles=1
  [Cognition] DIVISLAB: ticks=2 | live_candles=1
  [Cognition] RELIANCE: ticks=1 | live_candles=1
  [Cognition] BAJFINANCE: ticks=2 | live_candles=1
  [Cognition] SBIN: ticks=2 | live_candles=1
  [Cognition] AXISBANK: ticks=1 | live_candles=1
  [Cognition] ULTRACEMCO: ticks=2 | live_candles=1
2026-06-04 11:12:37 [WARNING] core.strategy: Entries disabled by session state FLAT_LOCKED (EMERGENCY_SQUAREOFF_NO_OPEN_POSITIONS). Exit checks continue; BUY scan skipped.
2026-06-04 11:12:42 [WARNING] core.strategy: Entries disabled by session state FLAT_LOCKED (EMERGENCY_SQUAREOFF_NO_OPEN_POSITIONS). Exit checks continue; BUY scan skipped.
2026-06-04 11:12:47 [WARNING] core.strategy: Entries disabled by session state FLAT_LOCKED (EMERGENCY_SQUAREOFF_NO_OPEN_POSITIONS). Exit checks continue; BUY scan skipped.
2026-06-04 11:13:38 [INFO] core.state_manager: [BRIEFING] Loading from data/session_briefing.json...
2026-06-04 11:13:38 [INFO] core.state_manager: [BRIEFING] Loaded Valid: 8 approved + 0 watchlist (MORNING_SCREENER)
2026-06-04 11:14:08 [INFO] core.strategy: ─── Scan summary (8 subscribed) ───
  [Cognition] MARUTI: ticks=25 | live_candles=1
  [Cognition] SUNPHARMA: ticks=72 | live_candles=1
  [Cognition] DIVISLAB: ticks=33 | live_candles=1
  [Cognition] RELIANCE: ticks=61 | live_candles=1
  [Cognition] BAJFINANCE: ticks=48 | live_candles=1
  [Cognition] SBIN: ticks=83 | live_candles=1
  [Cognition] AXISBANK: ticks=45 | live_candles=1
  [Cognition] ULTRACEMCO: ticks=33 | live_candles=1
2026-06-04 11:14:35 [INFO] core.data_fetcher: 📡 Live feed | ticks received: 8/8 symbols | active=['MARUTI', 'SUNPHARMA', 'DIVISLAB', 'RELIANCE', 'BAJFINANCE', 'SBIN', 'AXISBANK', 'ULTRACEMCO']
2026-06-04 11:14:38 [INFO] core.state_manager: [BRIEFING] Loading from data/session_briefing.json...
2026-06-04 11:14:38 [INFO] core.state_manager: [BRIEFING] Loaded Valid: 8 approved + 0 watchlist (MORNING_SCREENER)
2026-06-04 11:15:00 [INFO] core.data_fetcher: 🕯️ Candle closed: RELIANCE | 2026-06-04 11:10 | O:1303.40 H:1304.00 L:1303.00 C:1304.00 V:420264259.0
2026-06-04 11:15:01 [INFO] core.data_fetcher: 🕯️ Candle closed: AXISBANK | 2026-06-04 11:10 | O:1250.30 H:1251.90 L:1250.00 C:1250.90 V:138573691.0
2026-06-04 11:15:01 [INFO] core.data_fetcher: 🕯️ Candle closed: BAJFINANCE | 2026-06-04 11:10 | O:873.15 H:875.00 L:873.15 C:874.75 V:179141578.0
2026-06-04 11:15:01 [INFO] core.data_fetcher: 🕯️ Candle closed: SUNPHARMA | 2026-06-04 11:10 | O:1772.20 H:1772.70 L:1771.50 C:1771.80 V:25768877.0
2026-06-04 11:15:02 [INFO] core.data_fetcher: 🕯️ Candle closed: SBIN | 2026-06-04 11:10 | O:982.80 H:983.50 L:982.40 C:983.15 V:695013073.0
2026-06-04 11:15:03 [INFO] core.data_fetcher: 🕯️ Candle closed: ULTRACEMCO | 2026-06-04 11:10 | O:11016.00 H:11020.00 L:11015.00 C:11017.00 V:4545816.0
2026-06-04 11:15:05 [INFO] core.data_fetcher: 🕯️ Candle closed: MARUTI | 2026-06-04 11:10 | O:13153.00 H:13156.00 L:13150.00 C:13156.00 V:3526865.0
2026-06-04 11:15:09 [INFO] core.data_fetcher: 🕯️ Candle closed: DIVISLAB | 2026-06-04 11:10 | O:6660.00 H:6672.00 L:6659.00 C:6667.50 V:2809630.0
2026-06-04 11:15:39 [INFO] core.state_manager: [BRIEFING] Loading from data/session_briefing.json...
2026-06-04 11:15:39 [INFO] core.state_manager: [BRIEFING] Loaded Valid: 8 approved + 0 watchlist (MORNING_SCREENER)
2026-06-04 11:15:39 [INFO] core.strategy: ─── Scan summary (8 subscribed) ───
  [Cognition] MARUTI: ticks=48 | live_candles=2
  [Cognition] SUNPHARMA: ticks=142 | live_candles=2
  [Cognition] DIVISLAB: ticks=56 | live_candles=2
  [Cognition] RELIANCE: ticks=127 | live_candles=2
  [Cognition] BAJFINANCE: ticks=91 | live_candles=2
  [Cognition] SBIN: ticks=143 | live_candles=2
  [Cognition] AXISBANK: ticks=93 | live_candles=2
  [Cognition] ULTRACEMCO: ticks=60 | live_candles=2
2026-06-04 11:16:35 [INFO] core.data_fetcher: 📡 Live feed | ticks received: 8/8 symbols | active=['MARUTI', 'SUNPHARMA', 'DIVISLAB', 'RELIANCE', 'BAJFINANCE', 'SBIN', 'AXISBANK', 'ULTRACEMCO']
2026-06-04 11:16:40 [INFO] core.state_manager: [BRIEFING] Loading from data/session_briefing.json...
2026-06-04 11:16:40 [INFO] core.state_manager: [BRIEFING] Loaded Valid: 8 approved + 0 watchlist (MORNING_SCREENER)
2026-06-04 11:17:10 [INFO] core.strategy: ─── Scan summary (8 subscribed) ───
  [Cognition] MARUTI: ticks=80 | live_candles=2
  [Cognition] SUNPHARMA: ticks=202 | live_candles=2
  [Cognition] DIVISLAB: ticks=110 | live_candles=2
  [Cognition] RELIANCE: ticks=184 | live_candles=2
  [Cognition] BAJFINANCE: ticks=146 | live_candles=2
  [Cognition] SBIN: ticks=205 | live_candles=2
  [Cognition] AXISBANK: ticks=128 | live_candles=2
  [Cognition] ULTRACEMCO: ticks=91 | live_candles=2
2026-06-04 11:17:40 [INFO] core.state_manager: [BRIEFING] Loading from data/session_briefing.json...
2026-06-04 11:17:40 [INFO] core.state_manager: [BRIEFING] Loaded Valid: 8 approved + 0 watchlist (MORNING_SCREENER)
2026-06-04 11:18:35 [INFO] core.data_fetcher: 📡 Live feed | ticks received: 8/8 symbols | active=['MARUTI', 'SUNPHARMA', 'DIVISLAB', 'RELIANCE', 'BAJFINANCE', 'SBIN', 'AXISBANK', 'ULTRACEMCO']
2026-06-04 11:18:41 [INFO] core.state_manager: [BRIEFING] Loading from data/session_briefing.json...
2026-06-04 11:18:41 [INFO] core.state_manager: [BRIEFING] Loaded Valid: 8 approved + 0 watchlist (MORNING_SCREENER)
2026-06-04 11:18:41 [INFO] core.strategy: ─── Scan summary (8 subscribed) ───
  [Cognition] MARUTI: ticks=114 | live_candles=2
  [Cognition] SUNPHARMA: ticks=271 | live_candles=2
  [Cognition] DIVISLAB: ticks=135 | live_candles=2
  [Cognition] RELIANCE: ticks=244 | live_candles=2
  [Cognition] BAJFINANCE: ticks=200 | live_candles=2
  [Cognition] SBIN: ticks=259 | live_candles=2
  [Cognition] AXISBANK: ticks=156 | live_candles=2
  [Cognition] ULTRACEMCO: ticks=122 | live_candles=2
2026-06-04 11:19:41 [INFO] core.state_manager: [BRIEFING] Loading from data/session_briefing.json...
2026-06-04 11:19:41 [INFO] core.state_manager: [BRIEFING] Loaded Valid: 8 approved + 0 watchlist (MORNING_SCREENER)
2026-06-04 11:20:01 [INFO] core.data_fetcher: 🕯️ Candle closed: SBIN | 2026-06-04 11:15 | O:983.30 H:983.35 L:981.60 C:981.65 V:1220678035.0
2026-06-04 11:20:01 [INFO] core.data_fetcher: 🕯️ Candle closed: RELIANCE | 2026-06-04 11:15 | O:1303.60 H:1303.90 L:1302.50 C:1302.70 V:864627764.0
2026-06-04 11:20:01 [INFO] core.data_fetcher: 🕯️ Candle closed: BAJFINANCE | 2026-06-04 11:15 | O:874.65 H:874.75 L:873.60 C:874.00 V:392415606.0
2026-06-04 11:20:02 [INFO] core.data_fetcher: 🕯️ Candle closed: DIVISLAB | 2026-06-04 11:15 | O:6668.00 H:6700.00 L:6667.50 C:6697.50 V:7574512.0
2026-06-04 11:20:02 [INFO] core.data_fetcher: 🕯️ Candle closed: SUNPHARMA | 2026-06-04 11:15 | O:1771.90 H:1776.40 L:1771.50 C:1775.10 V:55168413.0
2026-06-04 11:20:03 [INFO] core.data_fetcher: 🕯️ Candle closed: ULTRACEMCO | 2026-06-04 11:15 | O:11018.00 H:11028.00 L:11014.00 C:11019.00 V:9877210.0
2026-06-04 11:20:05 [INFO] core.data_fetcher: 🕯️ Candle closed: MARUTI | 2026-06-04 11:15 | O:13152.00 H:13155.00 L:13137.00 C:13140.00 V:9535556.0
2026-06-04 11:20:07 [INFO] core.data_fetcher: 🕯️ Candle closed: AXISBANK | 2026-06-04 11:15 | O:1250.70 H:1251.40 L:1250.00 C:1250.10 V:264144537.0
2026-06-04 11:20:11 [INFO] core.strategy: ─── Scan summary (8 subscribed) ───
  [Cognition] MARUTI: ticks=141 | live_candles=3
  [Cognition] SUNPHARMA: ticks=313 | live_candles=3
  [Cognition] DIVISLAB: ticks=159 | live_candles=3
  [Cognition] RELIANCE: ticks=301 | live_candles=3
  [Cognition] BAJFINANCE: ticks=244 | live_candles=3
  [Cognition] SBIN: ticks=320 | live_candles=3
  [Cognition] AXISBANK: ticks=188 | live_candles=3
  [Cognition] ULTRACEMCO: ticks=146 | live_candles=3
2026-06-04 11:20:36 [INFO] core.data_fetcher: 📡 Live feed | ticks received: 8/8 symbols | active=['MARUTI', 'SUNPHARMA', 'DIVISLAB', 'RELIANCE', 'BAJFINANCE', 'SBIN', 'AXISBANK', 'ULTRACEMCO']
2026-06-04 11:20:42 [INFO] core.state_manager: [BRIEFING] Loading from data/session_briefing.json...
2026-06-04 11:20:42 [INFO] core.state_manager: [BRIEFING] Loaded Valid: 8 approved + 0 watchlist (MORNING_SCREENER)
2026-06-04 11:21:43 [INFO] core.state_manager: [BRIEFING] Loading from data/session_briefing.json...
2026-06-04 11:21:43 [INFO] core.state_manager: [BRIEFING] Loaded Valid: 8 approved + 0 watchlist (MORNING_SCREENER)
2026-06-04 11:21:43 [INFO] core.strategy: ─── Scan summary (8 subscribed) ───
  [Cognition] MARUTI: ticks=173 | live_candles=3
  [Cognition] SUNPHARMA: ticks=361 | live_candles=3
  [Cognition] DIVISLAB: ticks=195 | live_candles=3
  [Cognition] RELIANCE: ticks=366 | live_candles=3
  [Cognition] BAJFINANCE: ticks=298 | live_candles=3
  [Cognition] SBIN: ticks=382 | live_candles=3
  [Cognition] AXISBANK: ticks=220 | live_candles=3
  [Cognition] ULTRACEMCO: ticks=179 | live_candles=3
2026-06-04 11:22:36 [INFO] core.data_fetcher: 📡 Live feed | ticks received: 8/8 symbols | active=['MARUTI', 'SUNPHARMA', 'DIVISLAB', 'RELIANCE', 'BAJFINANCE', 'SBIN', 'AXISBANK', 'ULTRACEMCO']
2026-06-04 11:22:43 [INFO] core.state_manager: [BRIEFING] Loading from data/session_briefing.json...
2026-06-04 11:22:43 [INFO] core.state_manager: [BRIEFING] Loaded Valid: 8 approved + 0 watchlist (MORNING_SCREENER)
2026-06-04 11:23:14 [INFO] core.strategy: ─── Scan summary (8 subscribed) ───
  [Cognition] MARUTI: ticks=197 | live_candles=3
  [Cognition] SUNPHARMA: ticks=423 | live_candles=3
  [Cognition] DIVISLAB: ticks=214 | live_candles=3
  [Cognition] RELIANCE: ticks=422 | live_candles=3
  [Cognition] BAJFINANCE: ticks=357 | live_candles=3
  [Cognition] SBIN: ticks=449 | live_candles=3
  [Cognition] AXISBANK: ticks=243 | live_candles=3
  [Cognition] ULTRACEMCO: ticks=208 | live_candles=3
2026-06-04 11:23:44 [INFO] core.state_manager: [BRIEFING] Loading from data/session_briefing.json...
2026-06-04 11:23:44 [INFO] core.state_manager: [BRIEFING] Loaded Valid: 8 approved + 0 watchlist (MORNING_SCREENER)
2026-06-04 11:24:36 [INFO] core.data_fetcher: 📡 Live feed | ticks received: 8/8 symbols | active=['MARUTI', 'SUNPHARMA', 'DIVISLAB', 'RELIANCE', 'BAJFINANCE', 'SBIN', 'AXISBANK', 'ULTRACEMCO']
2026-06-04 11:24:45 [INFO] core.state_manager: [BRIEFING] Loading from data/session_briefing.json...
2026-06-04 11:24:45 [INFO] core.state_manager: [BRIEFING] Loaded Valid: 8 approved + 0 watchlist (MORNING_SCREENER)
2026-06-04 11:24:45 [INFO] core.strategy: ─── Scan summary (8 subscribed) ───
  [Cognition] MARUTI: ticks=231 | live_candles=3
  [Cognition] SUNPHARMA: ticks=477 | live_candles=3
  [Cognition] DIVISLAB: ticks=229 | live_candles=3
  [Cognition] RELIANCE: ticks=494 | live_candles=3
  [Cognition] BAJFINANCE: ticks=403 | live_candles=3
  [Cognition] SBIN: ticks=513 | live_candles=3
  [Cognition] AXISBANK: ticks=272 | live_candles=3
  [Cognition] ULTRACEMCO: ticks=231 | live_candles=3
2026-06-04 11:25:00 [INFO] core.data_fetcher: 🕯️ Candle closed: SUNPHARMA | 2026-06-04 11:20 | O:1775.20 H:1776.00 L:1775.00 C:1775.10 V:46663525.0
2026-06-04 11:25:00 [INFO] core.data_fetcher: 🕯️ Candle closed: ULTRACEMCO | 2026-06-04 11:20 | O:11018.00 H:11026.00 L:11013.00 C:11018.00 V:8903802.0
2026-06-04 11:25:00 [INFO] core.strategy: ✅ SUNPHARMA — Yahoo chart fetched 327 5m candles (attempt 1)
2026-06-04 11:25:00 [INFO] core.strategy: 📦 SUNPHARMA — Combined: 326 yfinance + 4 WebSocket = 330 total candles
2026-06-04 11:25:00 [INFO] core.data_fetcher: 🕯️ Candle closed: SBIN | 2026-06-04 11:20 | O:981.75 H:982.40 L:981.20 C:981.75 V:1289914318.0
2026-06-04 11:25:01 [INFO] core.strategy: ✅ ULTRACEMCO — Yahoo chart fetched 327 5m candles (attempt 1)
2026-06-04 11:25:01 [INFO] core.strategy: 📦 ULTRACEMCO — Combined: 326 yfinance + 4 WebSocket = 330 total candles
2026-06-04 11:25:01 [INFO] core.data_fetcher: 🕯️ Candle closed: AXISBANK | 2026-06-04 11:20 | O:1250.00 H:1251.20 L:1250.00 C:1250.50 V:242301145.0
2026-06-04 11:25:01 [INFO] core.data_fetcher: 🕯️ Candle closed: RELIANCE | 2026-06-04 11:20 | O:1302.40 H:1303.30 L:1302.00 C:1302.20 V:860108586.0
2026-06-04 11:25:01 [INFO] core.data_fetcher: 🕯️ Candle closed: BAJFINANCE | 2026-06-04 11:20 | O:874.05 H:874.30 L:872.50 C:872.50 V:416188574.0
2026-06-04 11:25:05 [INFO] core.data_fetcher: 🕯️ Candle closed: MARUTI | 2026-06-04 11:20 | O:13136.00 H:13170.00 L:13135.00 C:13166.00 V:9444987.0
2026-06-04 11:25:06 [INFO] core.strategy: ✅ MARUTI — Yahoo chart fetched 326 5m candles (attempt 1)
2026-06-04 11:25:06 [INFO] core.strategy: 📦 MARUTI — Combined: 326 yfinance + 4 WebSocket = 330 total candles
2026-06-04 11:25:06 [WARNING] core.strategy: BUY blocked | MARUTI | BUY_MACD_VWAP_SURGE suppressed: today win rate 18.2% from 11 trades is below 40.0%
2026-06-04 11:25:06 [INFO] core.strategy: ✅ RELIANCE — Yahoo chart fetched 326 5m candles (attempt 1)
2026-06-04 11:25:06 [INFO] core.strategy: 📦 RELIANCE — Combined: 326 yfinance + 4 WebSocket = 330 total candles
2026-06-04 11:25:06 [INFO] core.data_fetcher: 🕯️ Candle closed: DIVISLAB | 2026-06-04 11:20 | O:6695.00 H:6698.00 L:6689.50 C:6692.50 V:5041274.0
2026-06-04 11:25:07 [INFO] core.strategy: ✅ BAJFINANCE — Yahoo chart fetched 326 5m candles (attempt 1)
2026-06-04 11:25:07 [INFO] core.strategy: 📦 BAJFINANCE — Combined: 326 yfinance + 4 WebSocket = 330 total candles
2026-06-04 11:25:07 [INFO] core.strategy: ✅ SBIN — Yahoo chart fetched 326 5m candles (attempt 1)
2026-06-04 11:25:07 [INFO] core.strategy: 📦 SBIN — Combined: 326 yfinance + 4 WebSocket = 330 total candles
2026-06-04 11:25:07 [INFO] core.strategy: ✅ AXISBANK — Yahoo chart fetched 326 5m candles (attempt 1)
2026-06-04 11:25:07 [INFO] core.strategy: 📦 AXISBANK — Combined: 326 yfinance + 4 WebSocket = 330 total candles
2026-06-04 11:25:12 [WARNING] core.strategy: BUY blocked | MARUTI | BUY_MACD_VWAP_SURGE suppressed: today win rate 18.2% from 11 trades is below 40.0%
2026-06-04 11:25:12 [INFO] core.strategy: ✅ DIVISLAB — Yahoo chart fetched 326 5m candles (attempt 1)
2026-06-04 11:25:13 [INFO] core.strategy: 📦 DIVISLAB — Combined: 326 yfinance + 4 WebSocket = 330 total candles
2026-06-04 11:25:13 [WARNING] core.strategy: BUY blocked | DIVISLAB | BUY_MACD_VWAP_SURGE suppressed: today win rate 18.2% from 11 trades is below 40.0%
2026-06-04 11:25:18 [WARNING] core.strategy: BUY blocked | MARUTI | BUY_MACD_VWAP_SURGE suppressed: today win rate 18.2% from 11 trades is below 40.0%
2026-06-04 11:25:18 [WARNING] core.strategy: BUY blocked | DIVISLAB | BUY_MACD_VWAP_SURGE suppressed: today win rate 18.2% from 11 trades is below 40.0%
2026-06-04 11:25:23 [WARNING] core.strategy: BUY blocked | MARUTI | BUY_MACD_VWAP_SURGE suppressed: today win rate 18.2% from 11 trades is below 40.0%
2026-06-04 11:25:23 [WARNING] core.strategy: BUY blocked | DIVISLAB | BUY_MACD_VWAP_SURGE suppressed: today win rate 18.2% from 11 trades is below 40.0%
2026-06-04 11:25:28 [WARNING] core.strategy: BUY blocked | MARUTI | BUY_MACD_VWAP_SURGE suppressed: today win rate 18.2% from 11 trades is below 40.0%
2026-06-04 11:25:28 [WARNING] core.strategy: BUY blocked | DIVISLAB | BUY_MACD_VWAP_SURGE suppressed: today win rate 18.2% from 11 trades is below 40.0%
2026-06-04 11:25:33 [WARNING] core.strategy: BUY blocked | MARUTI | BUY_MACD_VWAP_SURGE suppressed: today win rate 18.2% from 11 trades is below 40.0%
2026-06-04 11:25:33 [WARNING] core.strategy: BUY blocked | DIVISLAB | BUY_MACD_VWAP_SURGE suppressed: today win rate 18.2% from 11 trades is below 40.0%
2026-06-04 11:25:38 [WARNING] core.strategy: BUY blocked | MARUTI | BUY_MACD_VWAP_SURGE suppressed: today win rate 18.2% from 11 trades is below 40.0%
2026-06-04 11:25:38 [WARNING] core.strategy: BUY blocked | DIVISLAB | BUY_MACD_VWAP_SURGE suppressed: today win rate 18.2% from 11 trades is below 40.0%
2026-06-04 11:25:44 [WARNING] core.strategy: BUY blocked | MARUTI | BUY_MACD_VWAP_SURGE suppressed: today win rate 18.2% from 11 trades is below 40.0%
2026-06-04 11:25:44 [WARNING] core.strategy: BUY blocked | DIVISLAB | BUY_MACD_VWAP_SURGE suppressed: today win rate 18.2% from 11 trades is below 40.0%
2026-06-04 11:25:49 [INFO] core.state_manager: [BRIEFING] Loading from data/session_briefing.json...
2026-06-04 11:25:49 [INFO] core.state_manager: [BRIEFING] Loaded Valid: 8 approved + 0 watchlist (MORNING_SCREENER)
2026-06-04 11:25:49 [WARNING] core.strategy: BUY blocked | MARUTI | BUY_MACD_VWAP_SURGE suppressed: today win rate 18.2% from 11 trades is below 40.0%
2026-06-04 11:25:49 [WARNING] core.strategy: BUY blocked | DIVISLAB | BUY_MACD_VWAP_SURGE suppressed: today win rate 18.2% from 11 trades is below 40.0%
2026-06-04 11:25:54 [WARNING] core.strategy: BUY blocked | MARUTI | BUY_MACD_VWAP_SURGE suppressed: today win rate 18.2% from 11 trades is below 40.0%
2026-06-04 11:25:54 [WARNING] core.strategy: BUY blocked | DIVISLAB | BUY_MACD_VWAP_SURGE suppressed: today win rate 18.2% from 11 trades is below 40.0%
2026-06-04 11:25:59 [WARNING] core.strategy: BUY blocked | MARUTI | BUY_MACD_VWAP_SURGE suppressed: today win rate 18.2% from 11 trades is below 40.0%
2026-06-04 11:25:59 [WARNING] core.strategy: BUY blocked | DIVISLAB | BUY_MACD_VWAP_SURGE suppressed: today win rate 18.2% from 11 trades is below 40.0%
2026-06-04 11:26:04 [WARNING] core.strategy: BUY blocked | MARUTI | BUY_MACD_VWAP_SURGE suppressed: today win rate 18.2% from 11 trades is below 40.0%
2026-06-04 11:26:04 [WARNING] core.strategy: BUY blocked | DIVISLAB | BUY_MACD_VWAP_SURGE suppressed: today win rate 18.2% from 11 trades is below 40.0%
2026-06-04 11:26:10 [WARNING] core.strategy: BUY blocked | MARUTI | BUY_MACD_VWAP_SURGE suppressed: today win rate 18.2% from 11 trades is below 40.0%
2026-06-04 11:26:10 [WARNING] core.strategy: BUY blocked | DIVISLAB | BUY_MACD_VWAP_SURGE suppressed: today win rate 18.2% from 11 trades is below 40.0%
2026-06-04 11:26:15 [WARNING] core.strategy: BUY blocked | MARUTI | BUY_MACD_VWAP_SURGE suppressed: today win rate 18.2% from 11 trades is below 40.0%
2026-06-04 11:26:15 [WARNING] core.strategy: BUY blocked | DIVISLAB | BUY_MACD_VWAP_SURGE suppressed: today win rate 18.2% from 11 trades is below 40.0%
2026-06-04 11:26:20 [INFO] core.strategy: ─── Scan summary (8 subscribed) ───
  [Cognition] MARUTI: ticks=262 | live_candles=4
  [Cognition] SUNPHARMA: ticks=547 | live_candles=4
  [Cognition] DIVISLAB: ticks=251 | live_candles=4
  [Cognition] RELIANCE: ticks=557 | live_candles=4
  [Cognition] BAJFINANCE: ticks=466 | live_candles=4
  [Cognition] SBIN: ticks=577 | live_candles=4
  [Cognition] AXISBANK: ticks=317 | live_candles=4
  [Cognition] ULTRACEMCO: ticks=285 | live_candles=4
2026-06-04 11:26:20 [WARNING] core.strategy: BUY blocked | MARUTI | BUY_MACD_VWAP_SURGE suppressed: today win rate 18.2% from 11 trades is below 40.0%
2026-06-04 11:26:20 [WARNING] core.strategy: BUY blocked | DIVISLAB | BUY_MACD_VWAP_SURGE suppressed: today win rate 18.2% from 11 trades is below 40.0%
2026-06-04 11:26:25 [WARNING] core.strategy: BUY blocked | MARUTI | BUY_MACD_VWAP_SURGE suppressed: today win rate 18.2% from 11 trades is below 40.0%
2026-06-04 11:26:25 [WARNING] core.strategy: BUY blocked | DIVISLAB | BUY_MACD_VWAP_SURGE suppressed: today win rate 18.2% from 11 trades is below 40.0%
2026-06-04 11:26:30 [WARNING] core.strategy: BUY blocked | MARUTI | BUY_MACD_VWAP_SURGE suppressed: today win rate 18.2% from 11 trades is below 40.0%
2026-06-04 11:26:30 [WARNING] core.strategy: BUY blocked | DIVISLAB | BUY_MACD_VWAP_SURGE suppressed: today win rate 18.2% from 11 trades is below 40.0%
2026-06-04 11:26:36 [WARNING] core.strategy: BUY blocked | MARUTI | BUY_MACD_VWAP_SURGE suppressed: today win rate 18.2% from 11 trades is below 40.0%
2026-06-04 11:26:36 [WARNING] core.strategy: BUY blocked | DIVISLAB | BUY_MACD_VWAP_SURGE suppressed: today win rate 18.2% from 11 trades is below 40.0%
2026-06-04 11:26:36 [INFO] core.data_fetcher: 📡 Live feed | ticks received: 8/8 symbols | active=['MARUTI', 'SUNPHARMA', 'DIVISLAB', 'RELIANCE', 'BAJFINANCE', 'SBIN', 'AXISBANK', 'ULTRACEMCO']
2026-06-04 11:26:41 [WARNING] core.strategy: BUY blocked | MARUTI | BUY_MACD_VWAP_SURGE suppressed: today win rate 18.2% from 11 trades is below 40.0%
2026-06-04 11:26:41 [WARNING] core.strategy: BUY blocked | DIVISLAB | BUY_MACD_VWAP_SURGE suppressed: today win rate 18.2% from 11 trades is below 40.0%
2026-06-04 11:26:46 [WARNING] core.strategy: BUY blocked | MARUTI | BUY_MACD_VWAP_SURGE suppressed: today win rate 18.2% from 11 trades is below 40.0%
2026-06-04 11:26:46 [WARNING] core.strategy: BUY blocked | DIVISLAB | BUY_MACD_VWAP_SURGE suppressed: today win rate 18.2% from 11 trades is below 40.0%
2026-06-04 11:26:51 [INFO] core.state_manager: [BRIEFING] Loading from data/session_briefing.json...
2026-06-04 11:26:51 [INFO] core.state_manager: [BRIEFING] Loaded Valid: 8 approved + 0 watchlist (MORNING_SCREENER)
2026-06-04 11:26:51 [WARNING] core.strategy: BUY blocked | MARUTI | BUY_MACD_VWAP_SURGE suppressed: today win rate 18.2% from 11 trades is below 40.0%
2026-06-04 11:26:51 [WARNING] core.strategy: BUY blocked | DIVISLAB | BUY_MACD_VWAP_SURGE suppressed: today win rate 18.2% from 11 trades is below 40.0%
2026-06-04 11:26:56 [WARNING] core.strategy: BUY blocked | MARUTI | BUY_MACD_VWAP_SURGE suppressed: today win rate 18.2% from 11 trades is below 40.0%
2026-06-04 11:26:56 [WARNING] core.strategy: BUY blocked | DIVISLAB | BUY_MACD_VWAP_SURGE suppressed: today win rate 18.2% from 11 trades is below 40.0%
2026-06-04 11:27:01 [WARNING] core.strategy: BUY blocked | MARUTI | BUY_MACD_VWAP_SURGE suppressed: today win rate 18.2% from 11 trades is below 40.0%
2026-06-04 11:27:02 [WARNING] core.strategy: BUY blocked | DIVISLAB | BUY_MACD_VWAP_SURGE suppressed: today win rate 18.2% from 11 trades is below 40.0%
2026-06-04 11:27:07 [WARNING] core.strategy: BUY blocked | MARUTI | BUY_MACD_VWAP_SURGE suppressed: today win rate 18.2% from 11 trades is below 40.0%
2026-06-04 11:27:07 [WARNING] core.strategy: BUY blocked | DIVISLAB | BUY_MACD_VWAP_SURGE suppressed: today win rate 18.2% from 11 trades is below 40.0%
2026-06-04 11:27:12 [WARNING] core.strategy: BUY blocked | MARUTI | BUY_MACD_VWAP_SURGE suppressed: today win rate 18.2% from 11 trades is below 40.0%
2026-06-04 11:27:12 [WARNING] core.strategy: BUY blocked | DIVISLAB | BUY_MACD_VWAP_SURGE suppressed: today win rate 18.2% from 11 trades is below 40.0%
2026-06-04 11:27:17 [WARNING] core.strategy: BUY blocked | MARUTI | BUY_MACD_VWAP_SURGE suppressed: today win rate 18.2% from 11 trades is below 40.0%
2026-06-04 11:27:17 [WARNING] core.strategy: BUY blocked | DIVISLAB | BUY_MACD_VWAP_SURGE suppressed: today win rate 18.2% from 11 trades is below 40.0%
2026-06-04 11:27:22 [WARNING] core.strategy: BUY blocked | MARUTI | BUY_MACD_VWAP_SURGE suppressed: today win rate 18.2% from 11 trades is below 40.0%
2026-06-04 11:27:22 [WARNING] core.strategy: BUY blocked | DIVISLAB | BUY_MACD_VWAP_SURGE suppressed: today win rate 18.2% from 11 trades is below 40.0%
2026-06-04 11:27:28 [WARNING] core.strategy: BUY blocked | MARUTI | BUY_MACD_VWAP_SURGE suppressed: today win rate 18.2% from 11 trades is below 40.0%
2026-06-04 11:27:28 [WARNING] core.strategy: BUY blocked | DIVISLAB | BUY_MACD_VWAP_SURGE suppressed: today win rate 18.2% from 11 trades is below 40.0%
2026-06-04 11:27:33 [WARNING] core.strategy: BUY blocked | MARUTI | BUY_MACD_VWAP_SURGE suppressed: today win rate 18.2% from 11 trades is below 40.0%
2026-06-04 11:27:33 [WARNING] core.strategy: BUY blocked | DIVISLAB | BUY_MACD_VWAP_SURGE suppressed: today win rate 18.2% from 11 trades is below 40.0%
2026-06-04 11:27:37 [INFO] apscheduler.executors.default: Running job "Market Observation Loop (trigger: interval[0:15:00], next run at: 2026-06-04 11:42:37 IST)" (scheduled at 2026-06-04 11:27:37.857335+05:30)
2026-06-04 11:27:37 [INFO] reflection.observation_loop: 🔍 Running observation cycle...
2026-06-04 11:27:37 [INFO] core.state_manager: [BRIEFING] Loading from data/session_briefing.json...
2026-06-04 11:27:37 [INFO] core.state_manager: [BRIEFING] Loaded Valid: 8 approved + 0 watchlist (MORNING_SCREENER)
2026-06-04 11:27:37 [INFO] reflection.observation_loop: 📊 Observation recorded:
   Market: RANGING | Trend: WEAK
   Vol: LOW | Breakouts: LOW
   Reversals: LOW
2026-06-04 11:27:37 [INFO] apscheduler.executors.default: Job "Market Observation Loop (trigger: interval[0:15:00], next run at: 2026-06-04 11:42:37 IST)" executed successfully
2026-06-04 11:27:38 [WARNING] core.strategy: BUY blocked | MARUTI | BUY_MACD_VWAP_SURGE suppressed: today win rate 18.2% from 11 trades is below 40.0%
2026-06-04 11:27:38 [WARNING] core.strategy: BUY blocked | DIVISLAB | BUY_MACD_VWAP_SURGE suppressed: today win rate 18.2% from 11 trades is below 40.0%
2026-06-04 11:27:43 [WARNING] core.strategy: BUY blocked | MARUTI | BUY_MACD_VWAP_SURGE suppressed: today win rate 18.2% from 11 trades is below 40.0%
2026-06-04 11:27:43 [INFO] core.strategy: BUY SIGNAL TRIGGERED
Symbol: SUNPHARMA
Price: 1779.2
Triggered Set: BUY_BREAKOUT_CONFIRMATION
Set Side: BUY
Confidence: base=72.0 signal_x=1.0 weight_x=1.0 time=10:00-11:30@1.0 market_x=1.0 advisory_x=0.99 final=71.3 min=65.0
Satisfied:
- Volume Breakout: VolSpike=True, PriceBreak=True, SMA=True
- Price above EMA20: Close=1779.2 > EMA20=1777.95
- Price above VWAP: Close=1779.2 > VWAP=1777.06
- RSI not overbought: RSI=51.0 < 65 ✓
Why: 4-gate fakeout filter. volume_breakout is a strong EVENT anchor. price_above_ema20, price_above_vwap, rsi_not_overbought are filters that eliminate false breakouts. Note: price_above_ema20 is slightly redundant (volume_breakout already checks SMA20) but kept as extra VWAP zone filter.
2026-06-04 11:27:43 [INFO] core.order_executor: ✅ Quantity calculated | Price: ₹1779.2 | Qty: 11 | Deployed: ₹19571 | Limiting: Allocation-limited | Risk: 22sh | Alloc: 11sh | Lever: 57sh | Buying Power: ₹101913 | Margin Used: ₹0
2026-06-04 11:27:43 [INFO] core.order_executor: 📋 [PAPER] BUY | SUNPHARMA | Qty: 11 | @ ₹1779.2 | SL: ₹1770.3 | Target: ₹1797.0
2026-06-04 11:27:43 [INFO] core.state_manager: Position saved: SUNPHARMA x11 | Target: 1797.0 | SL: 1770.3
2026-06-04 11:27:43 [WARNING] core.strategy: BUY blocked | DIVISLAB | BUY_MACD_VWAP_SURGE suppressed: today win rate 18.2% from 11 trades is below 40.0%
2026-06-04 11:27:48 [INFO] core.order_executor: 📈 TRAILING SL | SUNPHARMA | ₹1770.3 → ₹1770.4
2026-06-04 11:27:48 [WARNING] core.strategy: BUY blocked | MARUTI | BUY_MACD_VWAP_SURGE suppressed: today win rate 18.2% from 11 trades is below 40.0%
2026-06-04 11:27:48 [WARNING] core.strategy: BUY blocked | DIVISLAB | BUY_MACD_VWAP_SURGE suppressed: today win rate 18.2% from 11 trades is below 40.0%
2026-06-04 11:27:54 [INFO] core.state_manager: [BRIEFING] Loading from data/session_briefing.json...
2026-06-04 11:27:54 [INFO] core.state_manager: [BRIEFING] Loaded Valid: 8 approved + 0 watchlist (MORNING_SCREENER)
2026-06-04 11:27:54 [INFO] core.strategy: ─── Scan summary (8 subscribed) ───
  [Cognition] MARUTI: ticks=286 | live_candles=4
  [Cognition] SUNPHARMA: ticks=598 | live_candles=4
  [Cognition] DIVISLAB: ticks=277 | live_candles=4
  [Cognition] RELIANCE: ticks=618 | live_candles=4
  [Cognition] BAJFINANCE: ticks=531 | live_candles=4
  [Cognition] SBIN: ticks=643 | live_candles=4
  [Cognition] AXISBANK: ticks=386 | live_candles=4
  [Cognition] ULTRACEMCO: ticks=346 | live_candles=4
2026-06-04 11:27:54 [WARNING] core.strategy: BUY blocked | MARUTI | BUY_MACD_VWAP_SURGE suppressed: today win rate 18.2% from 11 trades is below 40.0%
2026-06-04 11:27:54 [WARNING] core.strategy: BUY blocked | DIVISLAB | BUY_MACD_VWAP_SURGE suppressed: today win rate 18.2% from 11 trades is below 40.0%
2026-06-04 11:27:59 [WARNING] core.strategy: BUY blocked | MARUTI | BUY_MACD_VWAP_SURGE suppressed: today win rate 18.2% from 11 trades is below 40.0%
2026-06-04 11:27:59 [WARNING] core.strategy: BUY blocked | DIVISLAB | BUY_MACD_VWAP_SURGE suppressed: today win rate 18.2% from 11 trades is below 40.0%
2026-06-04 11:28:04 [WARNING] core.strategy: BUY blocked | MARUTI | BUY_MACD_VWAP_SURGE suppressed: today win rate 18.2% from 11 trades is below 40.0%
2026-06-04 11:28:04 [WARNING] core.strategy: BUY blocked | DIVISLAB | BUY_MACD_VWAP_SURGE suppressed: today win rate 18.2% from 11 trades is below 40.0%
2026-06-04 11:28:09 [WARNING] core.strategy: BUY blocked | MARUTI | BUY_MACD_VWAP_SURGE suppressed: today win rate 18.2% from 11 trades is below 40.0%
2026-06-04 11:28:09 [WARNING] core.strategy: BUY blocked | DIVISLAB | BUY_MACD_VWAP_SURGE suppressed: today win rate 18.2% from 11 trades is below 40.0%
2026-06-04 11:28:14 [WARNING] core.strategy: BUY blocked | MARUTI | BUY_MACD_VWAP_SURGE suppressed: today win rate 18.2% from 11 trades is below 40.0%
2026-06-04 11:28:14 [WARNING] core.strategy: BUY blocked | DIVISLAB | BUY_MACD_VWAP_SURGE suppressed: today win rate 18.2% from 11 trades is below 40.0%
2026-06-04 11:28:19 [INFO] core.order_executor: 📈 TRAILING SL | SUNPHARMA | ₹1770.4 → ₹1770.6
2026-06-04 11:28:20 [WARNING] core.strategy: BUY blocked | MARUTI | BUY_MACD_VWAP_SURGE suppressed: today win rate 18.2% from 11 trades is below 40.0%
2026-06-04 11:28:20 [WARNING] core.strategy: BUY blocked | DIVISLAB | BUY_MACD_VWAP_SURGE suppressed: today win rate 18.2% from 11 trades is below 40.0%
2026-06-04 11:28:25 [WARNING] core.strategy: BUY blocked | MARUTI | BUY_MACD_VWAP_SURGE suppressed: today win rate 18.2% from 11 trades is below 40.0%
2026-06-04 11:28:25 [WARNING] core.strategy: BUY blocked | DIVISLAB | BUY_MACD_VWAP_SURGE suppressed: today win rate 18.2% from 11 trades is below 40.0%
2026-06-04 11:28:30 [WARNING] core.strategy: BUY blocked | MARUTI | BUY_MACD_VWAP_SURGE suppressed: today win rate 18.2% from 11 trades is below 40.0%
2026-06-04 11:28:30 [WARNING] core.strategy: BUY blocked | DIVISLAB | BUY_MACD_VWAP_SURGE suppressed: today win rate 18.2% from 11 trades is below 40.0%
2026-06-04 11:28:35 [WARNING] core.strategy: BUY blocked | MARUTI | BUY_MACD_VWAP_SURGE suppressed: today win rate 18.2% from 11 trades is below 40.0%
2026-06-04 11:28:35 [WARNING] core.strategy: BUY blocked | DIVISLAB | BUY_MACD_VWAP_SURGE suppressed: today win rate 18.2% from 11 trades is below 40.0%
2026-06-04 11:28:36 [INFO] core.data_fetcher: 📡 Live feed | ticks received: 8/8 symbols | active=['MARUTI', 'SUNPHARMA', 'DIVISLAB', 'RELIANCE', 'BAJFINANCE', 'SBIN', 'AXISBANK', 'ULTRACEMCO']
2026-06-04 11:28:40 [WARNING] core.strategy: BUY blocked | MARUTI | BUY_MACD_VWAP_SURGE suppressed: today win rate 18.2% from 11 trades is below 40.0%
2026-06-04 11:28:40 [WARNING] core.strategy: BUY blocked | DIVISLAB | BUY_MACD_VWAP_SURGE suppressed: today win rate 18.2% from 11 trades is below 40.0%
2026-06-04 11:28:45 [WARNING] core.strategy: BUY blocked | MARUTI | BUY_MACD_VWAP_SURGE suppressed: today win rate 18.2% from 11 trades is below 40.0%
2026-06-04 11:28:46 [WARNING] core.strategy: BUY blocked | DIVISLAB | BUY_MACD_VWAP_SURGE suppressed: today win rate 18.2% from 11 trades is below 40.0%
2026-06-04 11:28:51 [WARNING] core.strategy: BUY blocked | MARUTI | BUY_MACD_VWAP_SURGE suppressed: today win rate 18.2% from 11 trades is below 40.0%
2026-06-04 11:28:51 [WARNING] core.strategy: BUY blocked | DIVISLAB | BUY_MACD_VWAP_SURGE suppressed: today win rate 18.2% from 11 trades is below 40.0%
2026-06-04 11:28:56 [INFO] core.state_manager: [BRIEFING] Loading from data/session_briefing.json...
2026-06-04 11:28:56 [INFO] core.state_manager: [BRIEFING] Loaded Valid: 8 approved + 0 watchlist (MORNING_SCREENER)
2026-06-04 11:28:56 [WARNING] core.strategy: BUY blocked | MARUTI | BUY_MACD_VWAP_SURGE suppressed: today win rate 18.2% from 11 trades is below 40.0%
2026-06-04 11:28:56 [WARNING] core.strategy: BUY blocked | DIVISLAB | BUY_MACD_VWAP_SURGE suppressed: today win rate 18.2% from 11 trades is below 40.0%
2026-06-04 11:29:01 [WARNING] core.strategy: BUY blocked | MARUTI | BUY_MACD_VWAP_SURGE suppressed: today win rate 18.2% from 11 trades is below 40.0%
2026-06-04 11:29:01 [WARNING] core.strategy: BUY blocked | DIVISLAB | BUY_MACD_VWAP_SURGE suppressed: today win rate 18.2% from 11 trades is below 40.0%
2026-06-04 11:29:06 [WARNING] core.strategy: BUY blocked | MARUTI | BUY_MACD_VWAP_SURGE suppressed: today win rate 18.2% from 11 trades is below 40.0%
2026-06-04 11:29:06 [WARNING] core.strategy: BUY blocked | DIVISLAB | BUY_MACD_VWAP_SURGE suppressed: today win rate 18.2% from 11 trades is below 40.0%
2026-06-04 11:29:11 [WARNING] core.strategy: BUY blocked | MARUTI | BUY_MACD_VWAP_SURGE suppressed: today win rate 18.2% from 11 trades is below 40.0%
2026-06-04 11:29:11 [WARNING] core.strategy: BUY blocked | DIVISLAB | BUY_MACD_VWAP_SURGE suppressed: today win rate 18.2% from 11 trades is below 40.0%
2026-06-04 11:29:17 [WARNING] core.strategy: BUY blocked | MARUTI | BUY_MACD_VWAP_SURGE suppressed: today win rate 18.2% from 11 trades is below 40.0%
2026-06-04 11:29:17 [WARNING] core.strategy: BUY blocked | DIVISLAB | BUY_MACD_VWAP_SURGE suppressed: today win rate 18.2% from 11 trades is below 40.0%
2026-06-04 11:29:22 [WARNING] core.strategy: BUY blocked | MARUTI | BUY_MACD_VWAP_SURGE suppressed: today win rate 18.2% from 11 trades is below 40.0%
2026-06-04 11:29:22 [WARNING] core.strategy: BUY blocked | DIVISLAB | BUY_MACD_VWAP_SURGE suppressed: today win rate 18.2% from 11 trades is below 40.0%
2026-06-04 11:29:27 [INFO] core.strategy: ─── Scan summary (8 subscribed) ───
  [Cognition] MARUTI: ticks=322 | live_candles=4
  [Cognition] SUNPHARMA: ticks=642 | live_candles=4
  [Cognition] DIVISLAB: ticks=312 | live_candles=4
  [Cognition] RELIANCE: ticks=683 | live_candles=4
  [Cognition] BAJFINANCE: ticks=587 | live_candles=4
  [Cognition] SBIN: ticks=712 | live_candles=4
  [Cognition] AXISBANK: ticks=458 | live_candles=4
  [Cognition] ULTRACEMCO: ticks=395 | live_candles=4
2026-06-04 11:29:27 [WARNING] core.strategy: BUY blocked | MARUTI | BUY_MACD_VWAP_SURGE suppressed: today win rate 18.2% from 11 trades is below 40.0%
2026-06-04 11:29:27 [WARNING] core.strategy: BUY blocked | DIVISLAB | BUY_MACD_VWAP_SURGE suppressed: today win rate 18.2% from 11 trades is below 40.0%
2026-06-04 11:29:32 [WARNING] core.strategy: BUY blocked | MARUTI | BUY_MACD_VWAP_SURGE suppressed: today win rate 18.2% from 11 trades is below 40.0%
2026-06-04 11:29:32 [WARNING] core.strategy: BUY blocked | DIVISLAB | BUY_MACD_VWAP_SURGE suppressed: today win rate 18.2% from 11 trades is below 40.0%
2026-06-04 11:29:37 [INFO] core.order_executor: 📈 TRAILING SL | SUNPHARMA | ₹1770.6 → ₹1770.8
2026-06-04 11:29:37 [WARNING] core.strategy: BUY blocked | MARUTI | BUY_MACD_VWAP_SURGE suppressed: today win rate 18.2% from 11 trades is below 40.0%
2026-06-04 11:29:37 [WARNING] core.strategy: BUY blocked | DIVISLAB | BUY_MACD_VWAP_SURGE suppressed: today win rate 18.2% from 11 trades is below 40.0%
2026-06-04 11:29:43 [WARNING] core.strategy: BUY blocked | MARUTI | BUY_MACD_VWAP_SURGE suppressed: today win rate 18.2% from 11 trades is below 40.0%
2026-06-04 11:29:43 [WARNING] core.strategy: BUY blocked | DIVISLAB | BUY_MACD_VWAP_SURGE suppressed: today win rate 18.2% from 11 trades is below 40.0%
2026-06-04 11:29:48 [INFO] core.order_executor: 📈 TRAILING SL | SUNPHARMA | ₹1770.8 → ₹1771.1
2026-06-04 11:29:48 [WARNING] core.strategy: BUY blocked | MARUTI | BUY_MACD_VWAP_SURGE suppressed: today win rate 18.2% from 11 trades is below 40.0%
2026-06-04 11:29:48 [WARNING] core.strategy: BUY blocked | DIVISLAB | BUY_MACD_VWAP_SURGE suppressed: today win rate 18.2% from 11 trades is below 40.0%
2026-06-04 11:29:53 [WARNING] core.strategy: BUY blocked | MARUTI | BUY_MACD_VWAP_SURGE suppressed: today win rate 18.2% from 11 trades is below 40.0%
2026-06-04 11:29:53 [WARNING] core.strategy: BUY blocked | DIVISLAB | BUY_MACD_VWAP_SURGE suppressed: today win rate 18.2% from 11 trades is below 40.0%
2026-06-04 11:29:58 [INFO] core.state_manager: [BRIEFING] Loading from data/session_briefing.json...
2026-06-04 11:29:58 [INFO] core.state_manager: [BRIEFING] Loaded Valid: 8 approved + 0 watchlist (MORNING_SCREENER)
2026-06-04 11:29:58 [WARNING] core.strategy: BUY blocked | MARUTI | BUY_MACD_VWAP_SURGE suppressed: today win rate 18.2% from 11 trades is below 40.0%
2026-06-04 11:29:58 [WARNING] core.strategy: BUY blocked | DIVISLAB | BUY_MACD_VWAP_SURGE suppressed: today win rate 18.2% from 11 trades is below 40.0%
2026-06-04 11:30:00 [INFO] core.data_fetcher: 🕯️ Candle closed: SBIN | 2026-06-04 11:25 | O:981.70 H:981.90 L:980.60 C:980.80 V:1345246244.0
2026-06-04 11:30:00 [INFO] core.data_fetcher: 🕯️ Candle closed: RELIANCE | 2026-06-04 11:25 | O:1302.60 H:1303.30 L:1302.00 C:1303.10 V:911322461.0
2026-06-04 11:30:00 [INFO] core.data_fetcher: 🕯️ Candle closed: BAJFINANCE | 2026-06-04 11:25 | O:872.55 H:872.95 L:871.25 C:872.25 V:481352746.0
2026-06-04 11:30:01 [INFO] core.data_fetcher: 🕯️ Candle closed: SUNPHARMA | 2026-06-04 11:25 | O:1775.30 H:1780.00 L:1775.00 C:1779.20 V:52271666.0
2026-06-04 11:30:02 [INFO] core.data_fetcher: 🕯️ Candle closed: MARUTI | 2026-06-04 11:25 | O:13165.00 H:13167.00 L:13158.00 C:13161.00 V:10690117.0
2026-06-04 11:30:02 [INFO] core.data_fetcher: 🕯️ Candle closed: AXISBANK | 2026-06-04 11:25 | O:1250.00 H:1253.00 L:1250.00 C:1252.50 V:457952477.0
2026-06-04 11:30:03 [INFO] core.data_fetcher: 🕯️ Candle closed: DIVISLAB | 2026-06-04 11:25 | O:6693.50 H:6700.00 L:6690.50 C:6692.00 V:6193331.0
2026-06-04 11:30:03 [WARNING] core.strategy: BUY blocked | MARUTI | BUY_MACD_VWAP_SURGE suppressed: today win rate 18.2% from 11 trades is below 40.0%
2026-06-04 11:30:03 [INFO] core.strategy: BUY SIGNAL TRIGGERED
Symbol: AXISBANK
Price: 1252.9
Triggered Set: BUY_BREAKOUT_CONFIRMATION
Set Side: BUY
Confidence: base=72.0 signal_x=1.0 weight_x=1.0 time=11:30-1:00@1.0 market_x=1.0 advisory_x=0.99 final=71.3 min=65.0
Satisfied:
- Volume Breakout: VolSpike=True, PriceBreak=True, SMA=True
- Price above EMA20: Close=1252.9 > EMA20=1252.29
- Price above VWAP: Close=1252.9 > VWAP=1251.77
- RSI not overbought: RSI=50.8 < 65 ✓
Why: 4-gate fakeout filter. volume_breakout is a strong EVENT anchor. price_above_ema20, price_above_vwap, rsi_not_overbought are filters that eliminate false breakouts. Note: price_above_ema20 is slightly redundant (volume_breakout already checks SMA20) but kept as extra VWAP zone filter.
2026-06-04 11:30:03 [INFO] core.order_executor: ✅ Quantity calculated | Price: ₹1252.9 | Qty: 16 | Deployed: ₹20046 | Limiting: Allocation-limited | Risk: 32sh | Alloc: 16sh | Lever: 65sh | Buying Power: ₹101913 | Margin Used: ₹0
2026-06-04 11:30:03 [INFO] core.order_executor: 📋 [PAPER] BUY | AXISBANK | Qty: 16 | @ ₹1252.9 | SL: ₹1246.64 | Target: ₹1265.42
2026-06-04 11:30:03 [INFO] core.state_manager: Position saved: AXISBANK x16 | Target: 1265.42 | SL: 1246.64
2026-06-04 11:30:04 [INFO] core.data_fetcher: 🕯️ Candle closed: ULTRACEMCO | 2026-06-04 11:25 | O:11026.00 H:11037.00 L:11015.00 C:11021.00 V:21304207.0
2026-06-04 11:30:08 [WARNING] core.strategy: BUY blocked | MARUTI | BUY_MACD_VWAP_SURGE suppressed: today win rate 18.2% from 11 trades is below 40.0%
2026-06-04 11:30:08 [WARNING] core.strategy: BUY blocked | DIVISLAB | BUY_MACD_VWAP_SURGE suppressed: today win rate 18.2% from 11 trades is below 40.0%
2026-06-04 11:30:14 [WARNING] core.strategy: BUY blocked | MARUTI | BUY_MACD_VWAP_SURGE suppressed: today win rate 18.2% from 11 trades is below 40.0%
2026-06-04 11:30:14 [WARNING] core.strategy: BUY blocked | DIVISLAB | BUY_MACD_VWAP_SURGE suppressed: today win rate 18.2% from 11 trades is below 40.0%
2026-06-04 11:30:19 [WARNING] core.strategy: BUY blocked | MARUTI | BUY_MACD_VWAP_SURGE suppressed: today win rate 18.2% from 11 trades is below 40.0%
2026-06-04 11:30:19 [WARNING] core.strategy: BUY blocked | DIVISLAB | BUY_MACD_VWAP_SURGE suppressed: today win rate 18.2% from 11 trades is below 40.0%
2026-06-04 11:30:24 [WARNING] core.strategy: BUY blocked | MARUTI | BUY_MACD_VWAP_SURGE suppressed: today win rate 18.2% from 11 trades is below 40.0%
2026-06-04 11:30:24 [WARNING] core.strategy: BUY blocked | DIVISLAB | BUY_MACD_VWAP_SURGE suppressed: today win rate 18.2% from 11 trades is below 40.0%
2026-06-04 11:30:29 [WARNING] core.strategy: BUY blocked | MARUTI | BUY_MACD_VWAP_SURGE suppressed: today win rate 18.2% from 11 trades is below 40.0%
2026-06-04 11:30:29 [WARNING] core.strategy: BUY blocked | DIVISLAB | BUY_MACD_VWAP_SURGE suppressed: today win rate 18.2% from 11 trades is below 40.0%
2026-06-04 11:30:34 [WARNING] core.strategy: BUY blocked | MARUTI | BUY_MACD_VWAP_SURGE suppressed: today win rate 18.2% from 11 trades is below 40.0%
2026-06-04 11:30:34 [WARNING] core.strategy: BUY blocked | DIVISLAB | BUY_MACD_VWAP_SURGE suppressed: today win rate 18.2% from 11 trades is below 40.0%
2026-06-04 11:30:36 [INFO] core.data_fetcher: 📡 Live feed | ticks received: 8/8 symbols | active=['MARUTI', 'SUNPHARMA', 'DIVISLAB', 'RELIANCE', 'BAJFINANCE', 'SBIN', 'AXISBANK', 'ULTRACEMCO']
2026-06-04 11:30:40 [WARNING] core.strategy: BUY blocked | MARUTI | BUY_MACD_VWAP_SURGE suppressed: today win rate 18.2% from 11 trades is below 40.0%
2026-06-04 11:30:40 [WARNING] core.strategy: BUY blocked | DIVISLAB | BUY_MACD_VWAP_SURGE suppressed: today win rate 18.2% from 11 trades is below 40.0%
2026-06-04 11:30:45 [WARNING] core.strategy: BUY blocked | MARUTI | BUY_MACD_VWAP_SURGE suppressed: today win rate 18.2% from 11 trades is below 40.0%
2026-06-04 11:30:45 [WARNING] core.strategy: BUY blocked | DIVISLAB | BUY_MACD_VWAP_SURGE suppressed: today win rate 18.2% from 11 trades is below 40.0%
2026-06-04 11:30:50 [WARNING] core.strategy: BUY blocked | MARUTI | BUY_MACD_VWAP_SURGE suppressed: today win rate 18.2% from 11 trades is below 40.0%
2026-06-04 11:30:50 [WARNING] core.strategy: BUY blocked | DIVISLAB | BUY_MACD_VWAP_SURGE suppressed: today win rate 18.2% from 11 trades is below 40.0%
2026-06-04 11:30:55 [WARNING] core.strategy: BUY blocked | MARUTI | BUY_MACD_VWAP_SURGE suppressed: today win rate 18.2% from 11 trades is below 40.0%
2026-06-04 11:30:55 [WARNING] core.strategy: BUY blocked | DIVISLAB | BUY_MACD_VWAP_SURGE suppressed: today win rate 18.2% from 11 trades is below 40.0%
2026-06-04 11:31:00 [INFO] core.state_manager: [BRIEFING] Loading from data/session_briefing.json...
2026-06-04 11:31:00 [INFO] core.state_manager: [BRIEFING] Loaded Valid: 8 approved + 0 watchlist (MORNING_SCREENER)
2026-06-04 11:31:00 [INFO] core.strategy: ─── Scan summary (8 subscribed) ───
  [Cognition] MARUTI: ticks=359 | live_candles=5
  [Cognition] SUNPHARMA: ticks=696 | live_candles=5
  [Cognition] DIVISLAB: ticks=335 | live_candles=5
  [Cognition] RELIANCE: ticks=752 | live_candles=5
  [Cognition] BAJFINANCE: ticks=641 | live_candles=5
  [Cognition] SBIN: ticks=780 | live_candles=5
  [Cognition] AXISBANK: ticks=500 | live_candles=5
  [Cognition] ULTRACEMCO: ticks=436 | live_candles=5
2026-06-04 11:31:00 [WARNING] core.strategy: BUY blocked | MARUTI | BUY_MACD_VWAP_SURGE suppressed: today win rate 18.2% from 11 trades is below 40.0%
2026-06-04 11:31:00 [WARNING] core.strategy: BUY blocked | DIVISLAB | BUY_MACD_VWAP_SURGE suppressed: today win rate 18.2% from 11 trades is below 40.0%
2026-06-04 11:31:05 [WARNING] core.strategy: BUY blocked | DIVISLAB | BUY_MACD_VWAP_SURGE suppressed: today win rate 18.2% from 11 trades is below 40.0%
2026-06-04 11:31:11 [WARNING] core.strategy: BUY blocked | DIVISLAB | BUY_MACD_VWAP_SURGE suppressed: today win rate 18.2% from 11 trades is below 40.0%
2026-06-04 11:31:16 [WARNING] core.strategy: BUY blocked | DIVISLAB | BUY_MACD_VWAP_SURGE suppressed: today win rate 18.2% from 11 trades is below 40.0%
2026-06-04 11:31:21 [WARNING] core.strategy: BUY blocked | DIVISLAB | BUY_MACD_VWAP_SURGE suppressed: today win rate 18.2% from 11 trades is below 40.0%
2026-06-04 11:31:26 [WARNING] core.strategy: BUY blocked | MARUTI | BUY_MACD_VWAP_SURGE suppressed: today win rate 18.2% from 11 trades is below 40.0%
2026-06-04 11:31:26 [WARNING] core.strategy: BUY blocked | DIVISLAB | BUY_MACD_VWAP_SURGE suppressed: today win rate 18.2% from 11 trades is below 40.0%
2026-06-04 11:31:31 [WARNING] core.strategy: BUY blocked | MARUTI | BUY_MACD_VWAP_SURGE suppressed: today win rate 18.2% from 11 trades is below 40.0%
2026-06-04 11:31:31 [WARNING] core.strategy: BUY blocked | DIVISLAB | BUY_MACD_VWAP_SURGE suppressed: today win rate 18.2% from 11 trades is below 40.0%
2026-06-04 11:31:36 [WARNING] core.strategy: BUY blocked | DIVISLAB | BUY_MACD_VWAP_SURGE suppressed: today win rate 18.2% from 11 trades is below 40.0%
2026-06-04 11:31:41 [WARNING] core.strategy: BUY blocked | MARUTI | BUY_MACD_VWAP_SURGE suppressed: today win rate 18.2% from 11 trades is below 40.0%
2026-06-04 11:31:41 [WARNING] core.strategy: BUY blocked | DIVISLAB | BUY_MACD_VWAP_SURGE suppressed: today win rate 18.2% from 11 trades is below 40.0%
2026-06-04 11:31:47 [WARNING] core.strategy: BUY blocked | DIVISLAB | BUY_MACD_VWAP_SURGE suppressed: today win rate 18.2% from 11 trades is below 40.0%
2026-06-04 11:31:52 [WARNING] core.strategy: BUY blocked | DIVISLAB | BUY_MACD_VWAP_SURGE suppressed: today win rate 18.2% from 11 trades is below 40.0%
2026-06-04 11:31:57 [WARNING] core.strategy: BUY blocked | DIVISLAB | BUY_MACD_VWAP_SURGE suppressed: today win rate 18.2% from 11 trades is below 40.0%
2026-06-04 11:32:02 [INFO] core.state_manager: [BRIEFING] Loading from data/session_briefing.json...
2026-06-04 11:32:02 [INFO] core.state_manager: [BRIEFING] Loaded Valid: 8 approved + 0 watchlist (MORNING_SCREENER)
2026-06-04 11:32:02 [WARNING] core.strategy: BUY blocked | DIVISLAB | BUY_MACD_VWAP_SURGE suppressed: today win rate 18.2% from 11 trades is below 40.0%
2026-06-04 11:32:07 [INFO] core.strategy: SELL SIGNAL TRIGGERED
Symbol: AXISBANK
Price: 1249.6
Triggered Set: SELL_BREAKDOWN_CONFIRMED
Set Side: SELL
Confidence: 
Satisfied:
- Price below recent support: Close=1249.6, Support=1250.0
- EMA20 Breakdown: Price broke below EMA20 in last 3 candles
Why: Support broken AND EMA confirms breakdown. Both are EVENT conditions. Reliable structural exit — not noise, not a fake dip.
2026-06-04 11:32:07 [INFO] core.order_executor: 📋 [PAPER] SELL | AXISBANK | Qty: 16 | @ ₹1249.6 | Reason: SELL_SET:SELL_BREAKDOWN_CONFIRMED
2026-06-04 11:32:07 [INFO] core.state_manager: Position closed: AXISBANK | 1249.6 | P&L: -52.80 | SELL_SET:SELL_BREAKDOWN_CONFIRMED | price_source=ws_ltp
2026-06-04 11:32:07 [WARNING] core.strategy: BUY blocked | DIVISLAB | BUY_MACD_VWAP_SURGE suppressed: today win rate 18.2% from 11 trades is below 40.0%
2026-06-04 11:32:12 [WARNING] core.strategy: BUY blocked | DIVISLAB | BUY_MACD_VWAP_SURGE suppressed: today win rate 18.2% from 11 trades is below 40.0%
2026-06-04 11:32:17 [WARNING] core.strategy: BUY blocked | DIVISLAB | BUY_MACD_VWAP_SURGE suppressed: today win rate 18.2% from 11 trades is below 40.0%
2026-06-04 11:32:23 [WARNING] core.strategy: BUY blocked | DIVISLAB | BUY_MACD_VWAP_SURGE suppressed: today win rate 18.2% from 11 trades is below 40.0%
2026-06-04 11:32:28 [WARNING] core.strategy: BUY blocked | DIVISLAB | BUY_MACD_VWAP_SURGE suppressed: today win rate 18.2% from 11 trades is below 40.0%
2026-06-04 11:32:33 [INFO] core.strategy: ─── Scan summary (8 subscribed) ───
  [Cognition] MARUTI: ticks=401 | live_candles=5
  [Cognition] SUNPHARMA: ticks=750 | live_candles=5
  [Cognition] DIVISLAB: ticks=363 | live_candles=5
  [Cognition] RELIANCE: ticks=831 | live_candles=5
  [Cognition] BAJFINANCE: ticks=697 | live_candles=5
  [Cognition] SBIN: ticks=847 | live_candles=5
  [Cognition] AXISBANK: ticks=542 | live_candles=5
  [Cognition] ULTRACEMCO: ticks=475 | live_candles=5
2026-06-04 11:32:33 [WARNING] core.strategy: BUY blocked | DIVISLAB | BUY_MACD_VWAP_SURGE suppressed: today win rate 18.2% from 11 trades is below 40.0%
2026-06-04 11:32:37 [INFO] core.data_fetcher: 📡 Live feed | ticks received: 8/8 symbols | active=['MARUTI', 'SUNPHARMA', 'DIVISLAB', 'RELIANCE', 'BAJFINANCE', 'SBIN', 'AXISBANK', 'ULTRACEMCO']
2026-06-04 11:33:04 [INFO] core.state_manager: [BRIEFING] Loading from data/session_briefing.json...
2026-06-04 11:33:04 [INFO] core.state_manager: [BRIEFING] Loaded Valid: 8 approved + 0 watchlist (MORNING_SCREENER)
2026-06-04 11:33:19 [WARNING] core.strategy: BUY blocked | MARUTI | BUY_MACD_VWAP_SURGE suppressed: today win rate 18.2% from 11 trades is below 40.0%
2026-06-04 11:33:24 [WARNING] core.strategy: BUY blocked | MARUTI | BUY_MACD_VWAP_SURGE suppressed: today win rate 18.2% from 11 trades is below 40.0%
2026-06-04 11:33:29 [WARNING] core.strategy: BUY blocked | MARUTI | BUY_MACD_VWAP_SURGE suppressed: today win rate 18.2% from 11 trades is below 40.0%
2026-06-04 11:33:35 [WARNING] core.strategy: BUY blocked | MARUTI | BUY_MACD_VWAP_SURGE suppressed: today win rate 18.2% from 11 trades is below 40.0%
2026-06-04 11:33:40 [WARNING] core.strategy: BUY blocked | MARUTI | BUY_MACD_VWAP_SURGE suppressed: today win rate 18.2% from 11 trades is below 40.0%
2026-06-04 11:33:40 [WARNING] core.strategy: BUY blocked | DIVISLAB | BUY_MACD_VWAP_SURGE suppressed: today win rate 18.2% from 11 trades is below 40.0%
2026-06-04 11:33:45 [WARNING] core.strategy: BUY blocked | MARUTI | BUY_MACD_VWAP_SURGE suppressed: today win rate 18.2% from 11 trades is below 40.0%
2026-06-04 11:33:50 [WARNING] core.strategy: BUY blocked | MARUTI | BUY_MACD_VWAP_SURGE suppressed: today win rate 18.2% from 11 trades is below 40.0%
2026-06-04 11:33:55 [WARNING] core.strategy: BUY blocked | MARUTI | BUY_MACD_VWAP_SURGE suppressed: today win rate 18.2% from 11 trades is below 40.0%
2026-06-04 11:34:00 [WARNING] core.strategy: BUY blocked | MARUTI | BUY_MACD_VWAP_SURGE suppressed: today win rate 18.2% from 11 trades is below 40.0%
2026-06-04 11:34:05 [INFO] core.state_manager: [BRIEFING] Loading from data/session_briefing.json...
2026-06-04 11:34:05 [INFO] core.state_manager: [BRIEFING] Loaded Valid: 8 approved + 0 watchlist (MORNING_SCREENER)
2026-06-04 11:34:05 [INFO] core.strategy: ─── Scan summary (8 subscribed) ───
  [Cognition] MARUTI: ticks=449 | live_candles=5
  [Cognition] SUNPHARMA: ticks=803 | live_candles=5
  [Cognition] DIVISLAB: ticks=396 | live_candles=5
  [Cognition] RELIANCE: ticks=909 | live_candles=5
  [Cognition] BAJFINANCE: ticks=752 | live_candles=5
  [Cognition] SBIN: ticks=937 | live_candles=5
  [Cognition] AXISBANK: ticks=612 | live_candles=5
  [Cognition] ULTRACEMCO: ticks=519 | live_candles=5
2026-06-04 11:34:05 [WARNING] core.strategy: BUY blocked | MARUTI | BUY_MACD_VWAP_SURGE suppressed: today win rate 18.2% from 11 trades is below 40.0%
2026-06-04 11:34:11 [WARNING] core.strategy: BUY blocked | MARUTI | BUY_MACD_VWAP_SURGE suppressed: today win rate 18.2% from 11 trades is below 40.0%
2026-06-04 11:34:16 [WARNING] core.strategy: BUY blocked | MARUTI | BUY_MACD_VWAP_SURGE suppressed: today win rate 18.2% from 11 trades is below 40.0%
2026-06-04 11:34:21 [WARNING] core.strategy: BUY blocked | MARUTI | BUY_MACD_VWAP_SURGE suppressed: today win rate 18.2% from 11 trades is below 40.0%
2026-06-04 11:34:26 [WARNING] core.strategy: BUY blocked | MARUTI | BUY_MACD_VWAP_SURGE suppressed: today win rate 18.2% from 11 trades is below 40.0%
2026-06-04 11:34:26 [WARNING] core.strategy: BUY blocked | DIVISLAB | BUY_MACD_VWAP_SURGE suppressed: today win rate 18.2% from 11 trades is below 40.0%
2026-06-04 11:34:31 [WARNING] core.strategy: BUY blocked | MARUTI | BUY_MACD_VWAP_SURGE suppressed: today win rate 18.2% from 11 trades is below 40.0%
2026-06-04 11:34:36 [WARNING] core.strategy: BUY blocked | MARUTI | BUY_MACD_VWAP_SURGE suppressed: today win rate 18.2% from 11 trades is below 40.0%
2026-06-04 11:34:37 [INFO] core.data_fetcher: 📡 Live feed | ticks received: 8/8 symbols | active=['MARUTI', 'SUNPHARMA', 'DIVISLAB', 'RELIANCE', 'BAJFINANCE', 'SBIN', 'AXISBANK', 'ULTRACEMCO']
2026-06-04 11:34:41 [WARNING] core.strategy: BUY blocked | MARUTI | BUY_MACD_VWAP_SURGE suppressed: today win rate 18.2% from 11 trades is below 40.0%
2026-06-04 11:34:42 [INFO] core.strategy: BUY SIGNAL TRIGGERED
Symbol: AXISBANK
Price: 1253.0
Triggered Set: BUY_BREAKOUT_CONFIRMATION
Set Side: BUY
Confidence: base=72.0 signal_x=1.0 weight_x=1.0 time=11:30-1:00@1.0 market_x=1.0 advisory_x=0.99 final=71.3 min=65.0
Satisfied:
- Volume Breakout: VolSpike=True, PriceBreak=True, SMA=True
- Price above EMA20: Close=1253.0 > EMA20=1252.3
- Price above VWAP: Close=1253.0 > VWAP=1251.75
- RSI not overbought: RSI=51.1 < 65 ✓
Why: 4-gate fakeout filter. volume_breakout is a strong EVENT anchor. price_above_ema20, price_above_vwap, rsi_not_overbought are filters that eliminate false breakouts. Note: price_above_ema20 is slightly redundant (volume_breakout already checks SMA20) but kept as extra VWAP zone filter.
2026-06-04 11:34:42 [INFO] core.order_executor: ✅ Quantity calculated | Price: ₹1253.0 | Qty: 16 | Deployed: ₹20048 | Limiting: Allocation-limited | Risk: 32sh | Alloc: 16sh | Lever: 65sh | Buying Power: ₹101648 | Margin Used: ₹0
2026-06-04 11:34:42 [INFO] core.order_executor: 📋 [PAPER] BUY | AXISBANK | Qty: 16 | @ ₹1253.0 | SL: ₹1246.73 | Target: ₹1265.54
2026-06-04 11:34:42 [INFO] core.state_manager: Position saved: AXISBANK x16 | Target: 1265.54 | SL: 1246.73
2026-06-04 11:34:47 [WARNING] core.strategy: BUY blocked | MARUTI | BUY_MACD_VWAP_SURGE suppressed: today win rate 18.2% from 11 trades is below 40.0%
2026-06-04 11:34:52 [WARNING] core.strategy: BUY blocked | MARUTI | BUY_MACD_VWAP_SURGE suppressed: today win rate 18.2% from 11 trades is below 40.0%
2026-06-04 11:34:57 [WARNING] core.strategy: BUY blocked | MARUTI | BUY_MACD_VWAP_SURGE suppressed: today win rate 18.2% from 11 trades is below 40.0%
2026-06-04 11:35:00 [INFO] core.data_fetcher: 🕯️ Candle closed: ULTRACEMCO | 2026-06-04 11:30 | O:11020.00 H:11021.00 L:10995.00 C:10999.00 V:17746703.0
2026-06-04 11:35:00 [INFO] core.data_fetcher: 🕯️ Candle closed: SBIN | 2026-06-04 11:30 | O:980.85 H:982.35 L:980.00 C:982.35 V:1579466976.0
2026-06-04 11:35:00 [INFO] core.data_fetcher: 🕯️ Candle closed: MARUTI | 2026-06-04 11:30 | O:13158.00 H:13184.00 L:13126.00 C:13184.00 V:14468640.0
2026-06-04 11:35:01 [INFO] core.data_fetcher: 🕯️ Candle closed: AXISBANK | 2026-06-04 11:30 | O:1252.90 H:1253.00 L:1249.10 C:1252.90 V:499526598.0
2026-06-04 11:35:01 [INFO] core.data_fetcher: 🕯️ Candle closed: BAJFINANCE | 2026-06-04 11:30 | O:872.05 H:873.60 L:871.00 C:873.60 V:496473705.0
2026-06-04 11:35:02 [INFO] core.data_fetcher: 🕯️ Candle closed: DIVISLAB | 2026-06-04 11:30 | O:6694.50 H:6695.00 L:6674.50 C:6676.00 V:7709707.0
2026-06-04 11:35:02 [WARNING] core.strategy: BUY blocked | MARUTI | BUY_MACD_VWAP_SURGE suppressed: today win rate 18.2% from 11 trades is below 40.0%
2026-06-04 11:35:02 [INFO] core.data_fetcher: 🕯️ Candle closed: SUNPHARMA | 2026-06-04 11:30 | O:1779.60 H:1780.00 L:1778.00 C:1779.70 V:47463206.0
2026-06-04 11:35:04 [INFO] core.data_fetcher: 🕯️ Candle closed: RELIANCE | 2026-06-04 11:30 | O:1302.90 H:1304.00 L:1302.00 C:1304.00 V:1102853576.0
2026-06-04 11:35:07 [INFO] core.state_manager: [BRIEFING] Loading from data/session_briefing.json...
2026-06-04 11:35:07 [INFO] core.state_manager: [BRIEFING] Loaded Valid: 8 approved + 0 watchlist (MORNING_SCREENER)
2026-06-04 11:35:07 [WARNING] core.strategy: BUY blocked | MARUTI | BUY_MACD_VWAP_SURGE suppressed: today win rate 18.2% from 11 trades is below 40.0%
2026-06-04 11:35:07 [INFO] core.strategy: BUY SIGNAL TRIGGERED
Symbol: RELIANCE
Price: 1304.4
Triggered Set: BUY_BREAKOUT_CONFIRMATION
Set Side: BUY
Confidence: base=72.0 signal_x=1.0 weight_x=1.0 time=11:30-1:00@1.0 market_x=1.0 advisory_x=0.99 final=71.3 min=65.0
Satisfied:
- Volume Breakout: VolSpike=True, PriceBreak=True, SMA=True
- Price above EMA20: Close=1304.4 > EMA20=1304.24
- Price above VWAP: Close=1304.4 > VWAP=1303.41
- RSI not overbought: RSI=48.1 < 65 ✓
Why: 4-gate fakeout filter. volume_breakout is a strong EVENT anchor. price_above_ema20, price_above_vwap, rsi_not_overbought are filters that eliminate false breakouts. Note: price_above_ema20 is slightly redundant (volume_breakout already checks SMA20) but kept as extra VWAP zone filter.
2026-06-04 11:35:07 [INFO] core.order_executor: ✅ Quantity calculated | Price: ₹1304.4 | Qty: 15 | Deployed: ₹19566 | Limiting: Allocation-limited | Risk: 31sh | Alloc: 15sh | Lever: 47sh | Buying Power: ₹101648 | Margin Used: ₹0
2026-06-04 11:35:07 [INFO] core.order_executor: 📋 [PAPER] BUY | RELIANCE | Qty: 15 | @ ₹1304.4 | SL: ₹1297.88 | Target: ₹1317.44
2026-06-04 11:35:07 [INFO] core.state_manager: Position saved: RELIANCE x15 | Target: 1317.44 | SL: 1297.88
2026-06-04 11:35:07 [INFO] core.strategy: BUY SIGNAL TRIGGERED
Symbol: SBIN
Price: 982.5
Triggered Set: BUY_BREAKOUT_CONFIRMATION
Set Side: BUY
Confidence: base=72.0 signal_x=1.0 weight_x=1.0 time=11:30-1:00@1.0 market_x=1.0 advisory_x=0.99 final=71.3 min=65.0
Satisfied:
- Volume Breakout: VolSpike=True, PriceBreak=True, SMA=True
- Price above EMA20: Close=982.5 > EMA20=981.07
- Price above VWAP: Close=982.5 > VWAP=981.49
- RSI not overbought: RSI=59.2 < 65 ✓
Why: 4-gate fakeout filter. volume_breakout is a strong EVENT anchor. price_above_ema20, price_above_vwap, rsi_not_overbought are filters that eliminate false breakouts. Note: price_above_ema20 is slightly redundant (volume_breakout already checks SMA20) but kept as extra VWAP zone filter.
2026-06-04 11:35:07 [INFO] core.order_executor: ✅ Quantity calculated | Price: ₹982.5 | Qty: 20 | Deployed: ₹19650 | Limiting: Allocation-limited | Risk: 41sh | Alloc: 20sh | Lever: 43sh | Buying Power: ₹101648 | Margin Used: ₹0
2026-06-04 11:35:07 [INFO] core.order_executor: 📋 [PAPER] BUY | SBIN | Qty: 20 | @ ₹982.5 | SL: ₹977.59 | Target: ₹992.32
2026-06-04 11:35:07 [INFO] core.state_manager: Position saved: SBIN x20 | Target: 992.32 | SL: 977.59
2026-06-04 11:35:12 [INFO] core.order_executor: 📈 TRAILING SL | SUNPHARMA | ₹1771.1 → ₹1771.4
2026-06-04 11:35:12 [WARNING] core.strategy: BUY blocked | MARUTI | BUY_MACD_VWAP_SURGE suppressed: today win rate 18.2% from 11 trades is below 40.0%
2026-06-04 11:35:18 [WARNING] core.strategy: BUY blocked | MARUTI | BUY_MACD_VWAP_SURGE suppressed: today win rate 18.2% from 11 trades is below 40.0%
2026-06-04 11:35:23 [WARNING] core.strategy: BUY blocked | MARUTI | BUY_MACD_VWAP_SURGE suppressed: today win rate 18.2% from 11 trades is below 40.0%
2026-06-04 11:35:28 [WARNING] core.strategy: BUY blocked | MARUTI | BUY_MACD_VWAP_SURGE suppressed: today win rate 18.2% from 11 trades is below 40.0%
2026-06-04 11:35:33 [WARNING] core.strategy: BUY blocked | MARUTI | BUY_MACD_VWAP_SURGE suppressed: today win rate 18.2% from 11 trades is below 40.0%
2026-06-04 11:35:38 [INFO] core.strategy: ─── Scan summary (8 subscribed) ───
  [Cognition] MARUTI: ticks=501 | live_candles=6
  [Cognition] SUNPHARMA: ticks=866 | live_candles=6
  [Cognition] DIVISLAB: ticks=423 | live_candles=6
  [Cognition] RELIANCE: ticks=978 | live_candles=6
  [Cognition] BAJFINANCE: ticks=802 | live_candles=6
  [Cognition] SBIN: ticks=1000 | live_candles=6
  [Cognition] AXISBANK: ticks=677 | live_candles=6
  [Cognition] ULTRACEMCO: ticks=563 | live_candles=6
2026-06-04 11:35:38 [WARNING] core.strategy: BUY blocked | MARUTI | BUY_MACD_VWAP_SURGE suppressed: today win rate 18.2% from 11 trades is below 40.0%
2026-06-04 11:35:43 [INFO] core.order_executor: 📈 TRAILING SL | AXISBANK | ₹1246.73 → ₹1247.53
2026-06-04 11:35:43 [INFO] core.order_executor: 📈 TRAILING SL | SBIN | ₹977.59 → ₹977.99
2026-06-04 11:35:43 [WARNING] core.strategy: BUY blocked | MARUTI | BUY_MACD_VWAP_SURGE suppressed: today win rate 18.2% from 11 trades is below 40.0%
2026-06-04 11:35:48 [WARNING] core.strategy: BUY blocked | MARUTI | BUY_MACD_VWAP_SURGE suppressed: today win rate 18.2% from 11 trades is below 40.0%
2026-06-04 11:35:53 [WARNING] core.strategy: BUY blocked | MARUTI | BUY_MACD_VWAP_SURGE suppressed: today win rate 18.2% from 11 trades is below 40.0%
2026-06-04 11:35:59 [INFO] core.order_executor: 📈 TRAILING SL | RELIANCE | ₹1297.88 → ₹1297.98
2026-06-04 11:35:59 [INFO] core.order_executor: 📈 TRAILING SL | SBIN | ₹977.99 → ₹978.28
2026-06-04 11:35:59 [WARNING] core.strategy: BUY blocked | MARUTI | BUY_MACD_VWAP_SURGE suppressed: today win rate 18.2% from 11 trades is below 40.0%
2026-06-04 11:36:04 [WARNING] core.strategy: BUY blocked | MARUTI | BUY_MACD_VWAP_SURGE suppressed: today win rate 18.2% from 11 trades is below 40.0%
2026-06-04 11:36:09 [INFO] core.state_manager: [BRIEFING] Loading from data/session_briefing.json...
2026-06-04 11:36:09 [INFO] core.state_manager: [BRIEFING] Loaded Valid: 8 approved + 0 watchlist (MORNING_SCREENER)
2026-06-04 11:36:09 [INFO] core.order_executor: 📈 TRAILING SL | AXISBANK | ₹1247.53 → ₹1247.93
2026-06-04 11:36:09 [WARNING] core.strategy: BUY blocked | MARUTI | BUY_MACD_VWAP_SURGE suppressed: today win rate 18.2% from 11 trades is below 40.0%
2026-06-04 11:36:14 [WARNING] core.strategy: BUY blocked | MARUTI | BUY_MACD_VWAP_SURGE suppressed: today win rate 18.2% from 11 trades is below 40.0%
2026-06-04 11:36:19 [WARNING] core.strategy: BUY blocked | MARUTI | BUY_MACD_VWAP_SURGE suppressed: today win rate 18.2% from 11 trades is below 40.0%
2026-06-04 11:36:24 [WARNING] core.strategy: BUY blocked | MARUTI | BUY_MACD_VWAP_SURGE suppressed: today win rate 18.2% from 11 trades is below 40.0%
2026-06-04 11:36:29 [INFO] core.order_executor: 📈 TRAILING SL | SUNPHARMA | ₹1771.4 → ₹1772.49
2026-06-04 11:36:29 [INFO] core.order_executor: 📈 TRAILING SL | AXISBANK | ₹1247.93 → ₹1248.23
2026-06-04 11:36:29 [WARNING] core.strategy: BUY blocked | MARUTI | BUY_MACD_VWAP_SURGE suppressed: today win rate 18.2% from 11 trades is below 40.0%
2026-06-04 11:36:34 [WARNING] core.strategy: BUY blocked | MARUTI | BUY_MACD_VWAP_SURGE suppressed: today win rate 18.2% from 11 trades is below 40.0%
2026-06-04 11:36:37 [INFO] core.data_fetcher: 📡 Live feed | ticks received: 8/8 symbols | active=['MARUTI', 'SUNPHARMA', 'DIVISLAB', 'RELIANCE', 'BAJFINANCE', 'SBIN', 'AXISBANK', 'ULTRACEMCO']
2026-06-04 11:36:40 [WARNING] core.strategy: BUY blocked | MARUTI | BUY_MACD_VWAP_SURGE suppressed: today win rate 18.2% from 11 trades is below 40.0%
2026-06-04 11:36:45 [WARNING] core.strategy: BUY blocked | MARUTI | BUY_MACD_VWAP_SURGE suppressed: today win rate 18.2% from 11 trades is below 40.0%
2026-06-04 11:36:45 [INFO] core.strategy: BUY SIGNAL TRIGGERED
Symbol: BAJFINANCE
Price: 874.75
Triggered Set: BUY_BREAKOUT_CONFIRMATION
Set Side: BUY
Confidence: base=72.0 signal_x=1.0 weight_x=1.0 time=11:30-1:00@1.0 market_x=1.0 advisory_x=0.99 final=71.3 min=65.0
Satisfied:
- Volume Breakout: VolSpike=True, PriceBreak=True, SMA=True
- Price above EMA20: Close=874.75 > EMA20=874.32
- Price above VWAP: Close=874.75 > VWAP=874.02
- RSI not overbought: RSI=51.1 < 65 ✓
Why: 4-gate fakeout filter. volume_breakout is a strong EVENT anchor. price_above_ema20, price_above_vwap, rsi_not_overbought are filters that eliminate false breakouts. Note: price_above_ema20 is slightly redundant (volume_breakout already checks SMA20) but kept as extra VWAP zone filter.
2026-06-04 11:36:45 [INFO] core.order_executor: ✅ Quantity calculated | Price: ₹874.75 | Qty: 23 | Deployed: ₹20119 | Limiting: Allocation-limited | Risk: 46sh | Alloc: 23sh | Lever: 26sh | Buying Power: ₹101648 | Margin Used: ₹0
2026-06-04 11:36:45 [INFO] core.order_executor: 📋 [PAPER] BUY | BAJFINANCE | Qty: 23 | @ ₹874.75 | SL: ₹870.38 | Target: ₹883.49
2026-06-04 11:36:45 [INFO] core.state_manager: Position saved: BAJFINANCE x23 | Target: 883.49 | SL: 870.38
2026-06-04 11:36:55 [INFO] core.order_executor: 📈 TRAILING SL | RELIANCE | ₹1297.98 → ₹1298.08
2026-06-04 11:36:55 [INFO] core.order_executor: 📈 TRAILING SL | BAJFINANCE | ₹870.38 → ₹870.53
2026-06-04 11:37:05 [INFO] core.order_executor: 📈 TRAILING SL | RELIANCE | ₹1298.08 → ₹1298.18
2026-06-04 11:37:10 [INFO] core.state_manager: [BRIEFING] Loading from data/session_briefing.json...
2026-06-04 11:37:10 [INFO] core.state_manager: [BRIEFING] Loaded Valid: 8 approved + 0 watchlist (MORNING_SCREENER)
2026-06-04 11:37:10 [INFO] core.strategy: ─── Scan summary (8 subscribed) ───
  [Cognition] MARUTI: ticks=545 | live_candles=6
  [Cognition] SUNPHARMA: ticks=936 | live_candles=6
  [Cognition] DIVISLAB: ticks=443 | live_candles=6
  [Cognition] RELIANCE: ticks=1061 | live_candles=6
  [Cognition] BAJFINANCE: ticks=866 | live_candles=6
  [Cognition] SBIN: ticks=1076 | live_candles=6
  [Cognition] AXISBANK: ticks=762 | live_candles=6
  [Cognition] ULTRACEMCO: ticks=631 | live_candles=6
2026-06-04 11:37:10 [INFO] core.order_executor: 📈 TRAILING SL | AXISBANK | ₹1248.23 → ₹1248.63
2026-06-04 11:37:10 [INFO] core.order_executor: 📈 TRAILING SL | RELIANCE | ₹1298.18 → ₹1298.38
2026-06-04 11:37:10 [INFO] core.order_executor: 📈 TRAILING SL | SBIN | ₹978.28 → ₹978.33
2026-06-04 11:37:20 [INFO] core.order_executor: 📈 TRAILING SL | AXISBANK | ₹1248.63 → ₹1248.72
2026-06-04 11:37:20 [INFO] core.order_executor: 📈 TRAILING SL | SBIN | ₹978.33 → ₹978.38
2026-06-04 11:37:25 [INFO] core.order_executor: 📈 TRAILING SL | AXISBANK | ₹1248.72 → ₹1249.12
2026-06-04 11:37:25 [INFO] core.order_executor: 📈 TRAILING SL | SBIN | ₹978.38 → ₹978.63
2026-06-04 11:37:30 [INFO] core.order_executor: 📈 TRAILING SL | AXISBANK | ₹1249.12 → ₹1249.22
2026-06-04 11:37:30 [INFO] core.order_executor: 📈 TRAILING SL | SBIN | ₹978.63 → ₹979.08
2026-06-04 11:37:35 [INFO] core.order_executor: 📈 TRAILING SL | AXISBANK | ₹1249.22 → ₹1249.32
2026-06-04 11:37:35 [INFO] core.order_executor: 📈 TRAILING SL | SBIN | ₹979.08 → ₹979.13
2026-06-04 11:37:41 [INFO] core.order_executor: 📈 TRAILING SL | SUNPHARMA | ₹1772.49 → ₹1772.99
2026-06-04 11:37:41 [INFO] core.order_executor: 📈 TRAILING SL | AXISBANK | ₹1249.32 → ₹1249.82
2026-06-04 11:37:41 [INFO] core.order_executor: 📈 TRAILING SL | SBIN | ₹979.13 → ₹979.63
2026-06-04 11:37:41 [INFO] core.order_executor: 📈 TRAILING SL | BAJFINANCE | ₹870.53 → ₹870.87
2026-06-04 11:37:46 [INFO] core.order_executor: 📈 TRAILING SL | SBIN | ₹979.63 → ₹979.73
2026-06-04 11:37:46 [INFO] core.order_executor: 📈 TRAILING SL | BAJFINANCE | ₹870.87 → ₹871.07
2026-06-04 11:37:51 [INFO] core.order_executor: 📈 TRAILING SL | SUNPHARMA | ₹1772.99 → ₹1773.19
2026-06-04 11:37:51 [INFO] core.order_executor: 📈 TRAILING SL | BAJFINANCE | ₹871.07 → ₹871.17
2026-06-04 11:38:11 [INFO] core.state_manager: [BRIEFING] Loading from data/session_briefing.json...
2026-06-04 11:38:11 [INFO] core.state_manager: [BRIEFING] Loaded Valid: 8 approved + 0 watchlist (MORNING_SCREENER)
2026-06-04 11:38:11 [INFO] core.order_executor: 📈 TRAILING SL | RELIANCE | ₹1298.38 → ₹1298.47
2026-06-04 11:38:37 [INFO] core.data_fetcher: 📡 Live feed | ticks received: 8/8 symbols | active=['MARUTI', 'SUNPHARMA', 'DIVISLAB', 'RELIANCE', 'BAJFINANCE', 'SBIN', 'AXISBANK', 'ULTRACEMCO']
2026-06-04 11:38:41 [INFO] core.strategy: ─── Scan summary (8 subscribed) ───
  [Cognition] MARUTI: ticks=582 | live_candles=6
  [Cognition] SUNPHARMA: ticks=996 | live_candles=6
  [Cognition] DIVISLAB: ticks=472 | live_candles=6
  [Cognition] RELIANCE: ticks=1139 | live_candles=6
  [Cognition] BAJFINANCE: ticks=933 | live_candles=6
  [Cognition] SBIN: ticks=1157 | live_candles=6
  [Cognition] AXISBANK: ticks=827 | live_candles=6
  [Cognition] ULTRACEMCO: ticks=684 | live_candles=6
2026-06-04 11:39:06 [INFO] core.order_executor: 📈 TRAILING SL | BAJFINANCE | ₹871.17 → ₹871.22
2026-06-04 11:39:12 [INFO] core.state_manager: [BRIEFING] Loading from data/session_briefing.json...
2026-06-04 11:39:12 [INFO] core.state_manager: [BRIEFING] Loaded Valid: 8 approved + 0 watchlist (MORNING_SCREENER)
2026-06-04 11:39:22 [INFO] core.order_executor: 📈 TRAILING SL | SUNPHARMA | ₹1773.19 → ₹1773.29
2026-06-04 11:39:22 [INFO] core.order_executor: 📈 TRAILING SL | BAJFINANCE | ₹871.22 → ₹871.27
2026-06-04 11:39:27 [INFO] core.order_executor: 📈 TRAILING SL | SUNPHARMA | ₹1773.29 → ₹1773.39
2026-06-04 11:39:27 [INFO] core.order_executor: 📈 TRAILING SL | BAJFINANCE | ₹871.27 → ₹871.32
2026-06-04 11:40:00 [INFO] core.data_fetcher: 🕯️ Candle closed: SBIN | 2026-06-04 11:35 | O:982.30 H:984.70 L:982.20 C:984.50 V:1499116837.0
2026-06-04 11:40:00 [INFO] core.data_fetcher: 🕯️ Candle closed: RELIANCE | 2026-06-04 11:35 | O:1303.80 H:1305.00 L:1303.80 C:1304.80 V:1130291279.0
2026-06-04 11:40:00 [INFO] core.data_fetcher: 🕯️ Candle closed: AXISBANK | 2026-06-04 11:35 | O:1253.00 H:1256.10 L:1252.40 C:1256.10 V:521621411.0
2026-06-04 11:40:00 [INFO] core.data_fetcher: 🕯️ Candle closed: BAJFINANCE | 2026-06-04 11:35 | O:873.70 H:875.80 L:872.95 C:875.65 V:465392225.0
2026-06-04 11:40:01 [INFO] core.data_fetcher: 🕯️ Candle closed: ULTRACEMCO | 2026-06-04 11:35 | O:11000.00 H:11026.00 L:10998.00 C:11013.00 V:25192397.0
2026-06-04 11:40:01 [INFO] core.data_fetcher: 🕯️ Candle closed: SUNPHARMA | 2026-06-04 11:35 | O:1779.80 H:1782.40 L:1779.00 C:1781.70 V:63588082.0
2026-06-04 11:40:02 [INFO] core.data_fetcher: 🕯️ Candle closed: DIVISLAB | 2026-06-04 11:35 | O:6675.50 H:6683.00 L:6672.50 C:6679.00 V:6115128.0
2026-06-04 11:40:02 [INFO] core.order_executor: 📈 TRAILING SL | AXISBANK | ₹1249.82 → ₹1250.12
2026-06-04 11:40:07 [INFO] core.data_fetcher: 🕯️ Candle closed: MARUTI | 2026-06-04 11:35 | O:13183.00 H:13197.00 L:13171.00 C:13189.00 V:16989458.0
2026-06-04 11:40:12 [INFO] core.state_manager: [BRIEFING] Loading from data/session_briefing.json...
2026-06-04 11:40:12 [INFO] core.state_manager: [BRIEFING] Loaded Valid: 8 approved + 0 watchlist (MORNING_SCREENER)
2026-06-04 11:40:12 [INFO] core.strategy: ─── Scan summary (8 subscribed) ───
  [Cognition] MARUTI: ticks=620 | live_candles=7
  [Cognition] SUNPHARMA: ticks=1051 | live_candles=7
  [Cognition] DIVISLAB: ticks=481 | live_candles=7
  [Cognition] RELIANCE: ticks=1213 | live_candles=7
  [Cognition] BAJFINANCE: ticks=993 | live_candles=7
  [Cognition] SBIN: ticks=1211 | live_candles=7
  [Cognition] AXISBANK: ticks=878 | live_candles=7
  [Cognition] ULTRACEMCO: ticks=723 | live_candles=7
2026-06-04 11:40:17 [INFO] core.order_executor: 📈 TRAILING SL | SUNPHARMA | ₹1773.39 → ₹1773.59
2026-06-04 11:40:17 [INFO] core.order_executor: 📈 TRAILING SL | BAJFINANCE | ₹871.32 → ₹871.42
2026-06-04 11:40:22 [INFO] core.order_executor: 📈 TRAILING SL | SUNPHARMA | ₹1773.59 → ₹1773.79
2026-06-04 11:40:22 [INFO] core.order_executor: 📈 TRAILING SL | BAJFINANCE | ₹871.42 → ₹871.57
2026-06-04 11:40:27 [INFO] core.order_executor: 📈 TRAILING SL | BAJFINANCE | ₹871.57 → ₹871.62
2026-06-04 11:40:32 [INFO] core.order_executor: 📈 TRAILING SL | RELIANCE | ₹1298.47 → ₹1298.67
2026-06-04 11:40:37 [INFO] core.data_fetcher: 📡 Live feed | ticks received: 8/8 symbols | active=['MARUTI', 'SUNPHARMA', 'DIVISLAB', 'RELIANCE', 'BAJFINANCE', 'SBIN', 'AXISBANK', 'ULTRACEMCO']
2026-06-04 11:40:43 [INFO] core.order_executor: 📈 TRAILING SL | BAJFINANCE | ₹871.62 → ₹871.87
2026-06-04 11:40:48 [INFO] core.order_executor: 📈 TRAILING SL | RELIANCE | ₹1298.67 → ₹1298.97
2026-06-04 11:41:13 [INFO] core.state_manager: [BRIEFING] Loading from data/session_briefing.json...
2026-06-04 11:41:13 [INFO] core.state_manager: [BRIEFING] Loaded Valid: 8 approved + 0 watchlist (MORNING_SCREENER)
2026-06-04 11:41:28 [INFO] core.order_executor: 📈 TRAILING SL | RELIANCE | ₹1298.97 → ₹1299.47
2026-06-04 11:41:33 [INFO] core.order_executor: 📈 TRAILING SL | RELIANCE | ₹1299.47 → ₹1299.77
2026-06-04 11:41:43 [INFO] core.strategy: ─── Scan summary (8 subscribed) ───
  [Cognition] MARUTI: ticks=660 | live_candles=7
  [Cognition] SUNPHARMA: ticks=1099 | live_candles=7
  [Cognition] DIVISLAB: ticks=496 | live_candles=7
  [Cognition] RELIANCE: ticks=1288 | live_candles=7
  [Cognition] BAJFINANCE: ticks=1042 | live_candles=7
  [Cognition] SBIN: ticks=1271 | live_candles=7
  [Cognition] AXISBANK: ticks=917 | live_candles=7
  [Cognition] ULTRACEMCO: ticks=770 | live_candles=7
2026-06-04 11:41:43 [INFO] core.order_executor: 📈 TRAILING SL | RELIANCE | ₹1299.77 → ₹1299.97
2026-06-04 11:41:59 [INFO] core.order_executor: 📈 TRAILING SL | RELIANCE | ₹1299.97 → ₹1300.46
2026-06-04 11:41:59 [INFO] core.order_executor: 📈 TRAILING SL | SBIN | ₹979.73 → ₹979.78
2026-06-04 11:42:04 [INFO] core.order_executor: 📈 TRAILING SL | SUNPHARMA | ₹1773.79 → ₹1773.99
2026-06-04 11:42:09 [INFO] core.order_executor: 📈 TRAILING SL | SBIN | ₹979.78 → ₹979.88
2026-06-04 11:42:14 [INFO] core.state_manager: [BRIEFING] Loading from data/session_briefing.json...
2026-06-04 11:42:14 [INFO] core.state_manager: [BRIEFING] Loaded Valid: 8 approved + 0 watchlist (MORNING_SCREENER)
2026-06-04 11:42:14 [INFO] core.order_executor: 📈 TRAILING SL | AXISBANK | ₹1250.12 → ₹1250.32
2026-06-04 11:42:14 [INFO] core.order_executor: 📈 TRAILING SL | SBIN | ₹979.88 → ₹980.08
2026-06-04 11:42:14 [INFO] core.order_executor: 📈 TRAILING SL | BAJFINANCE | ₹871.87 → ₹872.12
2026-06-04 11:42:19 [INFO] core.order_executor: 📈 TRAILING SL | SUNPHARMA | ₹1773.99 → ₹1774.09
2026-06-04 11:42:19 [INFO] core.order_executor: 📈 TRAILING SL | SBIN | ₹980.08 → ₹980.22
2026-06-04 11:42:19 [INFO] core.order_executor: 📈 TRAILING SL | BAJFINANCE | ₹872.12 → ₹872.27
2026-06-04 11:42:24 [INFO] core.order_executor: 📈 TRAILING SL | AXISBANK | ₹1250.32 → ₹1250.42
2026-06-04 11:42:24 [INFO] core.order_executor: 📈 TRAILING SL | SBIN | ₹980.22 → ₹980.27
2026-06-04 11:42:37 [INFO] core.data_fetcher: 📡 Live feed | ticks received: 8/8 symbols | active=['MARUTI', 'SUNPHARMA', 'DIVISLAB', 'RELIANCE', 'BAJFINANCE', 'SBIN', 'AXISBANK', 'ULTRACEMCO']
2026-06-04 11:42:37 [INFO] apscheduler.executors.default: Running job "Market Observation Loop (trigger: interval[0:15:00], next run at: 2026-06-04 11:57:37 IST)" (scheduled at 2026-06-04 11:42:37.857335+05:30)
2026-06-04 11:42:37 [INFO] reflection.observation_loop: 🔍 Running observation cycle...
2026-06-04 11:42:37 [INFO] core.state_manager: [BRIEFING] Loading from data/session_briefing.json...
2026-06-04 11:42:37 [INFO] core.state_manager: [BRIEFING] Loaded Valid: 8 approved + 0 watchlist (MORNING_SCREENER)
2026-06-04 11:42:37 [INFO] reflection.observation_loop: 📊 Observation recorded:
   Market: RANGING | Trend: WEAK
   Vol: LOW | Breakouts: LOW
   Reversals: LOW
2026-06-04 11:42:37 [INFO] apscheduler.executors.default: Job "Market Observation Loop (trigger: interval[0:15:00], next run at: 2026-06-04 11:57:37 IST)" executed successfully
2026-06-04 11:43:14 [INFO] core.state_manager: [BRIEFING] Loading from data/session_briefing.json...
2026-06-04 11:43:14 [INFO] core.state_manager: [BRIEFING] Loaded Valid: 8 approved + 0 watchlist (MORNING_SCREENER)
2026-06-04 11:43:14 [INFO] core.strategy: ─── Scan summary (8 subscribed) ───
  [Cognition] MARUTI: ticks=726 | live_candles=7
  [Cognition] SUNPHARMA: ticks=1164 | live_candles=7
  [Cognition] DIVISLAB: ticks=511 | live_candles=7
  [Cognition] RELIANCE: ticks=1359 | live_candles=7
  [Cognition] BAJFINANCE: ticks=1106 | live_candles=7
  [Cognition] SBIN: ticks=1339 | live_candles=7
  [Cognition] AXISBANK: ticks=963 | live_candles=7
  [Cognition] ULTRACEMCO: ticks=810 | live_candles=7
2026-06-04 11:44:15 [INFO] core.state_manager: [BRIEFING] Loading from data/session_briefing.json...
2026-06-04 11:44:15 [INFO] core.state_manager: [BRIEFING] Loaded Valid: 8 approved + 0 watchlist (MORNING_SCREENER)
2026-06-04 11:44:25 [INFO] core.order_executor: 📈 TRAILING SL | RELIANCE | ₹1300.46 → ₹1300.56
2026-06-04 11:44:35 [INFO] core.order_executor: 📈 TRAILING SL | RELIANCE | ₹1300.56 → ₹1300.66
2026-06-04 11:44:37 [INFO] core.data_fetcher: 📡 Live feed | ticks received: 8/8 symbols | active=['MARUTI', 'SUNPHARMA', 'DIVISLAB', 'RELIANCE', 'BAJFINANCE', 'SBIN', 'AXISBANK', 'ULTRACEMCO']
2026-06-04 11:44:40 [INFO] core.order_executor: 📈 TRAILING SL | RELIANCE | ₹1300.66 → ₹1300.76
2026-06-04 11:44:45 [INFO] core.strategy: ─── Scan summary (8 subscribed) ───
  [Cognition] MARUTI: ticks=779 | live_candles=7
  [Cognition] SUNPHARMA: ticks=1222 | live_candles=7
  [Cognition] DIVISLAB: ticks=539 | live_candles=7
  [Cognition] RELIANCE: ticks=1458 | live_candles=7
  [Cognition] BAJFINANCE: ticks=1154 | live_candles=7
  [Cognition] SBIN: ticks=1415 | live_candles=7
  [Cognition] AXISBANK: ticks=1010 | live_candles=7
  [Cognition] ULTRACEMCO: ticks=834 | live_candles=7
2026-06-04 11:44:56 [INFO] core.order_executor: 📈 TRAILING SL | RELIANCE | ₹1300.76 → ₹1300.86
2026-06-04 11:45:00 [INFO] core.data_fetcher: 🕯️ Candle closed: AXISBANK | 2026-06-04 11:40 | O:1256.00 H:1256.80 L:1254.40 C:1254.60 V:415565005.0
2026-06-04 11:45:01 [INFO] core.data_fetcher: 🕯️ Candle closed: MARUTI | 2026-06-04 11:40 | O:13188.00 H:13208.00 L:13174.00 C:13204.00 V:18781656.0
2026-06-04 11:45:01 [INFO] core.data_fetcher: 🕯️ Candle closed: RELIANCE | 2026-06-04 11:40 | O:1304.90 H:1307.50 L:1304.50 C:1307.00 V:1220721933.0
2026-06-04 11:45:01 [INFO] core.data_fetcher: 🕯️ Candle closed: SUNPHARMA | 2026-06-04 11:40 | O:1781.90 H:1783.00 L:1780.70 C:1782.00 V:56525482.0
2026-06-04 11:45:02 [INFO] core.data_fetcher: 🕯️ Candle closed: DIVISLAB | 2026-06-04 11:40 | O:6674.50 H:6685.00 L:6674.00 C:6682.00 V:4702109.0
2026-06-04 11:45:02 [INFO] core.data_fetcher: 🕯️ Candle closed: SBIN | 2026-06-04 11:40 | O:984.25 H:985.35 L:983.65 C:983.95 V:1441113659.0
2026-06-04 11:45:03 [INFO] core.data_fetcher: 🕯️ Candle closed: BAJFINANCE | 2026-06-04 11:40 | O:875.40 H:876.80 L:875.40 C:875.95 V:444493293.0
2026-06-04 11:45:06 [INFO] core.data_fetcher: 🕯️ Candle closed: ULTRACEMCO | 2026-06-04 11:40 | O:11015.00 H:11020.00 L:10996.00 C:11015.00 V:18533757.0
2026-06-04 11:45:16 [INFO] core.state_manager: [BRIEFING] Loading from data/session_briefing.json...
2026-06-04 11:45:16 [INFO] core.state_manager: [BRIEFING] Loaded Valid: 8 approved + 0 watchlist (MORNING_SCREENER)
2026-06-04 11:46:16 [INFO] core.state_manager: [BRIEFING] Loading from data/session_briefing.json...
2026-06-04 11:46:16 [INFO] core.state_manager: [BRIEFING] Loaded Valid: 8 approved + 0 watchlist (MORNING_SCREENER)
2026-06-04 11:46:16 [INFO] core.strategy: ─── Scan summary (8 subscribed) ───
  [Cognition] MARUTI: ticks=828 | live_candles=8
  [Cognition] SUNPHARMA: ticks=1283 | live_candles=8
  [Cognition] DIVISLAB: ticks=549 | live_candles=8
  [Cognition] RELIANCE: ticks=1541 | live_candles=8
  [Cognition] BAJFINANCE: ticks=1205 | live_candles=8
  [Cognition] SBIN: ticks=1480 | live_candles=8
  [Cognition] AXISBANK: ticks=1064 | live_candles=8
  [Cognition] ULTRACEMCO: ticks=859 | live_candles=8
2026-06-04 11:46:31 [INFO] core.order_executor: 📈 TRAILING SL | RELIANCE | ₹1300.86 → ₹1301.26
2026-06-04 11:46:37 [INFO] core.data_fetcher: 📡 Live feed | ticks received: 8/8 symbols | active=['MARUTI', 'SUNPHARMA', 'DIVISLAB', 'RELIANCE', 'BAJFINANCE', 'SBIN', 'AXISBANK', 'ULTRACEMCO']
2026-06-04 11:46:42 [INFO] core.order_executor: 📈 TRAILING SL | RELIANCE | ₹1301.26 → ₹1301.36
2026-06-04 11:47:17 [INFO] core.state_manager: [BRIEFING] Loading from data/session_briefing.json...
2026-06-04 11:47:17 [INFO] core.state_manager: [BRIEFING] Loaded Valid: 8 approved + 0 watchlist (MORNING_SCREENER)
2026-06-04 11:47:47 [INFO] core.strategy: ─── Scan summary (8 subscribed) ───
  [Cognition] MARUTI: ticks=877 | live_candles=8
  [Cognition] SUNPHARMA: ticks=1342 | live_candles=8
  [Cognition] DIVISLAB: ticks=557 | live_candles=8
  [Cognition] RELIANCE: ticks=1617 | live_candles=8
  [Cognition] BAJFINANCE: ticks=1266 | live_candles=8
  [Cognition] SBIN: ticks=1542 | live_candles=8
  [Cognition] AXISBANK: ticks=1114 | live_candles=8
  [Cognition] ULTRACEMCO: ticks=886 | live_candles=8
2026-06-04 11:48:18 [INFO] core.state_manager: [BRIEFING] Loading from data/session_briefing.json...
2026-06-04 11:48:18 [INFO] core.state_manager: [BRIEFING] Loaded Valid: 8 approved + 0 watchlist (MORNING_SCREENER)
2026-06-04 11:48:38 [INFO] core.data_fetcher: 📡 Live feed | ticks received: 8/8 symbols | active=['MARUTI', 'SUNPHARMA', 'DIVISLAB', 'RELIANCE', 'BAJFINANCE', 'SBIN', 'AXISBANK', 'ULTRACEMCO']
2026-06-04 11:49:13 [INFO] core.order_executor: 📈 TRAILING SL | BAJFINANCE | ₹872.27 → ₹872.42
2026-06-04 11:49:18 [INFO] core.state_manager: [BRIEFING] Loading from data/session_briefing.json...
2026-06-04 11:49:18 [INFO] core.state_manager: [BRIEFING] Loaded Valid: 8 approved + 0 watchlist (MORNING_SCREENER)
2026-06-04 11:49:18 [INFO] core.strategy: ─── Scan summary (8 subscribed) ───
  [Cognition] MARUTI: ticks=938 | live_candles=8
  [Cognition] SUNPHARMA: ticks=1406 | live_candles=8
  [Cognition] DIVISLAB: ticks=567 | live_candles=8
  [Cognition] RELIANCE: ticks=1695 | live_candles=8
  [Cognition] BAJFINANCE: ticks=1320 | live_candles=8
  [Cognition] SBIN: ticks=1597 | live_candles=8
  [Cognition] AXISBANK: ticks=1163 | live_candles=8
  [Cognition] ULTRACEMCO: ticks=911 | live_candles=8
2026-06-04 11:50:00 [INFO] core.data_fetcher: 🕯️ Candle closed: MARUTI | 2026-06-04 11:45 | O:13200.00 H:13205.00 L:13186.00 C:13191.00 V:22383507.0
2026-06-04 11:50:00 [INFO] core.data_fetcher: 🕯️ Candle closed: AXISBANK | 2026-06-04 11:45 | O:1254.80 H:1255.40 L:1252.00 C:1252.50 V:425387196.0
2026-06-04 11:50:00 [INFO] core.data_fetcher: 🕯️ Candle closed: BAJFINANCE | 2026-06-04 11:45 | O:876.05 H:876.80 L:875.75 C:876.30 V:409225120.0
2026-06-04 11:50:01 [INFO] core.data_fetcher: 🕯️ Candle closed: ULTRACEMCO | 2026-06-04 11:45 | O:11013.00 H:11018.00 L:11004.00 C:11015.00 V:14900990.0
2026-06-04 11:50:01 [INFO] core.data_fetcher: 🕯️ Candle closed: SBIN | 2026-06-04 11:45 | O:983.70 H:984.00 L:982.90 C:982.90 V:1406278101.0
2026-06-04 11:50:01 [INFO] core.data_fetcher: 🕯️ Candle closed: RELIANCE | 2026-06-04 11:45 | O:1307.40 H:1308.00 L:1306.50 C:1306.70 V:1268360171.0
2026-06-04 11:50:01 [INFO] core.data_fetcher: 🕯️ Candle closed: SUNPHARMA | 2026-06-04 11:45 | O:1782.30 H:1782.90 L:1780.20 C:1782.00 V:63752989.0
2026-06-04 11:50:02 [INFO] core.data_fetcher: 🕯️ Candle closed: DIVISLAB | 2026-06-04 11:45 | O:6680.00 H:6683.00 L:6674.50 C:6675.50 V:2736403.0
2026-06-04 11:50:19 [INFO] core.state_manager: [BRIEFING] Loading from data/session_briefing.json...
2026-06-04 11:50:19 [INFO] core.state_manager: [BRIEFING] Loaded Valid: 8 approved + 0 watchlist (MORNING_SCREENER)
2026-06-04 11:50:38 [INFO] core.data_fetcher: 📡 Live feed | ticks received: 8/8 symbols | active=['MARUTI', 'SUNPHARMA', 'DIVISLAB', 'RELIANCE', 'BAJFINANCE', 'SBIN', 'AXISBANK', 'ULTRACEMCO']
2026-06-04 11:50:49 [INFO] core.strategy: ─── Scan summary (8 subscribed) ───
  [Cognition] MARUTI: ticks=994 | live_candles=9
  [Cognition] SUNPHARMA: ticks=1463 | live_candles=9
  [Cognition] DIVISLAB: ticks=576 | live_candles=9
  [Cognition] RELIANCE: ticks=1756 | live_candles=9
  [Cognition] BAJFINANCE: ticks=1371 | live_candles=9
  [Cognition] SBIN: ticks=1650 | live_candles=9
  [Cognition] AXISBANK: ticks=1210 | live_candles=9
  [Cognition] ULTRACEMCO: ticks=941 | live_candles=9
2026-06-04 11:50:54 [INFO] core.order_executor: 📈 TRAILING SL | SUNPHARMA | ₹1774.09 → ₹1774.38
2026-06-04 11:51:04 [INFO] core.strategy: SELL SIGNAL TRIGGERED
Symbol: AXISBANK
Price: 1251.8
Triggered Set: SELL_BREAKDOWN_CONFIRMED
Set Side: SELL
Confidence: 
Satisfied:
- Price below recent support: Close=1251.8, Support=1252.0
- EMA20 Breakdown: Price broke below EMA20 in last 3 candles
Why: Support broken AND EMA confirms breakdown. Both are EVENT conditions. Reliable structural exit — not noise, not a fake dip.
2026-06-04 11:51:04 [INFO] core.order_executor: 📋 [PAPER] SELL | AXISBANK | Qty: 16 | @ ₹1251.8 | Reason: SELL_SET:SELL_BREAKDOWN_CONFIRMED
2026-06-04 11:51:04 [INFO] core.state_manager: Position closed: AXISBANK | 1251.8 | P&L: -19.20 | SELL_SET:SELL_BREAKDOWN_CONFIRMED | price_source=ws_ltp
2026-06-04 11:51:04 [WARNING] core.strategy: BUY blocked | MARUTI | BUY_MACD_VWAP_SURGE suppressed: today win rate 18.2% from 11 trades is below 40.0%
2026-06-04 11:51:10 [WARNING] core.strategy: BUY blocked | MARUTI | BUY_MACD_VWAP_SURGE suppressed: today win rate 18.2% from 11 trades is below 40.0%
2026-06-04 11:51:15 [WARNING] core.strategy: BUY blocked | MARUTI | BUY_MACD_VWAP_SURGE suppressed: today win rate 18.2% from 11 trades is below 40.0%
2026-06-04 11:51:20 [INFO] core.state_manager: [BRIEFING] Loading from data/session_briefing.json...
2026-06-04 11:51:20 [INFO] core.state_manager: [BRIEFING] Loaded Valid: 8 approved + 0 watchlist (MORNING_SCREENER)
2026-06-04 11:51:20 [WARNING] core.strategy: BUY blocked | MARUTI | BUY_MACD_VWAP_SURGE suppressed: today win rate 18.2% from 11 trades is below 40.0%
2026-06-04 11:51:25 [WARNING] core.strategy: BUY blocked | MARUTI | BUY_MACD_VWAP_SURGE suppressed: today win rate 18.2% from 11 trades is below 40.0%
2026-06-04 11:51:30 [WARNING] core.strategy: BUY blocked | MARUTI | BUY_MACD_VWAP_SURGE suppressed: today win rate 18.2% from 11 trades is below 40.0%
2026-06-04 11:51:35 [WARNING] core.strategy: BUY blocked | MARUTI | BUY_MACD_VWAP_SURGE suppressed: today win rate 18.2% from 11 trades is below 40.0%
2026-06-04 11:51:40 [INFO] core.order_executor: 📈 TRAILING SL | RELIANCE | ₹1301.36 → ₹1301.46
2026-06-04 11:51:40 [WARNING] core.strategy: BUY blocked | MARUTI | BUY_MACD_VWAP_SURGE suppressed: today win rate 18.2% from 11 trades is below 40.0%
2026-06-04 11:51:45 [WARNING] core.strategy: BUY blocked | MARUTI | BUY_MACD_VWAP_SURGE suppressed: today win rate 18.2% from 11 trades is below 40.0%
2026-06-04 11:51:51 [WARNING] core.strategy: BUY blocked | MARUTI | BUY_MACD_VWAP_SURGE suppressed: today win rate 18.2% from 11 trades is below 40.0%
2026-06-04 11:51:56 [WARNING] core.strategy: BUY blocked | MARUTI | BUY_MACD_VWAP_SURGE suppressed: today win rate 18.2% from 11 trades is below 40.0%
2026-06-04 11:52:01 [WARNING] core.strategy: BUY blocked | MARUTI | BUY_MACD_VWAP_SURGE suppressed: today win rate 18.2% from 11 trades is below 40.0%
2026-06-04 11:52:06 [INFO] core.order_executor: 📈 TRAILING SL | RELIANCE | ₹1301.46 → ₹1301.86
2026-06-04 11:52:06 [WARNING] core.strategy: BUY blocked | MARUTI | BUY_MACD_VWAP_SURGE suppressed: today win rate 18.2% from 11 trades is below 40.0%
2026-06-04 11:52:11 [WARNING] core.strategy: BUY blocked | MARUTI | BUY_MACD_VWAP_SURGE suppressed: today win rate 18.2% from 11 trades is below 40.0%
2026-06-04 11:52:16 [INFO] core.order_executor: 📈 TRAILING SL | RELIANCE | ₹1301.86 → ₹1301.96
2026-06-04 11:52:16 [WARNING] core.strategy: BUY blocked | MARUTI | BUY_MACD_VWAP_SURGE suppressed: today win rate 18.2% from 11 trades is below 40.0%
2026-06-04 11:52:21 [INFO] core.state_manager: [BRIEFING] Loading from data/session_briefing.json...
2026-06-04 11:52:21 [INFO] core.state_manager: [BRIEFING] Loaded Valid: 8 approved + 0 watchlist (MORNING_SCREENER)
2026-06-04 11:52:21 [INFO] core.strategy: ─── Scan summary (8 subscribed) ───
  [Cognition] MARUTI: ticks=1049 | live_candles=9
  [Cognition] SUNPHARMA: ticks=1517 | live_candles=9
  [Cognition] DIVISLAB: ticks=593 | live_candles=9
  [Cognition] RELIANCE: ticks=1804 | live_candles=9
  [Cognition] BAJFINANCE: ticks=1422 | live_candles=9
  [Cognition] SBIN: ticks=1702 | live_candles=9
  [Cognition] AXISBANK: ticks=1270 | live_candles=9
  [Cognition] ULTRACEMCO: ticks=966 | live_candles=9
2026-06-04 11:52:21 [WARNING] core.strategy: BUY blocked | MARUTI | BUY_MACD_VWAP_SURGE suppressed: today win rate 18.2% from 11 trades is below 40.0%
2026-06-04 11:52:27 [WARNING] core.strategy: BUY blocked | MARUTI | BUY_MACD_VWAP_SURGE suppressed: today win rate 18.2% from 11 trades is below 40.0%
2026-06-04 11:52:32 [WARNING] core.strategy: BUY blocked | MARUTI | BUY_MACD_VWAP_SURGE suppressed: today win rate 18.2% from 11 trades is below 40.0%
2026-06-04 11:52:37 [WARNING] core.strategy: BUY blocked | MARUTI | BUY_MACD_VWAP_SURGE suppressed: today win rate 18.2% from 11 trades is below 40.0%
2026-06-04 11:52:38 [INFO] core.data_fetcher: 📡 Live feed | ticks received: 8/8 symbols | active=['MARUTI', 'SUNPHARMA', 'DIVISLAB', 'RELIANCE', 'BAJFINANCE', 'SBIN', 'AXISBANK', 'ULTRACEMCO']
2026-06-04 11:52:42 [WARNING] core.strategy: BUY blocked | MARUTI | BUY_MACD_VWAP_SURGE suppressed: today win rate 18.2% from 11 trades is below 40.0%
2026-06-04 11:52:47 [WARNING] core.strategy: BUY blocked | MARUTI | BUY_MACD_VWAP_SURGE suppressed: today win rate 18.2% from 11 trades is below 40.0%
2026-06-04 11:52:52 [WARNING] core.strategy: BUY blocked | MARUTI | BUY_MACD_VWAP_SURGE suppressed: today win rate 18.2% from 11 trades is below 40.0%
2026-06-04 11:52:57 [WARNING] core.strategy: BUY blocked | MARUTI | BUY_MACD_VWAP_SURGE suppressed: today win rate 18.2% from 11 trades is below 40.0%
2026-06-04 11:53:02 [WARNING] core.strategy: BUY blocked | MARUTI | BUY_MACD_VWAP_SURGE suppressed: today win rate 18.2% from 11 trades is below 40.0%
2026-06-04 11:53:08 [WARNING] core.strategy: BUY blocked | MARUTI | BUY_MACD_VWAP_SURGE suppressed: today win rate 18.2% from 11 trades is below 40.0%
2026-06-04 11:53:13 [INFO] core.strategy: SELL SIGNAL TRIGGERED
Symbol: SBIN
Price: 981.55
Triggered Set: SELL_EMA_MOMENTUM_LOSS
Set Side: SELL
Confidence: 
Satisfied:
- EMA20 Breakdown: Price broke below EMA20 in last 3 candles
- RSI weakening: RSI=53.4, recent_hot=True, falling=True
Why: Early exit. Price breaks below EMA20 (EVENT) and RSI confirms weakening momentum (SEMI). Fast, reliable, no candle dependency.
2026-06-04 11:53:13 [INFO] core.order_executor: 📋 [PAPER] SELL | SBIN | Qty: 20 | @ ₹981.55 | Reason: SELL_SET:SELL_EMA_MOMENTUM_LOSS
2026-06-04 11:53:13 [INFO] core.state_manager: Position closed: SBIN | 981.55 | P&L: -19.00 | SELL_SET:SELL_EMA_MOMENTUM_LOSS | price_source=ws_ltp
2026-06-04 11:53:13 [WARNING] core.strategy: BUY blocked | MARUTI | BUY_MACD_VWAP_SURGE suppressed: today win rate 18.2% from 11 trades is below 40.0%
2026-06-04 11:53:18 [WARNING] core.strategy: BUY blocked | MARUTI | BUY_MACD_VWAP_SURGE suppressed: today win rate 18.2% from 11 trades is below 40.0%
2026-06-04 11:53:23 [INFO] core.state_manager: [BRIEFING] Loading from data/session_briefing.json...
2026-06-04 11:53:23 [INFO] core.state_manager: [BRIEFING] Loaded Valid: 8 approved + 0 watchlist (MORNING_SCREENER)
2026-06-04 11:53:23 [WARNING] core.strategy: BUY blocked | MARUTI | BUY_MACD_VWAP_SURGE suppressed: today win rate 18.2% from 11 trades is below 40.0%
2026-06-04 11:53:33 [WARNING] core.strategy: BUY blocked | MARUTI | BUY_MACD_VWAP_SURGE suppressed: today win rate 18.2% from 11 trades is below 40.0%
2026-06-04 11:53:38 [WARNING] core.strategy: BUY blocked | MARUTI | BUY_MACD_VWAP_SURGE suppressed: today win rate 18.2% from 11 trades is below 40.0%
2026-06-04 11:53:44 [WARNING] core.strategy: BUY blocked | MARUTI | BUY_MACD_VWAP_SURGE suppressed: today win rate 18.2% from 11 trades is below 40.0%
2026-06-04 11:53:49 [WARNING] core.strategy: BUY blocked | MARUTI | BUY_MACD_VWAP_SURGE suppressed: today win rate 18.2% from 11 trades is below 40.0%
2026-06-04 11:53:54 [INFO] core.strategy: ─── Scan summary (8 subscribed) ───
  [Cognition] MARUTI: ticks=1121 | live_candles=9
  [Cognition] SUNPHARMA: ticks=1573 | live_candles=9
  [Cognition] DIVISLAB: ticks=615 | live_candles=9
  [Cognition] RELIANCE: ticks=1861 | live_candles=9
  [Cognition] BAJFINANCE: ticks=1476 | live_candles=9
  [Cognition] SBIN: ticks=1767 | live_candles=9
  [Cognition] AXISBANK: ticks=1315 | live_candles=9
  [Cognition] ULTRACEMCO: ticks=997 | live_candles=9
2026-06-04 11:53:54 [WARNING] core.strategy: BUY blocked | MARUTI | BUY_MACD_VWAP_SURGE suppressed: today win rate 18.2% from 11 trades is below 40.0%
2026-06-04 11:53:59 [WARNING] core.strategy: BUY blocked | MARUTI | BUY_MACD_VWAP_SURGE suppressed: today win rate 18.2% from 11 trades is below 40.0%
2026-06-04 11:54:04 [WARNING] core.strategy: BUY blocked | MARUTI | BUY_MACD_VWAP_SURGE suppressed: today win rate 18.2% from 11 trades is below 40.0%
2026-06-04 11:54:09 [WARNING] core.strategy: BUY blocked | MARUTI | BUY_MACD_VWAP_SURGE suppressed: today win rate 18.2% from 11 trades is below 40.0%
2026-06-04 11:54:14 [WARNING] core.strategy: BUY blocked | MARUTI | BUY_MACD_VWAP_SURGE suppressed: today win rate 18.2% from 11 trades is below 40.0%
2026-06-04 11:54:20 [WARNING] core.strategy: BUY blocked | MARUTI | BUY_MACD_VWAP_SURGE suppressed: today win rate 18.2% from 11 trades is below 40.0%
2026-06-04 11:54:25 [INFO] core.state_manager: [BRIEFING] Loading from data/session_briefing.json...
2026-06-04 11:54:25 [INFO] core.state_manager: [BRIEFING] Loaded Valid: 8 approved + 0 watchlist (MORNING_SCREENER)
2026-06-04 11:54:25 [WARNING] core.strategy: BUY blocked | MARUTI | BUY_MACD_VWAP_SURGE suppressed: today win rate 18.2% from 11 trades is below 40.0%
2026-06-04 11:54:30 [WARNING] core.strategy: BUY blocked | MARUTI | BUY_MACD_VWAP_SURGE suppressed: today win rate 18.2% from 11 trades is below 40.0%
2026-06-04 11:54:35 [WARNING] core.strategy: BUY blocked | MARUTI | BUY_MACD_VWAP_SURGE suppressed: today win rate 18.2% from 11 trades is below 40.0%
2026-06-04 11:54:38 [INFO] core.data_fetcher: 📡 Live feed | ticks received: 8/8 symbols | active=['MARUTI', 'SUNPHARMA', 'DIVISLAB', 'RELIANCE', 'BAJFINANCE', 'SBIN', 'AXISBANK', 'ULTRACEMCO']
2026-06-04 11:54:40 [WARNING] core.strategy: BUY blocked | MARUTI | BUY_MACD_VWAP_SURGE suppressed: today win rate 18.2% from 11 trades is below 40.0%
2026-06-04 11:54:45 [WARNING] core.strategy: BUY blocked | MARUTI | BUY_MACD_VWAP_SURGE suppressed: today win rate 18.2% from 11 trades is below 40.0%
2026-06-04 11:54:50 [WARNING] core.strategy: BUY blocked | MARUTI | BUY_MACD_VWAP_SURGE suppressed: today win rate 18.2% from 11 trades is below 40.0%
2026-06-04 11:55:00 [INFO] core.data_fetcher: 🕯️ Candle closed: SBIN | 2026-06-04 11:50 | O:983.00 H:983.00 L:980.00 C:980.10 V:1505939720.0
2026-06-04 11:55:00 [INFO] core.data_fetcher: 🕯️ Candle closed: RELIANCE | 2026-06-04 11:50 | O:1306.90 H:1308.50 L:1306.00 C:1306.20 V:970428357.0
2026-06-04 11:55:00 [INFO] core.data_fetcher: 🕯️ Candle closed: AXISBANK | 2026-06-04 11:50 | O:1252.20 H:1253.00 L:1248.20 C:1248.60 V:495275702.0
2026-06-04 11:55:00 [INFO] core.data_fetcher: 🕯️ Candle closed: BAJFINANCE | 2026-06-04 11:50 | O:876.20 H:876.40 L:873.05 C:873.30 V:509306451.0
2026-06-04 11:55:01 [INFO] core.data_fetcher: 🕯️ Candle closed: SUNPHARMA | 2026-06-04 11:50 | O:1782.50 H:1783.40 L:1780.00 C:1780.20 V:63349566.0
2026-06-04 11:55:02 [INFO] core.data_fetcher: 🕯️ Candle closed: ULTRACEMCO | 2026-06-04 11:50 | O:11014.00 H:11016.00 L:11000.00 C:11001.00 V:16064443.0
2026-06-04 11:55:03 [INFO] core.data_fetcher: 🕯️ Candle closed: MARUTI | 2026-06-04 11:50 | O:13195.00 H:13203.00 L:13172.00 C:13174.00 V:24684903.0
2026-06-04 11:55:06 [INFO] core.strategy: SELL SIGNAL TRIGGERED
Symbol: BAJFINANCE
Price: 873.0
Triggered Set: SELL_MACD_EMA_WEAKNESS
Set Side: SELL
Confidence: 
Satisfied:
- MACD Bearish Cross: MACD crossed below signal in last 3 candles
- EMA20 Breakdown: Price broke below EMA20 in last 3 candles
Why: MACD bearish cross aligned with EMA20 breakdown. Both are EVENT conditions — this is the tightest, most reliable sell set. High conviction exit.
2026-06-04 11:55:06 [INFO] core.order_executor: 📋 [PAPER] SELL | BAJFINANCE | Qty: 23 | @ ₹873.0 | Reason: SELL_SET:SELL_MACD_EMA_WEAKNESS
2026-06-04 11:55:06 [INFO] core.state_manager: Position closed: BAJFINANCE | 873.0 | P&L: -40.25 | SELL_SET:SELL_MACD_EMA_WEAKNESS | price_source=ws_ltp
2026-06-04 11:55:06 [WARNING] core.strategy: BUY blocked | MARUTI | BUY_MACD_VWAP_SURGE suppressed: today win rate 18.2% from 11 trades is below 40.0%
2026-06-04 11:55:09 [INFO] core.data_fetcher: 🕯️ Candle closed: DIVISLAB | 2026-06-04 11:50 | O:6676.00 H:6678.50 L:6663.50 C:6672.50 V:4693078.0
2026-06-04 11:55:11 [WARNING] core.strategy: BUY blocked | MARUTI | BUY_MACD_VWAP_SURGE suppressed: today win rate 18.2% from 11 trades is below 40.0%
2026-06-04 11:55:16 [WARNING] core.strategy: BUY blocked | MARUTI | BUY_MACD_VWAP_SURGE suppressed: today win rate 18.2% from 11 trades is below 40.0%
2026-06-04 11:55:21 [WARNING] core.strategy: BUY blocked | MARUTI | BUY_MACD_VWAP_SURGE suppressed: today win rate 18.2% from 11 trades is below 40.0%
2026-06-04 11:55:26 [INFO] core.state_manager: [BRIEFING] Loading from data/session_briefing.json...
2026-06-04 11:55:26 [INFO] core.state_manager: [BRIEFING] Loaded Valid: 8 approved + 0 watchlist (MORNING_SCREENER)
2026-06-04 11:55:26 [INFO] core.strategy: ─── Scan summary (8 subscribed) ───
  [Cognition] MARUTI: ticks=1183 | live_candles=10
  [Cognition] SUNPHARMA: ticks=1625 | live_candles=10
  [Cognition] DIVISLAB: ticks=631 | live_candles=10
  [Cognition] RELIANCE: ticks=1927 | live_candles=10
  [Cognition] BAJFINANCE: ticks=1537 | live_candles=10
  [Cognition] SBIN: ticks=1852 | live_candles=10
  [Cognition] AXISBANK: ticks=1379 | live_candles=10
  [Cognition] ULTRACEMCO: ticks=1036 | live_candles=10
2026-06-04 11:55:26 [WARNING] core.strategy: BUY blocked | MARUTI | BUY_MACD_VWAP_SURGE suppressed: today win rate 18.2% from 11 trades is below 40.0%
2026-06-04 11:55:32 [WARNING] core.strategy: BUY blocked | MARUTI | BUY_MACD_VWAP_SURGE suppressed: today win rate 18.2% from 11 trades is below 40.0%
2026-06-04 11:55:37 [WARNING] core.strategy: BUY blocked | MARUTI | BUY_MACD_VWAP_SURGE suppressed: today win rate 18.2% from 11 trades is below 40.0%
2026-06-04 11:55:42 [WARNING] core.strategy: BUY blocked | MARUTI | BUY_MACD_VWAP_SURGE suppressed: today win rate 18.2% from 11 trades is below 40.0%
2026-06-04 11:55:47 [WARNING] core.strategy: BUY blocked | MARUTI | BUY_MACD_VWAP_SURGE suppressed: today win rate 18.2% from 11 trades is below 40.0%
2026-06-04 11:55:52 [WARNING] core.strategy: BUY blocked | MARUTI | BUY_MACD_VWAP_SURGE suppressed: today win rate 18.2% from 11 trades is below 40.0%
2026-06-04 11:55:57 [WARNING] core.strategy: BUY blocked | MARUTI | BUY_MACD_VWAP_SURGE suppressed: today win rate 18.2% from 11 trades is below 40.0%
2026-06-04 11:56:02 [WARNING] core.strategy: BUY blocked | MARUTI | BUY_MACD_VWAP_SURGE suppressed: today win rate 18.2% from 11 trades is below 40.0%
2026-06-04 11:56:08 [WARNING] core.strategy: BUY blocked | MARUTI | BUY_MACD_VWAP_SURGE suppressed: today win rate 18.2% from 11 trades is below 40.0%
2026-06-04 11:56:13 [WARNING] core.strategy: BUY blocked | MARUTI | BUY_MACD_VWAP_SURGE suppressed: today win rate 18.2% from 11 trades is below 40.0%
2026-06-04 11:56:18 [WARNING] core.strategy: BUY blocked | MARUTI | BUY_MACD_VWAP_SURGE suppressed: today win rate 18.2% from 11 trades is below 40.0%
2026-06-04 11:56:23 [WARNING] core.strategy: BUY blocked | MARUTI | BUY_MACD_VWAP_SURGE suppressed: today win rate 18.2% from 11 trades is below 40.0%
2026-06-04 11:56:28 [INFO] core.state_manager: [BRIEFING] Loading from data/session_briefing.json...
2026-06-04 11:56:28 [INFO] core.state_manager: [BRIEFING] Loaded Valid: 8 approved + 0 watchlist (MORNING_SCREENER)
2026-06-04 11:56:28 [WARNING] core.strategy: BUY blocked | MARUTI | BUY_MACD_VWAP_SURGE suppressed: today win rate 18.2% from 11 trades is below 40.0%
2026-06-04 11:56:33 [WARNING] core.strategy: BUY blocked | MARUTI | BUY_MACD_VWAP_SURGE suppressed: today win rate 18.2% from 11 trades is below 40.0%
2026-06-04 11:56:38 [INFO] core.data_fetcher: 📡 Live feed | ticks received: 8/8 symbols | active=['MARUTI', 'SUNPHARMA', 'DIVISLAB', 'RELIANCE', 'BAJFINANCE', 'SBIN', 'AXISBANK', 'ULTRACEMCO']
2026-06-04 11:56:39 [WARNING] core.strategy: BUY blocked | MARUTI | BUY_MACD_VWAP_SURGE suppressed: today win rate 18.2% from 11 trades is below 40.0%
2026-06-04 11:56:44 [WARNING] core.strategy: BUY blocked | MARUTI | BUY_MACD_VWAP_SURGE suppressed: today win rate 18.2% from 11 trades is below 40.0%
2026-06-04 11:56:49 [WARNING] core.strategy: BUY blocked | MARUTI | BUY_MACD_VWAP_SURGE suppressed: today win rate 18.2% from 11 trades is below 40.0%
2026-06-04 11:56:54 [WARNING] core.strategy: BUY blocked | MARUTI | BUY_MACD_VWAP_SURGE suppressed: today win rate 18.2% from 11 trades is below 40.0%
2026-06-04 11:56:59 [INFO] core.strategy: ─── Scan summary (8 subscribed) ───
  [Cognition] MARUTI: ticks=1243 | live_candles=10
  [Cognition] SUNPHARMA: ticks=1683 | live_candles=10
  [Cognition] DIVISLAB: ticks=645 | live_candles=10
  [Cognition] RELIANCE: ticks=2016 | live_candles=10
  [Cognition] BAJFINANCE: ticks=1584 | live_candles=10
  [Cognition] SBIN: ticks=1935 | live_candles=10
  [Cognition] AXISBANK: ticks=1430 | live_candles=10
  [Cognition] ULTRACEMCO: ticks=1062 | live_candles=10
2026-06-04 11:56:59 [WARNING] core.strategy: BUY blocked | MARUTI | BUY_MACD_VWAP_SURGE suppressed: today win rate 18.2% from 11 trades is below 40.0%
2026-06-04 11:57:04 [WARNING] core.strategy: BUY blocked | MARUTI | BUY_MACD_VWAP_SURGE suppressed: today win rate 18.2% from 11 trades is below 40.0%
2026-06-04 11:57:09 [WARNING] core.strategy: BUY blocked | MARUTI | BUY_MACD_VWAP_SURGE suppressed: today win rate 18.2% from 11 trades is below 40.0%
2026-06-04 11:57:15 [WARNING] core.strategy: BUY blocked | MARUTI | BUY_MACD_VWAP_SURGE suppressed: today win rate 18.2% from 11 trades is below 40.0%
2026-06-04 11:57:20 [WARNING] core.strategy: BUY blocked | MARUTI | BUY_MACD_VWAP_SURGE suppressed: today win rate 18.2% from 11 trades is below 40.0%
2026-06-04 11:57:20 [INFO] core.strategy: BUY SIGNAL TRIGGERED
Symbol: BAJFINANCE
Price: 875.0
Triggered Set: BUY_BREAKOUT_CONFIRMATION
Set Side: BUY
Confidence: base=72.0 signal_x=1.0 weight_x=1.0 time=11:30-1:00@1.0 market_x=1.0 advisory_x=0.99 final=71.3 min=65.0
Satisfied:
- Volume Breakout: VolSpike=True, PriceBreak=True, SMA=True
- Price above EMA20: Close=875.0 > EMA20=874.62
- Price above VWAP: Close=875.0 > VWAP=874.59
- RSI not overbought: RSI=51.1 < 65 ✓
Why: 4-gate fakeout filter. volume_breakout is a strong EVENT anchor. price_above_ema20, price_above_vwap, rsi_not_overbought are filters that eliminate false breakouts. Note: price_above_ema20 is slightly redundant (volume_breakout already checks SMA20) but kept as extra VWAP zone filter.
2026-06-04 11:57:20 [INFO] core.order_executor: ✅ Quantity calculated | Price: ₹875.0 | Qty: 23 | Deployed: ₹20125 | Limiting: Allocation-limited | Risk: 46sh | Alloc: 23sh | Lever: 70sh | Buying Power: ₹101256 | Margin Used: ₹0
2026-06-04 11:57:20 [INFO] core.order_executor: 📋 [PAPER] BUY | BAJFINANCE | Qty: 23 | @ ₹875.0 | SL: ₹870.62 | Target: ₹883.76
2026-06-04 11:57:20 [INFO] core.state_manager: Position saved: BAJFINANCE x23 | Target: 883.76 | SL: 870.62
2026-06-04 11:57:25 [WARNING] core.strategy: BUY blocked | MARUTI | BUY_MACD_VWAP_SURGE suppressed: today win rate 18.2% from 11 trades is below 40.0%
2026-06-04 11:57:30 [INFO] core.state_manager: [BRIEFING] Loading from data/session_briefing.json...
2026-06-04 11:57:30 [INFO] core.state_manager: [BRIEFING] Loaded Valid: 8 approved + 0 watchlist (MORNING_SCREENER)
2026-06-04 11:57:30 [WARNING] core.strategy: BUY blocked | MARUTI | BUY_MACD_VWAP_SURGE suppressed: today win rate 18.2% from 11 trades is below 40.0%
2026-06-04 11:57:35 [WARNING] core.strategy: BUY blocked | MARUTI | BUY_MACD_VWAP_SURGE suppressed: today win rate 18.2% from 11 trades is below 40.0%
2026-06-04 11:57:37 [INFO] apscheduler.executors.default: Running job "Market Observation Loop (trigger: interval[0:15:00], next run at: 2026-06-04 12:12:37 IST)" (scheduled at 2026-06-04 11:57:37.857335+05:30)
2026-06-04 11:57:37 [INFO] reflection.observation_loop: 🔍 Running observation cycle...
2026-06-04 11:57:37 [INFO] core.state_manager: [BRIEFING] Loading from data/session_briefing.json...
2026-06-04 11:57:37 [INFO] core.state_manager: [BRIEFING] Loaded Valid: 8 approved + 0 watchlist (MORNING_SCREENER)
2026-06-04 11:57:37 [INFO] reflection.observation_loop: 📊 Observation recorded:
   Market: RANGING | Trend: WEAK
   Vol: LOW | Breakouts: LOW
   Reversals: LOW
2026-06-04 11:57:37 [INFO] apscheduler.executors.default: Job "Market Observation Loop (trigger: interval[0:15:00], next run at: 2026-06-04 12:12:37 IST)" executed successfully
2026-06-04 11:57:40 [WARNING] core.strategy: BUY blocked | MARUTI | BUY_MACD_VWAP_SURGE suppressed: today win rate 18.2% from 11 trades is below 40.0%
2026-06-04 11:57:45 [WARNING] core.strategy: BUY blocked | MARUTI | BUY_MACD_VWAP_SURGE suppressed: today win rate 18.2% from 11 trades is below 40.0%
2026-06-04 11:57:51 [WARNING] core.strategy: BUY blocked | MARUTI | BUY_MACD_VWAP_SURGE suppressed: today win rate 18.2% from 11 trades is below 40.0%
2026-06-04 11:57:56 [WARNING] core.strategy: BUY blocked | MARUTI | BUY_MACD_VWAP_SURGE suppressed: today win rate 18.2% from 11 trades is below 40.0%
2026-06-04 11:58:01 [WARNING] core.strategy: BUY blocked | MARUTI | BUY_MACD_VWAP_SURGE suppressed: today win rate 18.2% from 11 trades is below 40.0%
2026-06-04 11:58:06 [WARNING] core.strategy: BUY blocked | MARUTI | BUY_MACD_VWAP_SURGE suppressed: today win rate 18.2% from 11 trades is below 40.0%
2026-06-04 11:58:11 [WARNING] core.strategy: BUY blocked | MARUTI | BUY_MACD_VWAP_SURGE suppressed: today win rate 18.2% from 11 trades is below 40.0%
2026-06-04 11:58:16 [WARNING] core.strategy: BUY blocked | MARUTI | BUY_MACD_VWAP_SURGE suppressed: today win rate 18.2% from 11 trades is below 40.0%
2026-06-04 11:58:21 [WARNING] core.strategy: BUY blocked | MARUTI | BUY_MACD_VWAP_SURGE suppressed: today win rate 18.2% from 11 trades is below 40.0%
2026-06-04 11:58:27 [WARNING] core.strategy: BUY blocked | MARUTI | BUY_MACD_VWAP_SURGE suppressed: today win rate 18.2% from 11 trades is below 40.0%
2026-06-04 11:58:32 [INFO] core.state_manager: [BRIEFING] Loading from data/session_briefing.json...
2026-06-04 11:58:32 [INFO] core.state_manager: [BRIEFING] Loaded Valid: 8 approved + 0 watchlist (MORNING_SCREENER)
2026-06-04 11:58:32 [INFO] core.strategy: ─── Scan summary (8 subscribed) ───
  [Cognition] MARUTI: ticks=1298 | live_candles=10
  [Cognition] SUNPHARMA: ticks=1747 | live_candles=10
  [Cognition] DIVISLAB: ticks=658 | live_candles=10
  [Cognition] RELIANCE: ticks=2101 | live_candles=10
  [Cognition] BAJFINANCE: ticks=1634 | live_candles=10
  [Cognition] SBIN: ticks=2004 | live_candles=10
  [Cognition] AXISBANK: ticks=1478 | live_candles=10
  [Cognition] ULTRACEMCO: ticks=1090 | live_candles=10
2026-06-04 11:58:32 [WARNING] core.strategy: BUY blocked | MARUTI | BUY_MACD_VWAP_SURGE suppressed: today win rate 18.2% from 11 trades is below 40.0%
2026-06-04 11:58:37 [WARNING] core.strategy: BUY blocked | MARUTI | BUY_MACD_VWAP_SURGE suppressed: today win rate 18.2% from 11 trades is below 40.0%
2026-06-04 11:58:38 [INFO] core.data_fetcher: 📡 Live feed | ticks received: 8/8 symbols | active=['MARUTI', 'SUNPHARMA', 'DIVISLAB', 'RELIANCE', 'BAJFINANCE', 'SBIN', 'AXISBANK', 'ULTRACEMCO']
2026-06-04 11:58:42 [WARNING] core.strategy: BUY blocked | MARUTI | BUY_MACD_VWAP_SURGE suppressed: today win rate 18.2% from 11 trades is below 40.0%
2026-06-04 11:58:47 [WARNING] core.strategy: BUY blocked | MARUTI | BUY_MACD_VWAP_SURGE suppressed: today win rate 18.2% from 11 trades is below 40.0%
2026-06-04 11:58:52 [WARNING] core.strategy: BUY blocked | MARUTI | BUY_MACD_VWAP_SURGE suppressed: today win rate 18.2% from 11 trades is below 40.0%
2026-06-04 11:58:57 [WARNING] core.strategy: BUY blocked | MARUTI | BUY_MACD_VWAP_SURGE suppressed: today win rate 18.2% from 11 trades is below 40.0%
2026-06-04 11:59:03 [WARNING] core.strategy: BUY blocked | MARUTI | BUY_MACD_VWAP_SURGE suppressed: today win rate 18.2% from 11 trades is below 40.0%
2026-06-04 11:59:08 [WARNING] core.strategy: BUY blocked | MARUTI | BUY_MACD_VWAP_SURGE suppressed: today win rate 18.2% from 11 trades is below 40.0%
2026-06-04 11:59:13 [WARNING] core.strategy: BUY blocked | MARUTI | BUY_MACD_VWAP_SURGE suppressed: today win rate 18.2% from 11 trades is below 40.0%
2026-06-04 11:59:18 [WARNING] core.strategy: BUY blocked | MARUTI | BUY_MACD_VWAP_SURGE suppressed: today win rate 18.2% from 11 trades is below 40.0%
2026-06-04 11:59:23 [WARNING] core.strategy: BUY blocked | MARUTI | BUY_MACD_VWAP_SURGE suppressed: today win rate 18.2% from 11 trades is below 40.0%
2026-06-04 11:59:28 [WARNING] core.strategy: BUY blocked | MARUTI | BUY_MACD_VWAP_SURGE suppressed: today win rate 18.2% from 11 trades is below 40.0%
2026-06-04 11:59:33 [INFO] core.state_manager: [BRIEFING] Loading from data/session_briefing.json...
2026-06-04 11:59:33 [INFO] core.state_manager: [BRIEFING] Loaded Valid: 8 approved + 0 watchlist (MORNING_SCREENER)
2026-06-04 11:59:33 [WARNING] core.strategy: BUY blocked | MARUTI | BUY_MACD_VWAP_SURGE suppressed: today win rate 18.2% from 11 trades is below 40.0%
2026-06-04 11:59:38 [WARNING] core.strategy: BUY blocked | MARUTI | BUY_MACD_VWAP_SURGE suppressed: today win rate 18.2% from 11 trades is below 40.0%
2026-06-04 11:59:44 [WARNING] core.strategy: BUY blocked | MARUTI | BUY_MACD_VWAP_SURGE suppressed: today win rate 18.2% from 11 trades is below 40.0%
2026-06-04 11:59:49 [WARNING] core.strategy: BUY blocked | MARUTI | BUY_MACD_VWAP_SURGE suppressed: today win rate 18.2% from 11 trades is below 40.0%
2026-06-04 11:59:54 [INFO] core.strategy: SELL SIGNAL TRIGGERED
Symbol: RELIANCE
Price: 1304.3
Triggered Set: SELL_BREAKDOWN_CONFIRMED
Set Side: SELL
Confidence: 
Satisfied:
- Price below recent support: Close=1304.3, Support=1304.5
- EMA20 Breakdown: Price broke below EMA20 in last 3 candles
Why: Support broken AND EMA confirms breakdown. Both are EVENT conditions. Reliable structural exit — not noise, not a fake dip.
2026-06-04 11:59:54 [INFO] core.order_executor: 📋 [PAPER] SELL | RELIANCE | Qty: 15 | @ ₹1304.3 | Reason: SELL_SET:SELL_BREAKDOWN_CONFIRMED
2026-06-04 11:59:54 [INFO] core.state_manager: Position closed: RELIANCE | 1304.3 | P&L: -1.50 | SELL_SET:SELL_BREAKDOWN_CONFIRMED | price_source=ws_ltp
2026-06-04 11:59:54 [WARNING] core.strategy: BUY blocked | MARUTI | BUY_MACD_VWAP_SURGE suppressed: today win rate 18.2% from 11 trades is below 40.0%
2026-06-04 11:59:59 [WARNING] core.strategy: BUY blocked | MARUTI | BUY_MACD_VWAP_SURGE suppressed: today win rate 18.2% from 11 trades is below 40.0%
2026-06-04 12:00:00 [INFO] core.data_fetcher: 🕯️ Candle closed: RELIANCE | 2026-06-04 11:55 | O:1306.00 H:1307.70 L:1304.20 C:1304.60 V:1589085895.0
2026-06-04 12:00:00 [INFO] core.data_fetcher: 🕯️ Candle closed: MARUTI | 2026-06-04 11:55 | O:13176.00 H:13209.00 L:13172.00 C:13203.00 V:24576910.0
2026-06-04 12:00:00 [INFO] core.data_fetcher: 🕯️ Candle closed: BAJFINANCE | 2026-06-04 11:55 | O:873.25 H:875.00 L:872.95 C:873.55 V:474770758.0
2026-06-04 12:00:00 [INFO] core.data_fetcher: 🕯️ Candle closed: ULTRACEMCO | 2026-06-04 11:55 | O:11002.00 H:11010.00 L:10998.00 C:11010.00 V:15812251.0
2026-06-04 12:00:01 [INFO] core.data_fetcher: 🕯️ Candle closed: SBIN | 2026-06-04 11:55 | O:980.20 H:980.85 L:979.60 C:980.55 V:1638120759.0
2026-06-04 12:00:01 [INFO] core.data_fetcher: 🕯️ Candle closed: AXISBANK | 2026-06-04 11:55 | O:1248.30 H:1249.90 L:1247.70 C:1249.80 V:485336910.0
2026-06-04 12:00:01 [INFO] core.data_fetcher: 🕯️ Candle closed: SUNPHARMA | 2026-06-04 11:55 | O:1780.70 H:1781.60 L:1780.00 C:1780.60 V:71695931.0
2026-06-04 12:00:02 [INFO] core.data_fetcher: 🕯️ Candle closed: DIVISLAB | 2026-06-04 11:55 | O:6671.00 H:6678.00 L:6668.00 C:6671.50 V:3538474.0
2026-06-04 12:00:04 [INFO] core.strategy: ─── Scan summary (8 subscribed) ───
  [Cognition] MARUTI: ticks=1361 | live_candles=11
  [Cognition] SUNPHARMA: ticks=1807 | live_candles=11
  [Cognition] DIVISLAB: ticks=671 | live_candles=11
  [Cognition] RELIANCE: ticks=2193 | live_candles=11
  [Cognition] BAJFINANCE: ticks=1693 | live_candles=11
  [Cognition] SBIN: ticks=2061 | live_candles=11
  [Cognition] AXISBANK: ticks=1522 | live_candles=11
  [Cognition] ULTRACEMCO: ticks=1124 | live_candles=11
2026-06-04 12:00:04 [INFO] core.strategy: SELL SIGNAL TRIGGERED
Symbol: BAJFINANCE
Price: 873.0
Triggered Set: SELL_MACD_EMA_WEAKNESS
Set Side: SELL
Confidence: 
Satisfied:
- MACD Bearish Cross: MACD crossed below signal in last 3 candles
- EMA20 Breakdown: Price broke below EMA20 in last 3 candles
Why: MACD bearish cross aligned with EMA20 breakdown. Both are EVENT conditions — this is the tightest, most reliable sell set. High conviction exit.
2026-06-04 12:00:04 [INFO] core.order_executor: 📋 [PAPER] SELL | BAJFINANCE | Qty: 23 | @ ₹873.0 | Reason: SELL_SET:SELL_MACD_EMA_WEAKNESS
2026-06-04 12:00:04 [INFO] core.state_manager: Position closed: BAJFINANCE | 873.0 | P&L: -46.00 | SELL_SET:SELL_MACD_EMA_WEAKNESS | price_source=ws_ltp
2026-06-04 12:00:35 [INFO] core.state_manager: [BRIEFING] Loading from data/session_briefing.json...
2026-06-04 12:00:35 [INFO] core.state_manager: [BRIEFING] Loaded Valid: 8 approved + 0 watchlist (MORNING_SCREENER)
2026-06-04 12:00:38 [INFO] core.data_fetcher: 📡 Live feed | ticks received: 8/8 symbols | active=['MARUTI', 'SUNPHARMA', 'DIVISLAB', 'RELIANCE', 'BAJFINANCE', 'SBIN', 'AXISBANK', 'ULTRACEMCO']
2026-06-04 12:01:37 [INFO] core.state_manager: [BRIEFING] Loading from data/session_briefing.json...
2026-06-04 12:01:37 [INFO] core.state_manager: [BRIEFING] Loaded Valid: 8 approved + 0 watchlist (MORNING_SCREENER)
2026-06-04 12:01:37 [INFO] core.strategy: ─── Scan summary (8 subscribed) ───
  [Cognition] MARUTI: ticks=1427 | live_candles=11
  [Cognition] SUNPHARMA: ticks=1855 | live_candles=11
  [Cognition] DIVISLAB: ticks=694 | live_candles=11
  [Cognition] RELIANCE: ticks=2251 | live_candles=11
  [Cognition] BAJFINANCE: ticks=1751 | live_candles=11
  [Cognition] SBIN: ticks=2124 | live_candles=11
  [Cognition] AXISBANK: ticks=1576 | live_candles=11
  [Cognition] ULTRACEMCO: ticks=1154 | live_candles=11
2026-06-04 12:02:39 [INFO] core.state_manager: [BRIEFING] Loading from data/session_briefing.json...
2026-06-04 12:02:39 [INFO] core.state_manager: [BRIEFING] Loaded Valid: 8 approved + 0 watchlist (MORNING_SCREENER)
2026-06-04 12:02:40 [INFO] core.data_fetcher: 📡 Live feed | ticks received: 8/8 symbols | active=['MARUTI', 'SUNPHARMA', 'DIVISLAB', 'RELIANCE', 'BAJFINANCE', 'SBIN', 'AXISBANK', 'ULTRACEMCO']
2026-06-04 12:03:10 [INFO] core.strategy: ─── Scan summary (8 subscribed) ───
  [Cognition] MARUTI: ticks=1478 | live_candles=11
  [Cognition] SUNPHARMA: ticks=1900 | live_candles=11
  [Cognition] DIVISLAB: ticks=715 | live_candles=11
  [Cognition] RELIANCE: ticks=2305 | live_candles=11
  [Cognition] BAJFINANCE: ticks=1792 | live_candles=11
  [Cognition] SBIN: ticks=2178 | live_candles=11
  [Cognition] AXISBANK: ticks=1613 | live_candles=11
  [Cognition] ULTRACEMCO: ticks=1172 | live_candles=11
2026-06-04 12:03:41 [INFO] core.state_manager: [BRIEFING] Loading from data/session_briefing.json...
2026-06-04 12:03:41 [INFO] core.state_manager: [BRIEFING] Loaded Valid: 8 approved + 0 watchlist (MORNING_SCREENER)
2026-06-04 12:04:40 [INFO] core.data_fetcher: 📡 Live feed | ticks received: 8/8 symbols | active=['MARUTI', 'SUNPHARMA', 'DIVISLAB', 'RELIANCE', 'BAJFINANCE', 'SBIN', 'AXISBANK', 'ULTRACEMCO']
2026-06-04 12:04:42 [INFO] core.state_manager: [BRIEFING] Loading from data/session_briefing.json...
2026-06-04 12:04:42 [INFO] core.state_manager: [BRIEFING] Loaded Valid: 8 approved + 0 watchlist (MORNING_SCREENER)
2026-06-04 12:04:42 [INFO] core.strategy: ─── Scan summary (8 subscribed) ───
  [Cognition] MARUTI: ticks=1546 | live_candles=11
  [Cognition] SUNPHARMA: ticks=1963 | live_candles=11
  [Cognition] DIVISLAB: ticks=751 | live_candles=11
  [Cognition] RELIANCE: ticks=2367 | live_candles=11
  [Cognition] BAJFINANCE: ticks=1846 | live_candles=11
  [Cognition] SBIN: ticks=2219 | live_candles=11
  [Cognition] AXISBANK: ticks=1653 | live_candles=11
  [Cognition] ULTRACEMCO: ticks=1196 | live_candles=11
2026-06-04 12:05:00 [INFO] core.data_fetcher: 🕯️ Candle closed: SBIN | 2026-06-04 12:00 | O:980.45 H:981.10 L:980.00 C:980.50 V:1268941448.0
2026-06-04 12:05:00 [INFO] core.data_fetcher: 🕯️ Candle closed: BAJFINANCE | 2026-06-04 12:00 | O:873.40 H:873.50 L:872.10 C:873.10 V:493491644.0
2026-06-04 12:05:00 [INFO] core.data_fetcher: 🕯️ Candle closed: SUNPHARMA | 2026-06-04 12:00 | O:1780.80 H:1781.50 L:1780.00 C:1780.00 V:61477040.0
2026-06-04 12:05:00 [INFO] core.data_fetcher: 🕯️ Candle closed: ULTRACEMCO | 2026-06-04 12:00 | O:11009.00 H:11017.00 L:11005.00 C:11016.00 V:13869807.0
2026-06-04 12:05:01 [INFO] core.data_fetcher: 🕯️ Candle closed: DIVISLAB | 2026-06-04 12:00 | O:6668.00 H:6697.00 L:6668.00 C:6691.00 V:8363050.0
2026-06-04 12:05:01 [INFO] core.data_fetcher: 🕯️ Candle closed: RELIANCE | 2026-06-04 12:00 | O:1304.20 H:1306.40 L:1304.00 C:1306.10 V:1092593933.0
2026-06-04 12:05:03 [INFO] core.data_fetcher: 🕯️ Candle closed: MARUTI | 2026-06-04 12:00 | O:13205.00 H:13251.00 L:13203.00 C:13247.00 V:26287779.0
2026-06-04 12:05:03 [WARNING] core.strategy: BUY blocked | MARUTI | BUY_MACD_VWAP_SURGE suppressed: today win rate 18.2% from 11 trades is below 40.0%
2026-06-04 12:05:03 [INFO] core.strategy: BUY SIGNAL TRIGGERED
Symbol: DIVISLAB
Price: 6688.0
Triggered Set: BUY_BREAKOUT_CONFIRMATION
Set Side: BUY
Confidence: base=72.0 signal_x=1.0 weight_x=1.0 time=11:30-1:00@1.0 market_x=1.0 advisory_x=0.99 final=71.3 min=65.0
Satisfied:
- Volume Breakout: VolSpike=True, PriceBreak=True, SMA=True
- Price above EMA20: Close=6688.0 > EMA20=6673.23
- Price above VWAP: Close=6688.0 > VWAP=6680.53
- RSI not overbought: RSI=60.1 < 65 ✓
Why: 4-gate fakeout filter. volume_breakout is a strong EVENT anchor. price_above_ema20, price_above_vwap, rsi_not_overbought are filters that eliminate false breakouts. Note: price_above_ema20 is slightly redundant (volume_breakout already checks SMA20) but kept as extra VWAP zone filter.
2026-06-04 12:05:03 [INFO] core.order_executor: ✅ Quantity calculated | Price: ₹6688.0 | Qty: 3 | Deployed: ₹20064 | Limiting: Allocation-limited | Risk: 6sh | Alloc: 3sh | Lever: 12sh | Buying Power: ₹101019 | Margin Used: ₹0
2026-06-04 12:05:03 [INFO] core.order_executor: 📋 [PAPER] BUY | DIVISLAB | Qty: 3 | @ ₹6688.0 | SL: ₹6654.56 | Target: ₹6754.88
2026-06-04 12:05:03 [INFO] core.state_manager: Position saved: DIVISLAB x3 | Target: 6754.88 | SL: 6654.56
2026-06-04 12:05:06 [INFO] core.data_fetcher: 🕯️ Candle closed: AXISBANK | 2026-06-04 12:00 | O:1249.70 H:1253.40 L:1248.70 C:1253.00 V:411804640.0
2026-06-04 12:05:08 [WARNING] core.strategy: BUY blocked | MARUTI | BUY_MACD_VWAP_SURGE suppressed: today win rate 18.2% from 11 trades is below 40.0%
2026-06-04 12:05:08 [INFO] core.strategy: BUY SIGNAL TRIGGERED
Symbol: AXISBANK
Price: 1253.0
Triggered Set: BUY_BREAKOUT_CONFIRMATION
Set Side: BUY
Confidence: base=72.0 signal_x=1.0 weight_x=1.0 time=11:30-1:00@1.0 market_x=1.0 advisory_x=0.99 final=71.3 min=65.0
Satisfied:
- Volume Breakout: VolSpike=True, PriceBreak=True, SMA=True
- Price above EMA20: Close=1253.0 > EMA20=1252.31
- Price above VWAP: Close=1253.0 > VWAP=1252.1
- RSI not overbought: RSI=51.2 < 65 ✓
Why: 4-gate fakeout filter. volume_breakout is a strong EVENT anchor. price_above_ema20, price_above_vwap, rsi_not_overbought are filters that eliminate false breakouts. Note: price_above_ema20 is slightly redundant (volume_breakout already checks SMA20) but kept as extra VWAP zone filter.
2026-06-04 12:05:08 [INFO] core.order_executor: ✅ Quantity calculated | Price: ₹1253.0 | Qty: 16 | Deployed: ₹20048 | Limiting: Allocation-limited | Risk: 32sh | Alloc: 16sh | Lever: 48sh | Buying Power: ₹101019 | Margin Used: ₹0
2026-06-04 12:05:08 [INFO] core.order_executor: 📋 [PAPER] BUY | AXISBANK | Qty: 16 | @ ₹1253.0 | SL: ₹1246.73 | Target: ₹1265.54
2026-06-04 12:05:08 [INFO] core.state_manager: Position saved: AXISBANK x16 | Target: 1265.54 | SL: 1246.73
2026-06-04 12:05:13 [INFO] core.order_executor: 📈 TRAILING SL | AXISBANK | ₹1246.73 → ₹1247.03
2026-06-04 12:05:13 [WARNING] core.strategy: BUY blocked | MARUTI | BUY_MACD_VWAP_SURGE suppressed: today win rate 18.2% from 11 trades is below 40.0%
2026-06-04 12:05:19 [WARNING] core.strategy: BUY blocked | MARUTI | BUY_MACD_VWAP_SURGE suppressed: today win rate 18.2% from 11 trades is below 40.0%
2026-06-04 12:05:24 [INFO] core.order_executor: 📈 TRAILING SL | AXISBANK | ₹1247.03 → ₹1247.13
2026-06-04 12:05:24 [WARNING] core.strategy: BUY blocked | MARUTI | BUY_MACD_VWAP_SURGE suppressed: today win rate 18.2% from 11 trades is below 40.0%
2026-06-04 12:05:29 [INFO] core.order_executor: 📈 TRAILING SL | DIVISLAB | ₹6654.56 → ₹6656.05
2026-06-04 12:05:29 [INFO] core.order_executor: 📈 TRAILING SL | AXISBANK | ₹1247.13 → ₹1247.53
2026-06-04 12:05:29 [WARNING] core.strategy: BUY blocked | MARUTI | BUY_MACD_VWAP_SURGE suppressed: today win rate 18.2% from 11 trades is below 40.0%
2026-06-04 12:05:34 [INFO] core.order_executor: 📈 TRAILING SL | DIVISLAB | ₹6656.05 → ₹6657.55
2026-06-04 12:05:34 [WARNING] core.strategy: BUY blocked | MARUTI | BUY_MACD_VWAP_SURGE suppressed: today win rate 18.2% from 11 trades is below 40.0%
2026-06-04 12:05:39 [WARNING] core.strategy: BUY blocked | MARUTI | BUY_MACD_VWAP_SURGE suppressed: today win rate 18.2% from 11 trades is below 40.0%
2026-06-04 12:05:44 [INFO] core.state_manager: [BRIEFING] Loading from data/session_briefing.json...
2026-06-04 12:05:44 [INFO] core.state_manager: [BRIEFING] Loaded Valid: 8 approved + 0 watchlist (MORNING_SCREENER)
2026-06-04 12:05:44 [WARNING] core.strategy: BUY blocked | MARUTI | BUY_MACD_VWAP_SURGE suppressed: today win rate 18.2% from 11 trades is below 40.0%
2026-06-04 12:05:49 [WARNING] core.strategy: BUY blocked | MARUTI | BUY_MACD_VWAP_SURGE suppressed: today win rate 18.2% from 11 trades is below 40.0%
2026-06-04 12:05:55 [INFO] core.order_executor: 📈 TRAILING SL | AXISBANK | ₹1247.53 → ₹1247.63
2026-06-04 12:05:55 [WARNING] core.strategy: BUY blocked | MARUTI | BUY_MACD_VWAP_SURGE suppressed: today win rate 18.2% from 11 trades is below 40.0%
2026-06-04 12:06:00 [WARNING] core.strategy: BUY blocked | MARUTI | BUY_MACD_VWAP_SURGE suppressed: today win rate 18.2% from 11 trades is below 40.0%
2026-06-04 12:06:05 [WARNING] core.strategy: BUY blocked | MARUTI | BUY_MACD_VWAP_SURGE suppressed: today win rate 18.2% from 11 trades is below 40.0%
2026-06-04 12:06:10 [INFO] core.strategy: SELL SIGNAL TRIGGERED
Symbol: SUNPHARMA
Price: 1778.9
Triggered Set: SELL_BREAKDOWN_CONFIRMED
Set Side: SELL
Confidence: 
Satisfied:
- Price below recent support: Close=1778.9, Support=1780.0
- EMA20 Breakdown: Price broke below EMA20 in last 3 candles
Why: Support broken AND EMA confirms breakdown. Both are EVENT conditions. Reliable structural exit — not noise, not a fake dip.
2026-06-04 12:06:10 [INFO] core.order_executor: 📋 [PAPER] SELL | SUNPHARMA | Qty: 11 | @ ₹1778.9 | Reason: SELL_SET:SELL_BREAKDOWN_CONFIRMED
2026-06-04 12:06:10 [INFO] core.state_manager: Position closed: SUNPHARMA | 1778.9 | P&L: -3.30 | SELL_SET:SELL_BREAKDOWN_CONFIRMED | price_source=ws_ltp
2026-06-04 12:06:10 [WARNING] core.strategy: BUY blocked | MARUTI | BUY_MACD_VWAP_SURGE suppressed: today win rate 18.2% from 11 trades is below 40.0%
2026-06-04 12:06:15 [INFO] core.strategy: ─── Scan summary (8 subscribed) ───
  [Cognition] MARUTI: ticks=1607 | live_candles=12
  [Cognition] SUNPHARMA: ticks=2015 | live_candles=12
  [Cognition] DIVISLAB: ticks=773 | live_candles=12
  [Cognition] RELIANCE: ticks=2439 | live_candles=12
  [Cognition] BAJFINANCE: ticks=1899 | live_candles=12
  [Cognition] SBIN: ticks=2277 | live_candles=12
  [Cognition] AXISBANK: ticks=1696 | live_candles=12
  [Cognition] ULTRACEMCO: ticks=1225 | live_candles=12
2026-06-04 12:06:15 [INFO] core.order_executor: 📈 TRAILING SL | AXISBANK | ₹1247.63 → ₹1248.53
2026-06-04 12:06:15 [WARNING] core.strategy: BUY blocked | MARUTI | BUY_MACD_VWAP_SURGE suppressed: today win rate 18.2% from 11 trades is below 40.0%
2026-06-04 12:06:20 [INFO] core.order_executor: 📈 TRAILING SL | AXISBANK | ₹1248.53 → ₹1248.63
2026-06-04 12:06:20 [WARNING] core.strategy: BUY blocked | MARUTI | BUY_MACD_VWAP_SURGE suppressed: today win rate 18.2% from 11 trades is below 40.0%
2026-06-04 12:06:26 [WARNING] core.strategy: BUY blocked | MARUTI | BUY_MACD_VWAP_SURGE suppressed: today win rate 18.2% from 11 trades is below 40.0%
2026-06-04 12:06:31 [WARNING] core.strategy: BUY blocked | MARUTI | BUY_MACD_VWAP_SURGE suppressed: today win rate 18.2% from 11 trades is below 40.0%
2026-06-04 12:06:36 [INFO] core.order_executor: 📈 TRAILING SL | AXISBANK | ₹1248.63 → ₹1248.92
2026-06-04 12:06:36 [WARNING] core.strategy: BUY blocked | MARUTI | BUY_MACD_VWAP_SURGE suppressed: today win rate 18.2% from 11 trades is below 40.0%
2026-06-04 12:06:41 [INFO] core.data_fetcher: 📡 Live feed | ticks received: 8/8 symbols | active=['MARUTI', 'SUNPHARMA', 'DIVISLAB', 'RELIANCE', 'BAJFINANCE', 'SBIN', 'AXISBANK', 'ULTRACEMCO']
2026-06-04 12:06:41 [INFO] core.order_executor: 📈 TRAILING SL | AXISBANK | ₹1248.92 → ₹1249.02
2026-06-04 12:06:41 [WARNING] core.strategy: BUY blocked | MARUTI | BUY_MACD_VWAP_SURGE suppressed: today win rate 18.2% from 11 trades is below 40.0%
2026-06-04 12:06:41 [WARNING] core.strategy: BUY blocked | RELIANCE | BUY_MACD_VWAP_SURGE suppressed: today win rate 18.2% from 11 trades is below 40.0%
2026-06-04 12:06:46 [INFO] core.state_manager: [BRIEFING] Loading from data/session_briefing.json...
2026-06-04 12:06:46 [INFO] core.state_manager: [BRIEFING] Loaded Valid: 8 approved + 0 watchlist (MORNING_SCREENER)
2026-06-04 12:06:46 [WARNING] core.strategy: BUY blocked | MARUTI | BUY_MACD_VWAP_SURGE suppressed: today win rate 18.2% from 11 trades is below 40.0%
2026-06-04 12:06:46 [WARNING] core.strategy: BUY blocked | RELIANCE | BUY_MACD_VWAP_SURGE suppressed: today win rate 18.2% from 11 trades is below 40.0%
2026-06-04 12:06:51 [WARNING] core.strategy: BUY blocked | MARUTI | BUY_MACD_VWAP_SURGE suppressed: today win rate 18.2% from 11 trades is below 40.0%
2026-06-04 12:06:51 [WARNING] core.strategy: BUY blocked | RELIANCE | BUY_MACD_VWAP_SURGE suppressed: today win rate 18.2% from 11 trades is below 40.0%
2026-06-04 12:06:57 [WARNING] core.strategy: BUY blocked | MARUTI | BUY_MACD_VWAP_SURGE suppressed: today win rate 18.2% from 11 trades is below 40.0%
2026-06-04 12:06:57 [WARNING] core.strategy: BUY blocked | RELIANCE | BUY_MACD_VWAP_SURGE suppressed: today win rate 18.2% from 11 trades is below 40.0%
2026-06-04 12:07:02 [WARNING] core.strategy: BUY blocked | MARUTI | BUY_MACD_VWAP_SURGE suppressed: today win rate 18.2% from 11 trades is below 40.0%
2026-06-04 12:07:07 [INFO] core.order_executor: 📈 TRAILING SL | AXISBANK | ₹1249.02 → ₹1249.12
2026-06-04 12:07:07 [WARNING] core.strategy: BUY blocked | MARUTI | BUY_MACD_VWAP_SURGE suppressed: today win rate 18.2% from 11 trades is below 40.0%
2026-06-04 12:07:07 [WARNING] core.strategy: BUY blocked | RELIANCE | BUY_MACD_VWAP_SURGE suppressed: today win rate 18.2% from 11 trades is below 40.0%
2026-06-04 12:07:12 [WARNING] core.strategy: BUY blocked | MARUTI | BUY_MACD_VWAP_SURGE suppressed: today win rate 18.2% from 11 trades is below 40.0%
2026-06-04 12:07:17 [WARNING] core.strategy: BUY blocked | MARUTI | BUY_MACD_VWAP_SURGE suppressed: today win rate 18.2% from 11 trades is below 40.0%
2026-06-04 12:07:22 [WARNING] core.strategy: BUY blocked | MARUTI | BUY_MACD_VWAP_SURGE suppressed: today win rate 18.2% from 11 trades is below 40.0%
2026-06-04 12:07:27 [WARNING] core.strategy: BUY blocked | MARUTI | BUY_MACD_VWAP_SURGE suppressed: today win rate 18.2% from 11 trades is below 40.0%
2026-06-04 12:07:33 [INFO] core.order_executor: 📈 TRAILING SL | AXISBANK | ₹1249.12 → ₹1249.22
2026-06-04 12:07:33 [WARNING] core.strategy: BUY blocked | MARUTI | BUY_MACD_VWAP_SURGE suppressed: today win rate 18.2% from 11 trades is below 40.0%
2026-06-04 12:07:38 [WARNING] core.strategy: BUY blocked | MARUTI | BUY_MACD_VWAP_SURGE suppressed: today win rate 18.2% from 11 trades is below 40.0%
2026-06-04 12:07:43 [INFO] core.order_executor: 📈 TRAILING SL | AXISBANK | ₹1249.22 → ₹1249.52
2026-06-04 12:07:43 [WARNING] core.strategy: BUY blocked | MARUTI | BUY_MACD_VWAP_SURGE suppressed: today win rate 18.2% from 11 trades is below 40.0%
2026-06-04 12:07:48 [INFO] core.state_manager: [BRIEFING] Loading from data/session_briefing.json...
2026-06-04 12:07:48 [INFO] core.state_manager: [BRIEFING] Loaded Valid: 8 approved + 0 watchlist (MORNING_SCREENER)
2026-06-04 12:07:48 [INFO] core.strategy: ─── Scan summary (8 subscribed) ───
  [Cognition] MARUTI: ticks=1666 | live_candles=12
  [Cognition] SUNPHARMA: ticks=2068 | live_candles=12
  [Cognition] DIVISLAB: ticks=793 | live_candles=12
  [Cognition] RELIANCE: ticks=2515 | live_candles=12
  [Cognition] BAJFINANCE: ticks=1945 | live_candles=12
  [Cognition] SBIN: ticks=2349 | live_candles=12
  [Cognition] AXISBANK: ticks=1744 | live_candles=12
  [Cognition] ULTRACEMCO: ticks=1243 | live_candles=12
2026-06-04 12:07:48 [INFO] core.order_executor: 📈 TRAILING SL | AXISBANK | ₹1249.52 → ₹1249.62
2026-06-04 12:07:48 [WARNING] core.strategy: BUY blocked | MARUTI | BUY_MACD_VWAP_SURGE suppressed: today win rate 18.2% from 11 trades is below 40.0%
2026-06-04 12:07:48 [WARNING] core.strategy: BUY blocked | RELIANCE | BUY_MACD_VWAP_SURGE suppressed: today win rate 18.2% from 11 trades is below 40.0%
2026-06-04 12:07:53 [WARNING] core.strategy: BUY blocked | MARUTI | BUY_MACD_VWAP_SURGE suppressed: today win rate 18.2% from 11 trades is below 40.0%
2026-06-04 12:07:53 [WARNING] core.strategy: BUY blocked | RELIANCE | BUY_MACD_VWAP_SURGE suppressed: today win rate 18.2% from 11 trades is below 40.0%
2026-06-04 12:07:58 [WARNING] core.strategy: BUY blocked | MARUTI | BUY_MACD_VWAP_SURGE suppressed: today win rate 18.2% from 11 trades is below 40.0%
2026-06-04 12:07:58 [WARNING] core.strategy: BUY blocked | RELIANCE | BUY_MACD_VWAP_SURGE suppressed: today win rate 18.2% from 11 trades is below 40.0%
2026-06-04 12:08:04 [WARNING] core.strategy: BUY blocked | MARUTI | BUY_MACD_VWAP_SURGE suppressed: today win rate 18.2% from 11 trades is below 40.0%
2026-06-04 12:08:04 [WARNING] core.strategy: BUY blocked | RELIANCE | BUY_MACD_VWAP_SURGE suppressed: today win rate 18.2% from 11 trades is below 40.0%
2026-06-04 12:08:09 [WARNING] core.strategy: BUY blocked | MARUTI | BUY_MACD_VWAP_SURGE suppressed: today win rate 18.2% from 11 trades is below 40.0%
2026-06-04 12:08:09 [WARNING] core.strategy: BUY blocked | RELIANCE | BUY_MACD_VWAP_SURGE suppressed: today win rate 18.2% from 11 trades is below 40.0%
2026-06-04 12:08:14 [INFO] core.order_executor: 📈 TRAILING SL | AXISBANK | ₹1249.62 → ₹1249.72
2026-06-04 12:08:14 [WARNING] core.strategy: BUY blocked | MARUTI | BUY_MACD_VWAP_SURGE suppressed: today win rate 18.2% from 11 trades is below 40.0%
2026-06-04 12:08:14 [WARNING] core.strategy: BUY blocked | RELIANCE | BUY_MACD_VWAP_SURGE suppressed: today win rate 18.2% from 11 trades is below 40.0%
2026-06-04 12:08:19 [INFO] core.order_executor: 📈 TRAILING SL | AXISBANK | ₹1249.72 → ₹1250.02
2026-06-04 12:08:19 [WARNING] core.strategy: BUY blocked | MARUTI | BUY_MACD_VWAP_SURGE suppressed: today win rate 18.2% from 11 trades is below 40.0%
2026-06-04 12:08:19 [WARNING] core.strategy: BUY blocked | RELIANCE | BUY_MACD_VWAP_SURGE suppressed: today win rate 18.2% from 11 trades is below 40.0%
2026-06-04 12:08:24 [WARNING] core.strategy: BUY blocked | MARUTI | BUY_MACD_VWAP_SURGE suppressed: today win rate 18.2% from 11 trades is below 40.0%
2026-06-04 12:08:24 [WARNING] core.strategy: BUY blocked | RELIANCE | BUY_MACD_VWAP_SURGE suppressed: today win rate 18.2% from 11 trades is below 40.0%
2026-06-04 12:08:29 [WARNING] core.strategy: BUY blocked | MARUTI | BUY_MACD_VWAP_SURGE suppressed: today win rate 18.2% from 11 trades is below 40.0%
2026-06-04 12:08:29 [WARNING] core.strategy: BUY blocked | RELIANCE | BUY_MACD_VWAP_SURGE suppressed: today win rate 18.2% from 11 trades is below 40.0%
2026-06-04 12:08:34 [INFO] core.order_executor: 📈 TRAILING SL | AXISBANK | ₹1250.02 → ₹1250.12
2026-06-04 12:08:34 [WARNING] core.strategy: BUY blocked | MARUTI | BUY_MACD_VWAP_SURGE suppressed: today win rate 18.2% from 11 trades is below 40.0%
2026-06-04 12:08:35 [WARNING] core.strategy: BUY blocked | RELIANCE | BUY_MACD_VWAP_SURGE suppressed: today win rate 18.2% from 11 trades is below 40.0%
2026-06-04 12:08:40 [WARNING] core.strategy: BUY blocked | MARUTI | BUY_MACD_VWAP_SURGE suppressed: today win rate 18.2% from 11 trades is below 40.0%
2026-06-04 12:08:40 [WARNING] core.strategy: BUY blocked | RELIANCE | BUY_MACD_VWAP_SURGE suppressed: today win rate 18.2% from 11 trades is below 40.0%
2026-06-04 12:08:41 [INFO] core.data_fetcher: 📡 Live feed | ticks received: 8/8 symbols | active=['MARUTI', 'SUNPHARMA', 'DIVISLAB', 'RELIANCE', 'BAJFINANCE', 'SBIN', 'AXISBANK', 'ULTRACEMCO']
2026-06-04 12:08:45 [WARNING] core.strategy: BUY blocked | MARUTI | BUY_MACD_VWAP_SURGE suppressed: today win rate 18.2% from 11 trades is below 40.0%
2026-06-04 12:08:45 [WARNING] core.strategy: BUY blocked | RELIANCE | BUY_MACD_VWAP_SURGE suppressed: today win rate 18.2% from 11 trades is below 40.0%
2026-06-04 12:08:50 [INFO] core.state_manager: [BRIEFING] Loading from data/session_briefing.json...
2026-06-04 12:08:50 [INFO] core.state_manager: [BRIEFING] Loaded Valid: 8 approved + 0 watchlist (MORNING_SCREENER)
2026-06-04 12:08:50 [WARNING] core.strategy: BUY blocked | MARUTI | BUY_MACD_VWAP_SURGE suppressed: today win rate 18.2% from 11 trades is below 40.0%
2026-06-04 12:08:50 [WARNING] core.strategy: BUY blocked | RELIANCE | BUY_MACD_VWAP_SURGE suppressed: today win rate 18.2% from 11 trades is below 40.0%
2026-06-04 12:08:55 [WARNING] core.strategy: BUY blocked | MARUTI | BUY_MACD_VWAP_SURGE suppressed: today win rate 18.2% from 11 trades is below 40.0%
2026-06-04 12:08:55 [WARNING] core.strategy: BUY blocked | RELIANCE | BUY_MACD_VWAP_SURGE suppressed: today win rate 18.2% from 11 trades is below 40.0%
2026-06-04 12:09:00 [WARNING] core.strategy: BUY blocked | MARUTI | BUY_MACD_VWAP_SURGE suppressed: today win rate 18.2% from 11 trades is below 40.0%
2026-06-04 12:09:00 [WARNING] core.strategy: BUY blocked | RELIANCE | BUY_MACD_VWAP_SURGE suppressed: today win rate 18.2% from 11 trades is below 40.0%
2026-06-04 12:09:05 [WARNING] core.strategy: BUY blocked | MARUTI | BUY_MACD_VWAP_SURGE suppressed: today win rate 18.2% from 11 trades is below 40.0%
2026-06-04 12:09:05 [WARNING] core.strategy: BUY blocked | RELIANCE | BUY_MACD_VWAP_SURGE suppressed: today win rate 18.2% from 11 trades is below 40.0%
2026-06-04 12:09:10 [WARNING] core.strategy: BUY blocked | MARUTI | BUY_MACD_VWAP_SURGE suppressed: today win rate 18.2% from 11 trades is below 40.0%
2026-06-04 12:09:11 [WARNING] core.strategy: BUY blocked | RELIANCE | BUY_MACD_VWAP_SURGE suppressed: today win rate 18.2% from 11 trades is below 40.0%
2026-06-04 12:09:16 [WARNING] core.strategy: BUY blocked | MARUTI | BUY_MACD_VWAP_SURGE suppressed: today win rate 18.2% from 11 trades is below 40.0%
2026-06-04 12:09:16 [WARNING] core.strategy: BUY blocked | RELIANCE | BUY_MACD_VWAP_SURGE suppressed: today win rate 18.2% from 11 trades is below 40.0%
2026-06-04 12:09:21 [INFO] core.strategy: ─── Scan summary (8 subscribed) ───
  [Cognition] MARUTI: ticks=1725 | live_candles=12
  [Cognition] SUNPHARMA: ticks=2129 | live_candles=12
  [Cognition] DIVISLAB: ticks=811 | live_candles=12
  [Cognition] RELIANCE: ticks=2578 | live_candles=12
  [Cognition] BAJFINANCE: ticks=1990 | live_candles=12
  [Cognition] SBIN: ticks=2421 | live_candles=12
  [Cognition] AXISBANK: ticks=1789 | live_candles=12
  [Cognition] ULTRACEMCO: ticks=1270 | live_candles=12
2026-06-04 12:09:21 [WARNING] core.strategy: BUY blocked | MARUTI | BUY_MACD_VWAP_SURGE suppressed: today win rate 18.2% from 11 trades is below 40.0%
2026-06-04 12:09:21 [WARNING] core.strategy: BUY blocked | RELIANCE | BUY_MACD_VWAP_SURGE suppressed: today win rate 18.2% from 11 trades is below 40.0%
2026-06-04 12:09:26 [WARNING] core.strategy: BUY blocked | MARUTI | BUY_MACD_VWAP_SURGE suppressed: today win rate 18.2% from 11 trades is below 40.0%
2026-06-04 12:09:26 [WARNING] core.strategy: BUY blocked | RELIANCE | BUY_MACD_VWAP_SURGE suppressed: today win rate 18.2% from 11 trades is below 40.0%
2026-06-04 12:09:31 [INFO] core.strategy: SELL SIGNAL TRIGGERED
Symbol: DIVISLAB
Price: 6668.0
Triggered Set: SELL_EMA_MOMENTUM_LOSS
Set Side: SELL
Confidence: 
Satisfied:
- EMA20 Breakdown: Price broke below EMA20 in last 3 candles
- RSI weakening: RSI=51.1, recent_hot=True, falling=True
Why: Early exit. Price breaks below EMA20 (EVENT) and RSI confirms weakening momentum (SEMI). Fast, reliable, no candle dependency.
2026-06-04 12:09:31 [INFO] core.order_executor: 📋 [PAPER] SELL | DIVISLAB | Qty: 3 | @ ₹6668.0 | Reason: SELL_SET:SELL_EMA_MOMENTUM_LOSS
2026-06-04 12:09:31 [INFO] core.state_manager: Position closed: DIVISLAB | 6668.0 | P&L: -60.00 | SELL_SET:SELL_EMA_MOMENTUM_LOSS | price_source=ws_ltp
2026-06-04 12:09:31 [WARNING] core.strategy: BUY blocked | MARUTI | BUY_MACD_VWAP_SURGE suppressed: today win rate 18.2% from 11 trades is below 40.0%
2026-06-04 12:09:31 [WARNING] core.strategy: BUY blocked | RELIANCE | BUY_MACD_VWAP_SURGE suppressed: today win rate 18.2% from 11 trades is below 40.0%
2026-06-04 12:09:36 [WARNING] core.strategy: BUY blocked | MARUTI | BUY_MACD_VWAP_SURGE suppressed: today win rate 18.2% from 11 trades is below 40.0%
2026-06-04 12:09:36 [WARNING] core.strategy: BUY blocked | RELIANCE | BUY_MACD_VWAP_SURGE suppressed: today win rate 18.2% from 11 trades is below 40.0%
2026-06-04 12:09:41 [WARNING] core.strategy: BUY blocked | MARUTI | BUY_MACD_VWAP_SURGE suppressed: today win rate 18.2% from 11 trades is below 40.0%
2026-06-04 12:09:41 [WARNING] core.strategy: BUY blocked | RELIANCE | BUY_MACD_VWAP_SURGE suppressed: today win rate 18.2% from 11 trades is below 40.0%
2026-06-04 12:09:47 [WARNING] core.strategy: BUY blocked | MARUTI | BUY_MACD_VWAP_SURGE suppressed: today win rate 18.2% from 11 trades is below 40.0%
2026-06-04 12:09:47 [WARNING] core.strategy: BUY blocked | RELIANCE | BUY_MACD_VWAP_SURGE suppressed: today win rate 18.2% from 11 trades is below 40.0%
2026-06-04 12:09:52 [INFO] core.state_manager: [BRIEFING] Loading from data/session_briefing.json...
2026-06-04 12:09:52 [INFO] core.state_manager: [BRIEFING] Loaded Valid: 8 approved + 0 watchlist (MORNING_SCREENER)
2026-06-04 12:09:52 [WARNING] core.strategy: BUY blocked | MARUTI | BUY_MACD_VWAP_SURGE suppressed: today win rate 18.2% from 11 trades is below 40.0%
2026-06-04 12:09:52 [WARNING] core.strategy: BUY blocked | RELIANCE | BUY_MACD_VWAP_SURGE suppressed: today win rate 18.2% from 11 trades is below 40.0%
2026-06-04 12:09:57 [WARNING] core.strategy: BUY blocked | MARUTI | BUY_MACD_VWAP_SURGE suppressed: today win rate 18.2% from 11 trades is below 40.0%
2026-06-04 12:09:57 [WARNING] core.strategy: BUY blocked | RELIANCE | BUY_MACD_VWAP_SURGE suppressed: today win rate 18.2% from 11 trades is below 40.0%
2026-06-04 12:10:00 [INFO] core.data_fetcher: 🕯️ Candle closed: RELIANCE | 2026-06-04 12:05 | O:1306.00 H:1308.70 L:1305.60 C:1307.90 V:1540528648.0
2026-06-04 12:10:00 [INFO] core.data_fetcher: 🕯️ Candle closed: ULTRACEMCO | 2026-06-04 12:05 | O:11012.00 H:11018.00 L:11003.00 C:11007.00 V:15736098.0
2026-06-04 12:10:00 [INFO] core.data_fetcher: 🕯️ Candle closed: BAJFINANCE | 2026-06-04 12:05 | O:873.15 H:873.40 L:872.50 C:873.15 V:434528019.0
2026-06-04 12:10:01 [INFO] core.data_fetcher: 🕯️ Candle closed: SBIN | 2026-06-04 12:05 | O:980.45 H:980.45 L:978.20 C:979.15 V:1711233002.0
2026-06-04 12:10:01 [INFO] core.data_fetcher: 🕯️ Candle closed: AXISBANK | 2026-06-04 12:05 | O:1252.80 H:1256.40 L:1252.80 C:1256.00 V:440820442.0
2026-06-04 12:10:02 [INFO] core.data_fetcher: 🕯️ Candle closed: MARUTI | 2026-06-04 12:05 | O:13248.00 H:13260.00 L:13237.00 C:13238.00 V:26039740.0
2026-06-04 12:10:02 [INFO] core.data_fetcher: 🕯️ Candle closed: DIVISLAB | 2026-06-04 12:05 | O:6692.50 H:6692.50 L:6661.00 C:6661.00 V:6755122.0
2026-06-04 12:10:02 [INFO] core.data_fetcher: 🕯️ Candle closed: SUNPHARMA | 2026-06-04 12:05 | O:1780.20 H:1780.20 L:1776.80 C:1777.00 V:79360079.0
2026-06-04 12:10:02 [INFO] core.order_executor: 📈 TRAILING SL | AXISBANK | ₹1250.12 → ₹1250.32
2026-06-04 12:10:02 [WARNING] core.strategy: BUY blocked | MARUTI | BUY_MACD_VWAP_SURGE suppressed: today win rate 18.2% from 11 trades is below 40.0%
2026-06-04 12:10:02 [WARNING] core.strategy: BUY blocked | RELIANCE | BUY_MACD_VWAP_SURGE suppressed: today win rate 18.2% from 11 trades is below 40.0%
2026-06-04 12:10:07 [WARNING] core.strategy: BUY blocked | MARUTI | BUY_MACD_VWAP_SURGE suppressed: today win rate 18.2% from 11 trades is below 40.0%
2026-06-04 12:10:07 [WARNING] core.strategy: BUY blocked | RELIANCE | BUY_MACD_VWAP_SURGE suppressed: today win rate 18.2% from 11 trades is below 40.0%
2026-06-04 12:10:12 [WARNING] core.strategy: BUY blocked | MARUTI | BUY_MACD_VWAP_SURGE suppressed: today win rate 18.2% from 11 trades is below 40.0%
2026-06-04 12:10:12 [WARNING] core.strategy: BUY blocked | RELIANCE | BUY_MACD_VWAP_SURGE suppressed: today win rate 18.2% from 11 trades is below 40.0%
2026-06-04 12:10:18 [WARNING] core.strategy: BUY blocked | MARUTI | BUY_MACD_VWAP_SURGE suppressed: today win rate 18.2% from 11 trades is below 40.0%
2026-06-04 12:10:18 [WARNING] core.strategy: BUY blocked | RELIANCE | BUY_MACD_VWAP_SURGE suppressed: today win rate 18.2% from 11 trades is below 40.0%
2026-06-04 12:10:23 [WARNING] core.strategy: BUY blocked | MARUTI | BUY_MACD_VWAP_SURGE suppressed: today win rate 18.2% from 11 trades is below 40.0%
2026-06-04 12:10:23 [WARNING] core.strategy: BUY blocked | RELIANCE | BUY_MACD_VWAP_SURGE suppressed: today win rate 18.2% from 11 trades is below 40.0%
2026-06-04 12:10:28 [WARNING] core.strategy: BUY blocked | MARUTI | BUY_MACD_VWAP_SURGE suppressed: today win rate 18.2% from 11 trades is below 40.0%
2026-06-04 12:10:28 [WARNING] core.strategy: BUY blocked | RELIANCE | BUY_MACD_VWAP_SURGE suppressed: today win rate 18.2% from 11 trades is below 40.0%
2026-06-04 12:10:33 [WARNING] core.strategy: BUY blocked | MARUTI | BUY_MACD_VWAP_SURGE suppressed: today win rate 18.2% from 11 trades is below 40.0%
2026-06-04 12:10:33 [WARNING] core.strategy: BUY blocked | RELIANCE | BUY_MACD_VWAP_SURGE suppressed: today win rate 18.2% from 11 trades is below 40.0%
2026-06-04 12:10:38 [WARNING] core.strategy: BUY blocked | MARUTI | BUY_MACD_VWAP_SURGE suppressed: today win rate 18.2% from 11 trades is below 40.0%
2026-06-04 12:10:38 [WARNING] core.strategy: BUY blocked | RELIANCE | BUY_MACD_VWAP_SURGE suppressed: today win rate 18.2% from 11 trades is below 40.0%
2026-06-04 12:10:41 [INFO] core.data_fetcher: 📡 Live feed | ticks received: 8/8 symbols | active=['MARUTI', 'SUNPHARMA', 'DIVISLAB', 'RELIANCE', 'BAJFINANCE', 'SBIN', 'AXISBANK', 'ULTRACEMCO']
2026-06-04 12:10:43 [WARNING] core.strategy: BUY blocked | MARUTI | BUY_MACD_VWAP_SURGE suppressed: today win rate 18.2% from 11 trades is below 40.0%
2026-06-04 12:10:43 [WARNING] core.strategy: BUY blocked | RELIANCE | BUY_MACD_VWAP_SURGE suppressed: today win rate 18.2% from 11 trades is below 40.0%
2026-06-04 12:10:48 [WARNING] core.strategy: BUY blocked | MARUTI | BUY_MACD_VWAP_SURGE suppressed: today win rate 18.2% from 11 trades is below 40.0%
2026-06-04 12:10:49 [WARNING] core.strategy: BUY blocked | RELIANCE | BUY_MACD_VWAP_SURGE suppressed: today win rate 18.2% from 11 trades is below 40.0%
2026-06-04 12:10:54 [INFO] core.state_manager: [BRIEFING] Loading from data/session_briefing.json...
2026-06-04 12:10:54 [INFO] core.state_manager: [BRIEFING] Loaded Valid: 8 approved + 0 watchlist (MORNING_SCREENER)
2026-06-04 12:10:54 [INFO] core.strategy: ─── Scan summary (8 subscribed) ───
  [Cognition] MARUTI: ticks=1791 | live_candles=13
  [Cognition] SUNPHARMA: ticks=2190 | live_candles=13
  [Cognition] DIVISLAB: ticks=842 | live_candles=13
  [Cognition] RELIANCE: ticks=2657 | live_candles=13
  [Cognition] BAJFINANCE: ticks=2031 | live_candles=13
  [Cognition] SBIN: ticks=2492 | live_candles=13
  [Cognition] AXISBANK: ticks=1836 | live_candles=13
  [Cognition] ULTRACEMCO: ticks=1303 | live_candles=13
2026-06-04 12:10:54 [WARNING] core.strategy: BUY blocked | MARUTI | BUY_MACD_VWAP_SURGE suppressed: today win rate 18.2% from 11 trades is below 40.0%
2026-06-04 12:10:54 [WARNING] core.strategy: BUY blocked | RELIANCE | BUY_MACD_VWAP_SURGE suppressed: today win rate 18.2% from 11 trades is below 40.0%
2026-06-04 12:10:59 [WARNING] core.strategy: BUY blocked | MARUTI | BUY_MACD_VWAP_SURGE suppressed: today win rate 18.2% from 11 trades is below 40.0%
2026-06-04 12:10:59 [WARNING] core.strategy: BUY blocked | RELIANCE | BUY_MACD_VWAP_SURGE suppressed: today win rate 18.2% from 11 trades is below 40.0%
2026-06-04 12:11:04 [WARNING] core.strategy: BUY blocked | MARUTI | BUY_MACD_VWAP_SURGE suppressed: today win rate 18.2% from 11 trades is below 40.0%
2026-06-04 12:11:04 [WARNING] core.strategy: BUY blocked | RELIANCE | BUY_MACD_VWAP_SURGE suppressed: today win rate 18.2% from 11 trades is below 40.0%
2026-06-04 12:11:09 [INFO] core.order_executor: 📈 TRAILING SL | AXISBANK | ₹1250.32 → ₹1250.71
2026-06-04 12:11:09 [WARNING] core.strategy: BUY blocked | MARUTI | BUY_MACD_VWAP_SURGE suppressed: today win rate 18.2% from 11 trades is below 40.0%
2026-06-04 12:11:09 [WARNING] core.strategy: BUY blocked | RELIANCE | BUY_MACD_VWAP_SURGE suppressed: today win rate 18.2% from 11 trades is below 40.0%
2026-06-04 12:11:14 [WARNING] core.strategy: BUY blocked | MARUTI | BUY_MACD_VWAP_SURGE suppressed: today win rate 18.2% from 11 trades is below 40.0%
2026-06-04 12:11:14 [WARNING] core.strategy: BUY blocked | RELIANCE | BUY_MACD_VWAP_SURGE suppressed: today win rate 18.2% from 11 trades is below 40.0%
2026-06-04 12:11:19 [WARNING] core.strategy: BUY blocked | MARUTI | BUY_MACD_VWAP_SURGE suppressed: today win rate 18.2% from 11 trades is below 40.0%
2026-06-04 12:11:19 [WARNING] core.strategy: BUY blocked | RELIANCE | BUY_MACD_VWAP_SURGE suppressed: today win rate 18.2% from 11 trades is below 40.0%
2026-06-04 12:11:25 [WARNING] core.strategy: BUY blocked | MARUTI | BUY_MACD_VWAP_SURGE suppressed: today win rate 18.2% from 11 trades is below 40.0%
2026-06-04 12:11:25 [WARNING] core.strategy: BUY blocked | RELIANCE | BUY_MACD_VWAP_SURGE suppressed: today win rate 18.2% from 11 trades is below 40.0%
2026-06-04 12:11:30 [WARNING] core.strategy: BUY blocked | MARUTI | BUY_MACD_VWAP_SURGE suppressed: today win rate 18.2% from 11 trades is below 40.0%
2026-06-04 12:11:30 [WARNING] core.strategy: BUY blocked | RELIANCE | BUY_MACD_VWAP_SURGE suppressed: today win rate 18.2% from 11 trades is below 40.0%
2026-06-04 12:11:35 [WARNING] core.strategy: BUY blocked | MARUTI | BUY_MACD_VWAP_SURGE suppressed: today win rate 18.2% from 11 trades is below 40.0%
2026-06-04 12:11:35 [WARNING] core.strategy: BUY blocked | RELIANCE | BUY_MACD_VWAP_SURGE suppressed: today win rate 18.2% from 11 trades is below 40.0%
2026-06-04 12:11:40 [WARNING] core.strategy: BUY blocked | MARUTI | BUY_MACD_VWAP_SURGE suppressed: today win rate 18.2% from 11 trades is below 40.0%
2026-06-04 12:11:40 [WARNING] core.strategy: BUY blocked | RELIANCE | BUY_MACD_VWAP_SURGE suppressed: today win rate 18.2% from 11 trades is below 40.0%
2026-06-04 12:11:45 [WARNING] core.strategy: BUY blocked | MARUTI | BUY_MACD_VWAP_SURGE suppressed: today win rate 18.2% from 11 trades is below 40.0%
2026-06-04 12:11:45 [WARNING] core.strategy: BUY blocked | RELIANCE | BUY_MACD_VWAP_SURGE suppressed: today win rate 18.2% from 11 trades is below 40.0%
2026-06-04 12:11:50 [WARNING] core.strategy: BUY blocked | MARUTI | BUY_MACD_VWAP_SURGE suppressed: today win rate 18.2% from 11 trades is below 40.0%
2026-06-04 12:11:50 [WARNING] core.strategy: BUY blocked | RELIANCE | BUY_MACD_VWAP_SURGE suppressed: today win rate 18.2% from 11 trades is below 40.0%
2026-06-04 12:11:55 [INFO] core.state_manager: [BRIEFING] Loading from data/session_briefing.json...
2026-06-04 12:11:55 [INFO] core.state_manager: [BRIEFING] Loaded Valid: 8 approved + 0 watchlist (MORNING_SCREENER)
2026-06-04 12:11:55 [WARNING] core.strategy: BUY blocked | MARUTI | BUY_MACD_VWAP_SURGE suppressed: today win rate 18.2% from 11 trades is below 40.0%
2026-06-04 12:11:56 [WARNING] core.strategy: BUY blocked | RELIANCE | BUY_MACD_VWAP_SURGE suppressed: today win rate 18.2% from 11 trades is below 40.0%
2026-06-04 12:12:01 [WARNING] core.strategy: BUY blocked | MARUTI | BUY_MACD_VWAP_SURGE suppressed: today win rate 18.2% from 11 trades is below 40.0%
2026-06-04 12:12:01 [WARNING] core.strategy: BUY blocked | RELIANCE | BUY_MACD_VWAP_SURGE suppressed: today win rate 18.2% from 11 trades is below 40.0%
2026-06-04 12:12:06 [WARNING] core.strategy: BUY blocked | MARUTI | BUY_MACD_VWAP_SURGE suppressed: today win rate 18.2% from 11 trades is below 40.0%
2026-06-04 12:12:06 [WARNING] core.strategy: BUY blocked | RELIANCE | BUY_MACD_VWAP_SURGE suppressed: today win rate 18.2% from 11 trades is below 40.0%
2026-06-04 12:12:11 [WARNING] core.strategy: BUY blocked | MARUTI | BUY_MACD_VWAP_SURGE suppressed: today win rate 18.2% from 11 trades is below 40.0%
2026-06-04 12:12:11 [WARNING] core.strategy: BUY blocked | RELIANCE | BUY_MACD_VWAP_SURGE suppressed: today win rate 18.2% from 11 trades is below 40.0%
2026-06-04 12:12:16 [WARNING] core.strategy: BUY blocked | MARUTI | BUY_MACD_VWAP_SURGE suppressed: today win rate 18.2% from 11 trades is below 40.0%
2026-06-04 12:12:16 [WARNING] core.strategy: BUY blocked | RELIANCE | BUY_MACD_VWAP_SURGE suppressed: today win rate 18.2% from 11 trades is below 40.0%
2026-06-04 12:12:21 [WARNING] core.strategy: BUY blocked | MARUTI | BUY_MACD_VWAP_SURGE suppressed: today win rate 18.2% from 11 trades is below 40.0%
2026-06-04 12:12:21 [WARNING] core.strategy: BUY blocked | RELIANCE | BUY_MACD_VWAP_SURGE suppressed: today win rate 18.2% from 11 trades is below 40.0%
2026-06-04 12:12:26 [INFO] core.strategy: ─── Scan summary (8 subscribed) ───
  [Cognition] MARUTI: ticks=1833 | live_candles=13
  [Cognition] SUNPHARMA: ticks=2230 | live_candles=13
  [Cognition] DIVISLAB: ticks=854 | live_candles=13
  [Cognition] RELIANCE: ticks=2714 | live_candles=13
  [Cognition] BAJFINANCE: ticks=2057 | live_candles=13
  [Cognition] SBIN: ticks=2550 | live_candles=13
  [Cognition] AXISBANK: ticks=1874 | live_candles=13
  [Cognition] ULTRACEMCO: ticks=1325 | live_candles=13
2026-06-04 12:12:26 [WARNING] core.strategy: BUY blocked | MARUTI | BUY_MACD_VWAP_SURGE suppressed: today win rate 18.2% from 11 trades is below 40.0%
2026-06-04 12:12:32 [WARNING] core.strategy: BUY blocked | MARUTI | BUY_MACD_VWAP_SURGE suppressed: today win rate 18.2% from 11 trades is below 40.0%
2026-06-04 12:12:37 [WARNING] core.strategy: BUY blocked | MARUTI | BUY_MACD_VWAP_SURGE suppressed: today win rate 18.2% from 11 trades is below 40.0%
2026-06-04 12:12:37 [INFO] apscheduler.executors.default: Running job "Market Observation Loop (trigger: interval[0:15:00], next run at: 2026-06-04 12:27:37 IST)" (scheduled at 2026-06-04 12:12:37.857335+05:30)
2026-06-04 12:12:37 [INFO] reflection.observation_loop: 🔍 Running observation cycle...
2026-06-04 12:12:37 [INFO] core.state_manager: [BRIEFING] Loading from data/session_briefing.json...
2026-06-04 12:12:37 [INFO] core.state_manager: [BRIEFING] Loaded Valid: 8 approved + 0 watchlist (MORNING_SCREENER)
2026-06-04 12:12:37 [INFO] reflection.observation_loop: 📊 Observation recorded:
   Market: RANGING | Trend: WEAK
   Vol: LOW | Breakouts: LOW
   Reversals: LOW
2026-06-04 12:12:37 [INFO] apscheduler.executors.default: Job "Market Observation Loop (trigger: interval[0:15:00], next run at: 2026-06-04 12:27:37 IST)" executed successfully
2026-06-04 12:12:42 [WARNING] core.strategy: BUY blocked | MARUTI | BUY_MACD_VWAP_SURGE suppressed: today win rate 18.2% from 11 trades is below 40.0%
2026-06-04 12:12:44 [INFO] core.data_fetcher: 📡 Live feed | ticks received: 8/8 symbols | active=['MARUTI', 'SUNPHARMA', 'DIVISLAB', 'RELIANCE', 'BAJFINANCE', 'SBIN', 'AXISBANK', 'ULTRACEMCO']
2026-06-04 12:12:47 [WARNING] core.strategy: BUY blocked | MARUTI | BUY_MACD_VWAP_SURGE suppressed: today win rate 18.2% from 11 trades is below 40.0%
2026-06-04 12:12:52 [WARNING] core.strategy: BUY blocked | MARUTI | BUY_MACD_VWAP_SURGE suppressed: today win rate 18.2% from 11 trades is below 40.0%
2026-06-04 12:12:57 [INFO] core.state_manager: [BRIEFING] Loading from data/session_briefing.json...
2026-06-04 12:12:57 [INFO] core.state_manager: [BRIEFING] Loaded Valid: 8 approved + 0 watchlist (MORNING_SCREENER)
2026-06-04 12:12:57 [WARNING] core.strategy: BUY blocked | MARUTI | BUY_MACD_VWAP_SURGE suppressed: today win rate 18.2% from 11 trades is below 40.0%
2026-06-04 12:13:03 [WARNING] core.strategy: BUY blocked | MARUTI | BUY_MACD_VWAP_SURGE suppressed: today win rate 18.2% from 11 trades is below 40.0%
2026-06-04 12:13:08 [WARNING] core.strategy: BUY blocked | MARUTI | BUY_MACD_VWAP_SURGE suppressed: today win rate 18.2% from 11 trades is below 40.0%
2026-06-04 12:13:13 [WARNING] core.strategy: BUY blocked | MARUTI | BUY_MACD_VWAP_SURGE suppressed: today win rate 18.2% from 11 trades is below 40.0%
2026-06-04 12:13:18 [WARNING] core.strategy: BUY blocked | MARUTI | BUY_MACD_VWAP_SURGE suppressed: today win rate 18.2% from 11 trades is below 40.0%
2026-06-04 12:13:23 [WARNING] core.strategy: BUY blocked | MARUTI | BUY_MACD_VWAP_SURGE suppressed: today win rate 18.2% from 11 trades is below 40.0%
2026-06-04 12:13:28 [WARNING] core.strategy: BUY blocked | MARUTI | BUY_MACD_VWAP_SURGE suppressed: today win rate 18.2% from 11 trades is below 40.0%
2026-06-04 12:13:34 [WARNING] core.strategy: BUY blocked | MARUTI | BUY_MACD_VWAP_SURGE suppressed: today win rate 18.2% from 11 trades is below 40.0%
2026-06-04 12:13:39 [WARNING] core.strategy: BUY blocked | MARUTI | BUY_MACD_VWAP_SURGE suppressed: today win rate 18.2% from 11 trades is below 40.0%
2026-06-04 12:13:44 [WARNING] core.strategy: BUY blocked | MARUTI | BUY_MACD_VWAP_SURGE suppressed: today win rate 18.2% from 11 trades is below 40.0%
2026-06-04 12:13:49 [WARNING] core.strategy: BUY blocked | MARUTI | BUY_MACD_VWAP_SURGE suppressed: today win rate 18.2% from 11 trades is below 40.0%
2026-06-04 12:13:49 [WARNING] core.strategy: BUY blocked | RELIANCE | BUY_MACD_VWAP_SURGE suppressed: today win rate 18.2% from 11 trades is below 40.0%
2026-06-04 12:13:54 [WARNING] core.strategy: BUY blocked | MARUTI | BUY_MACD_VWAP_SURGE suppressed: today win rate 18.2% from 11 trades is below 40.0%
2026-06-04 12:13:59 [INFO] core.state_manager: [BRIEFING] Loading from data/session_briefing.json...
2026-06-04 12:13:59 [INFO] core.state_manager: [BRIEFING] Loaded Valid: 8 approved + 0 watchlist (MORNING_SCREENER)
2026-06-04 12:13:59 [INFO] core.strategy: ─── Scan summary (8 subscribed) ───
  [Cognition] MARUTI: ticks=1896 | live_candles=13
  [Cognition] SUNPHARMA: ticks=2298 | live_candles=13
  [Cognition] DIVISLAB: ticks=874 | live_candles=13
  [Cognition] RELIANCE: ticks=2797 | live_candles=13
  [Cognition] BAJFINANCE: ticks=2106 | live_candles=13
  [Cognition] SBIN: ticks=2634 | live_candles=13
  [Cognition] AXISBANK: ticks=1910 | live_candles=13
  [Cognition] ULTRACEMCO: ticks=1347 | live_candles=13
2026-06-04 12:13:59 [WARNING] core.strategy: BUY blocked | MARUTI | BUY_MACD_VWAP_SURGE suppressed: today win rate 18.2% from 11 trades is below 40.0%
2026-06-04 12:13:59 [WARNING] core.strategy: BUY blocked | RELIANCE | BUY_MACD_VWAP_SURGE suppressed: today win rate 18.2% from 11 trades is below 40.0%
2026-06-04 12:14:04 [WARNING] core.strategy: BUY blocked | MARUTI | BUY_MACD_VWAP_SURGE suppressed: today win rate 18.2% from 11 trades is below 40.0%
2026-06-04 12:14:04 [WARNING] core.strategy: BUY blocked | RELIANCE | BUY_MACD_VWAP_SURGE suppressed: today win rate 18.2% from 11 trades is below 40.0%
2026-06-04 12:14:10 [WARNING] core.strategy: BUY blocked | MARUTI | BUY_MACD_VWAP_SURGE suppressed: today win rate 18.2% from 11 trades is below 40.0%
2026-06-04 12:14:10 [WARNING] core.strategy: BUY blocked | RELIANCE | BUY_MACD_VWAP_SURGE suppressed: today win rate 18.2% from 11 trades is below 40.0%
2026-06-04 12:14:15 [WARNING] core.strategy: BUY blocked | MARUTI | BUY_MACD_VWAP_SURGE suppressed: today win rate 18.2% from 11 trades is below 40.0%
2026-06-04 12:14:15 [WARNING] core.strategy: BUY blocked | RELIANCE | BUY_MACD_VWAP_SURGE suppressed: today win rate 18.2% from 11 trades is below 40.0%
2026-06-04 12:14:20 [WARNING] core.strategy: BUY blocked | MARUTI | BUY_MACD_VWAP_SURGE suppressed: today win rate 18.2% from 11 trades is below 40.0%
2026-06-04 12:14:20 [WARNING] core.strategy: BUY blocked | RELIANCE | BUY_MACD_VWAP_SURGE suppressed: today win rate 18.2% from 11 trades is below 40.0%
2026-06-04 12:14:25 [WARNING] core.strategy: BUY blocked | MARUTI | BUY_MACD_VWAP_SURGE suppressed: today win rate 18.2% from 11 trades is below 40.0%
2026-06-04 12:14:25 [WARNING] core.strategy: BUY blocked | RELIANCE | BUY_MACD_VWAP_SURGE suppressed: today win rate 18.2% from 11 trades is below 40.0%
2026-06-04 12:14:30 [WARNING] core.strategy: BUY blocked | MARUTI | BUY_MACD_VWAP_SURGE suppressed: today win rate 18.2% from 11 trades is below 40.0%
2026-06-04 12:14:30 [WARNING] core.strategy: BUY blocked | RELIANCE | BUY_MACD_VWAP_SURGE suppressed: today win rate 18.2% from 11 trades is below 40.0%
2026-06-04 12:14:35 [WARNING] core.strategy: BUY blocked | MARUTI | BUY_MACD_VWAP_SURGE suppressed: today win rate 18.2% from 11 trades is below 40.0%
2026-06-04 12:14:35 [WARNING] core.strategy: BUY blocked | RELIANCE | BUY_MACD_VWAP_SURGE suppressed: today win rate 18.2% from 11 trades is below 40.0%
2026-06-04 12:14:40 [WARNING] core.strategy: BUY blocked | MARUTI | BUY_MACD_VWAP_SURGE suppressed: today win rate 18.2% from 11 trades is below 40.0%
2026-06-04 12:14:41 [WARNING] core.strategy: BUY blocked | RELIANCE | BUY_MACD_VWAP_SURGE suppressed: today win rate 18.2% from 11 trades is below 40.0%
2026-06-04 12:14:45 [INFO] core.data_fetcher: 📡 Live feed | ticks received: 8/8 symbols | active=['MARUTI', 'SUNPHARMA', 'DIVISLAB', 'RELIANCE', 'BAJFINANCE', 'SBIN', 'AXISBANK', 'ULTRACEMCO']
2026-06-04 12:14:46 [WARNING] core.strategy: BUY blocked | MARUTI | BUY_MACD_VWAP_SURGE suppressed: today win rate 18.2% from 11 trades is below 40.0%
2026-06-04 12:14:46 [WARNING] core.strategy: BUY blocked | RELIANCE | BUY_MACD_VWAP_SURGE suppressed: today win rate 18.2% from 11 trades is below 40.0%
2026-06-04 12:14:51 [WARNING] core.strategy: BUY blocked | MARUTI | BUY_MACD_VWAP_SURGE suppressed: today win rate 18.2% from 11 trades is below 40.0%
2026-06-04 12:14:56 [WARNING] core.strategy: BUY blocked | MARUTI | BUY_MACD_VWAP_SURGE suppressed: today win rate 18.2% from 11 trades is below 40.0%
2026-06-04 12:15:00 [INFO] core.data_fetcher: 🕯️ Candle closed: SBIN | 2026-06-04 12:10 | O:978.95 H:979.60 L:977.90 C:978.25 V:1700530683.0
2026-06-04 12:15:00 [INFO] core.data_fetcher: 🕯️ Candle closed: RELIANCE | 2026-06-04 12:10 | O:1307.80 H:1308.00 L:1304.30 C:1304.30 V:1628926880.0
2026-06-04 12:15:00 [INFO] core.data_fetcher: 🕯️ Candle closed: AXISBANK | 2026-06-04 12:10 | O:1256.40 H:1257.30 L:1255.60 C:1256.70 V:441094383.0
2026-06-04 12:15:00 [INFO] core.data_fetcher: 🕯️ Candle closed: DIVISLAB | 2026-06-04 12:10 | O:6661.50 H:6664.00 L:6652.50 C:6652.50 V:5792542.0
2026-06-04 12:15:01 [INFO] core.data_fetcher: 🕯️ Candle closed: BAJFINANCE | 2026-06-04 12:10 | O:872.95 H:874.15 L:872.75 C:873.55 V:400234153.0
2026-06-04 12:15:01 [INFO] core.data_fetcher: 🕯️ Candle closed: SUNPHARMA | 2026-06-04 12:10 | O:1777.20 H:1778.60 L:1775.70 C:1778.00 V:79016567.0
2026-06-04 12:15:01 [INFO] core.state_manager: [BRIEFING] Loading from data/session_briefing.json...
2026-06-04 12:15:01 [INFO] core.state_manager: [BRIEFING] Loaded Valid: 8 approved + 0 watchlist (MORNING_SCREENER)
2026-06-04 12:15:01 [WARNING] core.strategy: BUY blocked | MARUTI | BUY_MACD_VWAP_SURGE suppressed: today win rate 18.2% from 11 trades is below 40.0%
2026-06-04 12:15:02 [INFO] core.data_fetcher: 🕯️ Candle closed: MARUTI | 2026-06-04 12:10 | O:13237.00 H:13258.00 L:13232.00 C:13253.00 V:26139039.0
2026-06-04 12:15:06 [WARNING] core.strategy: BUY blocked | MARUTI | BUY_MACD_VWAP_SURGE suppressed: today win rate 18.2% from 11 trades is below 40.0%
2026-06-04 12:15:11 [INFO] core.data_fetcher: 🕯️ Candle closed: ULTRACEMCO | 2026-06-04 12:10 | O:11015.00 H:11020.00 L:11010.00 C:11015.00 V:15437423.0
2026-06-04 12:15:11 [WARNING] core.strategy: BUY blocked | MARUTI | BUY_MACD_VWAP_SURGE suppressed: today win rate 18.2% from 11 trades is below 40.0%
2026-06-04 12:15:17 [WARNING] core.strategy: BUY blocked | MARUTI | BUY_MACD_VWAP_SURGE suppressed: today win rate 18.2% from 11 trades is below 40.0%
2026-06-04 12:15:22 [WARNING] core.strategy: BUY blocked | MARUTI | BUY_MACD_VWAP_SURGE suppressed: today win rate 18.2% from 11 trades is below 40.0%
2026-06-04 12:15:27 [INFO] core.order_executor: 📈 TRAILING SL | AXISBANK | ₹1250.71 → ₹1251.01
2026-06-04 12:15:27 [WARNING] core.strategy: BUY blocked | MARUTI | BUY_MACD_VWAP_SURGE suppressed: today win rate 18.2% from 11 trades is below 40.0%
2026-06-04 12:15:32 [INFO] core.strategy: ─── Scan summary (8 subscribed) ───
  [Cognition] MARUTI: ticks=1948 | live_candles=14
  [Cognition] SUNPHARMA: ticks=2368 | live_candles=14
  [Cognition] DIVISLAB: ticks=893 | live_candles=14
  [Cognition] RELIANCE: ticks=2882 | live_candles=14
  [Cognition] BAJFINANCE: ticks=2158 | live_candles=14
  [Cognition] SBIN: ticks=2707 | live_candles=14
  [Cognition] AXISBANK: ticks=1983 | live_candles=14
  [Cognition] ULTRACEMCO: ticks=1363 | live_candles=14
2026-06-04 12:15:32 [WARNING] core.strategy: BUY blocked | MARUTI | BUY_MACD_VWAP_SURGE suppressed: today win rate 18.2% from 11 trades is below 40.0%
2026-06-04 12:15:37 [WARNING] core.strategy: BUY blocked | MARUTI | BUY_MACD_VWAP_SURGE suppressed: today win rate 18.2% from 11 trades is below 40.0%
2026-06-04 12:15:42 [WARNING] core.strategy: BUY blocked | MARUTI | BUY_MACD_VWAP_SURGE suppressed: today win rate 18.2% from 11 trades is below 40.0%
2026-06-04 12:15:47 [WARNING] core.strategy: BUY blocked | MARUTI | BUY_MACD_VWAP_SURGE suppressed: today win rate 18.2% from 11 trades is below 40.0%
2026-06-04 12:15:53 [WARNING] core.strategy: BUY blocked | MARUTI | BUY_MACD_VWAP_SURGE suppressed: today win rate 18.2% from 11 trades is below 40.0%
2026-06-04 12:15:58 [WARNING] core.strategy: BUY blocked | MARUTI | BUY_MACD_VWAP_SURGE suppressed: today win rate 18.2% from 11 trades is below 40.0%
2026-06-04 12:16:03 [INFO] core.state_manager: [BRIEFING] Loading from data/session_briefing.json...
2026-06-04 12:16:03 [INFO] core.state_manager: [BRIEFING] Loaded Valid: 8 approved + 0 watchlist (MORNING_SCREENER)
2026-06-04 12:16:03 [WARNING] core.strategy: BUY blocked | MARUTI | BUY_MACD_VWAP_SURGE suppressed: today win rate 18.2% from 11 trades is below 40.0%
2026-06-04 12:16:08 [WARNING] core.strategy: BUY blocked | MARUTI | BUY_MACD_VWAP_SURGE suppressed: today win rate 18.2% from 11 trades is below 40.0%
2026-06-04 12:16:13 [WARNING] core.strategy: BUY blocked | MARUTI | BUY_MACD_VWAP_SURGE suppressed: today win rate 18.2% from 11 trades is below 40.0%
2026-06-04 12:16:18 [WARNING] core.strategy: BUY blocked | MARUTI | BUY_MACD_VWAP_SURGE suppressed: today win rate 18.2% from 11 trades is below 40.0%
2026-06-04 12:16:24 [WARNING] core.strategy: BUY blocked | MARUTI | BUY_MACD_VWAP_SURGE suppressed: today win rate 18.2% from 11 trades is below 40.0%
2026-06-04 12:16:29 [WARNING] core.strategy: BUY blocked | MARUTI | BUY_MACD_VWAP_SURGE suppressed: today win rate 18.2% from 11 trades is below 40.0%
2026-06-04 12:16:34 [WARNING] core.strategy: BUY blocked | MARUTI | BUY_MACD_VWAP_SURGE suppressed: today win rate 18.2% from 11 trades is below 40.0%
2026-06-04 12:16:39 [WARNING] core.strategy: BUY blocked | MARUTI | BUY_MACD_VWAP_SURGE suppressed: today win rate 18.2% from 11 trades is below 40.0%
2026-06-04 12:16:44 [WARNING] core.strategy: BUY blocked | MARUTI | BUY_MACD_VWAP_SURGE suppressed: today win rate 18.2% from 11 trades is below 40.0%
2026-06-04 12:16:45 [INFO] core.data_fetcher: 📡 Live feed | ticks received: 8/8 symbols | active=['MARUTI', 'SUNPHARMA', 'DIVISLAB', 'RELIANCE', 'BAJFINANCE', 'SBIN', 'AXISBANK', 'ULTRACEMCO']
2026-06-04 12:16:49 [WARNING] core.strategy: BUY blocked | MARUTI | BUY_MACD_VWAP_SURGE suppressed: today win rate 18.2% from 11 trades is below 40.0%
2026-06-04 12:16:55 [WARNING] core.strategy: BUY blocked | MARUTI | BUY_MACD_VWAP_SURGE suppressed: today win rate 18.2% from 11 trades is below 40.0%
2026-06-04 12:17:00 [WARNING] core.strategy: BUY blocked | MARUTI | BUY_MACD_VWAP_SURGE suppressed: today win rate 18.2% from 11 trades is below 40.0%
2026-06-04 12:17:05 [INFO] core.state_manager: [BRIEFING] Loading from data/session_briefing.json...
2026-06-04 12:17:05 [INFO] core.state_manager: [BRIEFING] Loaded Valid: 8 approved + 0 watchlist (MORNING_SCREENER)
2026-06-04 12:17:05 [INFO] core.strategy: ─── Scan summary (8 subscribed) ───
  [Cognition] MARUTI: ticks=2003 | live_candles=14
  [Cognition] SUNPHARMA: ticks=2425 | live_candles=14
  [Cognition] DIVISLAB: ticks=913 | live_candles=14
  [Cognition] RELIANCE: ticks=2958 | live_candles=14
  [Cognition] BAJFINANCE: ticks=2205 | live_candles=14
  [Cognition] SBIN: ticks=2772 | live_candles=14
  [Cognition] AXISBANK: ticks=2033 | live_candles=14
  [Cognition] ULTRACEMCO: ticks=1381 | live_candles=14
2026-06-04 12:17:05 [WARNING] core.strategy: BUY blocked | MARUTI | BUY_MACD_VWAP_SURGE suppressed: today win rate 18.2% from 11 trades is below 40.0%
2026-06-04 12:17:05 [WARNING] core.strategy: BUY blocked | RELIANCE | BUY_BREAKOUT_CONFIRMATION suppressed: today win rate 20.0% from 10 trades is below 40.0%
2026-06-04 12:17:10 [WARNING] core.strategy: BUY blocked | MARUTI | BUY_MACD_VWAP_SURGE suppressed: today win rate 18.2% from 11 trades is below 40.0%
2026-06-04 12:17:10 [WARNING] core.strategy: BUY blocked | RELIANCE | BUY_BREAKOUT_CONFIRMATION suppressed: today win rate 20.0% from 10 trades is below 40.0%
2026-06-04 12:17:15 [WARNING] core.strategy: BUY blocked | MARUTI | BUY_MACD_VWAP_SURGE suppressed: today win rate 18.2% from 11 trades is below 40.0%
2026-06-04 12:17:20 [INFO] core.order_executor: 📈 TRAILING SL | AXISBANK | ₹1251.01 → ₹1251.21
2026-06-04 12:17:20 [WARNING] core.strategy: BUY blocked | MARUTI | BUY_MACD_VWAP_SURGE suppressed: today win rate 18.2% from 11 trades is below 40.0%
2026-06-04 12:17:25 [INFO] core.order_executor: 📈 TRAILING SL | AXISBANK | ₹1251.21 → ₹1251.71
2026-06-04 12:17:25 [WARNING] core.strategy: BUY blocked | MARUTI | BUY_MACD_VWAP_SURGE suppressed: today win rate 18.2% from 11 trades is below 40.0%
2026-06-04 12:17:31 [WARNING] core.strategy: BUY blocked | MARUTI | BUY_MACD_VWAP_SURGE suppressed: today win rate 18.2% from 11 trades is below 40.0%
2026-06-04 12:17:36 [WARNING] core.strategy: BUY blocked | MARUTI | BUY_MACD_VWAP_SURGE suppressed: today win rate 18.2% from 11 trades is below 40.0%
2026-06-04 12:17:41 [WARNING] core.strategy: BUY blocked | MARUTI | BUY_MACD_VWAP_SURGE suppressed: today win rate 18.2% from 11 trades is below 40.0%
2026-06-04 12:17:46 [WARNING] core.strategy: BUY blocked | MARUTI | BUY_MACD_VWAP_SURGE suppressed: today win rate 18.2% from 11 trades is below 40.0%
2026-06-04 12:17:51 [WARNING] core.strategy: BUY blocked | MARUTI | BUY_MACD_VWAP_SURGE suppressed: today win rate 18.2% from 11 trades is below 40.0%
2026-06-04 12:17:57 [WARNING] core.strategy: BUY blocked | MARUTI | BUY_MACD_VWAP_SURGE suppressed: today win rate 18.2% from 11 trades is below 40.0%
2026-06-04 12:18:02 [WARNING] core.strategy: BUY blocked | MARUTI | BUY_MACD_VWAP_SURGE suppressed: today win rate 18.2% from 11 trades is below 40.0%
2026-06-04 12:18:07 [INFO] core.state_manager: [BRIEFING] Loading from data/session_briefing.json...
2026-06-04 12:18:07 [INFO] core.state_manager: [BRIEFING] Loaded Valid: 8 approved + 0 watchlist (MORNING_SCREENER)
2026-06-04 12:18:07 [WARNING] core.strategy: BUY blocked | MARUTI | BUY_MACD_VWAP_SURGE suppressed: today win rate 18.2% from 11 trades is below 40.0%
2026-06-04 12:18:12 [WARNING] core.strategy: BUY blocked | MARUTI | BUY_MACD_VWAP_SURGE suppressed: today win rate 18.2% from 11 trades is below 40.0%
2026-06-04 12:18:17 [WARNING] core.strategy: BUY blocked | MARUTI | BUY_MACD_VWAP_SURGE suppressed: today win rate 18.2% from 11 trades is below 40.0%
2026-06-04 12:18:23 [WARNING] core.strategy: BUY blocked | MARUTI | BUY_MACD_VWAP_SURGE suppressed: today win rate 18.2% from 11 trades is below 40.0%
2026-06-04 12:18:28 [WARNING] core.strategy: BUY blocked | MARUTI | BUY_MACD_VWAP_SURGE suppressed: today win rate 18.2% from 11 trades is below 40.0%
2026-06-04 12:18:33 [WARNING] core.strategy: BUY blocked | MARUTI | BUY_MACD_VWAP_SURGE suppressed: today win rate 18.2% from 11 trades is below 40.0%
2026-06-04 12:18:38 [INFO] core.strategy: ─── Scan summary (8 subscribed) ───
  [Cognition] MARUTI: ticks=2062 | live_candles=14
  [Cognition] SUNPHARMA: ticks=2480 | live_candles=14
  [Cognition] DIVISLAB: ticks=929 | live_candles=14
  [Cognition] RELIANCE: ticks=3034 | live_candles=14
  [Cognition] BAJFINANCE: ticks=2259 | live_candles=14
  [Cognition] SBIN: ticks=2836 | live_candles=14
  [Cognition] AXISBANK: ticks=2086 | live_candles=14
  [Cognition] ULTRACEMCO: ticks=1413 | live_candles=14
2026-06-04 12:18:38 [WARNING] core.strategy: Entries disabled by session state LIQUIDATING (EMERGENCY_SQUAREOFF_REQUESTED). Exit checks continue; BUY scan skipped.
2026-06-04 12:18:43 [WARNING] core.strategy: Entries disabled by session state FLAT_LOCKED (EMERGENCY_SQUAREOFF_SUCCESS). Exit checks continue; BUY scan skipped.
2026-06-04 12:18:45 [INFO] core.data_fetcher: 📡 Live feed | ticks received: 8/8 symbols | active=['MARUTI', 'SUNPHARMA', 'DIVISLAB', 'RELIANCE', 'BAJFINANCE', 'SBIN', 'AXISBANK', 'ULTRACEMCO']
2026-06-04 12:18:48 [WARNING] core.strategy: Entries disabled by session state FLAT_LOCKED (EMERGENCY_SQUAREOFF_SUCCESS). Exit checks continue; BUY scan skipped.
2026-06-04 12:18:54 [WARNING] core.strategy: BUY blocked | MARUTI | BUY_MACD_VWAP_SURGE suppressed: today win rate 18.2% from 11 trades is below 40.0%
2026-06-04 12:18:54 [WARNING] core.strategy: BUY blocked | AXISBANK | BUY_EMA_VOLUME_MOMENTUM suppressed: today win rate 36.8% from 19 trades is below 40.0%
2026-06-04 12:18:59 [WARNING] core.strategy: BUY blocked | MARUTI | BUY_MACD_VWAP_SURGE suppressed: today win rate 18.2% from 11 trades is below 40.0%
2026-06-04 12:18:59 [WARNING] core.strategy: BUY blocked | AXISBANK | BUY_EMA_VOLUME_MOMENTUM suppressed: today win rate 36.8% from 19 trades is below 40.0%
2026-06-04 12:19:04 [WARNING] core.strategy: BUY blocked | MARUTI | BUY_MACD_VWAP_SURGE suppressed: today win rate 18.2% from 11 trades is below 40.0%
2026-06-04 12:19:04 [WARNING] core.strategy: BUY blocked | AXISBANK | BUY_EMA_VOLUME_MOMENTUM suppressed: today win rate 36.8% from 19 trades is below 40.0%
2026-06-04 12:19:09 [INFO] core.state_manager: [BRIEFING] Loading from data/session_briefing.json...
2026-06-04 12:19:09 [INFO] core.state_manager: [BRIEFING] Loaded Valid: 8 approved + 0 watchlist (MORNING_SCREENER)
2026-06-04 12:19:09 [WARNING] core.strategy: BUY blocked | MARUTI | BUY_MACD_VWAP_SURGE suppressed: today win rate 18.2% from 11 trades is below 40.0%
2026-06-04 12:19:09 [WARNING] core.strategy: BUY blocked | AXISBANK | BUY_EMA_VOLUME_MOMENTUM suppressed: today win rate 36.8% from 19 trades is below 40.0%
2026-06-04 12:19:14 [WARNING] core.strategy: BUY blocked | MARUTI | BUY_MACD_VWAP_SURGE suppressed: today win rate 18.2% from 11 trades is below 40.0%
2026-06-04 12:19:14 [WARNING] core.strategy: BUY blocked | AXISBANK | BUY_EMA_VOLUME_MOMENTUM suppressed: today win rate 36.8% from 19 trades is below 40.0%
2026-06-04 12:19:20 [WARNING] core.strategy: BUY blocked | MARUTI | BUY_MACD_VWAP_SURGE suppressed: today win rate 18.2% from 11 trades is below 40.0%
2026-06-04 12:19:20 [WARNING] core.strategy: BUY blocked | AXISBANK | BUY_EMA_VOLUME_MOMENTUM suppressed: today win rate 36.8% from 19 trades is below 40.0%
2026-06-04 12:19:25 [WARNING] core.strategy: BUY blocked | MARUTI | BUY_MACD_VWAP_SURGE suppressed: today win rate 18.2% from 11 trades is below 40.0%
2026-06-04 12:19:25 [WARNING] core.strategy: BUY blocked | AXISBANK | BUY_EMA_VOLUME_MOMENTUM suppressed: today win rate 36.8% from 19 trades is below 40.0%
2026-06-04 12:19:30 [WARNING] core.strategy: BUY blocked | MARUTI | BUY_MACD_VWAP_SURGE suppressed: today win rate 18.2% from 11 trades is below 40.0%
2026-06-04 12:19:30 [WARNING] core.strategy: BUY blocked | AXISBANK | BUY_EMA_VOLUME_MOMENTUM suppressed: today win rate 36.8% from 19 trades is below 40.0%
2026-06-04 12:19:35 [WARNING] core.strategy: BUY blocked | MARUTI | BUY_MACD_VWAP_SURGE suppressed: today win rate 18.2% from 11 trades is below 40.0%
2026-06-04 12:19:35 [WARNING] core.strategy: BUY blocked | AXISBANK | BUY_EMA_VOLUME_MOMENTUM suppressed: today win rate 36.8% from 19 trades is below 40.0%
2026-06-04 12:19:40 [WARNING] core.strategy: BUY blocked | MARUTI | BUY_MACD_VWAP_SURGE suppressed: today win rate 18.2% from 11 trades is below 40.0%
2026-06-04 12:19:41 [WARNING] core.strategy: BUY blocked | AXISBANK | BUY_EMA_VOLUME_MOMENTUM suppressed: today win rate 36.8% from 19 trades is below 40.0%
2026-06-04 12:19:46 [WARNING] core.strategy: BUY blocked | MARUTI | BUY_MACD_VWAP_SURGE suppressed: today win rate 18.2% from 11 trades is below 40.0%
2026-06-04 12:19:46 [WARNING] core.strategy: BUY blocked | AXISBANK | BUY_EMA_VOLUME_MOMENTUM suppressed: today win rate 36.8% from 19 trades is below 40.0%
2026-06-04 12:19:51 [WARNING] core.strategy: BUY blocked | MARUTI | BUY_MACD_VWAP_SURGE suppressed: today win rate 18.2% from 11 trades is below 40.0%
2026-06-04 12:19:51 [WARNING] core.strategy: BUY blocked | AXISBANK | BUY_EMA_VOLUME_MOMENTUM suppressed: today win rate 36.8% from 19 trades is below 40.0%
2026-06-04 12:19:56 [WARNING] core.strategy: BUY blocked | MARUTI | BUY_MACD_VWAP_SURGE suppressed: today win rate 18.2% from 11 trades is below 40.0%
2026-06-04 12:19:56 [WARNING] core.strategy: BUY blocked | AXISBANK | BUY_EMA_VOLUME_MOMENTUM suppressed: today win rate 36.8% from 19 trades is below 40.0%
2026-06-04 12:20:00 [INFO] core.data_fetcher: 🕯️ Candle closed: RELIANCE | 2026-06-04 12:15 | O:1303.80 H:1305.60 L:1303.60 C:1304.40 V:1695895120.0
2026-06-04 12:20:01 [INFO] core.data_fetcher: 🕯️ Candle closed: SBIN | 2026-06-04 12:15 | O:978.20 H:978.65 L:977.40 C:977.90 V:1683025783.0
2026-06-04 12:20:01 [INFO] core.data_fetcher: 🕯️ Candle closed: BAJFINANCE | 2026-06-04 12:15 | O:873.50 H:875.30 L:873.50 C:874.85 V:565628220.0
2026-06-04 12:20:01 [INFO] core.data_fetcher: 🕯️ Candle closed: AXISBANK | 2026-06-04 12:15 | O:1256.80 H:1258.00 L:1255.40 C:1256.20 V:552539926.0
2026-06-04 12:20:01 [INFO] core.data_fetcher: 🕯️ Candle closed: SUNPHARMA | 2026-06-04 12:15 | O:1778.20 H:1779.80 L:1777.70 C:1779.20 V:76958145.0
2026-06-04 12:20:01 [WARNING] core.strategy: BUY blocked | MARUTI | BUY_MACD_VWAP_SURGE suppressed: today win rate 18.2% from 11 trades is below 40.0%
2026-06-04 12:20:02 [WARNING] core.strategy: BUY blocked | SUNPHARMA | BUY_BREAKOUT_CONFIRMATION suppressed: today win rate 18.2% from 11 trades is below 40.0%
2026-06-04 12:20:02 [WARNING] core.strategy: BUY blocked | AXISBANK | BUY_MACD_VWAP_SURGE suppressed: today win rate 18.2% from 11 trades is below 40.0%
2026-06-04 12:20:02 [INFO] core.data_fetcher: 🕯️ Candle closed: MARUTI | 2026-06-04 12:15 | O:13252.00 H:13264.00 L:13220.00 C:13228.00 V:25391183.0
2026-06-04 12:20:02 [INFO] core.data_fetcher: 🕯️ Candle closed: ULTRACEMCO | 2026-06-04 12:15 | O:11014.00 H:11018.00 L:11010.00 C:11012.00 V:16538694.0
2026-06-04 12:20:03 [INFO] core.data_fetcher: 🕯️ Candle closed: DIVISLAB | 2026-06-04 12:15 | O:6655.50 H:6656.50 L:6649.00 C:6650.00 V:5620315.0
2026-06-04 12:20:07 [WARNING] core.strategy: BUY blocked | SUNPHARMA | BUY_BREAKOUT_CONFIRMATION suppressed: today win rate 18.2% from 11 trades is below 40.0%
2026-06-04 12:20:07 [WARNING] core.strategy: BUY blocked | AXISBANK | BUY_MACD_VWAP_SURGE suppressed: today win rate 18.2% from 11 trades is below 40.0%
2026-06-04 12:20:12 [INFO] core.state_manager: [BRIEFING] Loading from data/session_briefing.json...
2026-06-04 12:20:12 [INFO] core.state_manager: [BRIEFING] Loaded Valid: 8 approved + 0 watchlist (MORNING_SCREENER)
2026-06-04 12:20:12 [INFO] core.strategy: ─── Scan summary (8 subscribed) ───
  [Cognition] MARUTI: ticks=2123 | live_candles=15
  [Cognition] SUNPHARMA: ticks=2535 | live_candles=15
  [Cognition] DIVISLAB: ticks=944 | live_candles=15
  [Cognition] RELIANCE: ticks=3100 | live_candles=15
  [Cognition] BAJFINANCE: ticks=2316 | live_candles=15
  [Cognition] SBIN: ticks=2911 | live_candles=15
  [Cognition] AXISBANK: ticks=2161 | live_candles=15
  [Cognition] ULTRACEMCO: ticks=1438 | live_candles=15
2026-06-04 12:20:12 [WARNING] core.strategy: BUY blocked | MARUTI | BUY_MACD_VWAP_SURGE suppressed: today win rate 18.2% from 11 trades is below 40.0%
2026-06-04 12:20:12 [WARNING] core.strategy: BUY blocked | SUNPHARMA | BUY_BREAKOUT_CONFIRMATION suppressed: today win rate 18.2% from 11 trades is below 40.0%
2026-06-04 12:20:12 [WARNING] core.strategy: BUY blocked | AXISBANK | BUY_MACD_VWAP_SURGE suppressed: today win rate 18.2% from 11 trades is below 40.0%
2026-06-04 12:20:17 [WARNING] core.strategy: BUY blocked | SUNPHARMA | BUY_BREAKOUT_CONFIRMATION suppressed: today win rate 18.2% from 11 trades is below 40.0%
2026-06-04 12:20:17 [WARNING] core.strategy: BUY blocked | AXISBANK | BUY_MACD_VWAP_SURGE suppressed: today win rate 18.2% from 11 trades is below 40.0%
2026-06-04 12:20:22 [WARNING] core.strategy: BUY blocked | MARUTI | BUY_MACD_VWAP_SURGE suppressed: today win rate 18.2% from 11 trades is below 40.0%
2026-06-04 12:20:23 [WARNING] core.strategy: BUY blocked | AXISBANK | BUY_MACD_VWAP_SURGE suppressed: today win rate 18.2% from 11 trades is below 40.0%
2026-06-04 12:20:28 [WARNING] core.strategy: BUY blocked | MARUTI | BUY_MACD_VWAP_SURGE suppressed: today win rate 18.2% from 11 trades is below 40.0%
2026-06-04 12:20:28 [WARNING] core.strategy: BUY blocked | SUNPHARMA | BUY_BREAKOUT_CONFIRMATION suppressed: today win rate 18.2% from 11 trades is below 40.0%
2026-06-04 12:20:28 [WARNING] core.strategy: BUY blocked | AXISBANK | BUY_MACD_VWAP_SURGE suppressed: today win rate 18.2% from 11 trades is below 40.0%
2026-06-04 12:20:33 [WARNING] core.strategy: BUY blocked | MARUTI | BUY_MACD_VWAP_SURGE suppressed: today win rate 18.2% from 11 trades is below 40.0%
2026-06-04 12:20:33 [WARNING] core.strategy: BUY blocked | SUNPHARMA | BUY_BREAKOUT_CONFIRMATION suppressed: today win rate 18.2% from 11 trades is below 40.0%
2026-06-04 12:20:33 [WARNING] core.strategy: BUY blocked | AXISBANK | BUY_MACD_VWAP_SURGE suppressed: today win rate 18.2% from 11 trades is below 40.0%
2026-06-04 12:20:38 [WARNING] core.strategy: BUY blocked | MARUTI | BUY_MACD_VWAP_SURGE suppressed: today win rate 18.2% from 11 trades is below 40.0%
2026-06-04 12:20:38 [WARNING] core.strategy: BUY blocked | AXISBANK | BUY_MACD_VWAP_SURGE suppressed: today win rate 18.2% from 11 trades is below 40.0%
2026-06-04 12:20:43 [WARNING] core.strategy: BUY blocked | MARUTI | BUY_MACD_VWAP_SURGE suppressed: today win rate 18.2% from 11 trades is below 40.0%
2026-06-04 12:20:44 [WARNING] core.strategy: BUY blocked | AXISBANK | BUY_MACD_VWAP_SURGE suppressed: today win rate 18.2% from 11 trades is below 40.0%
2026-06-04 12:20:45 [INFO] core.data_fetcher: 📡 Live feed | ticks received: 8/8 symbols | active=['MARUTI', 'SUNPHARMA', 'DIVISLAB', 'RELIANCE', 'BAJFINANCE', 'SBIN', 'AXISBANK', 'ULTRACEMCO']
2026-06-04 12:20:49 [WARNING] core.strategy: BUY blocked | MARUTI | BUY_MACD_VWAP_SURGE suppressed: today win rate 18.2% from 11 trades is below 40.0%
2026-06-04 12:20:49 [WARNING] core.strategy: BUY blocked | SUNPHARMA | BUY_BREAKOUT_CONFIRMATION suppressed: today win rate 18.2% from 11 trades is below 40.0%
2026-06-04 12:20:49 [WARNING] core.strategy: BUY blocked | AXISBANK | BUY_MACD_VWAP_SURGE suppressed: today win rate 18.2% from 11 trades is below 40.0%
2026-06-04 12:20:54 [WARNING] core.strategy: BUY blocked | MARUTI | BUY_MACD_VWAP_SURGE suppressed: today win rate 18.2% from 11 trades is below 40.0%
2026-06-04 12:20:54 [WARNING] core.strategy: BUY blocked | AXISBANK | BUY_MACD_VWAP_SURGE suppressed: today win rate 18.2% from 11 trades is below 40.0%
2026-06-04 12:20:59 [WARNING] core.strategy: BUY blocked | MARUTI | BUY_MACD_VWAP_SURGE suppressed: today win rate 18.2% from 11 trades is below 40.0%
2026-06-04 12:20:59 [WARNING] core.strategy: BUY blocked | SUNPHARMA | BUY_BREAKOUT_CONFIRMATION suppressed: today win rate 18.2% from 11 trades is below 40.0%
2026-06-04 12:20:59 [WARNING] core.strategy: BUY blocked | AXISBANK | BUY_MACD_VWAP_SURGE suppressed: today win rate 18.2% from 11 trades is below 40.0%
2026-06-04 12:21:04 [WARNING] core.strategy: BUY blocked | MARUTI | BUY_MACD_VWAP_SURGE suppressed: today win rate 18.2% from 11 trades is below 40.0%
2026-06-04 12:21:04 [WARNING] core.strategy: BUY blocked | AXISBANK | BUY_MACD_VWAP_SURGE suppressed: today win rate 18.2% from 11 trades is below 40.0%
2026-06-04 12:21:10 [WARNING] core.strategy: BUY blocked | MARUTI | BUY_MACD_VWAP_SURGE suppressed: today win rate 18.2% from 11 trades is below 40.0%
2026-06-04 12:21:10 [WARNING] core.strategy: BUY blocked | AXISBANK | BUY_MACD_VWAP_SURGE suppressed: today win rate 18.2% from 11 trades is below 40.0%
2026-06-04 12:21:15 [INFO] core.state_manager: [BRIEFING] Loading from data/session_briefing.json...
2026-06-04 12:21:15 [INFO] core.state_manager: [BRIEFING] Loaded Valid: 8 approved + 0 watchlist (MORNING_SCREENER)
2026-06-04 12:21:15 [WARNING] core.strategy: BUY blocked | MARUTI | BUY_MACD_VWAP_SURGE suppressed: today win rate 18.2% from 11 trades is below 40.0%
2026-06-04 12:21:15 [WARNING] core.strategy: BUY blocked | AXISBANK | BUY_MACD_VWAP_SURGE suppressed: today win rate 18.2% from 11 trades is below 40.0%
2026-06-04 12:21:20 [WARNING] core.strategy: BUY blocked | MARUTI | BUY_MACD_VWAP_SURGE suppressed: today win rate 18.2% from 11 trades is below 40.0%
2026-06-04 12:21:20 [WARNING] core.strategy: BUY blocked | AXISBANK | BUY_MACD_VWAP_SURGE suppressed: today win rate 18.2% from 11 trades is below 40.0%
2026-06-04 12:21:25 [WARNING] core.strategy: BUY blocked | MARUTI | BUY_MACD_VWAP_SURGE suppressed: today win rate 18.2% from 11 trades is below 40.0%
2026-06-04 12:21:25 [WARNING] core.strategy: BUY blocked | SUNPHARMA | BUY_BREAKOUT_CONFIRMATION suppressed: today win rate 18.2% from 11 trades is below 40.0%
2026-06-04 12:21:25 [WARNING] core.strategy: BUY blocked | AXISBANK | BUY_MACD_VWAP_SURGE suppressed: today win rate 18.2% from 11 trades is below 40.0%
2026-06-04 12:21:30 [WARNING] core.strategy: BUY blocked | MARUTI | BUY_MACD_VWAP_SURGE suppressed: today win rate 18.2% from 11 trades is below 40.0%
2026-06-04 12:21:30 [WARNING] core.strategy: BUY blocked | AXISBANK | BUY_MACD_VWAP_SURGE suppressed: today win rate 18.2% from 11 trades is below 40.0%
2026-06-04 12:21:32 [INFO] AlcoSoft: Shutdown signal received. Stopping gracefully...
2026-06-04 12:21:36 [INFO] core.strategy: Strategy loop stopped.
2026-06-04 12:21:36 [INFO] AlcoSoft: Running cleanup...
2026-06-04 12:21:36 [INFO] AlcoSoft: Scheduler stopped.
2026-06-04 12:21:36 [INFO] core.state_manager: [BRIEFING] Loading from data/session_briefing.json...
2026-06-04 12:21:36 [INFO] core.state_manager: [BRIEFING] Loaded Valid: 8 approved + 0 watchlist (MORNING_SCREENER)
2026-06-04 12:21:36 [INFO] core.data_fetcher: Live feed stopped.
2026-06-04 12:21:36 [INFO] AlcoSoft: Live feed stopped.
2026-06-04 12:21:36 [INFO] core.kotak_client: Kotak session logged out cleanly.
2026-06-04 12:21:36 [INFO] AlcoSoft: Kotak session closed.
2026-06-04 12:21:36 [INFO] AlcoSoft: AlcoSoft shutdown complete. Goodbye.
2026-06-04 12:21:36 [INFO] apscheduler.scheduler: Scheduler has been shut down
2026-06-04 13:01:32 [WARNING] core.data_fetcher: ⚠️ WebSocket closed: The Session has been Closed!
2026-06-04 13:01:32 [INFO] core.data_fetcher: No symbols to re-subscribe. Skipping reconnect.
2026-06-04 13:01:32 [ERROR] core.data_fetcher: ❌ WebSocket error | type=SSLEOFError | msg=EOF occurred in violation of protocol (_ssl.c:2426) | symbols=0 | attempt=1
Traceback (most recent call last):
  File "C:\Extra Programs\Files\AlcoSoft_Financial_Services\alco_env\lib\site-packages\websocket\_app.py", line 511, in setSock
    dispatcher.read(self.sock.sock, read, check)
  File "C:\Extra Programs\Files\AlcoSoft_Financial_Services\alco_env\lib\site-packages\websocket\_app.py", line 113, in read
    if not read_callback():
  File "C:\Extra Programs\Files\AlcoSoft_Financial_Services\alco_env\lib\site-packages\websocket\_app.py", line 535, in read
    raise e
  File "C:\Extra Programs\Files\AlcoSoft_Financial_Services\alco_env\lib\site-packages\websocket\_app.py", line 526, in read
    op_code, frame = self.sock.recv_data_frame(True)
  File "C:\Extra Programs\Files\AlcoSoft_Financial_Services\alco_env\lib\site-packages\websocket\_core.py", line 457, in recv_data_frame
    self.send_close()
  File "C:\Extra Programs\Files\AlcoSoft_Financial_Services\alco_env\lib\site-packages\websocket\_core.py", line 494, in send_close
    self.send(struct.pack("!H", status) + reason, ABNF.OPCODE_CLOSE)
  File "C:\Extra Programs\Files\AlcoSoft_Financial_Services\alco_env\lib\site-packages\websocket\_core.py", line 297, in send
    return self.send_frame(frame)
  File "C:\Extra Programs\Files\AlcoSoft_Financial_Services\alco_env\lib\site-packages\websocket\_core.py", line 337, in send_frame
    l = self._send(data)
  File "C:\Extra Programs\Files\AlcoSoft_Financial_Services\alco_env\lib\site-packages\websocket\_core.py", line 559, in _send
    return send(self.sock, data)
  File "C:\Extra Programs\Files\AlcoSoft_Financial_Services\alco_env\lib\site-packages\websocket\_socket.py", line 179, in send
    return _send()
  File "C:\Extra Programs\Files\AlcoSoft_Financial_Services\alco_env\lib\site-packages\websocket\_socket.py", line 156, in _send
    return sock.send(data)
  File "C:\Users\RounakKR\AppData\Local\Programs\Python\Python310\lib\ssl.py", line 1206, in send
    return self._sslobj.write(data)
ssl.SSLEOFError: EOF occurred in violation of protocol (_ssl.c:2426)
2026-06-04 13:01:32 [WARNING] core.data_fetcher: ⚠️ WebSocket closed: The Session has been Closed!
2026-06-04 13:01:32 [INFO] core.data_fetcher: No symbols to re-subscribe. Skipping reconnect.
2026-06-04 14:55:06 [INFO] reflection.reflection_statistics: ✅ Reflection statistics database initialized
2026-06-04 14:55:06 [INFO] AlcoSoft: =======================================================
2026-06-04 14:55:06 [INFO] AlcoSoft:   ALCOSOFT FINANCIAL SERVICES — SYSTEM STARTING
2026-06-04 14:55:06 [INFO] AlcoSoft:   Mode: PAPER | Strategy: INTRADAY
2026-06-04 14:55:06 [INFO] AlcoSoft: =======================================================
2026-06-04 14:55:06 [INFO] AlcoSoft: [0/6] Initializing database...
2026-06-04 14:55:06 [INFO] core.state_manager: Database initialized.
2026-06-04 14:55:06 [INFO] AlcoSoft: [1/6] Running preflight health checks...
2026-06-04 14:55:06 [INFO] core.health_monitor: 🔍 Running preflight health checks...
2026-06-04 14:55:06 [INFO] core.health_monitor: ✅ API Credentials: All API keys configured
2026-06-04 14:55:06 [INFO] core.kotak_client: Initializing Kotak Neo session...
2026-06-04 14:55:06 [INFO] core.kotak_client: TOTP generated: 916530
2026-06-04 14:55:06 [INFO] core.kotak_client: TOTP login response: {'data': {'token': 'eyJhbGciOiJSUzI1NiIsInR5cCI6IkpXVCJ9.eyJqdGkiOiJiNjhhMWNiZC1iY2RjLTQyOTItOTQ3ZS03YWEzNGI1YmI1MTciLCJpc3MiOiJsb2dpbi1zZXJ2aWNlIiwic3ViIjoiZDZiODIzNzgtNDMzMy00OTcyLTk2ZTgtOTllOWYwMzE0N2MwIiwidWNjIjoiWEQxNkYiLCJuYXAiOiIiLCJ5Y2UiOiJlWVxcNiAvKjU9dFx1MDAwNlx1MDAwYlx1MDAwNHVcdTAwMDBcdTAwMTBiIiwiY2F0ZWdvcmlzYXRpb24iOiIiLCJzY29wZSI6WyJWaWV3Il0sImV4cCI6MTc4MDU5NzgwMCwiaWF0IjoxNzgwNTY1MTA1LCJmZXRjaGNhY2hpbmdydWxlIjowfQ.F4nXjqN5faVd94vEbJuygM0_YwGS5hWlFbUY3LDr2q3pc7-9xMQ8S5NB4GkfqxTJgrR1GQcXZQt52hOUoRC4lH9ue-gWVrZma8OzkCsMxe2VR17mJTL4Bv8CRnjzcd7uS1QHUrkfr9IZ5QCaS5axu4Spp7CBx2aSSDZLRK0NlDdpgnLVsvVFvHwC90ajufqDzN9jVqDRCUHNKFd1tQ6dKh39JpDH1WDmOV0IpDEAGHiVi9YMG39R1saBNw8gUp7JRsZaEQpNBeO7HwDjXI_RGUqOOeP1eJxEmJBYIdETw9tWLe3BHLqvbMgHpMuMIvujssaSO7JaHrMnM3P999zgGA', 'sid': '32bbbf4d-1eb6-4dd1-a04c-da5232204eb8', 'rid': '654e8c99-a1bb-40b3-ae8b-facfe785c74f', 'hsServerId': '', 'isUserPwdExpired': False, 'ucc': 'XD16F', 'greetingName': 'MANOJ', 'isTrialAccount': False, 'dataCenter': 'E41', 'derivativesRiskDisclosure': 'Risk Disclosure on Derivatives\n\nAs per a SEBI study dated 25 Jan 2023- \n• 9 out of 10 individual traders in equity Futures and Options Segment, incurred net losses.\n• On an average, loss makers registered net trading loss close to Rs.50,000.\n• Over and above the net trading losses incurred, loss makers expended an additional 28% of net trading losses as transaction costs.\n• Those making net trading profits, incurred between 15% to 50% of such profits as transaction cost.\n\nFor more information please check out : https://www.sebi.gov.in/reports-and-statistics/research/jan-2023/study-analysis-of-profit-and-loss-of-individual-traders-dealing-in-equity-fando-segment_67525.html', 'mfAccess': 1, 'dataCenterMap': None, 'dormancyStatus': 'A', 'asbaStatus': '', 'clientType': 'RI', 'isNRI': False, 'kId': 'ADDPR4621C', 'kType': 'View', 'status': 'success', 'incRange': 0, 'incUpdFlag': '', 'clientGroup': '', 'kraStatus': '', 'rcFlag': 0}}
2026-06-04 14:55:06 [INFO] core.kotak_client: 🔍 TOTP login data keys: ['token', 'sid', 'rid', 'hsServerId', 'isUserPwdExpired', 'ucc', 'greetingName', 'isTrialAccount', 'dataCenter', 'derivativesRiskDisclosure', 'mfAccess', 'dataCenterMap', 'dormancyStatus', 'asbaStatus', 'clientType', 'isNRI', 'kId', 'kType', 'status', 'incRange', 'incUpdFlag', 'clientGroup', 'kraStatus', 'rcFlag']
2026-06-04 14:55:08 [INFO] core.kotak_client: MPIN validation response: {'data': {'token': 'eyJhbGciOiJSUzI1NiIsInR5cCI6IkpXVCJ9.eyJqdGkiOiJlZDMwZTE0ZS04MWUxLTQ5NjgtYmU4ZC0zMDM1YWQ4Y2NjNjAiLCJpc3MiOiJsb2dpbi1zZXJ2aWNlIiwic3ViIjoiZDZiODIzNzgtNDMzMy00OTcyLTk2ZTgtOTllOWYwMzE0N2MwIiwidWNjIjoiWEQxNkYiLCJuYXAiOiIiLCJ5Y2UiOiJlWVxcNiAvKjU9dFx1MDAwNlx1MDAwYlx1MDAwNHVcdTAwMDBcdTAwMTBiIiwiY2F0ZWdvcmlzYXRpb24iOiIiLCJzY29wZSI6WyJUcmFkZSJdLCJleHAiOjE3ODA1OTc4MDAsImlhdCI6MTc4MDU2NTEwOCwiZmV0Y2hjYWNoaW5ncnVsZSI6MH0.J65GNt6tOR_BvVMom3S27FQwmh3BtNiHOYtlvJ0JbujrCfKBwMbJjbnpmynpf4v6gzwTeM90IVy1D_WzRFPoj6GqYRL5oLusnOHKxE0W-S7HEQuEIqxBwFCZ_uxTlKFYkSU41NOgfFL0YUxLUlDr4MoFFoKs__c2FI2EQ-If-Ret-VnJqZ36ujQyYMbrbsnr-MEGLqcdW3xQuwrUqmJXNwb9i2KCyQSPg0KcOZj1FbcKJPe6-pXerYWlHcrzTbelXnDNEzI265aFdf2qIqwtWvzSTjtuovRmlggjfLrhrL5TztLuRVIQwI7wToZPN30e6aLVCpFLIpfQXsGG30yFyQ', 'sid': 'b3e78de0-be22-484e-87c2-e940d2434f0d', 'rid': '654e8c99-a1bb-40b3-ae8b-facfe785c74f', 'baseUrl': 'https://e41.kotaksecurities.com', 'hsServerId': '', 'isUserPwdExpired': False, 'ucc': 'XD16F', 'greetingName': 'MANOJ', 'isTrialAccount': False, 'dataCenter': 'E41', 'derivativesRiskDisclosure': 'Risk Disclosure on Derivatives\n\nAs per a SEBI study dated 25 Jan 2023- \n• 9 out of 10 individual traders in equity Futures and Options Segment, incurred net losses.\n• On an average, loss makers registered net trading loss close to Rs.50,000.\n• Over and above the net trading losses incurred, loss makers expended an additional 28% of net trading losses as transaction costs.\n• Those making net trading profits, incurred between 15% to 50% of such profits as transaction cost.\n\nFor more information please check out : https://www.sebi.gov.in/reports-and-statistics/research/jan-2023/study-analysis-of-profit-and-loss-of-individual-traders-dealing-in-equity-fando-segment_67525.html', 'mfAccess': 1, 'dataCenterMap': None, 'dormancyStatus': 'A', 'asbaStatus': '', 'clientType': 'RI', 'isNRI': False, 'kId': 'ADDPR4621C', 'kType': 'Trade', 'status': 'success', 'incRange': 0, 'incUpdFlag': '', 'clientGroup': '', 'kraStatus': '', 'rcFlag': 0}}
2026-06-04 14:55:08 [INFO] core.kotak_client: 🔍 MPIN response data keys: ['token', 'sid', 'rid', 'baseUrl', 'hsServerId', 'isUserPwdExpired', 'ucc', 'greetingName', 'isTrialAccount', 'dataCenter', 'derivativesRiskDisclosure', 'mfAccess', 'dataCenterMap', 'dormancyStatus', 'asbaStatus', 'clientType', 'isNRI', 'kId', 'kType', 'status', 'incRange', 'incUpdFlag', 'clientGroup', 'kraStatus', 'rcFlag']
2026-06-04 14:55:08 [INFO] core.kotak_client: ✅ NeoAPI configuration.edit_token & edit_sid SET (confirmed)
2026-06-04 14:55:08 [INFO] core.kotak_client: ✅ Trade token verified (kType=Trade) | sid present | baseUrl set
2026-06-04 14:55:08 [INFO] core.kotak_client: ✅ Kotak Neo session established successfully.
2026-06-04 14:55:09 [INFO] core.health_monitor: ✅ Broker Connection: Connected
2026-06-04 14:55:09 [INFO] core.health_monitor: ✅ Database: DB OK (0 open positions)
2026-06-04 14:55:09 [INFO] core.state_manager: [BRIEFING] Loading from data/session_briefing.json...
2026-06-04 14:55:09 [INFO] core.state_manager: [BRIEFING] Loaded Valid: 8 approved + 0 watchlist (MORNING_SCREENER)
2026-06-04 14:55:09 [INFO] core.state_manager: [BRIEFING] Validation PASSED: 8 approved + 0 watchlist (MORNING_SCREENER)
2026-06-04 14:55:09 [INFO] core.health_monitor: ✅ Trading Briefing: Briefing OK (8 cognition, 0 watchlist, 8 total)
2026-06-04 14:55:09 [INFO] core.health_monitor: ✅ Live Feed: Feed not started yet (starts after briefing load)
2026-06-04 14:55:09 [INFO] core.health_monitor: ✅ Market Hours: Market is OPEN
2026-06-04 14:55:09 [INFO] core.health_monitor: ✅ Available Capital: Capital ₹20140
2026-06-04 14:55:09 [INFO] core.health_monitor: ✅ Daily Loss Limit: Daily loss OK
2026-06-04 14:55:09 [INFO] core.health_monitor: 
======================================================================
SYSTEM HEALTH REPORT — 2026-06-04T14:55:06.356670
======================================================================

✅ PASSED (8):
   • API Credentials
   • Broker Connection
   • Database
   • Trading Briefing
   • Live Feed
   • Market Hours
   • Available Capital
   • Daily Loss Limit

======================================================================

2026-06-04 14:55:09 [INFO] AlcoSoft: [2/6] Checking for previous state...
2026-06-04 14:55:09 [INFO] core.state_manager: [BRIEFING] Loading from data/session_briefing.json...
2026-06-04 14:55:09 [INFO] core.state_manager: [BRIEFING] Loaded Valid: 8 approved + 0 watchlist (MORNING_SCREENER)
2026-06-04 14:55:09 [INFO] core.state_manager: No open positions found. Clean startup.
2026-06-04 14:55:09 [INFO] AlcoSoft: [3/6] Connecting to Kotak Neo...
2026-06-04 14:55:09 [INFO] AlcoSoft: ✅ Kotak session established successfully.
2026-06-04 14:55:09 [INFO] AlcoSoft: [3b/6] Reconciling broker vs local positions...
2026-06-04 14:55:09 [INFO] core.broker_reconciliation: Reconciliation skipped broker position pull in PAPER mode.
2026-06-04 14:55:09 [INFO] AlcoSoft: [3c/6] Validating capital allocation configuration...
2026-06-04 14:55:09 [INFO] core.order_executor: ✅ Allocation configuration valid
2026-06-04 14:55:09 [INFO] AlcoSoft: ✅ Capital allocation configuration valid
2026-06-04 14:55:09 [INFO] AlcoSoft: [4/6] Checking today's morning screener briefing...
2026-06-04 14:55:09 [INFO] core.state_manager: [BRIEFING] Loading from data/session_briefing.json...
2026-06-04 14:55:09 [INFO] core.state_manager: [BRIEFING] Loaded Valid: 8 approved + 0 watchlist (MORNING_SCREENER)
2026-06-04 14:55:09 [INFO] core.state_manager: [BRIEFING] Validation PASSED: 8 approved + 0 watchlist (MORNING_SCREENER)
2026-06-04 14:55:09 [INFO] AlcoSoft: [4/6] Skipping screener: today's MORNING_SCREENER briefing exists (8 approved + 0 watchlist).
2026-06-04 14:55:09 [INFO] AlcoSoft: [5/6] Loading and validating briefing for trading...
2026-06-04 14:55:09 [INFO] core.state_manager: [BRIEFING] Loading from data/session_briefing.json...
2026-06-04 14:55:09 [INFO] core.state_manager: [BRIEFING] Loaded Valid: 8 approved + 0 watchlist (MORNING_SCREENER)
2026-06-04 14:55:09 [INFO] core.state_manager: [BRIEFING] Validation PASSED: 8 approved + 0 watchlist (MORNING_SCREENER)
2026-06-04 14:55:09 [INFO] core.state_manager: [BRIEFING] Safety gate PASSED: Ready for trading
2026-06-04 14:55:09 [INFO] core.state_manager: [BRIEFING] Validation PASSED: 8 approved + 0 watchlist (MORNING_SCREENER)
2026-06-04 14:55:09 [INFO] AlcoSoft: [BRIEFING] Validated ✅
2026-06-04 14:55:09 [INFO] AlcoSoft: [BRIEFING] Subscribing live feed: 8 symbols (8 cognition + 0 watchlist)
2026-06-04 14:55:09 [INFO] core.data_fetcher: Starting live feed for 8 symbols: ['MARUTI', 'SUNPHARMA', 'DIVISLAB', 'RELIANCE', 'BAJFINANCE', 'SBIN', 'AXISBANK', 'ULTRACEMCO']
2026-06-04 14:55:09 [INFO] core.data_fetcher: Subscribing to 8 instruments...
2026-06-04 14:55:09 [INFO] core.data_fetcher: ✅ Subscribed to live feed: ['10999', '3351', '10940', '2885', '317', '3045', '5900', '11532']
2026-06-04 14:55:09 [INFO] core.state_manager: [BRIEFING] Saving to data/session_briefing.json...
2026-06-04 14:55:09 [INFO] core.state_manager: [BRIEFING] Saved and verified: data/session_briefing.json
2026-06-04 14:55:09 [INFO] core.state_manager: [BRIEFING]   - Approved: 8
2026-06-04 14:55:09 [INFO] core.state_manager: [BRIEFING]   - Watchlist: 0
2026-06-04 14:55:09 [INFO] AlcoSoft: [BRIEFING] Saved
2026-06-04 14:55:09 [INFO] AlcoSoft: Live feed active for 8 symbols.
2026-06-04 14:55:09 [INFO] AlcoSoft:   Cognition picks : ['MARUTI', 'SUNPHARMA', 'DIVISLAB', 'RELIANCE', 'BAJFINANCE', 'SBIN', 'AXISBANK', 'ULTRACEMCO']
2026-06-04 14:55:09 [INFO] AlcoSoft:   Math watchlist : []
2026-06-04 14:55:09 [INFO] AlcoSoft: [6/6] Verifying live feed...
2026-06-04 14:55:09 [INFO] core.data_fetcher: ✅ WebSocket connection opened.
2026-06-04 14:55:10 [INFO] core.data_fetcher: 📡 Live feed | ticks received: 8/8 symbols | active=['MARUTI', 'SUNPHARMA', 'DIVISLAB', 'RELIANCE', 'BAJFINANCE', 'SBIN', 'AXISBANK', 'ULTRACEMCO']
2026-06-04 14:55:12 [INFO] AlcoSoft: ✅ Live feed: Ticks flowing (15 total); building candles (4+ needed for health OK)
2026-06-04 14:55:12 [INFO] AlcoSoft: ✅ System startup complete. Trading ready.
2026-06-04 14:55:12 [INFO] apscheduler.scheduler: Adding job tentatively -- it will be properly scheduled when the scheduler starts
2026-06-04 14:55:12 [INFO] apscheduler.scheduler: Adding job tentatively -- it will be properly scheduled when the scheduler starts
2026-06-04 14:55:12 [INFO] apscheduler.scheduler: Adding job tentatively -- it will be properly scheduled when the scheduler starts
2026-06-04 14:55:12 [INFO] apscheduler.scheduler: Adding job tentatively -- it will be properly scheduled when the scheduler starts
2026-06-04 14:55:12 [INFO] apscheduler.scheduler: Adding job tentatively -- it will be properly scheduled when the scheduler starts
2026-06-04 14:55:12 [INFO] apscheduler.scheduler: Added job "Morning Stock Screener" to job store "default"
2026-06-04 14:55:12 [INFO] apscheduler.scheduler: Added job "Market Observation Loop" to job store "default"
2026-06-04 14:55:12 [INFO] apscheduler.scheduler: Added job "Emergency Squareoff" to job store "default"
2026-06-04 14:55:12 [INFO] apscheduler.scheduler: Added job "Owl Alpha Reflection" to job store "default"
2026-06-04 14:55:12 [INFO] apscheduler.scheduler: Added job "End-of-Day Report" to job store "default"
2026-06-04 14:55:12 [INFO] apscheduler.scheduler: Scheduler started
2026-06-04 14:55:12 [INFO] AlcoSoft: Scheduler started:
   08:45 AM - Morning screener
   Every 15 min - Observation loop
   15:15 PM - Emergency squareoff (before close)
   15:30 PM - Market close report
   15:35 PM - Reflection cycle
2026-06-04 14:55:12 [INFO] AlcoSoft: Starting strategy loop. Press Ctrl+C to shutdown safely.
2026-06-04 14:55:12 [INFO] core.strategy: ⚡ Strategy loop started | Mode: INTRADAY | Lookback: 3 candles | Buy sets: 7 | Sell sets: 6 | Buy gate: 3+ completed live WS candles | Config: strategy_sets.json
2026-06-04 14:55:12 [INFO] core.state_manager: [BRIEFING] Loading from data/session_briefing.json...
2026-06-04 14:55:12 [INFO] core.state_manager: [BRIEFING] Loaded Valid: 8 approved + 0 watchlist (MORNING_SCREENER)
2026-06-04 14:55:12 [INFO] core.strategy: ─── Scan summary (8 subscribed) ───
  [Cognition] MARUTI: ticks=2 | live_candles=1
  [Cognition] SUNPHARMA: ticks=2 | live_candles=1
  [Cognition] DIVISLAB: ticks=1 | live_candles=1
  [Cognition] RELIANCE: ticks=3 | live_candles=1
  [Cognition] BAJFINANCE: ticks=1 | live_candles=1
  [Cognition] SBIN: ticks=2 | live_candles=1
  [Cognition] AXISBANK: ticks=2 | live_candles=1
  [Cognition] ULTRACEMCO: ticks=2 | live_candles=1
2026-06-04 14:56:13 [INFO] core.state_manager: [BRIEFING] Loading from data/session_briefing.json...
2026-06-04 14:56:13 [INFO] core.state_manager: [BRIEFING] Loaded Valid: 8 approved + 0 watchlist (MORNING_SCREENER)
2026-06-04 14:56:44 [INFO] core.strategy: ─── Scan summary (8 subscribed) ───
  [Cognition] MARUTI: ticks=54 | live_candles=1
  [Cognition] SUNPHARMA: ticks=41 | live_candles=1
  [Cognition] DIVISLAB: ticks=33 | live_candles=1
  [Cognition] RELIANCE: ticks=54 | live_candles=1
  [Cognition] BAJFINANCE: ticks=63 | live_candles=1
  [Cognition] SBIN: ticks=58 | live_candles=1
  [Cognition] AXISBANK: ticks=45 | live_candles=1
  [Cognition] ULTRACEMCO: ticks=19 | live_candles=1
2026-06-04 14:57:10 [INFO] core.data_fetcher: 📡 Live feed | ticks received: 8/8 symbols | active=['MARUTI', 'SUNPHARMA', 'DIVISLAB', 'RELIANCE', 'BAJFINANCE', 'SBIN', 'AXISBANK', 'ULTRACEMCO']
2026-06-04 14:57:14 [INFO] core.state_manager: [BRIEFING] Loading from data/session_briefing.json...
2026-06-04 14:57:14 [INFO] core.state_manager: [BRIEFING] Loaded Valid: 8 approved + 0 watchlist (MORNING_SCREENER)
2026-06-04 14:58:15 [INFO] core.state_manager: [BRIEFING] Loading from data/session_briefing.json...
2026-06-04 14:58:15 [INFO] core.state_manager: [BRIEFING] Loaded Valid: 8 approved + 0 watchlist (MORNING_SCREENER)
2026-06-04 14:58:15 [INFO] core.strategy: ─── Scan summary (8 subscribed) ───
  [Cognition] MARUTI: ticks=115 | live_candles=1
  [Cognition] SUNPHARMA: ticks=80 | live_candles=1
  [Cognition] DIVISLAB: ticks=65 | live_candles=1
  [Cognition] RELIANCE: ticks=114 | live_candles=1
  [Cognition] BAJFINANCE: ticks=118 | live_candles=1
  [Cognition] SBIN: ticks=114 | live_candles=1
  [Cognition] AXISBANK: ticks=94 | live_candles=1
  [Cognition] ULTRACEMCO: ticks=46 | live_candles=1
2026-06-04 14:59:10 [INFO] core.data_fetcher: 📡 Live feed | ticks received: 8/8 symbols | active=['MARUTI', 'SUNPHARMA', 'DIVISLAB', 'RELIANCE', 'BAJFINANCE', 'SBIN', 'AXISBANK', 'ULTRACEMCO']
2026-06-04 14:59:16 [INFO] core.state_manager: [BRIEFING] Loading from data/session_briefing.json...
2026-06-04 14:59:16 [INFO] core.state_manager: [BRIEFING] Loaded Valid: 8 approved + 0 watchlist (MORNING_SCREENER)
2026-06-04 14:59:46 [INFO] core.strategy: ─── Scan summary (8 subscribed) ───
  [Cognition] MARUTI: ticks=180 | live_candles=1
  [Cognition] SUNPHARMA: ticks=160 | live_candles=1
  [Cognition] DIVISLAB: ticks=110 | live_candles=1
  [Cognition] RELIANCE: ticks=179 | live_candles=1
  [Cognition] BAJFINANCE: ticks=198 | live_candles=1
  [Cognition] SBIN: ticks=192 | live_candles=1
  [Cognition] AXISBANK: ticks=198 | live_candles=1
  [Cognition] ULTRACEMCO: ticks=85 | live_candles=1
2026-06-04 15:00:00 [INFO] core.data_fetcher: 🕯️ Candle closed: SBIN | 2026-06-04 14:55 | O:975.95 H:977.00 L:975.50 C:976.20 V:2536237813.0
2026-06-04 15:00:00 [INFO] core.data_fetcher: 🕯️ Candle closed: BAJFINANCE | 2026-06-04 14:55 | O:875.35 H:876.05 L:875.00 C:875.45 V:1219581935.0
2026-06-04 15:00:01 [INFO] core.data_fetcher: 🕯️ Candle closed: MARUTI | 2026-06-04 14:55 | O:13092.00 H:13129.00 L:13091.00 C:13120.00 V:59343449.0
2026-06-04 15:00:01 [INFO] core.data_fetcher: 🕯️ Candle closed: AXISBANK | 2026-06-04 14:55 | O:1252.40 H:1253.00 L:1251.50 C:1253.00 V:760191291.0
2026-06-04 15:00:01 [INFO] core.data_fetcher: 🕯️ Candle closed: SUNPHARMA | 2026-06-04 14:55 | O:1782.80 H:1784.70 L:1780.60 C:1782.50 V:211423284.0
2026-06-04 15:00:01 [INFO] core.data_fetcher: 🕯️ Candle closed: ULTRACEMCO | 2026-06-04 14:55 | O:10996.00 H:11000.00 L:10996.00 C:10999.00 V:33061504.0
2026-06-04 15:00:01 [INFO] core.data_fetcher: 🕯️ Candle closed: DIVISLAB | 2026-06-04 14:55 | O:6613.00 H:6619.50 L:6609.50 C:6611.00 V:23332279.0
2026-06-04 15:00:03 [INFO] core.data_fetcher: 🕯️ Candle closed: RELIANCE | 2026-06-04 14:55 | O:1302.10 H:1302.20 L:1301.50 C:1302.10 V:2600797200.0
2026-06-04 15:00:17 [INFO] core.state_manager: [BRIEFING] Loading from data/session_briefing.json...
2026-06-04 15:00:17 [INFO] core.state_manager: [BRIEFING] Loaded Valid: 8 approved + 0 watchlist (MORNING_SCREENER)
2026-06-04 15:01:10 [INFO] core.data_fetcher: 📡 Live feed | ticks received: 8/8 symbols | active=['MARUTI', 'SUNPHARMA', 'DIVISLAB', 'RELIANCE', 'BAJFINANCE', 'SBIN', 'AXISBANK', 'ULTRACEMCO']
2026-06-04 15:01:17 [INFO] core.state_manager: [BRIEFING] Loading from data/session_briefing.json...
2026-06-04 15:01:17 [INFO] core.state_manager: [BRIEFING] Loaded Valid: 8 approved + 0 watchlist (MORNING_SCREENER)
2026-06-04 15:01:17 [INFO] core.strategy: ─── Scan summary (8 subscribed) ───
  [Cognition] MARUTI: ticks=259 | live_candles=2
  [Cognition] SUNPHARMA: ticks=235 | live_candles=2
  [Cognition] DIVISLAB: ticks=172 | live_candles=2
  [Cognition] RELIANCE: ticks=248 | live_candles=2
  [Cognition] BAJFINANCE: ticks=271 | live_candles=2
  [Cognition] SBIN: ticks=272 | live_candles=2
  [Cognition] AXISBANK: ticks=268 | live_candles=2
  [Cognition] ULTRACEMCO: ticks=136 | live_candles=2
2026-06-04 15:02:18 [INFO] core.state_manager: [BRIEFING] Loading from data/session_briefing.json...
2026-06-04 15:02:18 [INFO] core.state_manager: [BRIEFING] Loaded Valid: 8 approved + 0 watchlist (MORNING_SCREENER)
2026-06-04 15:02:48 [INFO] core.strategy: ─── Scan summary (8 subscribed) ───
  [Cognition] MARUTI: ticks=335 | live_candles=2
  [Cognition] SUNPHARMA: ticks=323 | live_candles=2
  [Cognition] DIVISLAB: ticks=219 | live_candles=2
  [Cognition] RELIANCE: ticks=334 | live_candles=2
  [Cognition] BAJFINANCE: ticks=355 | live_candles=2
  [Cognition] SBIN: ticks=356 | live_candles=2
  [Cognition] AXISBANK: ticks=341 | live_candles=2
  [Cognition] ULTRACEMCO: ticks=177 | live_candles=2
2026-06-04 15:03:10 [INFO] core.data_fetcher: 📡 Live feed | ticks received: 8/8 symbols | active=['MARUTI', 'SUNPHARMA', 'DIVISLAB', 'RELIANCE', 'BAJFINANCE', 'SBIN', 'AXISBANK', 'ULTRACEMCO']
2026-06-04 15:03:13 [WARNING] core.strategy: Entries disabled by session state FLAT_LOCKED (DASHBOARD_EMERGENCY_SQUAREOFF_REQUESTED). Exit checks continue; BUY scan skipped.
2026-06-04 15:03:18 [INFO] core.state_manager: [BRIEFING] Loading from data/session_briefing.json...
2026-06-04 15:03:18 [INFO] core.state_manager: [BRIEFING] Loaded Valid: 8 approved + 0 watchlist (MORNING_SCREENER)
2026-06-04 15:04:19 [INFO] core.state_manager: [BRIEFING] Loading from data/session_briefing.json...
2026-06-04 15:04:19 [INFO] core.state_manager: [BRIEFING] Loaded Valid: 8 approved + 0 watchlist (MORNING_SCREENER)
2026-06-04 15:04:19 [INFO] core.strategy: ─── Scan summary (8 subscribed) ───
  [Cognition] MARUTI: ticks=396 | live_candles=2
  [Cognition] SUNPHARMA: ticks=403 | live_candles=2
  [Cognition] DIVISLAB: ticks=250 | live_candles=2
  [Cognition] RELIANCE: ticks=426 | live_candles=2
  [Cognition] BAJFINANCE: ticks=416 | live_candles=2
  [Cognition] SBIN: ticks=445 | live_candles=2
  [Cognition] AXISBANK: ticks=392 | live_candles=2
  [Cognition] ULTRACEMCO: ticks=220 | live_candles=2
2026-06-04 15:05:00 [INFO] core.data_fetcher: 🕯️ Candle closed: SUNPHARMA | 2026-06-04 15:00 | O:1781.80 H:1782.60 L:1778.00 C:1779.70 V:350125028.0
2026-06-04 15:05:00 [INFO] core.data_fetcher: 🕯️ Candle closed: MARUTI | 2026-06-04 15:00 | O:13122.00 H:13123.00 L:13050.00 C:13051.00 V:76719362.0
2026-06-04 15:05:00 [INFO] core.data_fetcher: 🕯️ Candle closed: RELIANCE | 2026-06-04 15:00 | O:1302.20 H:1303.50 L:1299.80 C:1300.50 V:4016837616.0
2026-06-04 15:05:00 [INFO] core.data_fetcher: 🕯️ Candle closed: DIVISLAB | 2026-06-04 15:00 | O:6611.50 H:6611.50 L:6594.50 C:6594.50 V:27156032.0
2026-06-04 15:05:00 [INFO] core.data_fetcher: 🕯️ Candle closed: BAJFINANCE | 2026-06-04 15:00 | O:875.65 H:875.65 L:873.10 C:873.70 V:1431523536.0
2026-06-04 15:05:00 [INFO] core.data_fetcher: 🕯️ Candle closed: SBIN | 2026-06-04 15:00 | O:976.25 H:979.10 L:975.25 C:979.10 V:3320903297.0
2026-06-04 15:05:00 [INFO] core.data_fetcher: 🕯️ Candle closed: AXISBANK | 2026-06-04 15:00 | O:1253.10 H:1253.10 L:1250.00 C:1252.10 V:855031918.0
2026-06-04 15:05:02 [INFO] core.data_fetcher: 🕯️ Candle closed: ULTRACEMCO | 2026-06-04 15:00 | O:10996.00 H:11000.00 L:10981.00 C:10995.00 V:55534386.0
2026-06-04 15:05:10 [INFO] core.data_fetcher: 📡 Live feed | ticks received: 8/8 symbols | active=['MARUTI', 'SUNPHARMA', 'DIVISLAB', 'RELIANCE', 'BAJFINANCE', 'SBIN', 'AXISBANK', 'ULTRACEMCO']
2026-06-04 15:05:20 [INFO] core.state_manager: [BRIEFING] Loading from data/session_briefing.json...
2026-06-04 15:05:20 [INFO] core.state_manager: [BRIEFING] Loaded Valid: 8 approved + 0 watchlist (MORNING_SCREENER)
2026-06-04 15:05:50 [INFO] core.strategy: ─── Scan summary (8 subscribed) ───
  [Cognition] MARUTI: ticks=458 | live_candles=3
  [Cognition] SUNPHARMA: ticks=477 | live_candles=3
  [Cognition] DIVISLAB: ticks=287 | live_candles=3
  [Cognition] RELIANCE: ticks=505 | live_candles=3
  [Cognition] BAJFINANCE: ticks=483 | live_candles=3
  [Cognition] SBIN: ticks=533 | live_candles=3
  [Cognition] AXISBANK: ticks=451 | live_candles=3
  [Cognition] ULTRACEMCO: ticks=245 | live_candles=3
2026-06-04 15:06:20 [INFO] core.state_manager: [BRIEFING] Loading from data/session_briefing.json...
2026-06-04 15:06:20 [INFO] core.state_manager: [BRIEFING] Loaded Valid: 8 approved + 0 watchlist (MORNING_SCREENER)
2026-06-04 15:07:10 [INFO] core.data_fetcher: 📡 Live feed | ticks received: 8/8 symbols | active=['MARUTI', 'SUNPHARMA', 'DIVISLAB', 'RELIANCE', 'BAJFINANCE', 'SBIN', 'AXISBANK', 'ULTRACEMCO']
2026-06-04 15:07:21 [INFO] core.state_manager: [BRIEFING] Loading from data/session_briefing.json...
2026-06-04 15:07:21 [INFO] core.state_manager: [BRIEFING] Loaded Valid: 8 approved + 0 watchlist (MORNING_SCREENER)
2026-06-04 15:07:21 [INFO] core.strategy: ─── Scan summary (8 subscribed) ───
  [Cognition] MARUTI: ticks=530 | live_candles=3
  [Cognition] SUNPHARMA: ticks=552 | live_candles=3
  [Cognition] DIVISLAB: ticks=340 | live_candles=3
  [Cognition] RELIANCE: ticks=573 | live_candles=3
  [Cognition] BAJFINANCE: ticks=535 | live_candles=3
  [Cognition] SBIN: ticks=622 | live_candles=3
  [Cognition] AXISBANK: ticks=510 | live_candles=3
  [Cognition] ULTRACEMCO: ticks=273 | live_candles=3
2026-06-04 15:08:21 [INFO] core.state_manager: [BRIEFING] Loading from data/session_briefing.json...
2026-06-04 15:08:21 [INFO] core.state_manager: [BRIEFING] Loaded Valid: 8 approved + 0 watchlist (MORNING_SCREENER)
2026-06-04 15:08:52 [INFO] core.strategy: ─── Scan summary (8 subscribed) ───
  [Cognition] MARUTI: ticks=586 | live_candles=3
  [Cognition] SUNPHARMA: ticks=630 | live_candles=3
  [Cognition] DIVISLAB: ticks=399 | live_candles=3
  [Cognition] RELIANCE: ticks=644 | live_candles=3
  [Cognition] BAJFINANCE: ticks=599 | live_candles=3
  [Cognition] SBIN: ticks=709 | live_candles=3
  [Cognition] AXISBANK: ticks=568 | live_candles=3
  [Cognition] ULTRACEMCO: ticks=322 | live_candles=3
2026-06-04 15:09:10 [INFO] core.data_fetcher: 📡 Live feed | ticks received: 8/8 symbols | active=['MARUTI', 'SUNPHARMA', 'DIVISLAB', 'RELIANCE', 'BAJFINANCE', 'SBIN', 'AXISBANK', 'ULTRACEMCO']
2026-06-04 15:09:22 [INFO] core.state_manager: [BRIEFING] Loading from data/session_briefing.json...
2026-06-04 15:09:22 [INFO] core.state_manager: [BRIEFING] Loaded Valid: 8 approved + 0 watchlist (MORNING_SCREENER)
2026-06-04 15:10:00 [INFO] core.data_fetcher: 🕯️ Candle closed: SBIN | 2026-06-04 15:05 | O:979.15 H:981.00 L:979.00 C:980.65 V:4067815170.0
2026-06-04 15:10:00 [INFO] core.data_fetcher: 🕯️ Candle closed: RELIANCE | 2026-06-04 15:05 | O:1301.10 H:1305.10 L:1300.80 C:1305.00 V:3669720758.0
2026-06-04 15:10:00 [INFO] core.data_fetcher: 🕯️ Candle closed: BAJFINANCE | 2026-06-04 15:05 | O:873.65 H:874.00 L:872.90 C:873.00 V:1163109116.0
2026-06-04 15:10:00 [INFO] core.data_fetcher: 🕯️ Candle closed: SUNPHARMA | 2026-06-04 15:05 | O:1779.60 H:1780.80 L:1777.20 C:1779.80 V:378271930.0
2026-06-04 15:10:01 [INFO] core.data_fetcher: 🕯️ Candle closed: DIVISLAB | 2026-06-04 15:05 | O:6595.50 H:6602.00 L:6590.00 C:6592.50 V:38723023.0
2026-06-04 15:10:01 [INFO] core.data_fetcher: 🕯️ Candle closed: ULTRACEMCO | 2026-06-04 15:05 | O:10994.00 H:11000.00 L:10993.00 C:10996.00 V:45483971.0
2026-06-04 15:10:02 [INFO] core.data_fetcher: 🕯️ Candle closed: AXISBANK | 2026-06-04 15:05 | O:1252.00 H:1252.90 L:1250.50 C:1250.90 V:860902031.0
2026-06-04 15:10:02 [INFO] core.data_fetcher: 🕯️ Candle closed: MARUTI | 2026-06-04 15:05 | O:13052.00 H:13070.00 L:13034.00 C:13044.00 V:72407141.0
2026-06-04 15:10:12 [INFO] apscheduler.executors.default: Running job "Market Observation Loop (trigger: interval[0:15:00], next run at: 2026-06-04 15:25:12 IST)" (scheduled at 2026-06-04 15:10:12.270111+05:30)
2026-06-04 15:10:12 [INFO] reflection.observation_loop: 🔍 Running observation cycle...
2026-06-04 15:10:12 [INFO] core.state_manager: [BRIEFING] Loading from data/session_briefing.json...
2026-06-04 15:10:12 [INFO] core.state_manager: [BRIEFING] Loaded Valid: 8 approved + 0 watchlist (MORNING_SCREENER)
2026-06-04 15:10:12 [INFO] reflection.observation_loop: 📊 Observation recorded:
   Market: RANGING | Trend: WEAK
   Vol: LOW | Breakouts: LOW
   Reversals: LOW
2026-06-04 15:10:12 [INFO] apscheduler.executors.default: Job "Market Observation Loop (trigger: interval[0:15:00], next run at: 2026-06-04 15:25:12 IST)" executed successfully
2026-06-04 15:10:23 [INFO] core.state_manager: [BRIEFING] Loading from data/session_briefing.json...
2026-06-04 15:10:23 [INFO] core.state_manager: [BRIEFING] Loaded Valid: 8 approved + 0 watchlist (MORNING_SCREENER)
2026-06-04 15:10:23 [INFO] core.strategy: ─── Scan summary (8 subscribed) ───
  [Cognition] MARUTI: ticks=647 | live_candles=4
  [Cognition] SUNPHARMA: ticks=712 | live_candles=4
  [Cognition] DIVISLAB: ticks=467 | live_candles=4
  [Cognition] RELIANCE: ticks=706 | live_candles=4
  [Cognition] BAJFINANCE: ticks=656 | live_candles=4
  [Cognition] SBIN: ticks=793 | live_candles=4
  [Cognition] AXISBANK: ticks=641 | live_candles=4
  [Cognition] ULTRACEMCO: ticks=357 | live_candles=4
2026-06-04 15:11:11 [INFO] core.data_fetcher: 📡 Live feed | ticks received: 8/8 symbols | active=['MARUTI', 'SUNPHARMA', 'DIVISLAB', 'RELIANCE', 'BAJFINANCE', 'SBIN', 'AXISBANK', 'ULTRACEMCO']
2026-06-04 15:11:23 [INFO] core.state_manager: [BRIEFING] Loading from data/session_briefing.json...
2026-06-04 15:11:23 [INFO] core.state_manager: [BRIEFING] Loaded Valid: 8 approved + 0 watchlist (MORNING_SCREENER)
2026-06-04 15:11:53 [INFO] core.strategy: ─── Scan summary (8 subscribed) ───
  [Cognition] MARUTI: ticks=705 | live_candles=4
  [Cognition] SUNPHARMA: ticks=775 | live_candles=4
  [Cognition] DIVISLAB: ticks=524 | live_candles=4
  [Cognition] RELIANCE: ticks=776 | live_candles=4
  [Cognition] BAJFINANCE: ticks=739 | live_candles=4
  [Cognition] SBIN: ticks=875 | live_candles=4
  [Cognition] AXISBANK: ticks=714 | live_candles=4
  [Cognition] ULTRACEMCO: ticks=399 | live_candles=4
2026-06-04 15:12:24 [INFO] core.state_manager: [BRIEFING] Loading from data/session_briefing.json...
2026-06-04 15:12:24 [INFO] core.state_manager: [BRIEFING] Loaded Valid: 8 approved + 0 watchlist (MORNING_SCREENER)
2026-06-04 15:13:12 [INFO] core.data_fetcher: 📡 Live feed | ticks received: 8/8 symbols | active=['MARUTI', 'SUNPHARMA', 'DIVISLAB', 'RELIANCE', 'BAJFINANCE', 'SBIN', 'AXISBANK', 'ULTRACEMCO']
2026-06-04 15:13:24 [INFO] core.state_manager: [BRIEFING] Loading from data/session_briefing.json...
2026-06-04 15:13:24 [INFO] core.state_manager: [BRIEFING] Loaded Valid: 8 approved + 0 watchlist (MORNING_SCREENER)
2026-06-04 15:13:24 [INFO] core.strategy: ─── Scan summary (8 subscribed) ───
  [Cognition] MARUTI: ticks=764 | live_candles=4
  [Cognition] SUNPHARMA: ticks=858 | live_candles=4
  [Cognition] DIVISLAB: ticks=585 | live_candles=4
  [Cognition] RELIANCE: ticks=847 | live_candles=4
  [Cognition] BAJFINANCE: ticks=816 | live_candles=4
  [Cognition] SBIN: ticks=959 | live_candles=4
  [Cognition] AXISBANK: ticks=773 | live_candles=4
  [Cognition] ULTRACEMCO: ticks=433 | live_candles=4
2026-06-04 15:14:25 [INFO] core.state_manager: [BRIEFING] Loading from data/session_briefing.json...
2026-06-04 15:14:25 [INFO] core.state_manager: [BRIEFING] Loaded Valid: 8 approved + 0 watchlist (MORNING_SCREENER)
2026-06-04 15:14:55 [INFO] core.strategy: ─── Scan summary (8 subscribed) ───
  [Cognition] MARUTI: ticks=836 | live_candles=4
  [Cognition] SUNPHARMA: ticks=933 | live_candles=4
  [Cognition] DIVISLAB: ticks=633 | live_candles=4
  [Cognition] RELIANCE: ticks=908 | live_candles=4
  [Cognition] BAJFINANCE: ticks=878 | live_candles=4
  [Cognition] SBIN: ticks=1036 | live_candles=4
  [Cognition] AXISBANK: ticks=858 | live_candles=4
  [Cognition] ULTRACEMCO: ticks=471 | live_candles=4
2026-06-04 15:15:00 [INFO] apscheduler.executors.default: Running job "Emergency Squareoff (trigger: cron[hour='15', minute='15'], next run at: 2026-06-05 15:15:00 IST)" (scheduled at 2026-06-04 15:15:00+05:30)
2026-06-04 15:15:00 [INFO] AlcoSoft: 
============================================================
2026-06-04 15:15:00 [INFO] AlcoSoft: ⏰ 15:15 PM - EMERGENCY SQUAREOFF
2026-06-04 15:15:00 [INFO] AlcoSoft: ============================================================
2026-06-04 15:15:00 [INFO] AlcoSoft: 
2026-06-04 15:15:00 [INFO] AlcoSoft: BEFORE SQUAREOFF:
2026-06-04 15:15:00 [INFO] AlcoSoft:   Positions Open: 0
2026-06-04 15:15:00 [INFO] AlcoSoft:   Daily P&L: ₹140.44999999999607
2026-06-04 15:15:00 [INFO] AlcoSoft: 
2026-06-04 15:15:00 [INFO] AlcoSoft: EXECUTING SQUAREOFF...
2026-06-04 15:15:00 [ERROR] AlcoSoft: ❌ Emergency squareoff FAILED: squareoff_all_intraday() got an unexpected keyword argument 'reason'
Traceback (most recent call last):
  File "C:\Extra Programs\Files\AlcoSoft_Financial_Services\main.py", line 411, in run_emergency_squareoff
    result = squareoff_all_intraday(reason="SCHEDULED_MARKET_CLOSE")
TypeError: squareoff_all_intraday() got an unexpected keyword argument 'reason'
2026-06-04 15:15:00 [INFO] apscheduler.executors.default: Job "Emergency Squareoff (trigger: cron[hour='15', minute='15'], next run at: 2026-06-05 15:15:00 IST)" executed successfully
2026-06-04 15:15:00 [INFO] core.data_fetcher: 🕯️ Candle closed: SBIN | 2026-06-04 15:10 | O:980.45 H:981.50 L:980.05 C:980.40 V:3568663557.0
2026-06-04 15:15:00 [INFO] core.data_fetcher: 🕯️ Candle closed: AXISBANK | 2026-06-04 15:10 | O:1250.80 H:1253.60 L:1250.70 C:1252.80 V:922708317.0
2026-06-04 15:15:00 [INFO] core.data_fetcher: 🕯️ Candle closed: DIVISLAB | 2026-06-04 15:10 | O:6595.00 H:6598.00 L:6591.50 C:6595.00 V:39243714.0
2026-06-04 15:15:00 [WARNING] core.state_manager: Trading session state set to LIQUIDATING | entries_enabled=False | reason=EOD_SQUAREOFF_STARTED
2026-06-04 15:15:00 [WARNING] core.state_manager: Trading session state set to FLAT_LOCKED | entries_enabled=False | reason=EOD_SQUAREOFF_NO_OPEN_POSITIONS
2026-06-04 15:15:00 [WARNING] core.strategy: Entries disabled by session state FLAT_LOCKED (EOD_SQUAREOFF_NO_OPEN_POSITIONS). Exit checks continue; BUY scan skipped.
2026-06-04 15:15:00 [INFO] core.data_fetcher: 🕯️ Candle closed: BAJFINANCE | 2026-06-04 15:10 | O:872.95 H:873.80 L:872.65 C:873.65 V:1475835041.0
2026-06-04 15:15:01 [INFO] core.data_fetcher: 🕯️ Candle closed: RELIANCE | 2026-06-04 15:10 | O:1305.10 H:1306.50 L:1304.50 C:1306.20 V:3610530779.0
2026-06-04 15:15:01 [INFO] core.data_fetcher: 🕯️ Candle closed: SUNPHARMA | 2026-06-04 15:10 | O:1779.30 H:1780.40 L:1778.90 C:1779.30 V:364448025.0
2026-06-04 15:15:01 [INFO] core.data_fetcher: 🕯️ Candle closed: ULTRACEMCO | 2026-06-04 15:10 | O:10997.00 H:11000.00 L:10994.00 C:10996.00 V:50229475.0
2026-06-04 15:15:01 [INFO] core.data_fetcher: 🕯️ Candle closed: MARUTI | 2026-06-04 15:10 | O:13046.00 H:13055.00 L:13038.00 C:13041.00 V:74276943.0
2026-06-04 15:15:05 [WARNING] core.strategy: Entries disabled by session state FLAT_LOCKED (EOD_SQUAREOFF_NO_OPEN_POSITIONS). Exit checks continue; BUY scan skipped.
2026-06-04 15:15:10 [WARNING] core.strategy: Entries disabled by session state FLAT_LOCKED (EOD_SQUAREOFF_NO_OPEN_POSITIONS). Exit checks continue; BUY scan skipped.
2026-06-04 15:15:12 [INFO] core.data_fetcher: 📡 Live feed | ticks received: 8/8 symbols | active=['MARUTI', 'SUNPHARMA', 'DIVISLAB', 'RELIANCE', 'BAJFINANCE', 'SBIN', 'AXISBANK', 'ULTRACEMCO']
2026-06-04 15:15:15 [WARNING] core.strategy: Entries disabled by session state FLAT_LOCKED (EOD_SQUAREOFF_NO_OPEN_POSITIONS). Exit checks continue; BUY scan skipped.
2026-06-04 15:15:20 [WARNING] core.strategy: Entries disabled by session state FLAT_LOCKED (EOD_SQUAREOFF_NO_OPEN_POSITIONS). Exit checks continue; BUY scan skipped.
2026-06-04 15:15:25 [INFO] core.state_manager: [BRIEFING] Loading from data/session_briefing.json...
2026-06-04 15:15:25 [INFO] core.state_manager: [BRIEFING] Loaded Valid: 8 approved + 0 watchlist (MORNING_SCREENER)
2026-06-04 15:15:25 [WARNING] core.strategy: Entries disabled by session state FLAT_LOCKED (EOD_SQUAREOFF_NO_OPEN_POSITIONS). Exit checks continue; BUY scan skipped.
2026-06-04 15:15:30 [WARNING] core.strategy: Entries disabled by session state FLAT_LOCKED (EOD_SQUAREOFF_NO_OPEN_POSITIONS). Exit checks continue; BUY scan skipped.
2026-06-04 15:16:26 [INFO] core.state_manager: [BRIEFING] Loading from data/session_briefing.json...
2026-06-04 15:16:26 [INFO] core.state_manager: [BRIEFING] Loaded Valid: 8 approved + 0 watchlist (MORNING_SCREENER)
2026-06-04 15:16:26 [INFO] core.strategy: ─── Scan summary (8 subscribed) ───
  [Cognition] MARUTI: ticks=908 | live_candles=5
  [Cognition] SUNPHARMA: ticks=1015 | live_candles=5
  [Cognition] DIVISLAB: ticks=691 | live_candles=5
  [Cognition] RELIANCE: ticks=981 | live_candles=5
  [Cognition] BAJFINANCE: ticks=950 | live_candles=5
  [Cognition] SBIN: ticks=1113 | live_candles=5
  [Cognition] AXISBANK: ticks=947 | live_candles=5
  [Cognition] ULTRACEMCO: ticks=519 | live_candles=5
2026-06-04 15:17:13 [INFO] core.data_fetcher: 📡 Live feed | ticks received: 8/8 symbols | active=['MARUTI', 'SUNPHARMA', 'DIVISLAB', 'RELIANCE', 'BAJFINANCE', 'SBIN', 'AXISBANK', 'ULTRACEMCO']
2026-06-04 15:17:26 [INFO] core.state_manager: [BRIEFING] Loading from data/session_briefing.json...
2026-06-04 15:17:26 [INFO] core.state_manager: [BRIEFING] Loaded Valid: 8 approved + 0 watchlist (MORNING_SCREENER)
2026-06-04 15:17:57 [INFO] core.strategy: ─── Scan summary (8 subscribed) ───
  [Cognition] MARUTI: ticks=970 | live_candles=5
  [Cognition] SUNPHARMA: ticks=1083 | live_candles=5
  [Cognition] DIVISLAB: ticks=738 | live_candles=5
  [Cognition] RELIANCE: ticks=1046 | live_candles=5
  [Cognition] BAJFINANCE: ticks=1003 | live_candles=5
  [Cognition] SBIN: ticks=1198 | live_candles=5
  [Cognition] AXISBANK: ticks=1013 | live_candles=5
  [Cognition] ULTRACEMCO: ticks=567 | live_candles=5
2026-06-04 15:18:27 [INFO] core.state_manager: [BRIEFING] Loading from data/session_briefing.json...
2026-06-04 15:18:27 [INFO] core.state_manager: [BRIEFING] Loaded Valid: 8 approved + 0 watchlist (MORNING_SCREENER)
2026-06-04 15:19:13 [INFO] core.data_fetcher: 📡 Live feed | ticks received: 8/8 symbols | active=['MARUTI', 'SUNPHARMA', 'DIVISLAB', 'RELIANCE', 'BAJFINANCE', 'SBIN', 'AXISBANK', 'ULTRACEMCO']
2026-06-04 15:19:27 [INFO] core.state_manager: [BRIEFING] Loading from data/session_briefing.json...
2026-06-04 15:19:27 [INFO] core.state_manager: [BRIEFING] Loaded Valid: 8 approved + 0 watchlist (MORNING_SCREENER)
2026-06-04 15:19:27 [INFO] core.strategy: ─── Scan summary (8 subscribed) ───
  [Cognition] MARUTI: ticks=1040 | live_candles=5
  [Cognition] SUNPHARMA: ticks=1153 | live_candles=5
  [Cognition] DIVISLAB: ticks=784 | live_candles=5
  [Cognition] RELIANCE: ticks=1122 | live_candles=5
  [Cognition] BAJFINANCE: ticks=1074 | live_candles=5
  [Cognition] SBIN: ticks=1282 | live_candles=5
  [Cognition] AXISBANK: ticks=1085 | live_candles=5
  [Cognition] ULTRACEMCO: ticks=611 | live_candles=5
2026-06-04 15:20:00 [INFO] core.data_fetcher: 🕯️ Candle closed: SBIN | 2026-06-04 15:15 | O:980.45 H:981.70 L:980.00 C:980.80 V:3773293508.0
2026-06-04 15:20:00 [INFO] core.data_fetcher: 🕯️ Candle closed: MARUTI | 2026-06-04 15:15 | O:13042.00 H:13065.00 L:13042.00 C:13056.00 V:77265365.0
2026-06-04 15:20:00 [INFO] core.data_fetcher: 🕯️ Candle closed: RELIANCE | 2026-06-04 15:15 | O:1306.80 H:1306.80 L:1304.60 C:1305.80 V:4085657230.0
2026-06-04 15:20:00 [INFO] core.data_fetcher: 🕯️ Candle closed: DIVISLAB | 2026-06-04 15:15 | O:6595.50 H:6607.00 L:6590.00 C:6590.00 V:37340650.0
2026-06-04 15:20:00 [INFO] core.data_fetcher: 🕯️ Candle closed: SUNPHARMA | 2026-06-04 15:15 | O:1779.80 H:1781.70 L:1778.70 C:1780.20 V:359370111.0
2026-06-04 15:20:00 [INFO] core.data_fetcher: 🕯️ Candle closed: ULTRACEMCO | 2026-06-04 15:15 | O:10997.00 H:11000.00 L:10990.00 C:10999.00 V:53774918.0
2026-06-04 15:20:00 [INFO] core.data_fetcher: 🕯️ Candle closed: BAJFINANCE | 2026-06-04 15:15 | O:873.40 H:873.90 L:873.00 C:873.65 V:1563353773.0
2026-06-04 15:20:01 [INFO] core.data_fetcher: 🕯️ Candle closed: AXISBANK | 2026-06-04 15:15 | O:1252.30 H:1253.40 L:1251.40 C:1252.80 V:1131225042.0
2026-06-04 15:20:28 [INFO] core.state_manager: [BRIEFING] Loading from data/session_briefing.json...
2026-06-04 15:20:28 [INFO] core.state_manager: [BRIEFING] Loaded Valid: 8 approved + 0 watchlist (MORNING_SCREENER)
2026-06-04 15:20:58 [INFO] core.strategy: ─── Scan summary (8 subscribed) ───
  [Cognition] MARUTI: ticks=1096 | live_candles=6
  [Cognition] SUNPHARMA: ticks=1227 | live_candles=6
  [Cognition] DIVISLAB: ticks=840 | live_candles=6
  [Cognition] RELIANCE: ticks=1196 | live_candles=6
  [Cognition] BAJFINANCE: ticks=1141 | live_candles=6
  [Cognition] SBIN: ticks=1359 | live_candles=6
  [Cognition] AXISBANK: ticks=1147 | live_candles=6
  [Cognition] ULTRACEMCO: ticks=657 | live_candles=6
2026-06-04 15:21:13 [INFO] core.data_fetcher: 📡 Live feed | ticks received: 8/8 symbols | active=['MARUTI', 'SUNPHARMA', 'DIVISLAB', 'RELIANCE', 'BAJFINANCE', 'SBIN', 'AXISBANK', 'ULTRACEMCO']
2026-06-04 15:21:28 [INFO] core.state_manager: [BRIEFING] Loading from data/session_briefing.json...
2026-06-04 15:21:28 [INFO] core.state_manager: [BRIEFING] Loaded Valid: 8 approved + 0 watchlist (MORNING_SCREENER)
2026-06-04 15:22:29 [INFO] core.state_manager: [BRIEFING] Loading from data/session_briefing.json...
2026-06-04 15:22:29 [INFO] core.state_manager: [BRIEFING] Loaded Valid: 8 approved + 0 watchlist (MORNING_SCREENER)
2026-06-04 15:22:29 [INFO] core.strategy: ─── Scan summary (8 subscribed) ───
  [Cognition] MARUTI: ticks=1155 | live_candles=6
  [Cognition] SUNPHARMA: ticks=1292 | live_candles=6
  [Cognition] DIVISLAB: ticks=891 | live_candles=6
  [Cognition] RELIANCE: ticks=1265 | live_candles=6
  [Cognition] BAJFINANCE: ticks=1212 | live_candles=6
  [Cognition] SBIN: ticks=1440 | live_candles=6
  [Cognition] AXISBANK: ticks=1199 | live_candles=6
  [Cognition] ULTRACEMCO: ticks=695 | live_candles=6
2026-06-04 15:23:13 [INFO] core.data_fetcher: 📡 Live feed | ticks received: 8/8 symbols | active=['MARUTI', 'SUNPHARMA', 'DIVISLAB', 'RELIANCE', 'BAJFINANCE', 'SBIN', 'AXISBANK', 'ULTRACEMCO']
2026-06-04 15:23:30 [INFO] core.state_manager: [BRIEFING] Loading from data/session_briefing.json...
2026-06-04 15:23:30 [INFO] core.state_manager: [BRIEFING] Loaded Valid: 8 approved + 0 watchlist (MORNING_SCREENER)
2026-06-04 15:24:00 [INFO] core.strategy: ─── Scan summary (8 subscribed) ───
  [Cognition] MARUTI: ticks=1217 | live_candles=6
  [Cognition] SUNPHARMA: ticks=1370 | live_candles=6
  [Cognition] DIVISLAB: ticks=946 | live_candles=6
  [Cognition] RELIANCE: ticks=1328 | live_candles=6
  [Cognition] BAJFINANCE: ticks=1285 | live_candles=6
  [Cognition] SBIN: ticks=1527 | live_candles=6
  [Cognition] AXISBANK: ticks=1254 | live_candles=6
  [Cognition] ULTRACEMCO: ticks=726 | live_candles=6
2026-06-04 15:24:30 [INFO] core.state_manager: [BRIEFING] Loading from data/session_briefing.json...
2026-06-04 15:24:30 [INFO] core.state_manager: [BRIEFING] Loaded Valid: 8 approved + 0 watchlist (MORNING_SCREENER)
2026-06-04 15:25:00 [INFO] core.data_fetcher: 🕯️ Candle closed: SBIN | 2026-06-04 15:20 | O:980.75 H:981.05 L:978.25 C:980.20 V:4171206027.0
2026-06-04 15:25:00 [INFO] core.data_fetcher: 🕯️ Candle closed: RELIANCE | 2026-06-04 15:20 | O:1305.70 H:1306.70 L:1305.00 C:1306.50 V:4143265803.0
2026-06-04 15:25:00 [INFO] core.data_fetcher: 🕯️ Candle closed: AXISBANK | 2026-06-04 15:20 | O:1252.90 H:1256.70 L:1251.80 C:1254.10 V:938327534.0
2026-06-04 15:25:00 [INFO] core.data_fetcher: 🕯️ Candle closed: BAJFINANCE | 2026-06-04 15:20 | O:873.60 H:876.25 L:872.85 C:876.00 V:1600171683.0
2026-06-04 15:25:00 [INFO] core.data_fetcher: 🕯️ Candle closed: SUNPHARMA | 2026-06-04 15:20 | O:1780.30 H:1783.20 L:1780.00 C:1781.40 V:415315467.0
2026-06-04 15:25:01 [INFO] core.data_fetcher: 🕯️ Candle closed: MARUTI | 2026-06-04 15:20 | O:13057.00 H:13074.00 L:13052.00 C:13072.00 V:71495288.0
2026-06-04 15:25:01 [INFO] core.data_fetcher: 🕯️ Candle closed: DIVISLAB | 2026-06-04 15:20 | O:6592.00 H:6595.50 L:6588.00 C:6594.00 V:41646596.0
2026-06-04 15:25:02 [INFO] core.data_fetcher: 🕯️ Candle closed: ULTRACEMCO | 2026-06-04 15:20 | O:11000.00 H:11000.00 L:10991.00 C:11000.00 V:46531784.0
2026-06-04 15:25:12 [INFO] apscheduler.executors.default: Running job "Market Observation Loop (trigger: interval[0:15:00], next run at: 2026-06-04 15:40:12 IST)" (scheduled at 2026-06-04 15:25:12.270111+05:30)
2026-06-04 15:25:12 [INFO] reflection.observation_loop: 🔍 Running observation cycle...
2026-06-04 15:25:12 [INFO] core.state_manager: [BRIEFING] Loading from data/session_briefing.json...
2026-06-04 15:25:12 [INFO] core.state_manager: [BRIEFING] Loaded Valid: 8 approved + 0 watchlist (MORNING_SCREENER)
2026-06-04 15:25:12 [INFO] reflection.observation_loop: 📊 Observation recorded:
   Market: RANGING | Trend: WEAK
   Vol: LOW | Breakouts: LOW
   Reversals: LOW
2026-06-04 15:25:12 [INFO] apscheduler.executors.default: Job "Market Observation Loop (trigger: interval[0:15:00], next run at: 2026-06-04 15:40:12 IST)" executed successfully
2026-06-04 15:25:13 [INFO] core.data_fetcher: 📡 Live feed | ticks received: 8/8 symbols | active=['MARUTI', 'SUNPHARMA', 'DIVISLAB', 'RELIANCE', 'BAJFINANCE', 'SBIN', 'AXISBANK', 'ULTRACEMCO']
2026-06-04 15:25:31 [INFO] core.state_manager: [BRIEFING] Loading from data/session_briefing.json...
2026-06-04 15:25:31 [INFO] core.state_manager: [BRIEFING] Loaded Valid: 8 approved + 0 watchlist (MORNING_SCREENER)
2026-06-04 15:25:31 [INFO] core.strategy: ─── Scan summary (8 subscribed) ───
  [Cognition] MARUTI: ticks=1274 | live_candles=7
  [Cognition] SUNPHARMA: ticks=1449 | live_candles=7
  [Cognition] DIVISLAB: ticks=1002 | live_candles=7
  [Cognition] RELIANCE: ticks=1400 | live_candles=7
  [Cognition] BAJFINANCE: ticks=1363 | live_candles=7
  [Cognition] SBIN: ticks=1618 | live_candles=7
  [Cognition] AXISBANK: ticks=1318 | live_candles=7
  [Cognition] ULTRACEMCO: ticks=753 | live_candles=7
2026-06-04 15:26:31 [INFO] core.state_manager: [BRIEFING] Loading from data/session_briefing.json...
2026-06-04 15:26:31 [INFO] core.state_manager: [BRIEFING] Loaded Valid: 8 approved + 0 watchlist (MORNING_SCREENER)
2026-06-04 15:27:02 [INFO] core.strategy: ─── Scan summary (8 subscribed) ───
  [Cognition] MARUTI: ticks=1329 | live_candles=7
  [Cognition] SUNPHARMA: ticks=1519 | live_candles=7
  [Cognition] DIVISLAB: ticks=1065 | live_candles=7
  [Cognition] RELIANCE: ticks=1485 | live_candles=7
  [Cognition] BAJFINANCE: ticks=1438 | live_candles=7
  [Cognition] SBIN: ticks=1700 | live_candles=7
  [Cognition] AXISBANK: ticks=1389 | live_candles=7
  [Cognition] ULTRACEMCO: ticks=798 | live_candles=7
2026-06-04 15:27:14 [INFO] core.data_fetcher: 📡 Live feed | ticks received: 8/8 symbols | active=['MARUTI', 'SUNPHARMA', 'DIVISLAB', 'RELIANCE', 'BAJFINANCE', 'SBIN', 'AXISBANK', 'ULTRACEMCO']
2026-06-04 15:27:32 [INFO] core.state_manager: [BRIEFING] Loading from data/session_briefing.json...
2026-06-04 15:27:32 [INFO] core.state_manager: [BRIEFING] Loaded Valid: 8 approved + 0 watchlist (MORNING_SCREENER)
2026-06-04 15:28:33 [INFO] core.state_manager: [BRIEFING] Loading from data/session_briefing.json...
2026-06-04 15:28:33 [INFO] core.state_manager: [BRIEFING] Loaded Valid: 8 approved + 0 watchlist (MORNING_SCREENER)
2026-06-04 15:28:33 [INFO] core.strategy: ─── Scan summary (8 subscribed) ───
  [Cognition] MARUTI: ticks=1392 | live_candles=7
  [Cognition] SUNPHARMA: ticks=1575 | live_candles=7
  [Cognition] DIVISLAB: ticks=1117 | live_candles=7
  [Cognition] RELIANCE: ticks=1561 | live_candles=7
  [Cognition] BAJFINANCE: ticks=1505 | live_candles=7
  [Cognition] SBIN: ticks=1768 | live_candles=7
  [Cognition] AXISBANK: ticks=1469 | live_candles=7
  [Cognition] ULTRACEMCO: ticks=832 | live_candles=7
2026-06-04 15:29:14 [INFO] core.data_fetcher: 📡 Live feed | ticks received: 8/8 symbols | active=['MARUTI', 'SUNPHARMA', 'DIVISLAB', 'RELIANCE', 'BAJFINANCE', 'SBIN', 'AXISBANK', 'ULTRACEMCO']
2026-06-04 15:29:33 [INFO] core.state_manager: [BRIEFING] Loading from data/session_briefing.json...
2026-06-04 15:29:33 [INFO] core.state_manager: [BRIEFING] Loaded Valid: 8 approved + 0 watchlist (MORNING_SCREENER)
2026-06-04 15:30:00 [INFO] apscheduler.executors.default: Running job "End-of-Day Report (trigger: cron[hour='15', minute='30'], next run at: 2026-06-05 15:30:00 IST)" (scheduled at 2026-06-04 15:30:00+05:30)
2026-06-04 15:30:00 [INFO] AlcoSoft: 
======================================================================
2026-06-04 15:30:00 [INFO] AlcoSoft: 📊 15:30 PM - MARKET CLOSE REPORT (ACTUAL EXECUTION PROOF)
2026-06-04 15:30:00 [INFO] AlcoSoft: ======================================================================
2026-06-04 15:30:00 [INFO] core.data_fetcher: 🕯️ Candle closed: SBIN | 2026-06-04 15:25 | O:980.30 H:980.90 L:979.05 C:979.05 V:3973208175.0
2026-06-04 15:30:00 [INFO] core.data_fetcher: 🕯️ Candle closed: AXISBANK | 2026-06-04 15:25 | O:1254.00 H:1256.20 L:1254.00 C:1256.10 V:1015691106.0
2026-06-04 15:30:00 [INFO] core.state_manager: [BRIEFING] Loading from data/session_briefing.json...
2026-06-04 15:30:00 [INFO] core.state_manager: [BRIEFING] Loaded Valid: 8 approved + 0 watchlist (MORNING_SCREENER)
2026-06-04 15:30:00 [INFO] core.state_manager: [BRIEFING] Validation PASSED: 8 approved + 0 watchlist (MORNING_SCREENER)
2026-06-04 15:30:00 [INFO] AlcoSoft: 
2026-06-04 15:30:00 [INFO] AlcoSoft: SYSTEM COMPONENTS (What matters):
2026-06-04 15:30:00 [INFO] AlcoSoft:   ✅ Screener Ran
2026-06-04 15:30:00 [INFO] AlcoSoft:   ✅ Briefing Generated
2026-06-04 15:30:00 [INFO] AlcoSoft:   ✅ Orders Placed (43)
2026-06-04 15:30:00 [INFO] AlcoSoft:   ✅ SL Attached
2026-06-04 15:30:00 [INFO] AlcoSoft:   ✅ Squareoff Worked (Positions: 0)
2026-06-04 15:30:00 [INFO] AlcoSoft:   ✅ No Crashes (CRITICAL today: 0)
2026-06-04 15:30:00 [INFO] AlcoSoft: 
2026-06-04 15:30:00 [INFO] AlcoSoft: FINANCIAL METRICS (informational):
2026-06-04 15:30:00 [INFO] AlcoSoft:   Capital: ₹100000.0
2026-06-04 15:30:00 [INFO] AlcoSoft:   Final P&L: ₹140.44999999999607 (0.14%)
2026-06-04 15:30:00 [INFO] AlcoSoft:   Positions Open: 0
2026-06-04 15:30:00 [INFO] AlcoSoft: 
2026-06-04 15:30:00 [INFO] AlcoSoft: ✅✅✅ TODAY WAS SUCCESSFUL ✅✅✅
2026-06-04 15:30:00 [INFO] AlcoSoft: System worked correctly. P&L = doesn't matter.
2026-06-04 15:30:00 [INFO] AlcoSoft: 
2026-06-04 15:30:00 [INFO] AlcoSoft: 📁 Report saved: data\market_close_report.json
2026-06-04 15:30:00 [INFO] AlcoSoft: ======================================================================
2026-06-04 15:30:00 [INFO] apscheduler.executors.default: Job "End-of-Day Report (trigger: cron[hour='15', minute='30'], next run at: 2026-06-05 15:30:00 IST)" executed successfully
2026-06-04 15:30:00 [INFO] core.data_fetcher: 🕯️ Candle closed: RELIANCE | 2026-06-04 15:25 | O:1306.30 H:1308.50 L:1305.10 C:1308.50 V:4733678354.0
2026-06-04 15:30:00 [INFO] core.data_fetcher: 🕯️ Candle closed: DIVISLAB | 2026-06-04 15:25 | O:6595.50 H:6600.00 L:6587.50 C:6600.00 V:33111254.0
2026-06-04 15:30:00 [INFO] core.data_fetcher: 🕯️ Candle closed: BAJFINANCE | 2026-06-04 15:25 | O:875.95 H:877.40 L:875.70 C:877.05 V:1590894729.0
2026-06-04 15:31:15 [INFO] core.data_fetcher: 🕯️ Candle closed: MARUTI | 2026-06-04 15:25 | O:13071.00 H:13110.00 L:13065.00 C:13079.00 V:67566920.0
2026-06-04 15:31:15 [INFO] core.data_fetcher: 🕯️ Candle closed: SUNPHARMA | 2026-06-04 15:25 | O:1781.00 H:1785.00 L:1780.00 C:1781.60 V:348278885.0
2026-06-04 15:31:15 [INFO] core.data_fetcher: 🕯️ Candle closed: ULTRACEMCO | 2026-06-04 15:25 | O:10997.00 H:11016.00 L:10996.00 C:11000.00 V:50809704.0
2026-06-04 15:31:15 [INFO] core.data_fetcher: 📡 Live feed | ticks received: 8/8 symbols | active=['MARUTI', 'SUNPHARMA', 'DIVISLAB', 'RELIANCE', 'BAJFINANCE', 'SBIN', 'AXISBANK', 'ULTRACEMCO']
2026-06-04 15:33:52 [INFO] core.data_fetcher: 📡 Live feed | ticks received: 8/8 symbols | active=['MARUTI', 'SUNPHARMA', 'DIVISLAB', 'RELIANCE', 'BAJFINANCE', 'SBIN', 'AXISBANK', 'ULTRACEMCO']
2026-06-04 15:35:00 [INFO] apscheduler.executors.default: Running job "Owl Alpha Reflection (trigger: cron[hour='15', minute='35'], next run at: 2026-06-05 15:35:00 IST)" (scheduled at 2026-06-04 15:35:00+05:30)
2026-06-04 15:35:00 [INFO] reflection.reflection_loop: 🦉 Final Reflection Agent starting synthesis for 2026-06-04...
2026-06-04 15:35:00 [WARNING] reflection.reflection_loop: OWL Alpha failed: Client.__init__() got an unexpected keyword argument 'proxies'. Attempting GPT-OSS standby...
2026-06-04 15:35:00 [ERROR] reflection.reflection_loop: OWL Alpha and standby both failed: Client.__init__() got an unexpected keyword argument 'proxies'
2026-06-04 15:35:00 [WARNING] reflection.reflection_loop: Owl Alpha synthesis failed. Saving fallback reflection.
2026-06-04 15:35:00 [INFO] reflection.reflection_loop: Reflection saved: data/reflections\2026-06-04.json
2026-06-04 15:35:00 [ERROR] reflection.reflection_loop: running learnings has invalid JSON shape dict; expected <class 'list'>; using fallback
2026-06-04 15:35:01 [INFO] reflection.cognition_engine: Daily cognition reflection saved: 2026-06-04
2026-06-04 15:35:01 [INFO] reflection.reflection_loop: ✅ Final reflection complete. Win rate: 13/43 trades. Cognition cycles: 0.
2026-06-04 15:35:01 [INFO] reflection.reflection_loop: 🔧 Updating adaptive configuration based on daily reflection...
2026-06-04 15:35:01 [INFO] reflection.adaptive_config_updater: 🔧 Calculating adaptive configuration...
2026-06-04 15:35:01 [WARNING] reflection.adaptive_config_updater: Symbol sample lookup failed for AXISBANK: name 'safe_int' is not defined
2026-06-04 15:35:01 [WARNING] reflection.adaptive_config_updater: Symbol sample lookup failed for BAJFINANCE: name 'safe_int' is not defined
2026-06-04 15:35:01 [WARNING] reflection.adaptive_config_updater: Symbol sample lookup failed for DIVISLAB: name 'safe_int' is not defined
2026-06-04 15:35:01 [WARNING] reflection.adaptive_config_updater: Symbol sample lookup failed for MARUTI: name 'safe_int' is not defined
2026-06-04 15:35:01 [WARNING] reflection.adaptive_config_updater: Symbol sample lookup failed for RELIANCE: name 'safe_int' is not defined
2026-06-04 15:35:01 [WARNING] reflection.adaptive_config_updater: Symbol sample lookup failed for SBIN: name 'safe_int' is not defined
2026-06-04 15:35:01 [WARNING] reflection.adaptive_config_updater: Symbol sample lookup failed for SUNPHARMA: name 'safe_int' is not defined
2026-06-04 15:35:01 [INFO] reflection.adaptive_config_updater: ✅ Config saved: config\trading_settings.json
2026-06-04 15:35:01 [INFO] reflection.adaptive_config_updater: ✅ Adaptive config updated | Signals: 4 | Windows: 3 | Symbols: 7 | Market Regime: 1.00
2026-06-04 15:35:01 [INFO] reflection.reflection_loop: ✅ Adaptive configuration updated successfully
2026-06-04 15:35:01 [INFO] apscheduler.executors.default: Job "Owl Alpha Reflection (trigger: cron[hour='15', minute='35'], next run at: 2026-06-05 15:35:00 IST)" executed successfully
2026-06-04 15:35:53 [INFO] core.data_fetcher: 📡 Live feed | ticks received: 8/8 symbols | active=['MARUTI', 'SUNPHARMA', 'DIVISLAB', 'RELIANCE', 'BAJFINANCE', 'SBIN', 'AXISBANK', 'ULTRACEMCO']
2026-06-04 15:37:55 [INFO] core.data_fetcher: 📡 Live feed | ticks received: 8/8 symbols | active=['MARUTI', 'SUNPHARMA', 'DIVISLAB', 'RELIANCE', 'BAJFINANCE', 'SBIN', 'AXISBANK', 'ULTRACEMCO']
2026-06-04 15:40:01 [INFO] core.data_fetcher: 📡 Live feed | ticks received: 8/8 symbols | active=['MARUTI', 'SUNPHARMA', 'DIVISLAB', 'RELIANCE', 'BAJFINANCE', 'SBIN', 'AXISBANK', 'ULTRACEMCO']
2026-06-04 15:40:12 [INFO] apscheduler.executors.default: Running job "Market Observation Loop (trigger: interval[0:15:00], next run at: 2026-06-04 15:55:12 IST)" (scheduled at 2026-06-04 15:40:12.270111+05:30)
2026-06-04 15:40:12 [INFO] reflection.observation_loop: 🔍 Running observation cycle...
2026-06-04 15:40:12 [INFO] core.state_manager: [BRIEFING] Loading from data/session_briefing.json...
2026-06-04 15:40:12 [INFO] core.state_manager: [BRIEFING] Loaded Valid: 8 approved + 0 watchlist (MORNING_SCREENER)
2026-06-04 15:40:12 [INFO] reflection.observation_loop: 📊 Observation recorded:
   Market: RANGING | Trend: WEAK
   Vol: LOW | Breakouts: LOW
   Reversals: LOW
2026-06-04 15:40:12 [INFO] apscheduler.executors.default: Job "Market Observation Loop (trigger: interval[0:15:00], next run at: 2026-06-04 15:55:12 IST)" executed successfully
2026-06-04 15:42:03 [INFO] core.data_fetcher: 📡 Live feed | ticks received: 8/8 symbols | active=['MARUTI', 'SUNPHARMA', 'DIVISLAB', 'RELIANCE', 'BAJFINANCE', 'SBIN', 'AXISBANK', 'ULTRACEMCO']
2026-06-04 15:44:03 [INFO] core.data_fetcher: 📡 Live feed | ticks received: 8/8 symbols | active=['MARUTI', 'SUNPHARMA', 'DIVISLAB', 'RELIANCE', 'BAJFINANCE', 'SBIN', 'AXISBANK', 'ULTRACEMCO']
2026-06-04 15:46:04 [INFO] core.data_fetcher: 📡 Live feed | ticks received: 8/8 symbols | active=['MARUTI', 'SUNPHARMA', 'DIVISLAB', 'RELIANCE', 'BAJFINANCE', 'SBIN', 'AXISBANK', 'ULTRACEMCO']
2026-06-04 15:48:42 [WARNING] core.data_fetcher: ⚠️ WebSocket closed: The Session has been Closed!
2026-06-04 15:48:42 [INFO] core.data_fetcher: Market not open. Scheduling reconnect at next market open (in 62782s)
2026-06-04 15:48:42 [ERROR] core.data_fetcher: ❌ WebSocket error | type=WebSocketConnectionClosedException | msg=Connection to remote host was lost. | symbols=8 | attempt=1
Traceback (most recent call last):
  File "C:\Extra Programs\Files\AlcoSoft_Financial_Services\alco_env\lib\site-packages\websocket\_app.py", line 511, in setSock
    dispatcher.read(self.sock.sock, read, check)
  File "C:\Extra Programs\Files\AlcoSoft_Financial_Services\alco_env\lib\site-packages\websocket\_app.py", line 113, in read
    if not read_callback():
  File "C:\Extra Programs\Files\AlcoSoft_Financial_Services\alco_env\lib\site-packages\websocket\_app.py", line 535, in read
    raise e
  File "C:\Extra Programs\Files\AlcoSoft_Financial_Services\alco_env\lib\site-packages\websocket\_app.py", line 526, in read
    op_code, frame = self.sock.recv_data_frame(True)
  File "C:\Extra Programs\Files\AlcoSoft_Financial_Services\alco_env\lib\site-packages\websocket\_core.py", line 437, in recv_data_frame
    frame = self.recv_frame()
  File "C:\Extra Programs\Files\AlcoSoft_Financial_Services\alco_env\lib\site-packages\websocket\_core.py", line 478, in recv_frame
    return self.frame_buffer.recv_frame()
  File "C:\Extra Programs\Files\AlcoSoft_Financial_Services\alco_env\lib\site-packages\websocket\_abnf.py", line 363, in recv_frame
    self.recv_header()
  File "C:\Extra Programs\Files\AlcoSoft_Financial_Services\alco_env\lib\site-packages\websocket\_abnf.py", line 319, in recv_header
    header = self.recv_strict(2)
  File "C:\Extra Programs\Files\AlcoSoft_Financial_Services\alco_env\lib\site-packages\websocket\_abnf.py", line 398, in recv_strict
    bytes_ = self.recv(min(16384, shortage))
  File "C:\Extra Programs\Files\AlcoSoft_Financial_Services\alco_env\lib\site-packages\websocket\_core.py", line 563, in _recv
    return recv(self.sock, bufsize)
  File "C:\Extra Programs\Files\AlcoSoft_Financial_Services\alco_env\lib\site-packages\websocket\_socket.py", line 132, in recv
    raise WebSocketConnectionClosedException("Connection to remote host was lost.")
websocket._exceptions.WebSocketConnectionClosedException: Connection to remote host was lost.
2026-06-04 15:48:42 [INFO] core.data_fetcher: Market not open. Scheduling reconnect at next market open (in 62782s)
2026-06-04 15:48:42 [WARNING] core.data_fetcher: ⚠️ WebSocket closed: The Session has been Closed!
2026-06-04 15:48:42 [INFO] core.data_fetcher: Market not open. Scheduling reconnect at next market open (in 62782s)
2026-06-04 16:12:16 [WARNING] apscheduler.executors.default: Run time of job "Market Observation Loop (trigger: interval[0:15:00], next run at: 2026-06-04 16:25:12 IST)" was missed by 0:02:04.265616
2026-06-04 16:21:44 [INFO] AlcoSoft: Shutdown signal received. Stopping gracefully...
2026-06-04 16:21:46 [INFO] core.strategy: Strategy loop stopped.
2026-06-04 16:21:46 [INFO] AlcoSoft: Running cleanup...
2026-06-04 16:21:46 [INFO] AlcoSoft: Scheduler stopped.
2026-06-04 16:21:46 [INFO] core.state_manager: [BRIEFING] Loading from data/session_briefing.json...
2026-06-04 16:21:46 [INFO] core.state_manager: [BRIEFING] Loaded Valid: 8 approved + 0 watchlist (MORNING_SCREENER)
2026-06-04 16:21:46 [INFO] core.data_fetcher: Live feed stopped.
2026-06-04 16:21:46 [INFO] AlcoSoft: Live feed stopped.
2026-06-04 16:21:46 [INFO] core.kotak_client: Kotak session logged out cleanly.
2026-06-04 16:21:46 [INFO] AlcoSoft: Kotak session closed.
2026-06-04 16:21:46 [INFO] AlcoSoft: AlcoSoft shutdown complete. Goodbye.
2026-06-04 16:21:46 [INFO] apscheduler.scheduler: Scheduler has been shut down
