2026-06-05 09:02:56 [INFO] reflection.reflection_statistics: ✅ Reflection statistics database initialized
2026-06-05 09:02:56 [INFO] AlcoSoft: =======================================================
2026-06-05 09:02:56 [INFO] AlcoSoft:   ALCOSOFT FINANCIAL SERVICES — SYSTEM STARTING
2026-06-05 09:02:56 [INFO] AlcoSoft:   Mode: PAPER | Strategy: INTRADAY
2026-06-05 09:02:56 [INFO] AlcoSoft: =======================================================
2026-06-05 09:02:56 [INFO] AlcoSoft: [0/6] Initializing database...
2026-06-05 09:02:56 [INFO] core.state_manager: Database initialized.
2026-06-05 09:02:56 [INFO] AlcoSoft: [1/6] Running preflight health checks...
2026-06-05 09:02:56 [INFO] core.health_monitor: 🔍 Running preflight health checks...
2026-06-05 09:02:56 [INFO] core.health_monitor: ✅ API Credentials: All API keys configured
2026-06-05 09:02:56 [INFO] core.kotak_client: Initializing Kotak Neo session...
2026-06-05 09:02:56 [INFO] core.kotak_client: TOTP generated: 086014
2026-06-05 09:02:57 [INFO] core.kotak_client: TOTP login response: {'data': {'token': 'eyJhbGciOiJSUzI1NiIsInR5cCI6IkpXVCJ9.eyJqdGkiOiIzM2Q4ZGY1Ni0yZWE5LTQwZTMtYTljNi0xMGI4YWE1NTQ0MDMiLCJpc3MiOiJsb2dpbi1zZXJ2aWNlIiwic3ViIjoiZDZiODIzNzgtNDMzMy00OTcyLTk2ZTgtOTllOWYwMzE0N2MwIiwidWNjIjoiWEQxNkYiLCJuYXAiOiIiLCJ5Y2UiOiJlWVxcNiAvKjU9dFx1MDAwNlx1MDAwYlx1MDAwNHVcdTAwMDBcdTAwMTBiIiwiY2F0ZWdvcmlzYXRpb24iOiIiLCJzY29wZSI6WyJWaWV3Il0sImV4cCI6MTc4MDY4NDIwMCwiaWF0IjoxNzgwNjMwMzc2LCJmZXRjaGNhY2hpbmdydWxlIjowfQ.O1Je7j557iDU7-geS3l5fL5p1Ov6Zt2Ayw-Fk1d-CJxDCXLBP_yv0HeAo2RKLdVo8LZPKdP7CSMepPjLJPUsez2Lrr_AIkYxIxcGFmqDamOi83pOxn_xzgMfWURpaJhyvyjpWWg9u9GDRmj0uQ3BwnYVgAPsmQJfEDSBD4f8FgXOB2Y9tM6-WY36lNvY5idZRDPN0BLGRJJXdVF2YewVbwUgbEy1HHjcjc9SdAiNavsqx57fKIe646Hcrcsibst7I8oaobTkweO_rD720bTgH4sVwRrlkqUhp4rZ86uUNBCmwCvQDYX03LeHssySldvxkxoCfaJjVWYn5Hrw2xr-yg', 'sid': '00dc54af-5b73-4b0f-bf62-5f4da8c90ac6', 'rid': '459c997e-11a3-4e41-bd02-3a5b3d708b24', 'hsServerId': '', 'isUserPwdExpired': False, 'ucc': 'XD16F', 'greetingName': 'MANOJ', 'isTrialAccount': False, 'dataCenter': 'E41', 'derivativesRiskDisclosure': 'Risk Disclosure on Derivatives\n\nAs per a SEBI study dated 25 Jan 2023- \n• 9 out of 10 individual traders in equity Futures and Options Segment, incurred net losses.\n• On an average, loss makers registered net trading loss close to Rs.50,000.\n• Over and above the net trading losses incurred, loss makers expended an additional 28% of net trading losses as transaction costs.\n• Those making net trading profits, incurred between 15% to 50% of such profits as transaction cost.\n\nFor more information please check out : https://www.sebi.gov.in/reports-and-statistics/research/jan-2023/study-analysis-of-profit-and-loss-of-individual-traders-dealing-in-equity-fando-segment_67525.html', 'mfAccess': 1, 'dataCenterMap': None, 'dormancyStatus': 'A', 'asbaStatus': '', 'clientType': 'RI', 'isNRI': False, 'kId': 'ADDPR4621C', 'kType': 'View', 'status': 'success', 'incRange': 0, 'incUpdFlag': '', 'clientGroup': '', 'kraStatus': '', 'rcFlag': 0}}
2026-06-05 09:02:57 [INFO] core.kotak_client: 🔍 TOTP login data keys: ['token', 'sid', 'rid', 'hsServerId', 'isUserPwdExpired', 'ucc', 'greetingName', 'isTrialAccount', 'dataCenter', 'derivativesRiskDisclosure', 'mfAccess', 'dataCenterMap', 'dormancyStatus', 'asbaStatus', 'clientType', 'isNRI', 'kId', 'kType', 'status', 'incRange', 'incUpdFlag', 'clientGroup', 'kraStatus', 'rcFlag']
2026-06-05 09:02:59 [INFO] core.kotak_client: MPIN validation response: {'data': {'token': 'eyJhbGciOiJSUzI1NiIsInR5cCI6IkpXVCJ9.eyJqdGkiOiIxNWJjNDY4Ni00OWI1LTRiNGUtOTQyOS01NTRiNDhmYzE3NWYiLCJpc3MiOiJsb2dpbi1zZXJ2aWNlIiwic3ViIjoiZDZiODIzNzgtNDMzMy00OTcyLTk2ZTgtOTllOWYwMzE0N2MwIiwidWNjIjoiWEQxNkYiLCJuYXAiOiIiLCJ5Y2UiOiJlWVxcNiAvKjU9dFx1MDAwNlx1MDAwYlx1MDAwNHVcdTAwMDBcdTAwMTBiIiwiY2F0ZWdvcmlzYXRpb24iOiIiLCJzY29wZSI6WyJUcmFkZSJdLCJleHAiOjE3ODA2ODQyMDAsImlhdCI6MTc4MDYzMDM3OCwiZmV0Y2hjYWNoaW5ncnVsZSI6MH0.aK_7NoV3BwQdzZzJOEkho9C75g9iE34NFF38eAHsNQlUXt9knwWxKde8xpJhPolfIUZrRAR8ixCbWJxTrRgP156UA0s8gzQGbbLtyAzT1YU34dmTzImmnS63P3OxqDgDFR83ZuwIgNR2LgiqvwCJIKdFH-gyhYe9yBMhsYZ0A0cklH67btFDmPuKPT-cDtUcMSHcDFv_WRbAy56g_7okMZh7bjQskcJ2AJM7icv379Q0lqebiD68-7YvRd9ige2vf-TzVq9tMkms7NdRGjrSwUjQ6hGJKji8hCsRR_2S9aBe6rU7LT5Q06QjfbM9Z8U2sYvHFT0kdIQOqPDD4VD_Kg', 'sid': 'b6ea8c88-7755-4061-9b4b-98beeadc6381', 'rid': '459c997e-11a3-4e41-bd02-3a5b3d708b24', 'baseUrl': 'https://e41.kotaksecurities.com', 'hsServerId': '', 'isUserPwdExpired': False, 'ucc': 'XD16F', 'greetingName': 'MANOJ', 'isTrialAccount': False, 'dataCenter': 'E41', 'derivativesRiskDisclosure': 'Risk Disclosure on Derivatives\n\nAs per a SEBI study dated 25 Jan 2023- \n• 9 out of 10 individual traders in equity Futures and Options Segment, incurred net losses.\n• On an average, loss makers registered net trading loss close to Rs.50,000.\n• Over and above the net trading losses incurred, loss makers expended an additional 28% of net trading losses as transaction costs.\n• Those making net trading profits, incurred between 15% to 50% of such profits as transaction cost.\n\nFor more information please check out : https://www.sebi.gov.in/reports-and-statistics/research/jan-2023/study-analysis-of-profit-and-loss-of-individual-traders-dealing-in-equity-fando-segment_67525.html', 'mfAccess': 1, 'dataCenterMap': None, 'dormancyStatus': 'A', 'asbaStatus': '', 'clientType': 'RI', 'isNRI': False, 'kId': 'ADDPR4621C', 'kType': 'Trade', 'status': 'success', 'incRange': 0, 'incUpdFlag': '', 'clientGroup': '', 'kraStatus': '', 'rcFlag': 0}}
2026-06-05 09:02:59 [INFO] core.kotak_client: 🔍 MPIN response data keys: ['token', 'sid', 'rid', 'baseUrl', 'hsServerId', 'isUserPwdExpired', 'ucc', 'greetingName', 'isTrialAccount', 'dataCenter', 'derivativesRiskDisclosure', 'mfAccess', 'dataCenterMap', 'dormancyStatus', 'asbaStatus', 'clientType', 'isNRI', 'kId', 'kType', 'status', 'incRange', 'incUpdFlag', 'clientGroup', 'kraStatus', 'rcFlag']
2026-06-05 09:02:59 [INFO] core.kotak_client: ✅ NeoAPI configuration.edit_token & edit_sid SET (confirmed)
2026-06-05 09:02:59 [INFO] core.kotak_client: ✅ Trade token verified (kType=Trade) | sid present | baseUrl set
2026-06-05 09:02:59 [INFO] core.kotak_client: ✅ Kotak Neo session established successfully.
2026-06-05 09:02:59 [INFO] core.health_monitor: ✅ Broker Connection: Connected
2026-06-05 09:02:59 [INFO] core.health_monitor: ✅ Database: DB OK (0 open positions)
2026-06-05 09:02:59 [INFO] core.state_manager: [BRIEFING] Loading from data/session_briefing.json...
2026-06-05 09:02:59 [WARNING] core.state_manager: [BRIEFING] Loaded empty/non-tradeable briefing (SAFE_FALLBACK)
2026-06-05 09:02:59 [WARNING] core.state_manager: [BRIEFING] Validation REJECTED: Empty briefing (0 approved + 0 watchlist)
2026-06-05 09:02:59 [INFO] core.health_monitor: ❌ Trading Briefing: Briefing invalid: Briefing is empty (no stocks)
2026-06-05 09:02:59 [INFO] core.health_monitor: ✅ Live Feed: Feed not started yet (starts after briefing load)
2026-06-05 09:02:59 [INFO] core.health_monitor: ✅ Market Hours: Pre-market (screener will run soon)
2026-06-05 09:02:59 [INFO] core.health_monitor: ✅ Available Capital: Capital ₹20000
2026-06-05 09:02:59 [INFO] core.health_monitor: ✅ Daily Loss Limit: Daily loss OK
2026-06-05 09:02:59 [INFO] core.health_monitor: 
======================================================================
SYSTEM HEALTH REPORT — 2026-06-05T09:02:56.962284
======================================================================

✅ PASSED (7):
   • API Credentials
   • Broker Connection
   • Database
   • Live Feed
   • Market Hours
   • Available Capital
   • Daily Loss Limit

❌ FAILED (1):
   • Trading Briefing

======================================================================

2026-06-05 09:02:59 [WARNING] AlcoSoft: ⚠️  Some checks failed but continuing (PAPER MODE)
2026-06-05 09:02:59 [INFO] AlcoSoft: [2/6] Checking for previous state...
2026-06-05 09:02:59 [INFO] core.state_manager: [BRIEFING] Loading from data/session_briefing.json...
2026-06-05 09:02:59 [WARNING] core.state_manager: [BRIEFING] Loaded empty/non-tradeable briefing (SAFE_FALLBACK)
2026-06-05 09:02:59 [INFO] core.state_manager: No open positions found. Clean startup.
2026-06-05 09:02:59 [INFO] AlcoSoft: [3/6] Connecting to Kotak Neo...
2026-06-05 09:02:59 [INFO] AlcoSoft: ✅ Kotak session established successfully.
2026-06-05 09:02:59 [INFO] AlcoSoft: [3b/6] Reconciling broker vs local positions...
2026-06-05 09:02:59 [INFO] core.broker_reconciliation: Reconciliation skipped broker position pull in PAPER mode.
2026-06-05 09:02:59 [INFO] AlcoSoft: [3c/6] Validating capital allocation configuration...
2026-06-05 09:02:59 [INFO] core.order_executor: ✅ Allocation configuration valid
2026-06-05 09:02:59 [INFO] AlcoSoft: ✅ Capital allocation configuration valid
2026-06-05 09:02:59 [INFO] AlcoSoft: [4/6] Checking today's morning screener briefing...
2026-06-05 09:02:59 [INFO] core.state_manager: [BRIEFING] Loading from data/session_briefing.json...
2026-06-05 09:02:59 [WARNING] core.state_manager: [BRIEFING] Loaded empty/non-tradeable briefing (SAFE_FALLBACK)
2026-06-05 09:02:59 [WARNING] core.state_manager: [BRIEFING] Validation REJECTED: Empty briefing (0 approved + 0 watchlist)
2026-06-05 09:02:59 [WARNING] AlcoSoft: [4/6] Running morning screener because briefing invalid: Briefing is empty (no stocks).
2026-06-05 09:02:59 [INFO] screener.morning_screener: 🔄 SCREENER STARTED
2026-06-05 09:02:59 [INFO] screener.morning_screener: [1/6] Fetching stock data from Yahoo Finance...
2026-06-05 09:02:59 [INFO] screener.morning_screener: Fetching Yahoo Finance data for 50 stocks (8s timeout per stock)...
2026-06-05 09:03:28 [INFO] screener.morning_screener: ✅ Fetched: 48/50 stocks
2026-06-05 09:03:28 [WARNING] screener.morning_screener: ⚠️  Failures (1): ['LTIMINDTREE(Yahoo chart request failed for)']
2026-06-05 09:03:28 [INFO] screener.morning_screener: ✅ Step 1 complete: 48 stocks fetched
2026-06-05 09:03:28 [INFO] screener.morning_screener: [2/6] Scoring stocks mathematically...
2026-06-05 09:03:28 [INFO] screener.morning_screener: ✅ Step 2 complete: 48 stocks scored
2026-06-05 09:03:28 [INFO] screener.morning_screener:    Configuration: cognition_count=8, screener_total=8
2026-06-05 09:03:28 [INFO] screener.morning_screener: [3/6] Running Gemini AI analysis...
2026-06-05 09:03:49 [INFO] screener.morning_screener: ✅ Step 3 complete: Gemini picked 8 stocks
2026-06-05 09:03:49 [INFO] screener.morning_screener:    AI cognition picks: ['NTPC', 'RELIANCE', 'HEROMOTOCO', 'ULTRACEMCO', 'MARUTI', 'EICHERMOT', 'NESTLEIND', 'POWERGRID']
2026-06-05 09:03:49 [INFO] screener.morning_screener: [4/6] Building math watchlist from remaining stocks...
2026-06-05 09:03:49 [INFO] screener.morning_screener: ✅ Step 4 complete: 0 math watchlist stocks from 40 remaining
2026-06-05 09:03:49 [INFO] screener.morning_screener: [5/6] Adding market bias to cognition stocks...
2026-06-05 09:03:52 [INFO] screener.morning_screener: ✅ Step 5 complete: Market bias added
2026-06-05 09:03:52 [INFO] screener.morning_screener: [6/6] Creating and saving briefing...
2026-06-05 09:03:52 [INFO] core.state_manager: [BRIEFING] Saving to data/session_briefing.json...
2026-06-05 09:03:52 [INFO] core.state_manager: [BRIEFING] Saved and verified: data/session_briefing.json
2026-06-05 09:03:52 [INFO] core.state_manager: [BRIEFING]   - Approved: 8
2026-06-05 09:03:52 [INFO] core.state_manager: [BRIEFING]   - Watchlist: 0
2026-06-05 09:03:52 [INFO] screener.morning_screener: ✅ SCREENER COMPLETED SUCCESSFULLY
  Cognition (8): ['NTPC', 'RELIANCE', 'HEROMOTOCO', 'ULTRACEMCO', 'MARUTI', 'EICHERMOT', 'NESTLEIND', 'POWERGRID']
  Watchlist (0): []
  Total trading stocks: 8
2026-06-05 09:03:52 [INFO] AlcoSoft: [BRIEFING] Generated Screener Briefing ✅
2026-06-05 09:03:52 [INFO] AlcoSoft: [5/6] Loading and validating briefing for trading...
2026-06-05 09:03:52 [INFO] core.state_manager: [BRIEFING] Loading from data/session_briefing.json...
2026-06-05 09:03:52 [INFO] core.state_manager: [BRIEFING] Loaded Valid: 8 approved + 0 watchlist (MORNING_SCREENER)
2026-06-05 09:03:52 [INFO] core.state_manager: [BRIEFING] Validation PASSED: 8 approved + 0 watchlist (MORNING_SCREENER)
2026-06-05 09:03:52 [INFO] core.state_manager: [BRIEFING] Safety gate PASSED: Ready for trading
2026-06-05 09:03:52 [INFO] core.state_manager: [BRIEFING] Validation PASSED: 8 approved + 0 watchlist (MORNING_SCREENER)
2026-06-05 09:03:52 [INFO] AlcoSoft: [BRIEFING] Validated ✅
2026-06-05 09:03:52 [INFO] AlcoSoft: [BRIEFING] Subscribing live feed: 8 symbols (8 cognition + 0 watchlist)
2026-06-05 09:03:52 [INFO] core.data_fetcher: Starting live feed for 8 symbols: ['NTPC', 'RELIANCE', 'HEROMOTOCO', 'ULTRACEMCO', 'MARUTI', 'EICHERMOT', 'NESTLEIND', 'POWERGRID']
2026-06-05 09:03:52 [INFO] core.data_fetcher: Resolving instrument token for NTPC...
2026-06-05 09:03:55 [INFO] core.data_fetcher:   ✅ NTPC → token=11630 | NTPC-EQ
2026-06-05 09:03:55 [INFO] core.data_fetcher: Resolving instrument token for RELIANCE...
2026-06-05 09:03:57 [INFO] core.data_fetcher:   ✅ RELIANCE → token=2885 | RELIANCE-EQ
2026-06-05 09:03:57 [INFO] core.data_fetcher: Resolving instrument token for HEROMOTOCO...
2026-06-05 09:04:00 [INFO] core.data_fetcher:   ✅ HEROMOTOCO → token=1348 | HEROMOTOCO-EQ
2026-06-05 09:04:00 [INFO] core.data_fetcher: Resolving instrument token for ULTRACEMCO...
2026-06-05 09:04:03 [INFO] core.data_fetcher:   ✅ ULTRACEMCO → token=11532 | ULTRACEMCO-EQ
2026-06-05 09:04:03 [INFO] core.data_fetcher: Resolving instrument token for MARUTI...
2026-06-05 09:04:05 [INFO] core.data_fetcher:   ✅ MARUTI → token=10999 | MARUTI-EQ
2026-06-05 09:04:05 [INFO] core.data_fetcher: Resolving instrument token for EICHERMOT...
2026-06-05 09:04:08 [INFO] core.data_fetcher:   ✅ EICHERMOT → token=910 | EICHERMOT-EQ
2026-06-05 09:04:08 [INFO] core.data_fetcher: Resolving instrument token for NESTLEIND...
2026-06-05 09:04:11 [INFO] core.data_fetcher:   ✅ NESTLEIND → token=17963 | NESTLEIND-EQ
2026-06-05 09:04:11 [INFO] core.data_fetcher: Resolving instrument token for POWERGRID...
2026-06-05 09:04:13 [INFO] core.data_fetcher:   ✅ POWERGRID → token=14977 | POWERGRID-EQ
2026-06-05 09:04:13 [INFO] core.data_fetcher: Instrument token cache updated.
2026-06-05 09:04:13 [INFO] core.data_fetcher: Subscribing to 8 instruments...
2026-06-05 09:04:13 [INFO] core.data_fetcher: ✅ Subscribed to live feed: ['11630', '2885', '1348', '11532', '10999', '910', '17963', '14977']
2026-06-05 09:04:13 [INFO] core.state_manager: [BRIEFING] Saving to data/session_briefing.json...
2026-06-05 09:04:13 [INFO] core.state_manager: [BRIEFING] Saved and verified: data/session_briefing.json
2026-06-05 09:04:13 [INFO] core.state_manager: [BRIEFING]   - Approved: 8
2026-06-05 09:04:13 [INFO] core.state_manager: [BRIEFING]   - Watchlist: 0
2026-06-05 09:04:13 [INFO] AlcoSoft: [BRIEFING] Saved
2026-06-05 09:04:13 [INFO] AlcoSoft: Live feed active for 8 symbols.
2026-06-05 09:04:13 [INFO] AlcoSoft:   Cognition picks : ['NTPC', 'RELIANCE', 'HEROMOTOCO', 'ULTRACEMCO', 'MARUTI', 'EICHERMOT', 'NESTLEIND', 'POWERGRID']
2026-06-05 09:04:13 [INFO] AlcoSoft:   Math watchlist : []
2026-06-05 09:04:13 [INFO] AlcoSoft: [6/6] Verifying live feed...
2026-06-05 09:04:14 [INFO] core.data_fetcher: ✅ WebSocket connection opened.
2026-06-05 09:04:14 [INFO] core.data_fetcher: 📡 Live feed | ticks received: 8/8 symbols | active=['NTPC', 'RELIANCE', 'HEROMOTOCO', 'ULTRACEMCO', 'MARUTI', 'EICHERMOT', 'NESTLEIND', 'POWERGRID']
2026-06-05 09:04:16 [INFO] AlcoSoft: ✅ Live feed: Ticks flowing (8 total); building candles (3+ needed for health OK)
2026-06-05 09:04:16 [INFO] AlcoSoft: ✅ System startup complete. Trading ready.
2026-06-05 09:04:16 [INFO] apscheduler.scheduler: Adding job tentatively -- it will be properly scheduled when the scheduler starts
2026-06-05 09:04:16 [INFO] apscheduler.scheduler: Adding job tentatively -- it will be properly scheduled when the scheduler starts
2026-06-05 09:04:16 [INFO] apscheduler.scheduler: Adding job tentatively -- it will be properly scheduled when the scheduler starts
2026-06-05 09:04:16 [INFO] apscheduler.scheduler: Adding job tentatively -- it will be properly scheduled when the scheduler starts
2026-06-05 09:04:16 [INFO] apscheduler.scheduler: Adding job tentatively -- it will be properly scheduled when the scheduler starts
2026-06-05 09:04:16 [INFO] apscheduler.scheduler: Added job "Morning Stock Screener" to job store "default"
2026-06-05 09:04:16 [INFO] apscheduler.scheduler: Added job "Market Observation Loop" to job store "default"
2026-06-05 09:04:16 [INFO] apscheduler.scheduler: Added job "Emergency Squareoff" to job store "default"
2026-06-05 09:04:16 [INFO] apscheduler.scheduler: Added job "Owl Alpha Reflection" to job store "default"
2026-06-05 09:04:16 [INFO] apscheduler.scheduler: Added job "End-of-Day Report" to job store "default"
2026-06-05 09:04:16 [INFO] apscheduler.scheduler: Scheduler started
2026-06-05 09:04:16 [INFO] AlcoSoft: Scheduler started:
   08:45 AM - Morning screener
   Every 15 min - Observation loop
   15:15 PM - Emergency squareoff (before close)
   15:30 PM - Market close report
   15:35 PM - Reflection cycle
2026-06-05 09:04:16 [INFO] AlcoSoft: Starting strategy loop. Press Ctrl+C to shutdown safely.
2026-06-05 09:04:16 [INFO] core.strategy: ⚡ Strategy loop started | Mode: INTRADAY | Lookback: 3 candles | Buy sets: 7 | Sell sets: 6 | Buy gate: 3+ completed live WS candles | Config: strategy_sets.json
2026-06-05 09:06:14 [INFO] core.data_fetcher: 📡 Live feed | ticks received: 8/8 symbols | active=['NTPC', 'RELIANCE', 'HEROMOTOCO', 'ULTRACEMCO', 'MARUTI', 'EICHERMOT', 'NESTLEIND', 'POWERGRID']
2026-06-05 09:07:44 [INFO] core.data_fetcher: 🕯️ Candle closed: MARUTI | 2026-06-05 09:00 | O:13064.00 H:13064.00 L:13064.00 C:13064.00 V:205.0
2026-06-05 09:07:44 [INFO] core.data_fetcher: 🕯️ Candle closed: EICHERMOT | 2026-06-05 09:00 | O:7110.00 H:7110.00 L:7110.00 C:7110.00 V:556.0
2026-06-05 09:07:44 [INFO] core.data_fetcher: 🕯️ Candle closed: NESTLEIND | 2026-06-05 09:00 | O:1382.90 H:1382.90 L:1382.90 C:1382.90 V:683.0
2026-06-05 09:07:44 [INFO] core.data_fetcher: 🕯️ Candle closed: RELIANCE | 2026-06-05 09:00 | O:1303.70 H:1303.70 L:1303.70 C:1303.70 V:96704.0
2026-06-05 09:07:44 [INFO] core.data_fetcher: 🕯️ Candle closed: HEROMOTOCO | 2026-06-05 09:00 | O:4882.30 H:4882.30 L:4882.30 C:4882.30 V:140.0
2026-06-05 09:07:44 [INFO] core.data_fetcher: 🕯️ Candle closed: POWERGRID | 2026-06-05 09:00 | O:284.60 H:284.60 L:284.60 C:284.60 V:35188.0
2026-06-05 09:07:44 [INFO] core.data_fetcher: 🕯️ Candle closed: NTPC | 2026-06-05 09:00 | O:366.40 H:366.40 L:366.40 C:366.40 V:7681.0
2026-06-05 09:07:44 [INFO] core.data_fetcher: 🕯️ Candle closed: ULTRACEMCO | 2026-06-05 09:00 | O:10997.00 H:10997.00 L:10997.00 C:10997.00 V:168.0
2026-06-05 09:10:27 [WARNING] core.data_fetcher: ⚠️ WebSocket closed: The Session has been Closed!
2026-06-05 09:10:27 [INFO] core.data_fetcher: Market not open. Scheduling reconnect at next market open (in 277s)
2026-06-05 09:15:04 [INFO] core.data_fetcher: Reconnecting WebSocket...
2026-06-05 09:15:04 [INFO] core.data_fetcher: Starting live feed for 8 symbols: ['NTPC', 'RELIANCE', 'HEROMOTOCO', 'ULTRACEMCO', 'MARUTI', 'EICHERMOT', 'NESTLEIND', 'POWERGRID']
2026-06-05 09:15:05 [INFO] core.data_fetcher: Subscribing to 8 instruments...
2026-06-05 09:15:05 [INFO] core.data_fetcher: ✅ Subscribed to live feed: ['11630', '2885', '1348', '11532', '10999', '910', '17963', '14977']
2026-06-05 09:15:05 [INFO] core.data_fetcher: Reconnection successful.
2026-06-05 09:15:05 [INFO] core.data_fetcher: ✅ WebSocket connection opened.
2026-06-05 09:15:05 [INFO] core.data_fetcher: 🕯️ Candle closed: MARUTI | 2026-06-05 09:05 | O:13151.00 H:13151.00 L:13151.00 C:13151.00 V:0.0
2026-06-05 09:15:05 [INFO] core.data_fetcher: 🕯️ Candle closed: RELIANCE | 2026-06-05 09:05 | O:1304.50 H:1304.50 L:1304.50 C:1304.50 V:0.0
2026-06-05 09:15:05 [INFO] core.data_fetcher: 🕯️ Candle closed: NESTLEIND | 2026-06-05 09:05 | O:1383.00 H:1383.00 L:1383.00 C:1383.00 V:0.0
2026-06-05 09:15:05 [INFO] core.data_fetcher: 🕯️ Candle closed: HEROMOTOCO | 2026-06-05 09:05 | O:4898.00 H:4898.00 L:4898.00 C:4898.00 V:0.0
2026-06-05 09:15:05 [INFO] core.data_fetcher: 🕯️ Candle closed: EICHERMOT | 2026-06-05 09:05 | O:7140.00 H:7140.00 L:7140.00 C:7140.00 V:0.0
2026-06-05 09:15:05 [INFO] core.data_fetcher: 🕯️ Candle closed: POWERGRID | 2026-06-05 09:05 | O:284.00 H:284.00 L:284.00 C:284.00 V:0.0
2026-06-05 09:15:05 [INFO] core.data_fetcher: 🕯️ Candle closed: NTPC | 2026-06-05 09:05 | O:365.95 H:365.95 L:365.95 C:365.95 V:11690.0
2026-06-05 09:15:05 [INFO] core.data_fetcher: 🕯️ Candle closed: ULTRACEMCO | 2026-06-05 09:05 | O:11100.00 H:11100.00 L:11100.00 C:11100.00 V:222.0
2026-06-05 09:15:05 [INFO] core.data_fetcher: 📡 Live feed | ticks received: 8/8 symbols | active=['NTPC', 'RELIANCE', 'HEROMOTOCO', 'ULTRACEMCO', 'MARUTI', 'EICHERMOT', 'NESTLEIND', 'POWERGRID']
2026-06-05 09:15:17 [INFO] core.state_manager: [BRIEFING] Loading from data/session_briefing.json...
2026-06-05 09:15:17 [INFO] core.state_manager: [BRIEFING] Loaded Valid: 8 approved + 0 watchlist (MORNING_SCREENER)
2026-06-05 09:15:17 [INFO] core.strategy: ─── Scan summary (8 subscribed) ───
  [Cognition] NTPC: ticks=12 | live_candles=3
  [Cognition] RELIANCE: ticks=10 | live_candles=3
  [Cognition] HEROMOTOCO: ticks=11 | live_candles=3
  [Cognition] ULTRACEMCO: ticks=9 | live_candles=3
  [Cognition] MARUTI: ticks=12 | live_candles=3
  [Cognition] EICHERMOT: ticks=8 | live_candles=3
  [Cognition] NESTLEIND: ticks=6 | live_candles=3
  [Cognition] POWERGRID: ticks=10 | live_candles=3
2026-06-05 09:16:17 [INFO] core.state_manager: [BRIEFING] Loading from data/session_briefing.json...
2026-06-05 09:16:17 [INFO] core.state_manager: [BRIEFING] Loaded Valid: 8 approved + 0 watchlist (MORNING_SCREENER)
2026-06-05 09:16:48 [INFO] core.strategy: ─── Scan summary (8 subscribed) ───
  [Cognition] NTPC: ticks=84 | live_candles=3
  [Cognition] RELIANCE: ticks=92 | live_candles=3
  [Cognition] HEROMOTOCO: ticks=100 | live_candles=3
  [Cognition] ULTRACEMCO: ticks=82 | live_candles=3
  [Cognition] MARUTI: ticks=95 | live_candles=3
  [Cognition] EICHERMOT: ticks=66 | live_candles=3
  [Cognition] NESTLEIND: ticks=64 | live_candles=3
  [Cognition] POWERGRID: ticks=70 | live_candles=3
2026-06-05 09:17:05 [INFO] core.data_fetcher: 📡 Live feed | ticks received: 8/8 symbols | active=['NTPC', 'RELIANCE', 'HEROMOTOCO', 'ULTRACEMCO', 'MARUTI', 'EICHERMOT', 'NESTLEIND', 'POWERGRID']
2026-06-05 09:17:18 [INFO] core.state_manager: [BRIEFING] Loading from data/session_briefing.json...
2026-06-05 09:17:18 [INFO] core.state_manager: [BRIEFING] Loaded Valid: 8 approved + 0 watchlist (MORNING_SCREENER)
2026-06-05 09:18:19 [INFO] core.state_manager: [BRIEFING] Loading from data/session_briefing.json...
2026-06-05 09:18:19 [INFO] core.state_manager: [BRIEFING] Loaded Valid: 8 approved + 0 watchlist (MORNING_SCREENER)
2026-06-05 09:18:19 [INFO] core.strategy: ─── Scan summary (8 subscribed) ───
  [Cognition] NTPC: ticks=147 | live_candles=3
  [Cognition] RELIANCE: ticks=164 | live_candles=3
  [Cognition] HEROMOTOCO: ticks=180 | live_candles=3
  [Cognition] ULTRACEMCO: ticks=140 | live_candles=3
  [Cognition] MARUTI: ticks=153 | live_candles=3
  [Cognition] EICHERMOT: ticks=107 | live_candles=3
  [Cognition] NESTLEIND: ticks=103 | live_candles=3
  [Cognition] POWERGRID: ticks=137 | live_candles=3
2026-06-05 09:19:06 [INFO] core.data_fetcher: 📡 Live feed | ticks received: 8/8 symbols | active=['NTPC', 'RELIANCE', 'HEROMOTOCO', 'ULTRACEMCO', 'MARUTI', 'EICHERMOT', 'NESTLEIND', 'POWERGRID']
2026-06-05 09:19:16 [INFO] apscheduler.executors.default: Running job "Market Observation Loop (trigger: interval[0:15:00], next run at: 2026-06-05 09:34:16 IST)" (scheduled at 2026-06-05 09:19:16.949332+05:30)
2026-06-05 09:19:16 [INFO] reflection.observation_loop: 🔍 Running observation cycle...
2026-06-05 09:19:16 [INFO] core.state_manager: [BRIEFING] Loading from data/session_briefing.json...
2026-06-05 09:19:16 [INFO] core.state_manager: [BRIEFING] Loaded Valid: 8 approved + 0 watchlist (MORNING_SCREENER)
2026-06-05 09:19:16 [INFO] reflection.observation_loop: 📊 Observation recorded:
   Market: RANGING | Trend: WEAK
   Vol: LOW | Breakouts: LOW
   Reversals: LOW
2026-06-05 09:19:16 [INFO] apscheduler.executors.default: Job "Market Observation Loop (trigger: interval[0:15:00], next run at: 2026-06-05 09:34:16 IST)" executed successfully
2026-06-05 09:19:20 [INFO] core.state_manager: [BRIEFING] Loading from data/session_briefing.json...
2026-06-05 09:19:20 [INFO] core.state_manager: [BRIEFING] Loaded Valid: 8 approved + 0 watchlist (MORNING_SCREENER)
2026-06-05 09:19:51 [INFO] core.strategy: ─── Scan summary (8 subscribed) ───
  [Cognition] NTPC: ticks=190 | live_candles=3
  [Cognition] RELIANCE: ticks=238 | live_candles=3
  [Cognition] HEROMOTOCO: ticks=254 | live_candles=3
  [Cognition] ULTRACEMCO: ticks=190 | live_candles=3
  [Cognition] MARUTI: ticks=195 | live_candles=3
  [Cognition] EICHERMOT: ticks=144 | live_candles=3
  [Cognition] NESTLEIND: ticks=146 | live_candles=3
  [Cognition] POWERGRID: ticks=193 | live_candles=3
2026-06-05 09:20:00 [INFO] core.data_fetcher: 🕯️ Candle closed: MARUTI | 2026-06-05 09:15 | O:13172.00 H:13172.00 L:13087.00 C:13104.00 V:1011865.0
2026-06-05 09:20:00 [INFO] core.data_fetcher: 🕯️ Candle closed: RELIANCE | 2026-06-05 09:15 | O:1305.00 H:1305.40 L:1300.30 C:1300.90 V:85807579.0
2026-06-05 09:20:00 [INFO] core.data_fetcher: 🕯️ Candle closed: NTPC | 2026-06-05 09:15 | O:365.80 H:366.35 L:365.20 C:365.55 V:16608170.0
2026-06-05 09:20:00 [INFO] core.data_fetcher: 🕯️ Candle closed: ULTRACEMCO | 2026-06-05 09:15 | O:11054.00 H:11066.00 L:11003.00 C:11023.00 V:754040.0
2026-06-05 09:20:00 [INFO] core.data_fetcher: 🕯️ Candle closed: POWERGRID | 2026-06-05 09:15 | O:284.25 H:284.35 L:283.00 C:283.55 V:49898425.0
2026-06-05 09:20:01 [INFO] core.data_fetcher: 🕯️ Candle closed: NESTLEIND | 2026-06-05 09:15 | O:1386.80 H:1386.90 L:1382.40 C:1384.60 V:1534862.0
2026-06-05 09:20:01 [INFO] core.data_fetcher: 🕯️ Candle closed: HEROMOTOCO | 2026-06-05 09:15 | O:4904.40 H:4904.40 L:4840.10 C:4851.80 V:2834889.0
2026-06-05 09:20:01 [INFO] core.strategy: ✅ NTPC — Yahoo chart fetched 302 5m candles (attempt 1)
2026-06-05 09:20:01 [INFO] core.strategy: 📦 NTPC — Combined: 301 yfinance + 4 WebSocket = 305 total candles
2026-06-05 09:20:02 [INFO] core.strategy: ✅ RELIANCE — Yahoo chart fetched 301 5m candles (attempt 1)
2026-06-05 09:20:02 [INFO] core.strategy: 📦 RELIANCE — Combined: 300 yfinance + 4 WebSocket = 304 total candles
2026-06-05 09:20:02 [INFO] core.strategy: ✅ HEROMOTOCO — Yahoo chart fetched 301 5m candles (attempt 1)
2026-06-05 09:20:02 [INFO] core.strategy: 📦 HEROMOTOCO — Combined: 300 yfinance + 4 WebSocket = 304 total candles
2026-06-05 09:20:02 [INFO] core.strategy: ✅ ULTRACEMCO — Yahoo chart fetched 302 5m candles (attempt 1)
2026-06-05 09:20:02 [INFO] core.strategy: 📦 ULTRACEMCO — Combined: 301 yfinance + 4 WebSocket = 305 total candles
2026-06-05 09:20:02 [INFO] core.strategy: ✅ MARUTI — Yahoo chart fetched 302 5m candles (attempt 1)
2026-06-05 09:20:02 [INFO] core.strategy: 📦 MARUTI — Combined: 301 yfinance + 4 WebSocket = 305 total candles
2026-06-05 09:20:03 [INFO] core.strategy: ✅ NESTLEIND — Yahoo chart fetched 301 5m candles (attempt 1)
2026-06-05 09:20:03 [INFO] core.strategy: 📦 NESTLEIND — Combined: 300 yfinance + 4 WebSocket = 304 total candles
2026-06-05 09:20:03 [INFO] core.strategy: ✅ POWERGRID — Yahoo chart fetched 301 5m candles (attempt 1)
2026-06-05 09:20:03 [INFO] core.strategy: 📦 POWERGRID — Combined: 300 yfinance + 4 WebSocket = 304 total candles
2026-06-05 09:20:04 [INFO] core.data_fetcher: 🕯️ Candle closed: EICHERMOT | 2026-06-05 09:15 | O:7133.00 H:7142.50 L:7105.00 C:7116.00 V:827502.0
2026-06-05 09:20:08 [INFO] core.strategy: BUY SIGNAL TRIGGERED
Symbol: MARUTI
Price: 13112.0
Triggered Set: BUY_BREAKOUT_CONFIRMATION
Set Side: BUY
Confidence: base=72.0 signal_x=1.0 weight_x=1.0 time=9:15-10:00@1.0 market_x=1.0 advisory_x=0.99 final=71.3 min=65.0
Satisfied:
- Volume Breakout: VolSpike=True, PriceBreak=True, SMA=True
- Price above EMA20: Close=13112.0 > EMA20=13100.45
- Price above VWAP: Close=13112.0 > VWAP=13075.43
- RSI not overbought: RSI=50.9 < 65 ✓
Why: 4-gate fakeout filter. volume_breakout is a strong EVENT anchor. price_above_ema20, price_above_vwap, rsi_not_overbought are filters that eliminate false breakouts. Note: price_above_ema20 is slightly redundant (volume_breakout already checks SMA20) but kept as extra VWAP zone filter.
2026-06-05 09:20:08 [INFO] core.order_executor: ✅ Quantity calculated | Price: ₹13112.0 | Qty: 1 | Deployed: ₹13112 | Limiting: Allocation-limited | Risk: 3sh | Alloc: 1sh | Lever: 7sh | Buying Power: ₹100000 | Margin Used: ₹0
2026-06-05 09:20:08 [INFO] core.order_executor: 📋 [PAPER] BUY | MARUTI | Qty: 1 | @ ₹13112.0 | SL: ₹13046.44 | Target: ₹13243.12
2026-06-05 09:20:08 [INFO] core.state_manager: Position saved: MARUTI x1 | Target: 13243.12 | SL: 13046.44
2026-06-05 09:20:09 [INFO] core.strategy: ✅ EICHERMOT — Yahoo chart fetched 301 5m candles (attempt 1)
2026-06-05 09:20:09 [INFO] core.strategy: 📦 EICHERMOT — Combined: 300 yfinance + 4 WebSocket = 304 total candles
2026-06-05 09:20:09 [INFO] core.strategy: BUY SIGNAL TRIGGERED
Symbol: EICHERMOT
Price: 7116.0
Triggered Set: BUY_BREAKOUT_CONFIRMATION
Set Side: BUY
Confidence: base=72.0 signal_x=1.0 weight_x=1.0 time=9:15-10:00@1.0 market_x=1.0 advisory_x=0.99 final=71.3 min=65.0
Satisfied:
- Volume Breakout: VolSpike=True, PriceBreak=True, SMA=True
- Price above EMA20: Close=7116.0 > EMA20=7113.96
- Price above VWAP: Close=7116.0 > VWAP=7111.19
- RSI not overbought: RSI=51.1 < 65 ✓
Why: 4-gate fakeout filter. volume_breakout is a strong EVENT anchor. price_above_ema20, price_above_vwap, rsi_not_overbought are filters that eliminate false breakouts. Note: price_above_ema20 is slightly redundant (volume_breakout already checks SMA20) but kept as extra VWAP zone filter.
2026-06-05 09:20:09 [INFO] core.order_executor: ✅ Quantity calculated | Price: ₹7116.0 | Qty: 2 | Deployed: ₹14232 | Limiting: Allocation-limited | Risk: 5sh | Alloc: 2sh | Lever: 12sh | Buying Power: ₹100000 | Margin Used: ₹0
2026-06-05 09:20:09 [INFO] core.order_executor: 📋 [PAPER] BUY | EICHERMOT | Qty: 2 | @ ₹7116.0 | SL: ₹7080.42 | Target: ₹7187.16
2026-06-05 09:20:09 [INFO] core.state_manager: Position saved: EICHERMOT x2 | Target: 7187.16 | SL: 7080.42
2026-06-05 09:20:25 [INFO] core.state_manager: [BRIEFING] Loading from data/session_briefing.json...
2026-06-05 09:20:25 [INFO] core.state_manager: [BRIEFING] Loaded Valid: 8 approved + 0 watchlist (MORNING_SCREENER)
2026-06-05 09:20:25 [INFO] core.order_executor: 📈 TRAILING SL | MARUTI | ₹13046.44 → ₹13047.43
2026-06-05 09:20:30 [INFO] core.order_executor: 📈 TRAILING SL | MARUTI | ₹13047.43 → ₹13055.4
2026-06-05 09:20:35 [INFO] core.order_executor: 📈 TRAILING SL | EICHERMOT | ₹7080.42 → ₹7084.4
2026-06-05 09:20:41 [INFO] core.order_executor: 📈 TRAILING SL | MARUTI | ₹13055.4 → ₹13060.37
2026-06-05 09:21:06 [INFO] core.data_fetcher: 📡 Live feed | ticks received: 8/8 symbols | active=['NTPC', 'RELIANCE', 'HEROMOTOCO', 'ULTRACEMCO', 'MARUTI', 'EICHERMOT', 'NESTLEIND', 'POWERGRID']
2026-06-05 09:21:23 [INFO] core.strategy: ─── Scan summary (8 subscribed) ───
  [Cognition] NTPC: ticks=250 | live_candles=4
  [Cognition] RELIANCE: ticks=318 | live_candles=4
  [Cognition] HEROMOTOCO: ticks=314 | live_candles=4
  [Cognition] ULTRACEMCO: ticks=238 | live_candles=4
  [Cognition] MARUTI: ticks=237 | live_candles=4
  [Cognition] EICHERMOT: ticks=172 | live_candles=4
  [Cognition] NESTLEIND: ticks=196 | live_candles=4
  [Cognition] POWERGRID: ticks=238 | live_candles=4
2026-06-05 09:21:28 [INFO] core.state_manager: [BRIEFING] Loading from data/session_briefing.json...
2026-06-05 09:21:28 [INFO] core.state_manager: [BRIEFING] Loaded Valid: 8 approved + 0 watchlist (MORNING_SCREENER)
2026-06-05 09:22:00 [INFO] core.order_executor: 📈 TRAILING SL | EICHERMOT | ₹7084.4 → ₹7086.39
2026-06-05 09:22:05 [INFO] core.order_executor: 📈 TRAILING SL | EICHERMOT | ₹7086.39 → ₹7090.87
2026-06-05 09:22:11 [INFO] core.order_executor: 📈 TRAILING SL | MARUTI | ₹13060.37 → ₹13062.36
2026-06-05 09:22:11 [INFO] core.order_executor: 📈 TRAILING SL | EICHERMOT | ₹7090.87 → ₹7091.36
2026-06-05 09:22:16 [INFO] core.order_executor: 📈 TRAILING SL | MARUTI | ₹13062.36 → ₹13065.34
2026-06-05 09:22:16 [INFO] core.order_executor: 📈 TRAILING SL | EICHERMOT | ₹7091.36 → ₹7094.35
2026-06-05 09:22:32 [INFO] core.state_manager: [BRIEFING] Loading from data/session_briefing.json...
2026-06-05 09:22:32 [INFO] core.state_manager: [BRIEFING] Loaded Valid: 8 approved + 0 watchlist (MORNING_SCREENER)
2026-06-05 09:22:58 [INFO] core.strategy: ─── Scan summary (8 subscribed) ───
  [Cognition] NTPC: ticks=306 | live_candles=4
  [Cognition] RELIANCE: ticks=397 | live_candles=4
  [Cognition] HEROMOTOCO: ticks=373 | live_candles=4
  [Cognition] ULTRACEMCO: ticks=279 | live_candles=4
  [Cognition] MARUTI: ticks=272 | live_candles=4
  [Cognition] EICHERMOT: ticks=202 | live_candles=4
  [Cognition] NESTLEIND: ticks=241 | live_candles=4
  [Cognition] POWERGRID: ticks=294 | live_candles=4
2026-06-05 09:23:06 [INFO] core.data_fetcher: 📡 Live feed | ticks received: 8/8 symbols | active=['NTPC', 'RELIANCE', 'HEROMOTOCO', 'ULTRACEMCO', 'MARUTI', 'EICHERMOT', 'NESTLEIND', 'POWERGRID']
2026-06-05 09:23:35 [INFO] core.state_manager: [BRIEFING] Loading from data/session_briefing.json...
2026-06-05 09:23:35 [INFO] core.state_manager: [BRIEFING] Loaded Valid: 8 approved + 0 watchlist (MORNING_SCREENER)
2026-06-05 09:24:33 [INFO] core.strategy: ─── Scan summary (8 subscribed) ───
  [Cognition] NTPC: ticks=357 | live_candles=4
  [Cognition] RELIANCE: ticks=465 | live_candles=4
  [Cognition] HEROMOTOCO: ticks=436 | live_candles=4
  [Cognition] ULTRACEMCO: ticks=323 | live_candles=4
  [Cognition] MARUTI: ticks=312 | live_candles=4
  [Cognition] EICHERMOT: ticks=234 | live_candles=4
  [Cognition] NESTLEIND: ticks=274 | live_candles=4
  [Cognition] POWERGRID: ticks=328 | live_candles=4
2026-06-05 09:24:38 [INFO] core.state_manager: [BRIEFING] Loading from data/session_briefing.json...
2026-06-05 09:24:38 [INFO] core.state_manager: [BRIEFING] Loaded Valid: 8 approved + 0 watchlist (MORNING_SCREENER)
2026-06-05 09:25:00 [INFO] core.data_fetcher: 🕯️ Candle closed: RELIANCE | 2026-06-05 09:20 | O:1301.00 H:1301.30 L:1298.50 C:1299.60 V:149422571.0
2026-06-05 09:25:00 [INFO] core.data_fetcher: 🕯️ Candle closed: MARUTI | 2026-06-05 09:20 | O:13110.00 H:13132.00 L:13089.00 C:13097.00 V:1223067.0
2026-06-05 09:25:01 [INFO] core.data_fetcher: 🕯️ Candle closed: ULTRACEMCO | 2026-06-05 09:20 | O:11024.00 H:11036.00 L:10989.00 C:10995.00 V:1455801.0
2026-06-05 09:25:02 [INFO] core.data_fetcher: 🕯️ Candle closed: EICHERMOT | 2026-06-05 09:20 | O:7117.00 H:7130.00 L:7104.00 C:7107.00 V:862928.0
2026-06-05 09:25:02 [INFO] core.data_fetcher: 🕯️ Candle closed: NTPC | 2026-06-05 09:20 | O:365.75 H:366.35 L:365.05 C:365.55 V:34502562.0
2026-06-05 09:25:03 [INFO] core.data_fetcher: 🕯️ Candle closed: NESTLEIND | 2026-06-05 09:20 | O:1385.00 H:1386.20 L:1382.10 C:1383.30 V:3111723.0
2026-06-05 09:25:03 [INFO] core.data_fetcher: 🕯️ Candle closed: HEROMOTOCO | 2026-06-05 09:20 | O:4850.10 H:4862.00 L:4849.40 C:4851.90 V:4393096.0
2026-06-05 09:25:06 [INFO] core.data_fetcher: 📡 Live feed | ticks received: 8/8 symbols | active=['NTPC', 'RELIANCE', 'HEROMOTOCO', 'ULTRACEMCO', 'MARUTI', 'EICHERMOT', 'NESTLEIND', 'POWERGRID']
2026-06-05 09:25:09 [INFO] core.data_fetcher: 🕯️ Candle closed: POWERGRID | 2026-06-05 09:20 | O:283.40 H:283.95 L:283.35 C:283.65 V:70593097.0
2026-06-05 09:25:10 [INFO] core.strategy: BUY SIGNAL TRIGGERED
Symbol: HEROMOTOCO
Price: 4852.1
Triggered Set: BUY_BOLLINGER_REVERSAL
Set Side: BUY
Confidence: base=70.0 signal_x=1.0 weight_x=1.0 time=9:15-10:00@1.0 market_x=1.0 advisory_x=0.99 final=69.3 min=65.0
Satisfied:
- Bollinger Band Bounce: Touched=True, Bounced=True, RSI=32.1
- Bullish Reversal Candle: Inverted Hammer
Why: Mean-reversion bounce from lower Bollinger Band with bullish candle structure confirming the reversal. Works well in ranging intraday conditions.
2026-06-05 09:25:10 [INFO] core.order_executor: ✅ Quantity calculated | Price: ₹4852.1 | Qty: 4 | Deployed: ₹19408 | Limiting: Allocation-limited | Risk: 8sh | Alloc: 4sh | Lever: 14sh | Buying Power: ₹100000 | Margin Used: ₹0
2026-06-05 09:25:10 [INFO] core.order_executor: 📋 [PAPER] BUY | HEROMOTOCO | Qty: 4 | @ ₹4852.1 | SL: ₹4827.84 | Target: ₹4900.62
2026-06-05 09:25:10 [INFO] core.state_manager: Position saved: HEROMOTOCO x4 | Target: 4900.62 | SL: 4827.84
2026-06-05 09:25:41 [INFO] core.state_manager: [BRIEFING] Loading from data/session_briefing.json...
2026-06-05 09:25:41 [INFO] core.state_manager: [BRIEFING] Loaded Valid: 8 approved + 0 watchlist (MORNING_SCREENER)
2026-06-05 09:26:07 [INFO] core.strategy: ─── Scan summary (8 subscribed) ───
  [Cognition] NTPC: ticks=392 | live_candles=5
  [Cognition] RELIANCE: ticks=518 | live_candles=5
  [Cognition] HEROMOTOCO: ticks=477 | live_candles=5
  [Cognition] ULTRACEMCO: ticks=368 | live_candles=5
  [Cognition] MARUTI: ticks=349 | live_candles=5
  [Cognition] EICHERMOT: ticks=266 | live_candles=5
  [Cognition] NESTLEIND: ticks=301 | live_candles=5
  [Cognition] POWERGRID: ticks=360 | live_candles=5
2026-06-05 09:26:45 [INFO] core.state_manager: [BRIEFING] Loading from data/session_briefing.json...
2026-06-05 09:26:45 [INFO] core.state_manager: [BRIEFING] Loaded Valid: 8 approved + 0 watchlist (MORNING_SCREENER)
2026-06-05 09:26:45 [WARNING] core.order_executor: 🔴 TRAILING_SL HIT | EICHERMOT | ₹7091.0 ≤ ₹7094.35
2026-06-05 09:26:45 [INFO] core.order_executor: 📋 [PAPER] SELL | EICHERMOT | Qty: 2 | @ ₹7091.0 | Reason: TRAILING_SL
2026-06-05 09:26:45 [INFO] core.state_manager: Position closed: EICHERMOT | 7091.0 | P&L: -50.00 | TRAILING_SL | price_source=ws_ltp
2026-06-05 09:27:06 [INFO] core.data_fetcher: 📡 Live feed | ticks received: 8/8 symbols | active=['NTPC', 'RELIANCE', 'HEROMOTOCO', 'ULTRACEMCO', 'MARUTI', 'EICHERMOT', 'NESTLEIND', 'POWERGRID']
2026-06-05 09:27:38 [INFO] core.strategy: ─── Scan summary (8 subscribed) ───
  [Cognition] NTPC: ticks=426 | live_candles=5
  [Cognition] RELIANCE: ticks=579 | live_candles=5
  [Cognition] HEROMOTOCO: ticks=523 | live_candles=5
  [Cognition] ULTRACEMCO: ticks=411 | live_candles=5
  [Cognition] MARUTI: ticks=376 | live_candles=5
  [Cognition] EICHERMOT: ticks=304 | live_candles=5
  [Cognition] NESTLEIND: ticks=330 | live_candles=5
  [Cognition] POWERGRID: ticks=400 | live_candles=5
2026-06-05 09:27:48 [INFO] core.state_manager: [BRIEFING] Loading from data/session_briefing.json...
2026-06-05 09:27:48 [INFO] core.state_manager: [BRIEFING] Loaded Valid: 8 approved + 0 watchlist (MORNING_SCREENER)
2026-06-05 09:28:52 [INFO] core.state_manager: [BRIEFING] Loading from data/session_briefing.json...
2026-06-05 09:28:52 [INFO] core.state_manager: [BRIEFING] Loaded Valid: 8 approved + 0 watchlist (MORNING_SCREENER)
2026-06-05 09:29:06 [INFO] core.data_fetcher: 📡 Live feed | ticks received: 8/8 symbols | active=['NTPC', 'RELIANCE', 'HEROMOTOCO', 'ULTRACEMCO', 'MARUTI', 'EICHERMOT', 'NESTLEIND', 'POWERGRID']
2026-06-05 09:29:13 [INFO] core.strategy: ─── Scan summary (8 subscribed) ───
  [Cognition] NTPC: ticks=464 | live_candles=5
  [Cognition] RELIANCE: ticks=650 | live_candles=5
  [Cognition] HEROMOTOCO: ticks=589 | live_candles=5
  [Cognition] ULTRACEMCO: ticks=452 | live_candles=5
  [Cognition] MARUTI: ticks=408 | live_candles=5
  [Cognition] EICHERMOT: ticks=333 | live_candles=5
  [Cognition] NESTLEIND: ticks=363 | live_candles=5
  [Cognition] POWERGRID: ticks=437 | live_candles=5
2026-06-05 09:29:56 [INFO] core.state_manager: [BRIEFING] Loading from data/session_briefing.json...
2026-06-05 09:29:56 [INFO] core.state_manager: [BRIEFING] Loaded Valid: 8 approved + 0 watchlist (MORNING_SCREENER)
2026-06-05 09:30:00 [INFO] core.data_fetcher: 🕯️ Candle closed: HEROMOTOCO | 2026-06-05 09:25 | O:4851.00 H:4852.10 L:4835.60 C:4837.50 V:5487697.0
2026-06-05 09:30:00 [INFO] core.data_fetcher: 🕯️ Candle closed: MARUTI | 2026-06-05 09:25 | O:13094.00 H:13102.00 L:13080.00 C:13089.00 V:1435717.0
2026-06-05 09:30:00 [INFO] core.data_fetcher: 🕯️ Candle closed: NTPC | 2026-06-05 09:25 | O:365.45 H:366.10 L:365.20 C:365.35 V:31210498.0
2026-06-05 09:30:01 [INFO] core.data_fetcher: 🕯️ Candle closed: NESTLEIND | 2026-06-05 09:25 | O:1382.90 H:1383.30 L:1379.50 C:1380.10 V:3341559.0
2026-06-05 09:30:01 [INFO] core.data_fetcher: 🕯️ Candle closed: RELIANCE | 2026-06-05 09:25 | O:1299.80 H:1300.00 L:1298.40 C:1299.50 V:137336385.0
2026-06-05 09:30:02 [INFO] core.data_fetcher: 🕯️ Candle closed: ULTRACEMCO | 2026-06-05 09:25 | O:10998.00 H:10998.00 L:10976.00 C:10983.00 V:1860843.0
2026-06-05 09:30:04 [INFO] core.data_fetcher: 🕯️ Candle closed: POWERGRID | 2026-06-05 09:25 | O:283.55 H:284.25 L:283.55 C:284.05 V:70894122.0
2026-06-05 09:30:06 [INFO] core.data_fetcher: 🕯️ Candle closed: EICHERMOT | 2026-06-05 09:25 | O:7108.50 H:7108.50 L:7083.50 C:7085.00 V:1483737.0
2026-06-05 09:30:44 [INFO] core.strategy: ─── Scan summary (8 subscribed) ───
  [Cognition] NTPC: ticks=494 | live_candles=6
  [Cognition] RELIANCE: ticks=712 | live_candles=6
  [Cognition] HEROMOTOCO: ticks=647 | live_candles=6
  [Cognition] ULTRACEMCO: ticks=490 | live_candles=6
  [Cognition] MARUTI: ticks=438 | live_candles=6
  [Cognition] EICHERMOT: ticks=363 | live_candles=6
  [Cognition] NESTLEIND: ticks=386 | live_candles=6
  [Cognition] POWERGRID: ticks=467 | live_candles=6
2026-06-05 09:31:00 [INFO] core.state_manager: [BRIEFING] Loading from data/session_briefing.json...
2026-06-05 09:31:00 [INFO] core.state_manager: [BRIEFING] Loaded Valid: 8 approved + 0 watchlist (MORNING_SCREENER)
2026-06-05 09:31:07 [INFO] core.data_fetcher: 📡 Live feed | ticks received: 8/8 symbols | active=['NTPC', 'RELIANCE', 'HEROMOTOCO', 'ULTRACEMCO', 'MARUTI', 'EICHERMOT', 'NESTLEIND', 'POWERGRID']
2026-06-05 09:32:04 [INFO] core.state_manager: [BRIEFING] Loading from data/session_briefing.json...
2026-06-05 09:32:04 [INFO] core.state_manager: [BRIEFING] Loaded Valid: 8 approved + 0 watchlist (MORNING_SCREENER)
2026-06-05 09:32:14 [INFO] core.strategy: ─── Scan summary (8 subscribed) ───
  [Cognition] NTPC: ticks=528 | live_candles=6
  [Cognition] RELIANCE: ticks=772 | live_candles=6
  [Cognition] HEROMOTOCO: ticks=709 | live_candles=6
  [Cognition] ULTRACEMCO: ticks=534 | live_candles=6
  [Cognition] MARUTI: ticks=463 | live_candles=6
  [Cognition] EICHERMOT: ticks=394 | live_candles=6
  [Cognition] NESTLEIND: ticks=412 | live_candles=6
  [Cognition] POWERGRID: ticks=498 | live_candles=6
2026-06-05 09:33:07 [INFO] core.data_fetcher: 📡 Live feed | ticks received: 8/8 symbols | active=['NTPC', 'RELIANCE', 'HEROMOTOCO', 'ULTRACEMCO', 'MARUTI', 'EICHERMOT', 'NESTLEIND', 'POWERGRID']
2026-06-05 09:33:07 [INFO] core.state_manager: [BRIEFING] Loading from data/session_briefing.json...
2026-06-05 09:33:07 [INFO] core.state_manager: [BRIEFING] Loaded Valid: 8 approved + 0 watchlist (MORNING_SCREENER)
2026-06-05 09:33:45 [INFO] core.strategy: ─── Scan summary (8 subscribed) ───
  [Cognition] NTPC: ticks=564 | live_candles=6
  [Cognition] RELIANCE: ticks=830 | live_candles=6
  [Cognition] HEROMOTOCO: ticks=784 | live_candles=6
  [Cognition] ULTRACEMCO: ticks=571 | live_candles=6
  [Cognition] MARUTI: ticks=485 | live_candles=6
  [Cognition] EICHERMOT: ticks=412 | live_candles=6
  [Cognition] NESTLEIND: ticks=442 | live_candles=6
  [Cognition] POWERGRID: ticks=539 | live_candles=6
2026-06-05 09:34:11 [INFO] core.state_manager: [BRIEFING] Loading from data/session_briefing.json...
2026-06-05 09:34:11 [INFO] core.state_manager: [BRIEFING] Loaded Valid: 8 approved + 0 watchlist (MORNING_SCREENER)
2026-06-05 09:34:16 [INFO] apscheduler.executors.default: Running job "Market Observation Loop (trigger: interval[0:15:00], next run at: 2026-06-05 09:49:16 IST)" (scheduled at 2026-06-05 09:34:16.949332+05:30)
2026-06-05 09:34:16 [INFO] reflection.observation_loop: 🔍 Running observation cycle...
2026-06-05 09:34:16 [INFO] core.state_manager: [BRIEFING] Loading from data/session_briefing.json...
2026-06-05 09:34:16 [INFO] core.state_manager: [BRIEFING] Loaded Valid: 8 approved + 0 watchlist (MORNING_SCREENER)
2026-06-05 09:34:16 [INFO] reflection.observation_loop: 📊 Observation recorded:
   Market: RANGING | Trend: WEAK
   Vol: LOW | Breakouts: LOW
   Reversals: LOW
2026-06-05 09:34:16 [INFO] apscheduler.executors.default: Job "Market Observation Loop (trigger: interval[0:15:00], next run at: 2026-06-05 09:49:16 IST)" executed successfully
2026-06-05 09:35:00 [INFO] core.data_fetcher: 🕯️ Candle closed: NTPC | 2026-06-05 09:30 | O:365.40 H:365.75 L:365.20 C:365.65 V:32126539.0
2026-06-05 09:35:00 [INFO] core.data_fetcher: 🕯️ Candle closed: RELIANCE | 2026-06-05 09:30 | O:1299.20 H:1300.70 L:1299.00 C:1300.50 V:160856984.0
2026-06-05 09:35:00 [INFO] core.data_fetcher: 🕯️ Candle closed: ULTRACEMCO | 2026-06-05 09:30 | O:10982.00 H:11001.00 L:10978.00 C:10990.00 V:1964452.0
2026-06-05 09:35:02 [INFO] core.data_fetcher: 🕯️ Candle closed: MARUTI | 2026-06-05 09:30 | O:13087.00 H:13103.00 L:13075.00 C:13077.00 V:1266606.0
2026-06-05 09:35:02 [INFO] core.data_fetcher: 🕯️ Candle closed: POWERGRID | 2026-06-05 09:30 | O:284.00 H:284.10 L:283.15 C:283.55 V:78476945.0
2026-06-05 09:35:03 [INFO] core.data_fetcher: 🕯️ Candle closed: NESTLEIND | 2026-06-05 09:30 | O:1380.40 H:1381.20 L:1375.10 C:1375.90 V:4751633.0
2026-06-05 09:35:05 [INFO] core.data_fetcher: 🕯️ Candle closed: EICHERMOT | 2026-06-05 09:30 | O:7083.50 H:7103.00 L:7083.00 C:7089.00 V:1096043.0
2026-06-05 09:35:07 [INFO] core.data_fetcher: 📡 Live feed | ticks received: 8/8 symbols | active=['NTPC', 'RELIANCE', 'HEROMOTOCO', 'ULTRACEMCO', 'MARUTI', 'EICHERMOT', 'NESTLEIND', 'POWERGRID']
2026-06-05 09:35:11 [INFO] core.data_fetcher: 🕯️ Candle closed: HEROMOTOCO | 2026-06-05 09:30 | O:4836.00 H:4842.00 L:4827.70 C:4832.30 V:8877150.0
2026-06-05 09:35:16 [INFO] core.state_manager: [BRIEFING] Loading from data/session_briefing.json...
2026-06-05 09:35:16 [INFO] core.state_manager: [BRIEFING] Loaded Valid: 8 approved + 0 watchlist (MORNING_SCREENER)
2026-06-05 09:35:16 [INFO] core.strategy: ─── Scan summary (8 subscribed) ───
  [Cognition] NTPC: ticks=589 | live_candles=7
  [Cognition] RELIANCE: ticks=885 | live_candles=7
  [Cognition] HEROMOTOCO: ticks=834 | live_candles=7
  [Cognition] ULTRACEMCO: ticks=601 | live_candles=7
  [Cognition] MARUTI: ticks=506 | live_candles=7
  [Cognition] EICHERMOT: ticks=425 | live_candles=7
  [Cognition] NESTLEIND: ticks=476 | live_candles=7
  [Cognition] POWERGRID: ticks=574 | live_candles=7
2026-06-05 09:36:20 [INFO] core.state_manager: [BRIEFING] Loading from data/session_briefing.json...
2026-06-05 09:36:20 [INFO] core.state_manager: [BRIEFING] Loaded Valid: 8 approved + 0 watchlist (MORNING_SCREENER)
2026-06-05 09:36:47 [INFO] core.strategy: ─── Scan summary (8 subscribed) ───
  [Cognition] NTPC: ticks=636 | live_candles=7
  [Cognition] RELIANCE: ticks=950 | live_candles=7
  [Cognition] HEROMOTOCO: ticks=886 | live_candles=7
  [Cognition] ULTRACEMCO: ticks=632 | live_candles=7
  [Cognition] MARUTI: ticks=533 | live_candles=7
  [Cognition] EICHERMOT: ticks=439 | live_candles=7
  [Cognition] NESTLEIND: ticks=503 | live_candles=7
  [Cognition] POWERGRID: ticks=614 | live_candles=7
2026-06-05 09:37:07 [INFO] core.data_fetcher: 📡 Live feed | ticks received: 8/8 symbols | active=['NTPC', 'RELIANCE', 'HEROMOTOCO', 'ULTRACEMCO', 'MARUTI', 'EICHERMOT', 'NESTLEIND', 'POWERGRID']
2026-06-05 09:37:14 [WARNING] core.order_executor: 🔴 TRAILING_SL HIT | MARUTI | ₹13062.0 ≤ ₹13065.34
2026-06-05 09:37:14 [INFO] core.order_executor: 📋 [PAPER] SELL | MARUTI | Qty: 1 | @ ₹13062.0 | Reason: TRAILING_SL
2026-06-05 09:37:14 [INFO] core.state_manager: Position closed: MARUTI | 13062.0 | P&L: -50.00 | TRAILING_SL | price_source=ws_ltp
2026-06-05 09:37:25 [INFO] core.state_manager: [BRIEFING] Loading from data/session_briefing.json...
2026-06-05 09:37:25 [INFO] core.state_manager: [BRIEFING] Loaded Valid: 8 approved + 0 watchlist (MORNING_SCREENER)
2026-06-05 09:37:57 [WARNING] core.order_executor: 🔴 STOPLOSS HIT | HEROMOTOCO | ₹4826.4 ≤ ₹4827.84
2026-06-05 09:37:57 [INFO] core.order_executor: 📋 [PAPER] SELL | HEROMOTOCO | Qty: 4 | @ ₹4826.4 | Reason: STOPLOSS
2026-06-05 09:37:57 [INFO] core.state_manager: Position closed: HEROMOTOCO | 4826.4 | P&L: -102.80 | STOPLOSS | price_source=ws_ltp
2026-06-05 09:38:18 [INFO] core.strategy: ─── Scan summary (8 subscribed) ───
  [Cognition] NTPC: ticks=680 | live_candles=7
  [Cognition] RELIANCE: ticks=1035 | live_candles=7
  [Cognition] HEROMOTOCO: ticks=945 | live_candles=7
  [Cognition] ULTRACEMCO: ticks=670 | live_candles=7
  [Cognition] MARUTI: ticks=586 | live_candles=7
  [Cognition] EICHERMOT: ticks=479 | live_candles=7
  [Cognition] NESTLEIND: ticks=540 | live_candles=7
  [Cognition] POWERGRID: ticks=668 | live_candles=7
2026-06-05 09:38:29 [INFO] core.state_manager: [BRIEFING] Loading from data/session_briefing.json...
2026-06-05 09:38:29 [INFO] core.state_manager: [BRIEFING] Loaded Valid: 8 approved + 0 watchlist (MORNING_SCREENER)
2026-06-05 09:39:07 [INFO] core.data_fetcher: 📡 Live feed | ticks received: 8/8 symbols | active=['NTPC', 'RELIANCE', 'HEROMOTOCO', 'ULTRACEMCO', 'MARUTI', 'EICHERMOT', 'NESTLEIND', 'POWERGRID']
2026-06-05 09:39:34 [INFO] core.state_manager: [BRIEFING] Loading from data/session_briefing.json...
2026-06-05 09:39:34 [INFO] core.state_manager: [BRIEFING] Loaded Valid: 8 approved + 0 watchlist (MORNING_SCREENER)
2026-06-05 09:39:50 [INFO] core.strategy: ─── Scan summary (8 subscribed) ───
  [Cognition] NTPC: ticks=728 | live_candles=7
  [Cognition] RELIANCE: ticks=1119 | live_candles=7
  [Cognition] HEROMOTOCO: ticks=1008 | live_candles=7
  [Cognition] ULTRACEMCO: ticks=699 | live_candles=7
  [Cognition] MARUTI: ticks=618 | live_candles=7
  [Cognition] EICHERMOT: ticks=510 | live_candles=7
  [Cognition] NESTLEIND: ticks=579 | live_candles=7
  [Cognition] POWERGRID: ticks=709 | live_candles=7
2026-06-05 09:40:00 [INFO] core.data_fetcher: 🕯️ Candle closed: NESTLEIND | 2026-06-05 09:35 | O:1376.30 H:1377.30 L:1373.00 C:1375.10 V:8156550.0
2026-06-05 09:40:00 [INFO] core.data_fetcher: 🕯️ Candle closed: RELIANCE | 2026-06-05 09:35 | O:1300.30 H:1302.50 L:1300.10 C:1301.40 V:255261603.0
2026-06-05 09:40:00 [INFO] core.data_fetcher: 🕯️ Candle closed: HEROMOTOCO | 2026-06-05 09:35 | O:4833.70 H:4836.00 L:4820.00 C:4829.60 V:10177157.0
2026-06-05 09:40:00 [INFO] core.data_fetcher: 🕯️ Candle closed: POWERGRID | 2026-06-05 09:35 | O:283.70 H:283.85 L:283.05 C:283.55 V:120272761.0
2026-06-05 09:40:01 [INFO] core.data_fetcher: 🕯️ Candle closed: NTPC | 2026-06-05 09:35 | O:365.60 H:365.95 L:365.00 C:365.80 V:57632843.0
2026-06-05 09:40:01 [INFO] core.data_fetcher: 🕯️ Candle closed: MARUTI | 2026-06-05 09:35 | O:13084.00 H:13091.00 L:13026.00 C:13058.00 V:2223824.0
2026-06-05 09:40:06 [INFO] core.data_fetcher: 🕯️ Candle closed: ULTRACEMCO | 2026-06-05 09:35 | O:10988.00 H:10997.00 L:10961.00 C:10985.00 V:2257574.0
2026-06-05 09:40:07 [INFO] core.data_fetcher: 🕯️ Candle closed: EICHERMOT | 2026-06-05 09:35 | O:7088.50 H:7096.00 L:7064.50 C:7082.50 V:1857238.0
2026-06-05 09:40:38 [INFO] core.state_manager: [BRIEFING] Loading from data/session_briefing.json...
2026-06-05 09:40:38 [INFO] core.state_manager: [BRIEFING] Loaded Valid: 8 approved + 0 watchlist (MORNING_SCREENER)
2026-06-05 09:41:08 [INFO] core.data_fetcher: 📡 Live feed | ticks received: 8/8 symbols | active=['NTPC', 'RELIANCE', 'HEROMOTOCO', 'ULTRACEMCO', 'MARUTI', 'EICHERMOT', 'NESTLEIND', 'POWERGRID']
2026-06-05 09:41:21 [INFO] core.strategy: ─── Scan summary (8 subscribed) ───
  [Cognition] NTPC: ticks=763 | live_candles=8
  [Cognition] RELIANCE: ticks=1189 | live_candles=8
  [Cognition] HEROMOTOCO: ticks=1065 | live_candles=8
  [Cognition] ULTRACEMCO: ticks=737 | live_candles=8
  [Cognition] MARUTI: ticks=641 | live_candles=8
  [Cognition] EICHERMOT: ticks=535 | live_candles=8
  [Cognition] NESTLEIND: ticks=604 | live_candles=8
  [Cognition] POWERGRID: ticks=729 | live_candles=8
2026-06-05 09:41:37 [INFO] core.strategy: BUY SIGNAL TRIGGERED
Symbol: POWERGRID
Price: 284.2
Triggered Set: BUY_BREAKOUT_CONFIRMATION
Set Side: BUY
Confidence: base=72.0 signal_x=1.0 weight_x=1.0 time=9:15-10:00@1.0 market_x=1.0 advisory_x=0.99 final=71.3 min=65.0
Satisfied:
- Volume Breakout: VolSpike=True, PriceBreak=True, SMA=True
- Price above EMA20: Close=284.2 > EMA20=283.9
- Price above VWAP: Close=284.2 > VWAP=283.69
- RSI not overbought: RSI=55.1 < 65 ✓
Why: 4-gate fakeout filter. volume_breakout is a strong EVENT anchor. price_above_ema20, price_above_vwap, rsi_not_overbought are filters that eliminate false breakouts. Note: price_above_ema20 is slightly redundant (volume_breakout already checks SMA20) but kept as extra VWAP zone filter.
2026-06-05 09:41:37 [INFO] core.order_executor: ✅ Quantity calculated | Price: ₹284.2 | Qty: 69 | Deployed: ₹19610 | Limiting: Allocation-limited | Risk: 139sh | Alloc: 69sh | Lever: 348sh | Buying Power: ₹98986 | Margin Used: ₹0
2026-06-05 09:41:37 [INFO] core.order_executor: 📋 [PAPER] BUY | POWERGRID | Qty: 69 | @ ₹284.2 | SL: ₹282.78 | Target: ₹287.04
2026-06-05 09:41:37 [INFO] core.state_manager: Position saved: POWERGRID x69 | Target: 287.04 | SL: 282.78
2026-06-05 09:41:42 [INFO] core.state_manager: [BRIEFING] Loading from data/session_briefing.json...
2026-06-05 09:41:42 [INFO] core.state_manager: [BRIEFING] Loaded Valid: 8 approved + 0 watchlist (MORNING_SCREENER)
2026-06-05 09:41:42 [INFO] core.order_executor: 📈 TRAILING SL | POWERGRID | ₹282.78 → ₹282.83
2026-06-05 09:41:48 [INFO] core.order_executor: 📈 TRAILING SL | POWERGRID | ₹282.83 → ₹283.08
2026-06-05 09:41:53 [INFO] core.strategy: BUY SIGNAL TRIGGERED
Symbol: NTPC
Price: 367.25
Triggered Set: BUY_BREAKOUT_CONFIRMATION
Set Side: BUY
Confidence: base=72.0 signal_x=1.0 weight_x=1.0 time=9:15-10:00@1.0 market_x=1.0 advisory_x=0.99 final=71.3 min=65.0
Satisfied:
- Volume Breakout: VolSpike=True, PriceBreak=True, SMA=True
- Price above EMA20: Close=367.25 > EMA20=366.26
- Price above VWAP: Close=367.25 > VWAP=366.93
- RSI not overbought: RSI=58.6 < 65 ✓
Why: 4-gate fakeout filter. volume_breakout is a strong EVENT anchor. price_above_ema20, price_above_vwap, rsi_not_overbought are filters that eliminate false breakouts. Note: price_above_ema20 is slightly redundant (volume_breakout already checks SMA20) but kept as extra VWAP zone filter.
2026-06-05 09:41:53 [INFO] core.order_executor: ✅ Quantity calculated | Price: ₹367.25 | Qty: 53 | Deployed: ₹19464 | Limiting: Allocation-limited | Risk: 107sh | Alloc: 53sh | Lever: 216sh | Buying Power: ₹98986 | Margin Used: ₹0
2026-06-05 09:41:53 [INFO] core.order_executor: 📋 [PAPER] BUY | NTPC | Qty: 53 | @ ₹367.25 | SL: ₹365.41 | Target: ₹370.93
2026-06-05 09:41:53 [INFO] core.state_manager: Position saved: NTPC x53 | Target: 370.93 | SL: 365.41
2026-06-05 09:41:59 [INFO] core.order_executor: 📈 TRAILING SL | NTPC | ₹365.41 → ₹365.46
2026-06-05 09:42:09 [INFO] core.order_executor: 📈 TRAILING SL | NTPC | ₹365.46 → ₹365.51
2026-06-05 09:42:25 [INFO] core.order_executor: 📈 TRAILING SL | POWERGRID | ₹283.08 → ₹283.28
2026-06-05 09:42:31 [INFO] core.order_executor: 📈 TRAILING SL | POWERGRID | ₹283.28 → ₹283.43
2026-06-05 09:42:41 [INFO] core.order_executor: 📈 TRAILING SL | POWERGRID | ₹283.43 → ₹283.53
2026-06-05 09:42:47 [INFO] core.state_manager: [BRIEFING] Loading from data/session_briefing.json...
2026-06-05 09:42:47 [INFO] core.state_manager: [BRIEFING] Loaded Valid: 8 approved + 0 watchlist (MORNING_SCREENER)
2026-06-05 09:42:47 [INFO] core.order_executor: 📈 TRAILING SL | POWERGRID | ₹283.53 → ₹283.57
2026-06-05 09:42:52 [INFO] core.strategy: ─── Scan summary (8 subscribed) ───
  [Cognition] NTPC: ticks=822 | live_candles=8
  [Cognition] RELIANCE: ticks=1266 | live_candles=8
  [Cognition] HEROMOTOCO: ticks=1113 | live_candles=8
  [Cognition] ULTRACEMCO: ticks=767 | live_candles=8
  [Cognition] MARUTI: ticks=670 | live_candles=8
  [Cognition] EICHERMOT: ticks=558 | live_candles=8
  [Cognition] NESTLEIND: ticks=626 | live_candles=8
  [Cognition] POWERGRID: ticks=768 | live_candles=8
2026-06-05 09:42:52 [INFO] core.order_executor: 📈 TRAILING SL | POWERGRID | ₹283.57 → ₹283.77
2026-06-05 09:42:52 [INFO] core.order_executor: 📈 TRAILING SL | NTPC | ₹365.51 → ₹365.56
2026-06-05 09:43:08 [INFO] core.data_fetcher: 📡 Live feed | ticks received: 8/8 symbols | active=['NTPC', 'RELIANCE', 'HEROMOTOCO', 'ULTRACEMCO', 'MARUTI', 'EICHERMOT', 'NESTLEIND', 'POWERGRID']
2026-06-05 09:43:14 [INFO] core.order_executor: 📈 TRAILING SL | NTPC | ₹365.56 → ₹365.61
2026-06-05 09:43:19 [INFO] core.order_executor: 📈 TRAILING SL | NTPC | ₹365.61 → ₹365.76
2026-06-05 09:43:51 [INFO] core.state_manager: [BRIEFING] Loading from data/session_briefing.json...
2026-06-05 09:43:51 [INFO] core.state_manager: [BRIEFING] Loaded Valid: 8 approved + 0 watchlist (MORNING_SCREENER)
2026-06-05 09:44:02 [INFO] core.order_executor: 📈 TRAILING SL | POWERGRID | ₹283.77 → ₹283.87
2026-06-05 09:44:02 [INFO] core.order_executor: 📈 TRAILING SL | NTPC | ₹365.76 → ₹365.96
2026-06-05 09:44:07 [INFO] core.order_executor: 📈 TRAILING SL | POWERGRID | ₹283.87 → ₹283.92
2026-06-05 09:44:23 [INFO] core.strategy: ─── Scan summary (8 subscribed) ───
  [Cognition] NTPC: ticks=885 | live_candles=8
  [Cognition] RELIANCE: ticks=1327 | live_candles=8
  [Cognition] HEROMOTOCO: ticks=1173 | live_candles=8
  [Cognition] ULTRACEMCO: ticks=796 | live_candles=8
  [Cognition] MARUTI: ticks=684 | live_candles=8
  [Cognition] EICHERMOT: ticks=573 | live_candles=8
  [Cognition] NESTLEIND: ticks=654 | live_candles=8
  [Cognition] POWERGRID: ticks=799 | live_candles=8
2026-06-05 09:44:23 [INFO] core.order_executor: 📈 TRAILING SL | POWERGRID | ₹283.92 → ₹284.17
2026-06-05 09:44:28 [INFO] core.order_executor: 📈 TRAILING SL | POWERGRID | ₹284.17 → ₹284.27
2026-06-05 09:44:34 [INFO] core.order_executor: 📈 TRAILING SL | NTPC | ₹365.96 → ₹366.16
2026-06-05 09:44:39 [INFO] core.order_executor: 📈 TRAILING SL | NTPC | ₹366.16 → ₹366.21
2026-06-05 09:44:44 [INFO] core.order_executor: 📈 TRAILING SL | NTPC | ₹366.21 → ₹366.36
2026-06-05 09:44:55 [INFO] core.state_manager: [BRIEFING] Loading from data/session_briefing.json...
2026-06-05 09:44:55 [INFO] core.state_manager: [BRIEFING] Loaded Valid: 8 approved + 0 watchlist (MORNING_SCREENER)
2026-06-05 09:45:00 [INFO] core.data_fetcher: 🕯️ Candle closed: NESTLEIND | 2026-06-05 09:40 | O:1375.00 H:1378.90 L:1375.00 C:1378.70 V:6527559.0
2026-06-05 09:45:00 [INFO] core.data_fetcher: 🕯️ Candle closed: MARUTI | 2026-06-05 09:40 | O:13062.00 H:13076.00 L:13053.00 C:13076.00 V:1598621.0
2026-06-05 09:45:00 [INFO] core.data_fetcher: 🕯️ Candle closed: RELIANCE | 2026-06-05 09:40 | O:1301.50 H:1302.00 L:1299.70 C:1300.60 V:284423324.0
2026-06-05 09:45:01 [INFO] core.strategy: BUY SIGNAL TRIGGERED
Symbol: NESTLEIND
Price: 1378.8
Triggered Set: BUY_BOLLINGER_REVERSAL
Set Side: BUY
Confidence: base=70.0 signal_x=1.0 weight_x=1.0 time=9:15-10:00@1.0 market_x=1.0 advisory_x=0.99 final=69.3 min=65.0
Satisfied:
- Bollinger Band Bounce: Touched=True, Bounced=True, RSI=40.6
- Bullish Reversal Candle: Bullish Engulfing, Bullish Marubozu
Why: Mean-reversion bounce from lower Bollinger Band with bullish candle structure confirming the reversal. Works well in ranging intraday conditions.
2026-06-05 09:45:01 [INFO] core.order_executor: ✅ Quantity calculated | Price: ₹1378.8 | Qty: 14 | Deployed: ₹19303 | Limiting: Allocation-limited | Risk: 28sh | Alloc: 14sh | Lever: 43sh | Buying Power: ₹98986 | Margin Used: ₹0
2026-06-05 09:45:01 [INFO] core.order_executor: 📋 [PAPER] BUY | NESTLEIND | Qty: 14 | @ ₹1378.8 | SL: ₹1371.91 | Target: ₹1392.58
2026-06-05 09:45:01 [INFO] core.data_fetcher: 🕯️ Candle closed: POWERGRID | 2026-06-05 09:40 | O:283.40 H:285.80 L:283.40 C:285.65 V:101783170.0
2026-06-05 09:45:01 [INFO] core.state_manager: Position saved: NESTLEIND x14 | Target: 1392.58 | SL: 1371.91
2026-06-05 09:45:01 [INFO] core.data_fetcher: 🕯️ Candle closed: NTPC | 2026-06-05 09:40 | O:365.90 H:368.40 L:365.15 C:368.15 V:94729101.0
2026-06-05 09:45:02 [INFO] core.data_fetcher: 🕯️ Candle closed: HEROMOTOCO | 2026-06-05 09:40 | O:4829.90 H:4832.20 L:4823.50 C:4826.40 V:11159011.0
2026-06-05 09:45:03 [INFO] core.data_fetcher: 🕯️ Candle closed: EICHERMOT | 2026-06-05 09:40 | O:7080.00 H:7092.50 L:7071.50 C:7089.00 V:1426414.0
2026-06-05 09:45:06 [INFO] core.data_fetcher: 🕯️ Candle closed: ULTRACEMCO | 2026-06-05 09:40 | O:10986.00 H:11000.00 L:10985.00 C:10992.00 V:2887583.0
2026-06-05 09:45:08 [INFO] core.data_fetcher: 📡 Live feed | ticks received: 8/8 symbols | active=['NTPC', 'RELIANCE', 'HEROMOTOCO', 'ULTRACEMCO', 'MARUTI', 'EICHERMOT', 'NESTLEIND', 'POWERGRID']
2026-06-05 09:45:16 [INFO] core.order_executor: 📈 TRAILING SL | NESTLEIND | ₹1371.91 → ₹1372.3
2026-06-05 09:45:27 [INFO] core.order_executor: 📈 TRAILING SL | NESTLEIND | ₹1372.3 → ₹1372.6
2026-06-05 09:45:54 [INFO] core.strategy: ─── Scan summary (8 subscribed) ───
  [Cognition] NTPC: ticks=930 | live_candles=9
  [Cognition] RELIANCE: ticks=1417 | live_candles=9
  [Cognition] HEROMOTOCO: ticks=1239 | live_candles=9
  [Cognition] ULTRACEMCO: ticks=816 | live_candles=9
  [Cognition] MARUTI: ticks=709 | live_candles=9
  [Cognition] EICHERMOT: ticks=592 | live_candles=9
  [Cognition] NESTLEIND: ticks=684 | live_candles=9
  [Cognition] POWERGRID: ticks=832 | live_candles=9
2026-06-05 09:45:59 [INFO] core.state_manager: [BRIEFING] Loading from data/session_briefing.json...
2026-06-05 09:45:59 [INFO] core.state_manager: [BRIEFING] Loaded Valid: 8 approved + 0 watchlist (MORNING_SCREENER)
2026-06-05 09:46:05 [INFO] core.order_executor: 📈 TRAILING SL | NTPC | ₹366.36 → ₹366.46
2026-06-05 09:46:15 [INFO] core.order_executor: 📈 TRAILING SL | NTPC | ₹366.46 → ₹366.51
2026-06-05 09:47:03 [INFO] core.state_manager: [BRIEFING] Loading from data/session_briefing.json...
2026-06-05 09:47:03 [INFO] core.state_manager: [BRIEFING] Loaded Valid: 8 approved + 0 watchlist (MORNING_SCREENER)
2026-06-05 09:47:08 [INFO] core.data_fetcher: 📡 Live feed | ticks received: 8/8 symbols | active=['NTPC', 'RELIANCE', 'HEROMOTOCO', 'ULTRACEMCO', 'MARUTI', 'EICHERMOT', 'NESTLEIND', 'POWERGRID']
2026-06-05 09:47:24 [INFO] core.strategy: ─── Scan summary (8 subscribed) ───
  [Cognition] NTPC: ticks=972 | live_candles=9
  [Cognition] RELIANCE: ticks=1497 | live_candles=9
  [Cognition] HEROMOTOCO: ticks=1304 | live_candles=9
  [Cognition] ULTRACEMCO: ticks=842 | live_candles=9
  [Cognition] MARUTI: ticks=740 | live_candles=9
  [Cognition] EICHERMOT: ticks=631 | live_candles=9
  [Cognition] NESTLEIND: ticks=707 | live_candles=9
  [Cognition] POWERGRID: ticks=855 | live_candles=9
2026-06-05 09:47:24 [INFO] core.order_executor: 📈 TRAILING SL | NTPC | ₹366.51 → ₹366.56
2026-06-05 09:48:07 [INFO] core.state_manager: [BRIEFING] Loading from data/session_briefing.json...
2026-06-05 09:48:07 [INFO] core.state_manager: [BRIEFING] Loaded Valid: 8 approved + 0 watchlist (MORNING_SCREENER)
2026-06-05 09:48:55 [INFO] core.strategy: ─── Scan summary (8 subscribed) ───
  [Cognition] NTPC: ticks=1024 | live_candles=9
  [Cognition] RELIANCE: ticks=1540 | live_candles=9
  [Cognition] HEROMOTOCO: ticks=1361 | live_candles=9
  [Cognition] ULTRACEMCO: ticks=870 | live_candles=9
  [Cognition] MARUTI: ticks=775 | live_candles=9
  [Cognition] EICHERMOT: ticks=668 | live_candles=9
  [Cognition] NESTLEIND: ticks=727 | live_candles=9
  [Cognition] POWERGRID: ticks=878 | live_candles=9
2026-06-05 09:49:08 [INFO] core.data_fetcher: 📡 Live feed | ticks received: 8/8 symbols | active=['NTPC', 'RELIANCE', 'HEROMOTOCO', 'ULTRACEMCO', 'MARUTI', 'EICHERMOT', 'NESTLEIND', 'POWERGRID']
2026-06-05 09:49:11 [INFO] core.state_manager: [BRIEFING] Loading from data/session_briefing.json...
2026-06-05 09:49:11 [INFO] core.state_manager: [BRIEFING] Loaded Valid: 8 approved + 0 watchlist (MORNING_SCREENER)
2026-06-05 09:49:16 [INFO] apscheduler.executors.default: Running job "Market Observation Loop (trigger: interval[0:15:00], next run at: 2026-06-05 10:04:16 IST)" (scheduled at 2026-06-05 09:49:16.949332+05:30)
2026-06-05 09:49:16 [INFO] reflection.observation_loop: 🔍 Running observation cycle...
2026-06-05 09:49:16 [INFO] core.state_manager: [BRIEFING] Loading from data/session_briefing.json...
2026-06-05 09:49:16 [INFO] core.state_manager: [BRIEFING] Loaded Valid: 8 approved + 0 watchlist (MORNING_SCREENER)
2026-06-05 09:49:16 [INFO] reflection.observation_loop: 📊 Observation recorded:
   Market: RANGING | Trend: WEAK
   Vol: LOW | Breakouts: LOW
   Reversals: LOW
2026-06-05 09:49:16 [INFO] apscheduler.executors.default: Job "Market Observation Loop (trigger: interval[0:15:00], next run at: 2026-06-05 10:04:16 IST)" executed successfully
2026-06-05 09:50:00 [INFO] core.data_fetcher: 🕯️ Candle closed: NESTLEIND | 2026-06-05 09:45 | O:1378.80 H:1379.50 L:1375.30 C:1376.00 V:6919344.0
2026-06-05 09:50:00 [INFO] core.data_fetcher: 🕯️ Candle closed: RELIANCE | 2026-06-05 09:45 | O:1300.00 H:1300.70 L:1299.60 C:1299.90 V:320743762.0
2026-06-05 09:50:01 [INFO] core.data_fetcher: 🕯️ Candle closed: MARUTI | 2026-06-05 09:45 | O:13069.00 H:13076.00 L:13039.00 C:13039.00 V:2607282.0
2026-06-05 09:50:01 [INFO] core.data_fetcher: 🕯️ Candle closed: HEROMOTOCO | 2026-06-05 09:45 | O:4825.00 H:4825.60 L:4812.00 C:4813.80 V:14757726.0
2026-06-05 09:50:01 [INFO] core.data_fetcher: 🕯️ Candle closed: NTPC | 2026-06-05 09:45 | O:368.25 H:368.50 L:368.00 C:368.30 V:97561860.0
2026-06-05 09:50:02 [INFO] core.data_fetcher: 🕯️ Candle closed: EICHERMOT | 2026-06-05 09:45 | O:7087.50 H:7096.50 L:7068.50 C:7078.00 V:3379977.0
2026-06-05 09:50:04 [INFO] core.data_fetcher: 🕯️ Candle closed: ULTRACEMCO | 2026-06-05 09:45 | O:10991.00 H:10991.00 L:10966.00 C:10974.00 V:2882519.0
2026-06-05 09:50:08 [INFO] core.data_fetcher: 🕯️ Candle closed: POWERGRID | 2026-06-05 09:45 | O:285.75 H:285.75 L:285.00 C:285.10 V:77283328.0
2026-06-05 09:50:15 [INFO] core.state_manager: [BRIEFING] Loading from data/session_briefing.json...
2026-06-05 09:50:15 [INFO] core.state_manager: [BRIEFING] Loaded Valid: 8 approved + 0 watchlist (MORNING_SCREENER)
2026-06-05 09:50:25 [INFO] core.strategy: ─── Scan summary (8 subscribed) ───
  [Cognition] NTPC: ticks=1081 | live_candles=10
  [Cognition] RELIANCE: ticks=1589 | live_candles=10
  [Cognition] HEROMOTOCO: ticks=1416 | live_candles=10
  [Cognition] ULTRACEMCO: ticks=895 | live_candles=10
  [Cognition] MARUTI: ticks=802 | live_candles=10
  [Cognition] EICHERMOT: ticks=690 | live_candles=10
  [Cognition] NESTLEIND: ticks=758 | live_candles=10
  [Cognition] POWERGRID: ticks=900 | live_candles=10
2026-06-05 09:51:08 [INFO] core.data_fetcher: 📡 Live feed | ticks received: 8/8 symbols | active=['NTPC', 'RELIANCE', 'HEROMOTOCO', 'ULTRACEMCO', 'MARUTI', 'EICHERMOT', 'NESTLEIND', 'POWERGRID']
2026-06-05 09:51:18 [INFO] core.state_manager: [BRIEFING] Loading from data/session_briefing.json...
2026-06-05 09:51:18 [INFO] core.state_manager: [BRIEFING] Loaded Valid: 8 approved + 0 watchlist (MORNING_SCREENER)
2026-06-05 09:51:56 [INFO] core.strategy: ─── Scan summary (8 subscribed) ───
  [Cognition] NTPC: ticks=1109 | live_candles=10
  [Cognition] RELIANCE: ticks=1656 | live_candles=10
  [Cognition] HEROMOTOCO: ticks=1468 | live_candles=10
  [Cognition] ULTRACEMCO: ticks=914 | live_candles=10
  [Cognition] MARUTI: ticks=822 | live_candles=10
  [Cognition] EICHERMOT: ticks=711 | live_candles=10
  [Cognition] NESTLEIND: ticks=785 | live_candles=10
  [Cognition] POWERGRID: ticks=928 | live_candles=10
2026-06-05 09:51:56 [WARNING] core.strategy: Entries disabled by session state FLAT_LOCKED (EMERGENCY_SQUAREOFF_SUCCESS). Exit checks continue; BUY scan skipped.
2026-06-05 09:52:01 [WARNING] core.strategy: Entries disabled by session state FLAT_LOCKED (EMERGENCY_SQUAREOFF_SUCCESS). Exit checks continue; BUY scan skipped.
2026-06-05 09:52:06 [WARNING] core.strategy: Entries disabled by session state FLAT_LOCKED (EMERGENCY_SQUAREOFF_SUCCESS). Exit checks continue; BUY scan skipped.
2026-06-05 09:52:11 [WARNING] core.strategy: Entries disabled by session state FLAT_LOCKED (EMERGENCY_SQUAREOFF_SUCCESS). Exit checks continue; BUY scan skipped.
2026-06-05 09:52:16 [WARNING] core.strategy: Entries disabled by session state FLAT_LOCKED (EMERGENCY_SQUAREOFF_SUCCESS). Exit checks continue; BUY scan skipped.
2026-06-05 09:52:21 [INFO] core.state_manager: [BRIEFING] Loading from data/session_briefing.json...
2026-06-05 09:52:21 [INFO] core.state_manager: [BRIEFING] Loaded Valid: 8 approved + 0 watchlist (MORNING_SCREENER)
2026-06-05 09:52:21 [WARNING] core.strategy: Entries disabled by session state FLAT_LOCKED (EMERGENCY_SQUAREOFF_SUCCESS). Exit checks continue; BUY scan skipped.
2026-06-05 09:52:25 [INFO] AlcoSoft: Shutdown signal received. Stopping gracefully...
2026-06-05 09:52:26 [INFO] core.strategy: Strategy loop stopped.
2026-06-05 09:52:26 [INFO] AlcoSoft: Running cleanup...
2026-06-05 09:52:26 [INFO] AlcoSoft: Scheduler stopped.
2026-06-05 09:52:26 [INFO] core.state_manager: [BRIEFING] Loading from data/session_briefing.json...
2026-06-05 09:52:26 [INFO] core.state_manager: [BRIEFING] Loaded Valid: 8 approved + 0 watchlist (MORNING_SCREENER)
2026-06-05 09:52:26 [INFO] core.data_fetcher: Live feed stopped.
2026-06-05 09:52:26 [INFO] AlcoSoft: Live feed stopped.
2026-06-05 09:52:26 [INFO] core.kotak_client: Kotak session logged out cleanly.
2026-06-05 09:52:26 [INFO] AlcoSoft: Kotak session closed.
2026-06-05 09:52:26 [INFO] AlcoSoft: AlcoSoft shutdown complete. Goodbye.
2026-06-05 09:52:26 [INFO] apscheduler.scheduler: Scheduler has been shut down
2026-06-05 09:52:31 [INFO] reflection.reflection_statistics: ✅ Reflection statistics database initialized
2026-06-05 09:52:31 [INFO] AlcoSoft: =======================================================
2026-06-05 09:52:31 [INFO] AlcoSoft:   ALCOSOFT FINANCIAL SERVICES — SYSTEM STARTING
2026-06-05 09:52:31 [INFO] AlcoSoft:   Mode: PAPER | Strategy: INTRADAY
2026-06-05 09:52:31 [INFO] AlcoSoft: =======================================================
2026-06-05 09:52:31 [INFO] AlcoSoft: [0/6] Initializing database...
2026-06-05 09:52:31 [INFO] core.state_manager: Database initialized.
2026-06-05 09:52:31 [INFO] AlcoSoft: [1/6] Running preflight health checks...
2026-06-05 09:52:31 [INFO] core.health_monitor: 🔍 Running preflight health checks...
2026-06-05 09:52:31 [INFO] core.health_monitor: ✅ API Credentials: All API keys configured
2026-06-05 09:52:31 [INFO] core.kotak_client: Initializing Kotak Neo session...
2026-06-05 09:52:31 [INFO] core.kotak_client: TOTP generated: 189627
2026-06-05 09:52:31 [INFO] core.kotak_client: TOTP login response: {'data': {'token': 'eyJhbGciOiJSUzI1NiIsInR5cCI6IkpXVCJ9.eyJqdGkiOiI0ODI2NDQ2Yy1kYTZmLTRlNjYtOGI4MC0xNTgxOTA0NzJhZmIiLCJpc3MiOiJsb2dpbi1zZXJ2aWNlIiwic3ViIjoiZDZiODIzNzgtNDMzMy00OTcyLTk2ZTgtOTllOWYwMzE0N2MwIiwidWNjIjoiWEQxNkYiLCJuYXAiOiIiLCJ5Y2UiOiJlWVxcNiAvKjU9dFx1MDAwNlx1MDAwYlx1MDAwNHVcdTAwMDBcdTAwMTBiIiwiY2F0ZWdvcmlzYXRpb24iOiIiLCJzY29wZSI6WyJWaWV3Il0sImV4cCI6MTc4MDY4NDIwMCwiaWF0IjoxNzgwNjMzMzUxLCJmZXRjaGNhY2hpbmdydWxlIjowfQ.EqngEPbZWh9gLGdG6VCSvkBS25mvsvJ7RuRWIpy_9sOKQYaLl_35BemVLAFkNpbLZgOS4kWwBfEA3KMwKh6WZKK1CYqtvdWk3zbqpqc8R8dXFKtaMA1QkcaKKqoacffXFbvunoJdf7heUUnvxLilJdpbgaHUnfgswZ6OVHUDHqIx5GH6UemOJYIaFJzUfeo8sSDYfAIQbpOOWofUXZfryet8-qIhxrB78J6YboDiu4eHHb7QFr3OHYwnmyaXpo7wag-NyHK0FowHIrYpTJuvxywujs7IO3OXOlc-qkqypB4_8tSuUFU_wpSKOyYFsOOnZWQBwF9NcS1mtoq4FZGGwg', 'sid': 'bd0e2a90-5776-4498-90b8-4bfeeb7f1551', 'rid': '77be573e-672b-4b2f-b2a5-00c07b6f2a07', 'hsServerId': '', 'isUserPwdExpired': False, 'ucc': 'XD16F', 'greetingName': 'MANOJ', 'isTrialAccount': False, 'dataCenter': 'E41', 'derivativesRiskDisclosure': 'Risk Disclosure on Derivatives\n\nAs per a SEBI study dated 25 Jan 2023- \n• 9 out of 10 individual traders in equity Futures and Options Segment, incurred net losses.\n• On an average, loss makers registered net trading loss close to Rs.50,000.\n• Over and above the net trading losses incurred, loss makers expended an additional 28% of net trading losses as transaction costs.\n• Those making net trading profits, incurred between 15% to 50% of such profits as transaction cost.\n\nFor more information please check out : https://www.sebi.gov.in/reports-and-statistics/research/jan-2023/study-analysis-of-profit-and-loss-of-individual-traders-dealing-in-equity-fando-segment_67525.html', 'mfAccess': 1, 'dataCenterMap': None, 'dormancyStatus': 'A', 'asbaStatus': '', 'clientType': 'RI', 'isNRI': False, 'kId': 'ADDPR4621C', 'kType': 'View', 'status': 'success', 'incRange': 0, 'incUpdFlag': '', 'clientGroup': '', 'kraStatus': '', 'rcFlag': 0}}
2026-06-05 09:52:31 [INFO] core.kotak_client: 🔍 TOTP login data keys: ['token', 'sid', 'rid', 'hsServerId', 'isUserPwdExpired', 'ucc', 'greetingName', 'isTrialAccount', 'dataCenter', 'derivativesRiskDisclosure', 'mfAccess', 'dataCenterMap', 'dormancyStatus', 'asbaStatus', 'clientType', 'isNRI', 'kId', 'kType', 'status', 'incRange', 'incUpdFlag', 'clientGroup', 'kraStatus', 'rcFlag']
2026-06-05 09:52:34 [INFO] core.kotak_client: MPIN validation response: {'data': {'token': 'eyJhbGciOiJSUzI1NiIsInR5cCI6IkpXVCJ9.eyJqdGkiOiI4YzliNjY2Ni05MjBkLTRjYTUtYTc1MC1jOTc5OTQ5ZmZhMGIiLCJpc3MiOiJsb2dpbi1zZXJ2aWNlIiwic3ViIjoiZDZiODIzNzgtNDMzMy00OTcyLTk2ZTgtOTllOWYwMzE0N2MwIiwidWNjIjoiWEQxNkYiLCJuYXAiOiIiLCJ5Y2UiOiJlWVxcNiAvKjU9dFx1MDAwNlx1MDAwYlx1MDAwNHVcdTAwMDBcdTAwMTBiIiwiY2F0ZWdvcmlzYXRpb24iOiIiLCJzY29wZSI6WyJUcmFkZSJdLCJleHAiOjE3ODA2ODQyMDAsImlhdCI6MTc4MDYzMzM1MywiZmV0Y2hjYWNoaW5ncnVsZSI6MH0.GEDGpfX25dJiJy_W-lRJqZl-7RK9cb1Zlx8VBMuCmoNNHer21-3GO4F0HtPsN16bO7DLAxWz2DJkZRd5sl8d2q7Vw5A8-vcL--Il7KPRaMsZywEF3nbHuT8o9PyuC51hR96GRawl4lZgjhANXAGiT5TSD27Zr0XVuq2VC5iWedaKM0tcTxl_jnMlxyqkeCondY_xshFid1yqRcgq7142yOKipDiRqVs-kJ9igffwTxX76YD_Le11vMP60oJ5FqTbWHN9fuMiNm6VSy_4pSTb54PAEkVZxMbg4ugpc2CmzCvl1qFQnk0_9CR6PdHIo9wQxKCNJiQzgNEeSo95iCPaOQ', 'sid': '1d2d4607-647d-42bd-b3ac-a1fe915d4ca5', 'rid': '77be573e-672b-4b2f-b2a5-00c07b6f2a07', 'baseUrl': 'https://e41.kotaksecurities.com', 'hsServerId': '', 'isUserPwdExpired': False, 'ucc': 'XD16F', 'greetingName': 'MANOJ', 'isTrialAccount': False, 'dataCenter': 'E41', 'derivativesRiskDisclosure': 'Risk Disclosure on Derivatives\n\nAs per a SEBI study dated 25 Jan 2023- \n• 9 out of 10 individual traders in equity Futures and Options Segment, incurred net losses.\n• On an average, loss makers registered net trading loss close to Rs.50,000.\n• Over and above the net trading losses incurred, loss makers expended an additional 28% of net trading losses as transaction costs.\n• Those making net trading profits, incurred between 15% to 50% of such profits as transaction cost.\n\nFor more information please check out : https://www.sebi.gov.in/reports-and-statistics/research/jan-2023/study-analysis-of-profit-and-loss-of-individual-traders-dealing-in-equity-fando-segment_67525.html', 'mfAccess': 1, 'dataCenterMap': None, 'dormancyStatus': 'A', 'asbaStatus': '', 'clientType': 'RI', 'isNRI': False, 'kId': 'ADDPR4621C', 'kType': 'Trade', 'status': 'success', 'incRange': 0, 'incUpdFlag': '', 'clientGroup': '', 'kraStatus': '', 'rcFlag': 0}}
2026-06-05 09:52:34 [INFO] core.kotak_client: 🔍 MPIN response data keys: ['token', 'sid', 'rid', 'baseUrl', 'hsServerId', 'isUserPwdExpired', 'ucc', 'greetingName', 'isTrialAccount', 'dataCenter', 'derivativesRiskDisclosure', 'mfAccess', 'dataCenterMap', 'dormancyStatus', 'asbaStatus', 'clientType', 'isNRI', 'kId', 'kType', 'status', 'incRange', 'incUpdFlag', 'clientGroup', 'kraStatus', 'rcFlag']
2026-06-05 09:52:34 [INFO] core.kotak_client: ✅ NeoAPI configuration.edit_token & edit_sid SET (confirmed)
2026-06-05 09:52:34 [INFO] core.kotak_client: ✅ Trade token verified (kType=Trade) | sid present | baseUrl set
2026-06-05 09:52:34 [INFO] core.kotak_client: ✅ Kotak Neo session established successfully.
2026-06-05 09:52:34 [INFO] core.health_monitor: ✅ Broker Connection: Connected
2026-06-05 09:52:34 [INFO] core.health_monitor: ✅ Database: DB OK (0 open positions)
2026-06-05 09:52:34 [INFO] core.state_manager: [BRIEFING] Loading from data/session_briefing.json...
2026-06-05 09:52:34 [INFO] core.state_manager: [BRIEFING] Loaded Valid: 8 approved + 0 watchlist (MORNING_SCREENER)
2026-06-05 09:52:34 [INFO] core.state_manager: [BRIEFING] Validation PASSED: 8 approved + 0 watchlist (MORNING_SCREENER)
2026-06-05 09:52:34 [INFO] core.health_monitor: ✅ Trading Briefing: Briefing OK (8 cognition, 0 watchlist, 8 total)
2026-06-05 09:52:34 [INFO] core.health_monitor: ✅ Live Feed: Feed not started yet (starts after briefing load)
2026-06-05 09:52:34 [INFO] core.health_monitor: ✅ Market Hours: Market is OPEN
2026-06-05 09:52:34 [INFO] core.health_monitor: ✅ Available Capital: Capital ₹19845
2026-06-05 09:52:34 [INFO] core.health_monitor: ✅ Daily Loss Limit: Daily loss OK
2026-06-05 09:52:34 [INFO] core.health_monitor: 
======================================================================
SYSTEM HEALTH REPORT — 2026-06-05T09:52:31.526452
======================================================================

✅ PASSED (8):
   • API Credentials
   • Broker Connection
   • Database
   • Trading Briefing
   • Live Feed
   • Market Hours
   • Available Capital
   • Daily Loss Limit

======================================================================

2026-06-05 09:52:34 [INFO] AlcoSoft: [2/6] Checking for previous state...
2026-06-05 09:52:34 [INFO] core.state_manager: [BRIEFING] Loading from data/session_briefing.json...
2026-06-05 09:52:34 [INFO] core.state_manager: [BRIEFING] Loaded Valid: 8 approved + 0 watchlist (MORNING_SCREENER)
2026-06-05 09:52:34 [INFO] core.state_manager: No open positions found. Clean startup.
2026-06-05 09:52:34 [INFO] AlcoSoft: [3/6] Connecting to Kotak Neo...
2026-06-05 09:52:34 [INFO] AlcoSoft: ✅ Kotak session established successfully.
2026-06-05 09:52:34 [INFO] AlcoSoft: [3b/6] Reconciling broker vs local positions...
2026-06-05 09:52:34 [INFO] core.broker_reconciliation: Reconciliation skipped broker position pull in PAPER mode.
2026-06-05 09:52:34 [INFO] AlcoSoft: [3c/6] Validating capital allocation configuration...
2026-06-05 09:52:34 [INFO] core.order_executor: ✅ Allocation configuration valid
2026-06-05 09:52:34 [INFO] AlcoSoft: ✅ Capital allocation configuration valid
2026-06-05 09:52:34 [INFO] AlcoSoft: [4/6] Checking today's morning screener briefing...
2026-06-05 09:52:34 [INFO] core.state_manager: [BRIEFING] Loading from data/session_briefing.json...
2026-06-05 09:52:34 [INFO] core.state_manager: [BRIEFING] Loaded Valid: 8 approved + 0 watchlist (MORNING_SCREENER)
2026-06-05 09:52:34 [INFO] core.state_manager: [BRIEFING] Validation PASSED: 8 approved + 0 watchlist (MORNING_SCREENER)
2026-06-05 09:52:34 [INFO] AlcoSoft: [4/6] Skipping screener: today's MORNING_SCREENER briefing exists (8 approved + 0 watchlist).
2026-06-05 09:52:34 [INFO] AlcoSoft: [5/6] Loading and validating briefing for trading...
2026-06-05 09:52:34 [INFO] core.state_manager: [BRIEFING] Loading from data/session_briefing.json...
2026-06-05 09:52:34 [INFO] core.state_manager: [BRIEFING] Loaded Valid: 8 approved + 0 watchlist (MORNING_SCREENER)
2026-06-05 09:52:34 [INFO] core.state_manager: [BRIEFING] Validation PASSED: 8 approved + 0 watchlist (MORNING_SCREENER)
2026-06-05 09:52:34 [INFO] core.state_manager: [BRIEFING] Safety gate PASSED: Ready for trading
2026-06-05 09:52:34 [INFO] core.state_manager: [BRIEFING] Validation PASSED: 8 approved + 0 watchlist (MORNING_SCREENER)
2026-06-05 09:52:34 [INFO] AlcoSoft: [BRIEFING] Validated ✅
2026-06-05 09:52:34 [INFO] AlcoSoft: [BRIEFING] Subscribing live feed: 8 symbols (8 cognition + 0 watchlist)
2026-06-05 09:52:34 [INFO] core.data_fetcher: Starting live feed for 8 symbols: ['NTPC', 'RELIANCE', 'HEROMOTOCO', 'ULTRACEMCO', 'MARUTI', 'EICHERMOT', 'NESTLEIND', 'POWERGRID']
2026-06-05 09:52:34 [INFO] core.data_fetcher: Subscribing to 8 instruments...
2026-06-05 09:52:34 [INFO] core.data_fetcher: ✅ Subscribed to live feed: ['11630', '2885', '1348', '11532', '10999', '910', '17963', '14977']
2026-06-05 09:52:34 [INFO] core.state_manager: [BRIEFING] Saving to data/session_briefing.json...
2026-06-05 09:52:34 [INFO] core.state_manager: [BRIEFING] Saved and verified: data/session_briefing.json
2026-06-05 09:52:34 [INFO] core.state_manager: [BRIEFING]   - Approved: 8
2026-06-05 09:52:34 [INFO] core.state_manager: [BRIEFING]   - Watchlist: 0
2026-06-05 09:52:34 [INFO] AlcoSoft: [BRIEFING] Saved
2026-06-05 09:52:34 [INFO] AlcoSoft: Live feed active for 8 symbols.
2026-06-05 09:52:34 [INFO] AlcoSoft:   Cognition picks : ['NTPC', 'RELIANCE', 'HEROMOTOCO', 'ULTRACEMCO', 'MARUTI', 'EICHERMOT', 'NESTLEIND', 'POWERGRID']
2026-06-05 09:52:34 [INFO] AlcoSoft:   Math watchlist : []
2026-06-05 09:52:34 [INFO] AlcoSoft: [6/6] Verifying live feed...
2026-06-05 09:52:34 [INFO] core.data_fetcher: ✅ WebSocket connection opened.
2026-06-05 09:52:35 [INFO] core.data_fetcher: 📡 Live feed | ticks received: 8/8 symbols | active=['NTPC', 'RELIANCE', 'HEROMOTOCO', 'ULTRACEMCO', 'MARUTI', 'EICHERMOT', 'NESTLEIND', 'POWERGRID']
2026-06-05 09:52:37 [INFO] AlcoSoft: ✅ Live feed: Ticks flowing (13 total); building candles (3+ needed for health OK)
2026-06-05 09:52:37 [INFO] AlcoSoft: ✅ System startup complete. Trading ready.
2026-06-05 09:52:37 [INFO] apscheduler.scheduler: Adding job tentatively -- it will be properly scheduled when the scheduler starts
2026-06-05 09:52:37 [INFO] apscheduler.scheduler: Adding job tentatively -- it will be properly scheduled when the scheduler starts
2026-06-05 09:52:37 [INFO] apscheduler.scheduler: Adding job tentatively -- it will be properly scheduled when the scheduler starts
2026-06-05 09:52:37 [INFO] apscheduler.scheduler: Adding job tentatively -- it will be properly scheduled when the scheduler starts
2026-06-05 09:52:37 [INFO] apscheduler.scheduler: Adding job tentatively -- it will be properly scheduled when the scheduler starts
2026-06-05 09:52:37 [INFO] apscheduler.scheduler: Added job "Morning Stock Screener" to job store "default"
2026-06-05 09:52:37 [INFO] apscheduler.scheduler: Added job "Market Observation Loop" to job store "default"
2026-06-05 09:52:37 [INFO] apscheduler.scheduler: Added job "Emergency Squareoff" to job store "default"
2026-06-05 09:52:37 [INFO] apscheduler.scheduler: Added job "Owl Alpha Reflection" to job store "default"
2026-06-05 09:52:37 [INFO] apscheduler.scheduler: Added job "End-of-Day Report" to job store "default"
2026-06-05 09:52:37 [INFO] apscheduler.scheduler: Scheduler started
2026-06-05 09:52:37 [INFO] AlcoSoft: Scheduler started:
   08:45 AM - Morning screener
   Every 15 min - Observation loop
   15:15 PM - Emergency squareoff (before close)
   15:30 PM - Market close report
   15:35 PM - Reflection cycle
2026-06-05 09:52:37 [INFO] AlcoSoft: Starting strategy loop. Press Ctrl+C to shutdown safely.
2026-06-05 09:52:37 [INFO] core.strategy: ⚡ Strategy loop started | Mode: INTRADAY | Lookback: 3 candles | Buy sets: 7 | Sell sets: 6 | Buy gate: 3+ completed live WS candles | Config: strategy_sets.json
2026-06-05 09:52:37 [INFO] core.state_manager: [BRIEFING] Loading from data/session_briefing.json...
2026-06-05 09:52:37 [INFO] core.state_manager: [BRIEFING] Loaded Valid: 8 approved + 0 watchlist (MORNING_SCREENER)
2026-06-05 09:52:37 [INFO] core.strategy: ─── Scan summary (8 subscribed) ───
  [Cognition] NTPC: ticks=1 | live_candles=1
  [Cognition] RELIANCE: ticks=2 | live_candles=1
  [Cognition] HEROMOTOCO: ticks=2 | live_candles=1
  [Cognition] ULTRACEMCO: ticks=3 | live_candles=1
  [Cognition] MARUTI: ticks=1 | live_candles=1
  [Cognition] EICHERMOT: ticks=2 | live_candles=1
  [Cognition] NESTLEIND: ticks=1 | live_candles=1
  [Cognition] POWERGRID: ticks=1 | live_candles=1
2026-06-05 09:52:37 [WARNING] core.strategy: Entries disabled by session state FLAT_LOCKED (EMERGENCY_SQUAREOFF_SUCCESS). Exit checks continue; BUY scan skipped.
2026-06-05 09:52:42 [WARNING] core.strategy: Entries disabled by session state FLAT_LOCKED (EMERGENCY_SQUAREOFF_SUCCESS). Exit checks continue; BUY scan skipped.
2026-06-05 09:52:47 [WARNING] core.strategy: Entries disabled by session state FLAT_LOCKED (EMERGENCY_SQUAREOFF_SUCCESS). Exit checks continue; BUY scan skipped.
2026-06-05 09:53:38 [INFO] core.state_manager: [BRIEFING] Loading from data/session_briefing.json...
2026-06-05 09:53:38 [INFO] core.state_manager: [BRIEFING] Loaded Valid: 8 approved + 0 watchlist (MORNING_SCREENER)
2026-06-05 09:54:08 [INFO] core.strategy: ─── Scan summary (8 subscribed) ───
  [Cognition] NTPC: ticks=54 | live_candles=1
  [Cognition] RELIANCE: ticks=43 | live_candles=1
  [Cognition] HEROMOTOCO: ticks=65 | live_candles=1
  [Cognition] ULTRACEMCO: ticks=19 | live_candles=1
  [Cognition] MARUTI: ticks=18 | live_candles=1
  [Cognition] EICHERMOT: ticks=35 | live_candles=1
  [Cognition] NESTLEIND: ticks=24 | live_candles=1
  [Cognition] POWERGRID: ticks=24 | live_candles=1
2026-06-05 09:54:19 [INFO] AlcoSoft: Shutdown signal received. Stopping gracefully...
2026-06-05 09:54:23 [INFO] core.strategy: Strategy loop stopped.
2026-06-05 09:54:23 [INFO] AlcoSoft: Running cleanup...
2026-06-05 09:54:23 [INFO] AlcoSoft: Scheduler stopped.
2026-06-05 09:54:23 [INFO] core.state_manager: [BRIEFING] Loading from data/session_briefing.json...
2026-06-05 09:54:23 [INFO] core.state_manager: [BRIEFING] Loaded Valid: 8 approved + 0 watchlist (MORNING_SCREENER)
2026-06-05 09:54:23 [INFO] core.data_fetcher: Live feed stopped.
2026-06-05 09:54:23 [INFO] AlcoSoft: Live feed stopped.
2026-06-05 09:54:23 [INFO] core.kotak_client: Kotak session logged out cleanly.
2026-06-05 09:54:23 [INFO] AlcoSoft: Kotak session closed.
2026-06-05 09:54:23 [INFO] AlcoSoft: AlcoSoft shutdown complete. Goodbye.
2026-06-05 09:54:23 [INFO] apscheduler.scheduler: Scheduler has been shut down
2026-06-05 09:55:40 [INFO] reflection.reflection_statistics: ✅ Reflection statistics database initialized
2026-06-05 09:55:40 [INFO] AlcoSoft: =======================================================
2026-06-05 09:55:40 [INFO] AlcoSoft:   ALCOSOFT FINANCIAL SERVICES — SYSTEM STARTING
2026-06-05 09:55:40 [INFO] AlcoSoft:   Mode: PAPER | Strategy: INTRADAY
2026-06-05 09:55:40 [INFO] AlcoSoft: =======================================================
2026-06-05 09:55:40 [INFO] AlcoSoft: [0/6] Initializing database...
2026-06-05 09:55:40 [INFO] core.state_manager: Database initialized.
2026-06-05 09:55:40 [INFO] AlcoSoft: [1/6] Running preflight health checks...
2026-06-05 09:55:40 [INFO] core.health_monitor: 🔍 Running preflight health checks...
2026-06-05 09:55:40 [INFO] core.health_monitor: ✅ API Credentials: All API keys configured
2026-06-05 09:55:40 [INFO] core.kotak_client: Initializing Kotak Neo session...
2026-06-05 09:55:40 [INFO] core.kotak_client: TOTP generated: 594585
2026-06-05 09:55:40 [INFO] core.kotak_client: TOTP login response: {'data': {'token': 'eyJhbGciOiJSUzI1NiIsInR5cCI6IkpXVCJ9.eyJqdGkiOiJlYzY3MjdmZC1kMTQ4LTRhMzQtYTJjOS03ZDE1Zjg4NGM5MTIiLCJpc3MiOiJsb2dpbi1zZXJ2aWNlIiwic3ViIjoiZDZiODIzNzgtNDMzMy00OTcyLTk2ZTgtOTllOWYwMzE0N2MwIiwidWNjIjoiWEQxNkYiLCJuYXAiOiIiLCJ5Y2UiOiJlWVxcNiAvKjU9dFx1MDAwNlx1MDAwYlx1MDAwNHVcdTAwMDBcdTAwMTBiIiwiY2F0ZWdvcmlzYXRpb24iOiIiLCJzY29wZSI6WyJWaWV3Il0sImV4cCI6MTc4MDY4NDIwMCwiaWF0IjoxNzgwNjMzNTQwLCJmZXRjaGNhY2hpbmdydWxlIjowfQ.K8_upfeQuBfUkDxinfhFplTEVoZ3PVHlU0STxrozPlRoV-a-UFGVjKIPZ-Kmj_-T65IU877APPRCjKBUSyaIzaCdGlIKk_g6mrSPLxwIHj33U6dlT5aR8_W-4h5vWGlPQFrAJsO6N6SMhz3VXyuejc5DRYdmkznxL_Pko3XiCfIk7vMHs1gRUD9gxVd2q2LCl-Ga-n1P0Fo-Hs8yBLbPd5Sg4jmUtiXybhrLDrlw-O4KNVQ9k77b-PBy60mvj_7dViFPtLbzH5OGaXdWcWvFdjE3yUBeHDCSQK0V_cYmzEWuDycGX27zURrm7a5k6ZQkv_ZrOKYLmhyrul7xnibfEQ', 'sid': '5a6709ec-dbf1-486b-9943-e37da8d28a55', 'rid': '9db1beb9-e8ef-4a6d-8968-614c15619fa8', 'hsServerId': '', 'isUserPwdExpired': False, 'ucc': 'XD16F', 'greetingName': 'MANOJ', 'isTrialAccount': False, 'dataCenter': 'E41', 'derivativesRiskDisclosure': 'Risk Disclosure on Derivatives\n\nAs per a SEBI study dated 25 Jan 2023- \n• 9 out of 10 individual traders in equity Futures and Options Segment, incurred net losses.\n• On an average, loss makers registered net trading loss close to Rs.50,000.\n• Over and above the net trading losses incurred, loss makers expended an additional 28% of net trading losses as transaction costs.\n• Those making net trading profits, incurred between 15% to 50% of such profits as transaction cost.\n\nFor more information please check out : https://www.sebi.gov.in/reports-and-statistics/research/jan-2023/study-analysis-of-profit-and-loss-of-individual-traders-dealing-in-equity-fando-segment_67525.html', 'mfAccess': 1, 'dataCenterMap': None, 'dormancyStatus': 'A', 'asbaStatus': '', 'clientType': 'RI', 'isNRI': False, 'kId': 'ADDPR4621C', 'kType': 'View', 'status': 'success', 'incRange': 0, 'incUpdFlag': '', 'clientGroup': '', 'kraStatus': '', 'rcFlag': 0}}
2026-06-05 09:55:40 [INFO] core.kotak_client: 🔍 TOTP login data keys: ['token', 'sid', 'rid', 'hsServerId', 'isUserPwdExpired', 'ucc', 'greetingName', 'isTrialAccount', 'dataCenter', 'derivativesRiskDisclosure', 'mfAccess', 'dataCenterMap', 'dormancyStatus', 'asbaStatus', 'clientType', 'isNRI', 'kId', 'kType', 'status', 'incRange', 'incUpdFlag', 'clientGroup', 'kraStatus', 'rcFlag']
2026-06-05 09:55:43 [INFO] core.kotak_client: MPIN validation response: {'data': {'token': 'eyJhbGciOiJSUzI1NiIsInR5cCI6IkpXVCJ9.eyJqdGkiOiIzN2FjYzU5NS1iNGJkLTQxNmItYWMyMy0yZTIyOGM1OTE2ZmMiLCJpc3MiOiJsb2dpbi1zZXJ2aWNlIiwic3ViIjoiZDZiODIzNzgtNDMzMy00OTcyLTk2ZTgtOTllOWYwMzE0N2MwIiwidWNjIjoiWEQxNkYiLCJuYXAiOiIiLCJ5Y2UiOiJlWVxcNiAvKjU9dFx1MDAwNlx1MDAwYlx1MDAwNHVcdTAwMDBcdTAwMTBiIiwiY2F0ZWdvcmlzYXRpb24iOiIiLCJzY29wZSI6WyJUcmFkZSJdLCJleHAiOjE3ODA2ODQyMDAsImlhdCI6MTc4MDYzMzU0MiwiZmV0Y2hjYWNoaW5ncnVsZSI6MH0.ECpLhvQ6UCZ4l9CoyGIeOPwOqB0atjSbKy5cIGhd2zi_AZBp-d88HxKfgczl8rWuyx25JwUirZHctpK7la7hjHCbsMEhzm-XZuA8DYN8q4CGaPxn5Pce0HwkPifUI1qiy2YMBCeDCii9bMhW0qDKQ1vRDjZPkzgdBwI0zCWJFxZN47SPg-0hVRKIGQsPzGRsjoxX7uVr_NHzrXhMF8EDlJcvQMPR_BV4rv6Y5avjqod1sV6mSe3nnnT6JvtV1lQtt8-C2TpnF8ogavehbl1t-0faqJ5ZfwIi8TvwvtgSfuaLZUG-WeOWUB8bi4WDwxCS5p2mYUkMs9MloYYHI490kg', 'sid': '1a53c54a-9fd3-431d-8f6c-3967ef7b09ff', 'rid': '9db1beb9-e8ef-4a6d-8968-614c15619fa8', 'baseUrl': 'https://e41.kotaksecurities.com', 'hsServerId': '', 'isUserPwdExpired': False, 'ucc': 'XD16F', 'greetingName': 'MANOJ', 'isTrialAccount': False, 'dataCenter': 'E41', 'derivativesRiskDisclosure': 'Risk Disclosure on Derivatives\n\nAs per a SEBI study dated 25 Jan 2023- \n• 9 out of 10 individual traders in equity Futures and Options Segment, incurred net losses.\n• On an average, loss makers registered net trading loss close to Rs.50,000.\n• Over and above the net trading losses incurred, loss makers expended an additional 28% of net trading losses as transaction costs.\n• Those making net trading profits, incurred between 15% to 50% of such profits as transaction cost.\n\nFor more information please check out : https://www.sebi.gov.in/reports-and-statistics/research/jan-2023/study-analysis-of-profit-and-loss-of-individual-traders-dealing-in-equity-fando-segment_67525.html', 'mfAccess': 1, 'dataCenterMap': None, 'dormancyStatus': 'A', 'asbaStatus': '', 'clientType': 'RI', 'isNRI': False, 'kId': 'ADDPR4621C', 'kType': 'Trade', 'status': 'success', 'incRange': 0, 'incUpdFlag': '', 'clientGroup': '', 'kraStatus': '', 'rcFlag': 0}}
2026-06-05 09:55:43 [INFO] core.kotak_client: 🔍 MPIN response data keys: ['token', 'sid', 'rid', 'baseUrl', 'hsServerId', 'isUserPwdExpired', 'ucc', 'greetingName', 'isTrialAccount', 'dataCenter', 'derivativesRiskDisclosure', 'mfAccess', 'dataCenterMap', 'dormancyStatus', 'asbaStatus', 'clientType', 'isNRI', 'kId', 'kType', 'status', 'incRange', 'incUpdFlag', 'clientGroup', 'kraStatus', 'rcFlag']
2026-06-05 09:55:43 [INFO] core.kotak_client: ✅ NeoAPI configuration.edit_token & edit_sid SET (confirmed)
2026-06-05 09:55:43 [INFO] core.kotak_client: ✅ Trade token verified (kType=Trade) | sid present | baseUrl set
2026-06-05 09:55:43 [INFO] core.kotak_client: ✅ Kotak Neo session established successfully.
2026-06-05 09:55:43 [INFO] core.health_monitor: ✅ Broker Connection: Connected
2026-06-05 09:55:43 [INFO] core.health_monitor: ✅ Database: DB OK (0 open positions)
2026-06-05 09:55:43 [INFO] core.state_manager: [BRIEFING] Loading from data/session_briefing.json...
2026-06-05 09:55:43 [INFO] core.state_manager: [BRIEFING] Loaded Valid: 8 approved + 0 watchlist (MORNING_SCREENER)
2026-06-05 09:55:43 [INFO] core.state_manager: [BRIEFING] Validation PASSED: 8 approved + 0 watchlist (MORNING_SCREENER)
2026-06-05 09:55:43 [INFO] core.health_monitor: ✅ Trading Briefing: Briefing OK (8 cognition, 0 watchlist, 8 total)
2026-06-05 09:55:43 [INFO] core.health_monitor: ✅ Live Feed: Feed not started yet (starts after briefing load)
2026-06-05 09:55:43 [INFO] core.health_monitor: ✅ Market Hours: Market is OPEN
2026-06-05 09:55:43 [INFO] core.health_monitor: ✅ Available Capital: Capital ₹19845
2026-06-05 09:55:43 [INFO] core.health_monitor: ✅ Daily Loss Limit: Daily loss OK
2026-06-05 09:55:43 [INFO] core.health_monitor: 
======================================================================
SYSTEM HEALTH REPORT — 2026-06-05T09:55:40.529195
======================================================================

✅ PASSED (8):
   • API Credentials
   • Broker Connection
   • Database
   • Trading Briefing
   • Live Feed
   • Market Hours
   • Available Capital
   • Daily Loss Limit

======================================================================

2026-06-05 09:55:43 [INFO] AlcoSoft: [2/6] Checking for previous state...
2026-06-05 09:55:43 [INFO] core.state_manager: [BRIEFING] Loading from data/session_briefing.json...
2026-06-05 09:55:43 [INFO] core.state_manager: [BRIEFING] Loaded Valid: 8 approved + 0 watchlist (MORNING_SCREENER)
2026-06-05 09:55:43 [INFO] core.state_manager: No open positions found. Clean startup.
2026-06-05 09:55:43 [INFO] AlcoSoft: [3/6] Connecting to Kotak Neo...
2026-06-05 09:55:43 [INFO] AlcoSoft: ✅ Kotak session established successfully.
2026-06-05 09:55:43 [INFO] AlcoSoft: [3b/6] Reconciling broker vs local positions...
2026-06-05 09:55:43 [INFO] core.broker_reconciliation: Reconciliation skipped broker position pull in PAPER mode.
2026-06-05 09:55:43 [INFO] AlcoSoft: [3c/6] Validating capital allocation configuration...
2026-06-05 09:55:43 [INFO] core.order_executor: ✅ Allocation configuration valid
2026-06-05 09:55:43 [INFO] AlcoSoft: ✅ Capital allocation configuration valid
2026-06-05 09:55:43 [INFO] AlcoSoft: [4/6] Checking today's morning screener briefing...
2026-06-05 09:55:43 [INFO] core.state_manager: [BRIEFING] Loading from data/session_briefing.json...
2026-06-05 09:55:43 [INFO] core.state_manager: [BRIEFING] Loaded Valid: 8 approved + 0 watchlist (MORNING_SCREENER)
2026-06-05 09:55:43 [INFO] core.state_manager: [BRIEFING] Validation PASSED: 8 approved + 0 watchlist (MORNING_SCREENER)
2026-06-05 09:55:43 [INFO] AlcoSoft: [4/6] Skipping screener: today's MORNING_SCREENER briefing exists (8 approved + 0 watchlist).
2026-06-05 09:55:43 [INFO] AlcoSoft: [5/6] Loading and validating briefing for trading...
2026-06-05 09:55:43 [INFO] core.state_manager: [BRIEFING] Loading from data/session_briefing.json...
2026-06-05 09:55:43 [INFO] core.state_manager: [BRIEFING] Loaded Valid: 8 approved + 0 watchlist (MORNING_SCREENER)
2026-06-05 09:55:43 [INFO] core.state_manager: [BRIEFING] Validation PASSED: 8 approved + 0 watchlist (MORNING_SCREENER)
2026-06-05 09:55:43 [INFO] core.state_manager: [BRIEFING] Safety gate PASSED: Ready for trading
2026-06-05 09:55:43 [INFO] core.state_manager: [BRIEFING] Validation PASSED: 8 approved + 0 watchlist (MORNING_SCREENER)
2026-06-05 09:55:43 [INFO] AlcoSoft: [BRIEFING] Validated ✅
2026-06-05 09:55:43 [INFO] AlcoSoft: [BRIEFING] Subscribing live feed: 8 symbols (8 cognition + 0 watchlist)
2026-06-05 09:55:43 [INFO] core.data_fetcher: Starting live feed for 8 symbols: ['NTPC', 'RELIANCE', 'HEROMOTOCO', 'ULTRACEMCO', 'MARUTI', 'EICHERMOT', 'NESTLEIND', 'POWERGRID']
2026-06-05 09:55:43 [INFO] core.data_fetcher: Subscribing to 8 instruments...
2026-06-05 09:55:43 [INFO] core.data_fetcher: ✅ Subscribed to live feed: ['11630', '2885', '1348', '11532', '10999', '910', '17963', '14977']
2026-06-05 09:55:43 [INFO] core.state_manager: [BRIEFING] Saving to data/session_briefing.json...
2026-06-05 09:55:43 [INFO] core.state_manager: [BRIEFING] Saved and verified: data/session_briefing.json
2026-06-05 09:55:43 [INFO] core.state_manager: [BRIEFING]   - Approved: 8
2026-06-05 09:55:43 [INFO] core.state_manager: [BRIEFING]   - Watchlist: 0
2026-06-05 09:55:43 [INFO] AlcoSoft: [BRIEFING] Saved
2026-06-05 09:55:43 [INFO] AlcoSoft: Live feed active for 8 symbols.
2026-06-05 09:55:43 [INFO] AlcoSoft:   Cognition picks : ['NTPC', 'RELIANCE', 'HEROMOTOCO', 'ULTRACEMCO', 'MARUTI', 'EICHERMOT', 'NESTLEIND', 'POWERGRID']
2026-06-05 09:55:43 [INFO] AlcoSoft:   Math watchlist : []
2026-06-05 09:55:43 [INFO] AlcoSoft: [6/6] Verifying live feed...
2026-06-05 09:55:43 [INFO] core.data_fetcher: ✅ WebSocket connection opened.
2026-06-05 09:55:44 [INFO] core.data_fetcher: 📡 Live feed | ticks received: 8/8 symbols | active=['NTPC', 'RELIANCE', 'HEROMOTOCO', 'ULTRACEMCO', 'MARUTI', 'EICHERMOT', 'NESTLEIND', 'POWERGRID']
2026-06-05 09:55:46 [INFO] AlcoSoft: ✅ Live feed: Ticks flowing (13 total); building candles (3+ needed for health OK)
2026-06-05 09:55:46 [INFO] AlcoSoft: ✅ System startup complete. Trading ready.
2026-06-05 09:55:46 [INFO] apscheduler.scheduler: Adding job tentatively -- it will be properly scheduled when the scheduler starts
2026-06-05 09:55:46 [INFO] apscheduler.scheduler: Adding job tentatively -- it will be properly scheduled when the scheduler starts
2026-06-05 09:55:46 [INFO] apscheduler.scheduler: Adding job tentatively -- it will be properly scheduled when the scheduler starts
2026-06-05 09:55:46 [INFO] apscheduler.scheduler: Adding job tentatively -- it will be properly scheduled when the scheduler starts
2026-06-05 09:55:46 [INFO] apscheduler.scheduler: Adding job tentatively -- it will be properly scheduled when the scheduler starts
2026-06-05 09:55:46 [INFO] apscheduler.scheduler: Added job "Morning Stock Screener" to job store "default"
2026-06-05 09:55:46 [INFO] apscheduler.scheduler: Added job "Market Observation Loop" to job store "default"
2026-06-05 09:55:46 [INFO] apscheduler.scheduler: Added job "Emergency Squareoff" to job store "default"
2026-06-05 09:55:46 [INFO] apscheduler.scheduler: Added job "Owl Alpha Reflection" to job store "default"
2026-06-05 09:55:46 [INFO] apscheduler.scheduler: Added job "End-of-Day Report" to job store "default"
2026-06-05 09:55:46 [INFO] apscheduler.scheduler: Scheduler started
2026-06-05 09:55:46 [INFO] AlcoSoft: Scheduler started:
   08:45 AM - Morning screener
   Every 15 min - Observation loop
   15:15 PM - Emergency squareoff (before close)
   15:30 PM - Market close report
   15:35 PM - Reflection cycle
2026-06-05 09:55:46 [INFO] AlcoSoft: Starting strategy loop. Press Ctrl+C to shutdown safely.
2026-06-05 09:55:46 [INFO] core.strategy: ⚡ Strategy loop started | Mode: INTRADAY | Lookback: 3 candles | Buy sets: 7 | Sell sets: 6 | Buy gate: 3+ completed live WS candles | Config: strategy_sets.json
2026-06-05 09:55:46 [INFO] core.state_manager: [BRIEFING] Loading from data/session_briefing.json...
2026-06-05 09:55:46 [INFO] core.state_manager: [BRIEFING] Loaded Valid: 8 approved + 0 watchlist (MORNING_SCREENER)
2026-06-05 09:55:46 [INFO] core.strategy: ─── Scan summary (8 subscribed) ───
  [Cognition] NTPC: ticks=1 | live_candles=1
  [Cognition] RELIANCE: ticks=2 | live_candles=1
  [Cognition] HEROMOTOCO: ticks=2 | live_candles=1
  [Cognition] ULTRACEMCO: ticks=1 | live_candles=1
  [Cognition] MARUTI: ticks=2 | live_candles=1
  [Cognition] EICHERMOT: ticks=2 | live_candles=1
  [Cognition] NESTLEIND: ticks=1 | live_candles=1
  [Cognition] POWERGRID: ticks=2 | live_candles=1
2026-06-05 09:56:47 [INFO] core.state_manager: [BRIEFING] Loading from data/session_briefing.json...
2026-06-05 09:56:47 [INFO] core.state_manager: [BRIEFING] Loaded Valid: 8 approved + 0 watchlist (MORNING_SCREENER)
2026-06-05 09:57:17 [INFO] core.strategy: ─── Scan summary (8 subscribed) ───
  [Cognition] NTPC: ticks=56 | live_candles=1
  [Cognition] RELIANCE: ticks=62 | live_candles=1
  [Cognition] HEROMOTOCO: ticks=47 | live_candles=1
  [Cognition] ULTRACEMCO: ticks=22 | live_candles=1
  [Cognition] MARUTI: ticks=23 | live_candles=1
  [Cognition] EICHERMOT: ticks=23 | live_candles=1
  [Cognition] NESTLEIND: ticks=27 | live_candles=1
  [Cognition] POWERGRID: ticks=21 | live_candles=1
2026-06-05 09:57:44 [INFO] core.data_fetcher: 📡 Live feed | ticks received: 8/8 symbols | active=['NTPC', 'RELIANCE', 'HEROMOTOCO', 'ULTRACEMCO', 'MARUTI', 'EICHERMOT', 'NESTLEIND', 'POWERGRID']
2026-06-05 09:57:48 [INFO] core.state_manager: [BRIEFING] Loading from data/session_briefing.json...
2026-06-05 09:57:48 [INFO] core.state_manager: [BRIEFING] Loaded Valid: 8 approved + 0 watchlist (MORNING_SCREENER)
2026-06-05 09:58:49 [INFO] core.state_manager: [BRIEFING] Loading from data/session_briefing.json...
2026-06-05 09:58:49 [INFO] core.state_manager: [BRIEFING] Loaded Valid: 8 approved + 0 watchlist (MORNING_SCREENER)
2026-06-05 09:58:49 [INFO] core.strategy: ─── Scan summary (8 subscribed) ───
  [Cognition] NTPC: ticks=112 | live_candles=1
  [Cognition] RELIANCE: ticks=125 | live_candles=1
  [Cognition] HEROMOTOCO: ticks=95 | live_candles=1
  [Cognition] ULTRACEMCO: ticks=48 | live_candles=1
  [Cognition] MARUTI: ticks=39 | live_candles=1
  [Cognition] EICHERMOT: ticks=38 | live_candles=1
  [Cognition] NESTLEIND: ticks=51 | live_candles=1
  [Cognition] POWERGRID: ticks=48 | live_candles=1
2026-06-05 09:59:44 [INFO] core.data_fetcher: 📡 Live feed | ticks received: 8/8 symbols | active=['NTPC', 'RELIANCE', 'HEROMOTOCO', 'ULTRACEMCO', 'MARUTI', 'EICHERMOT', 'NESTLEIND', 'POWERGRID']
2026-06-05 09:59:50 [INFO] core.state_manager: [BRIEFING] Loading from data/session_briefing.json...
2026-06-05 09:59:50 [INFO] core.state_manager: [BRIEFING] Loaded Valid: 8 approved + 0 watchlist (MORNING_SCREENER)
2026-06-05 10:00:00 [INFO] core.data_fetcher: 🕯️ Candle closed: NTPC | 2026-06-05 09:55 | O:367.60 H:368.00 L:367.35 C:367.60 V:133238012.0
2026-06-05 10:00:01 [INFO] core.data_fetcher: 🕯️ Candle closed: NESTLEIND | 2026-06-05 09:55 | O:1376.50 H:1380.80 L:1376.50 C:1376.80 V:7551982.0
2026-06-05 10:00:01 [INFO] core.data_fetcher: 🕯️ Candle closed: HEROMOTOCO | 2026-06-05 09:55 | O:4807.20 H:4815.30 L:4803.20 C:4811.20 V:11192077.0
2026-06-05 10:00:01 [INFO] core.data_fetcher: 🕯️ Candle closed: EICHERMOT | 2026-06-05 09:55 | O:7088.50 H:7088.50 L:7076.00 C:7076.50 V:2170694.0
2026-06-05 10:00:04 [INFO] core.data_fetcher: 🕯️ Candle closed: MARUTI | 2026-06-05 09:55 | O:13047.00 H:13047.00 L:13021.00 C:13027.00 V:1535669.0
2026-06-05 10:00:05 [INFO] core.data_fetcher: 🕯️ Candle closed: ULTRACEMCO | 2026-06-05 09:55 | O:10985.00 H:10993.00 L:10980.00 C:10981.00 V:2212933.0
2026-06-05 10:00:07 [INFO] core.data_fetcher: 🕯️ Candle closed: POWERGRID | 2026-06-05 09:55 | O:285.15 H:285.60 L:284.80 C:284.90 V:78356641.0
2026-06-05 10:00:09 [INFO] core.data_fetcher: 🕯️ Candle closed: RELIANCE | 2026-06-05 09:55 | O:1300.00 H:1300.80 L:1299.60 C:1299.90 V:325025024.0
2026-06-05 10:00:20 [INFO] core.strategy: ─── Scan summary (8 subscribed) ───
  [Cognition] NTPC: ticks=161 | live_candles=2
  [Cognition] RELIANCE: ticks=181 | live_candles=2
  [Cognition] HEROMOTOCO: ticks=131 | live_candles=2
  [Cognition] ULTRACEMCO: ticks=72 | live_candles=2
  [Cognition] MARUTI: ticks=63 | live_candles=2
  [Cognition] EICHERMOT: ticks=53 | live_candles=2
  [Cognition] NESTLEIND: ticks=79 | live_candles=2
  [Cognition] POWERGRID: ticks=71 | live_candles=2
2026-06-05 10:00:51 [INFO] core.state_manager: [BRIEFING] Loading from data/session_briefing.json...
2026-06-05 10:00:51 [INFO] core.state_manager: [BRIEFING] Loaded Valid: 8 approved + 0 watchlist (MORNING_SCREENER)
2026-06-05 10:01:44 [INFO] core.data_fetcher: 📡 Live feed | ticks received: 8/8 symbols | active=['NTPC', 'RELIANCE', 'HEROMOTOCO', 'ULTRACEMCO', 'MARUTI', 'EICHERMOT', 'NESTLEIND', 'POWERGRID']
2026-06-05 10:01:52 [INFO] core.state_manager: [BRIEFING] Loading from data/session_briefing.json...
2026-06-05 10:01:52 [INFO] core.state_manager: [BRIEFING] Loaded Valid: 8 approved + 0 watchlist (MORNING_SCREENER)
2026-06-05 10:01:52 [INFO] core.strategy: ─── Scan summary (8 subscribed) ───
  [Cognition] NTPC: ticks=220 | live_candles=2
  [Cognition] RELIANCE: ticks=253 | live_candles=2
  [Cognition] HEROMOTOCO: ticks=186 | live_candles=2
  [Cognition] ULTRACEMCO: ticks=99 | live_candles=2
  [Cognition] MARUTI: ticks=99 | live_candles=2
  [Cognition] EICHERMOT: ticks=85 | live_candles=2
  [Cognition] NESTLEIND: ticks=105 | live_candles=2
  [Cognition] POWERGRID: ticks=115 | live_candles=2
2026-06-05 10:02:53 [INFO] core.state_manager: [BRIEFING] Loading from data/session_briefing.json...
2026-06-05 10:02:53 [INFO] core.state_manager: [BRIEFING] Loaded Valid: 8 approved + 0 watchlist (MORNING_SCREENER)
2026-06-05 10:03:23 [INFO] core.strategy: ─── Scan summary (8 subscribed) ───
  [Cognition] NTPC: ticks=263 | live_candles=2
  [Cognition] RELIANCE: ticks=311 | live_candles=2
  [Cognition] HEROMOTOCO: ticks=231 | live_candles=2
  [Cognition] ULTRACEMCO: ticks=131 | live_candles=2
  [Cognition] MARUTI: ticks=126 | live_candles=2
  [Cognition] EICHERMOT: ticks=115 | live_candles=2
  [Cognition] NESTLEIND: ticks=131 | live_candles=2
  [Cognition] POWERGRID: ticks=150 | live_candles=2
2026-06-05 10:03:44 [INFO] core.data_fetcher: 📡 Live feed | ticks received: 8/8 symbols | active=['NTPC', 'RELIANCE', 'HEROMOTOCO', 'ULTRACEMCO', 'MARUTI', 'EICHERMOT', 'NESTLEIND', 'POWERGRID']
2026-06-05 10:03:54 [INFO] core.state_manager: [BRIEFING] Loading from data/session_briefing.json...
2026-06-05 10:03:54 [INFO] core.state_manager: [BRIEFING] Loaded Valid: 8 approved + 0 watchlist (MORNING_SCREENER)
2026-06-05 10:04:54 [INFO] core.state_manager: [BRIEFING] Loading from data/session_briefing.json...
2026-06-05 10:04:54 [INFO] core.state_manager: [BRIEFING] Loaded Valid: 8 approved + 0 watchlist (MORNING_SCREENER)
2026-06-05 10:04:54 [INFO] core.strategy: ─── Scan summary (8 subscribed) ───
  [Cognition] NTPC: ticks=321 | live_candles=2
  [Cognition] RELIANCE: ticks=361 | live_candles=2
  [Cognition] HEROMOTOCO: ticks=281 | live_candles=2
  [Cognition] ULTRACEMCO: ticks=164 | live_candles=2
  [Cognition] MARUTI: ticks=171 | live_candles=2
  [Cognition] EICHERMOT: ticks=142 | live_candles=2
  [Cognition] NESTLEIND: ticks=160 | live_candles=2
  [Cognition] POWERGRID: ticks=175 | live_candles=2
2026-06-05 10:05:01 [INFO] core.data_fetcher: 🕯️ Candle closed: RELIANCE | 2026-06-05 10:00 | O:1299.80 H:1301.00 L:1298.00 C:1299.90 V:395480417.0
2026-06-05 10:05:01 [INFO] core.data_fetcher: 🕯️ Candle closed: HEROMOTOCO | 2026-06-05 10:00 | O:4810.70 H:4822.00 L:4808.00 C:4815.80 V:18990626.0
2026-06-05 10:05:01 [INFO] core.data_fetcher: 🕯️ Candle closed: NTPC | 2026-06-05 10:00 | O:367.75 H:367.95 L:366.75 C:367.30 V:193333683.0
2026-06-05 10:05:01 [INFO] core.data_fetcher: 🕯️ Candle closed: ULTRACEMCO | 2026-06-05 10:00 | O:10983.00 H:11000.00 L:10970.00 C:10989.00 V:4985411.0
2026-06-05 10:05:01 [INFO] core.data_fetcher: 🕯️ Candle closed: NESTLEIND | 2026-06-05 10:00 | O:1377.10 H:1379.00 L:1375.00 C:1377.50 V:9722245.0
2026-06-05 10:05:02 [INFO] core.data_fetcher: 🕯️ Candle closed: EICHERMOT | 2026-06-05 10:00 | O:7079.50 H:7092.00 L:7073.50 C:7088.50 V:4493121.0
2026-06-05 10:05:04 [INFO] core.data_fetcher: 🕯️ Candle closed: MARUTI | 2026-06-05 10:00 | O:13029.00 H:13062.00 L:13012.00 C:13040.00 V:3010186.0
2026-06-05 10:05:15 [INFO] core.data_fetcher: 🕯️ Candle closed: POWERGRID | 2026-06-05 10:00 | O:284.85 H:284.90 L:284.10 C:284.60 V:125530631.0
2026-06-05 10:05:45 [INFO] core.data_fetcher: 📡 Live feed | ticks received: 8/8 symbols | active=['NTPC', 'RELIANCE', 'HEROMOTOCO', 'ULTRACEMCO', 'MARUTI', 'EICHERMOT', 'NESTLEIND', 'POWERGRID']
2026-06-05 10:05:55 [INFO] core.state_manager: [BRIEFING] Loading from data/session_briefing.json...
2026-06-05 10:05:55 [INFO] core.state_manager: [BRIEFING] Loaded Valid: 8 approved + 0 watchlist (MORNING_SCREENER)
2026-06-05 10:06:26 [INFO] core.strategy: ─── Scan summary (8 subscribed) ───
  [Cognition] NTPC: ticks=367 | live_candles=3
  [Cognition] RELIANCE: ticks=430 | live_candles=3
  [Cognition] HEROMOTOCO: ticks=334 | live_candles=3
  [Cognition] ULTRACEMCO: ticks=199 | live_candles=3
  [Cognition] MARUTI: ticks=215 | live_candles=3
  [Cognition] EICHERMOT: ticks=174 | live_candles=3
  [Cognition] NESTLEIND: ticks=178 | live_candles=3
  [Cognition] POWERGRID: ticks=197 | live_candles=3
2026-06-05 10:06:56 [INFO] core.state_manager: [BRIEFING] Loading from data/session_briefing.json...
2026-06-05 10:06:56 [INFO] core.state_manager: [BRIEFING] Loaded Valid: 8 approved + 0 watchlist (MORNING_SCREENER)
2026-06-05 10:07:45 [INFO] core.data_fetcher: 📡 Live feed | ticks received: 8/8 symbols | active=['NTPC', 'RELIANCE', 'HEROMOTOCO', 'ULTRACEMCO', 'MARUTI', 'EICHERMOT', 'NESTLEIND', 'POWERGRID']
2026-06-05 10:07:57 [INFO] core.state_manager: [BRIEFING] Loading from data/session_briefing.json...
2026-06-05 10:07:57 [INFO] core.state_manager: [BRIEFING] Loaded Valid: 8 approved + 0 watchlist (MORNING_SCREENER)
2026-06-05 10:07:57 [INFO] core.strategy: ─── Scan summary (8 subscribed) ───
  [Cognition] NTPC: ticks=421 | live_candles=3
  [Cognition] RELIANCE: ticks=506 | live_candles=3
  [Cognition] HEROMOTOCO: ticks=375 | live_candles=3
  [Cognition] ULTRACEMCO: ticks=235 | live_candles=3
  [Cognition] MARUTI: ticks=260 | live_candles=3
  [Cognition] EICHERMOT: ticks=218 | live_candles=3
  [Cognition] NESTLEIND: ticks=203 | live_candles=3
  [Cognition] POWERGRID: ticks=228 | live_candles=3
2026-06-05 10:08:58 [INFO] core.state_manager: [BRIEFING] Loading from data/session_briefing.json...
2026-06-05 10:08:58 [INFO] core.state_manager: [BRIEFING] Loaded Valid: 8 approved + 0 watchlist (MORNING_SCREENER)
2026-06-05 10:09:28 [INFO] core.strategy: ─── Scan summary (8 subscribed) ───
  [Cognition] NTPC: ticks=488 | live_candles=3
  [Cognition] RELIANCE: ticks=563 | live_candles=3
  [Cognition] HEROMOTOCO: ticks=435 | live_candles=3
  [Cognition] ULTRACEMCO: ticks=269 | live_candles=3
  [Cognition] MARUTI: ticks=302 | live_candles=3
  [Cognition] EICHERMOT: ticks=252 | live_candles=3
  [Cognition] NESTLEIND: ticks=222 | live_candles=3
  [Cognition] POWERGRID: ticks=250 | live_candles=3
2026-06-05 10:09:45 [INFO] core.data_fetcher: 📡 Live feed | ticks received: 8/8 symbols | active=['NTPC', 'RELIANCE', 'HEROMOTOCO', 'ULTRACEMCO', 'MARUTI', 'EICHERMOT', 'NESTLEIND', 'POWERGRID']
2026-06-05 10:09:59 [INFO] core.state_manager: [BRIEFING] Loading from data/session_briefing.json...
2026-06-05 10:09:59 [INFO] core.state_manager: [BRIEFING] Loaded Valid: 8 approved + 0 watchlist (MORNING_SCREENER)
2026-06-05 10:10:00 [INFO] core.data_fetcher: 🕯️ Candle closed: HEROMOTOCO | 2026-06-05 10:05 | O:4816.80 H:4836.80 L:4813.20 C:4833.70 V:23419844.0
2026-06-05 10:10:00 [INFO] core.data_fetcher: 🕯️ Candle closed: NTPC | 2026-06-05 10:05 | O:367.35 H:368.00 L:367.20 C:367.70 V:204477815.0
2026-06-05 10:10:01 [INFO] core.data_fetcher: 🕯️ Candle closed: NESTLEIND | 2026-06-05 10:05 | O:1377.80 H:1380.00 L:1377.10 C:1380.00 V:8038142.0
2026-06-05 10:10:01 [INFO] core.data_fetcher: 🕯️ Candle closed: EICHERMOT | 2026-06-05 10:05 | O:7085.00 H:7111.00 L:7085.00 C:7110.00 V:6216344.0
2026-06-05 10:10:01 [INFO] core.data_fetcher: 🕯️ Candle closed: POWERGRID | 2026-06-05 10:05 | O:284.55 H:284.75 L:284.30 C:284.40 V:89424130.0
2026-06-05 10:10:03 [INFO] core.data_fetcher: 🕯️ Candle closed: ULTRACEMCO | 2026-06-05 10:05 | O:10995.00 H:10995.00 L:10962.00 C:10980.00 V:9394608.0
2026-06-05 10:10:04 [INFO] core.data_fetcher: 🕯️ Candle closed: MARUTI | 2026-06-05 10:05 | O:13044.00 H:13055.00 L:13021.00 C:13053.00 V:4018165.0
2026-06-05 10:10:04 [INFO] core.data_fetcher: 🕯️ Candle closed: RELIANCE | 2026-06-05 10:05 | O:1299.50 H:1300.00 L:1298.70 C:1299.80 V:448642785.0
2026-06-05 10:10:05 [INFO] core.strategy: ✅ NTPC — Yahoo chart fetched 312 5m candles (attempt 1)
2026-06-05 10:10:05 [INFO] core.strategy: 📦 NTPC — Combined: 311 yfinance + 4 WebSocket = 315 total candles
2026-06-05 10:10:05 [INFO] core.strategy: ✅ RELIANCE — Yahoo chart fetched 312 5m candles (attempt 1)
2026-06-05 10:10:05 [INFO] core.strategy: 📦 RELIANCE — Combined: 311 yfinance + 4 WebSocket = 315 total candles
2026-06-05 10:10:05 [INFO] core.strategy: ✅ HEROMOTOCO — Yahoo chart fetched 311 5m candles (attempt 1)
2026-06-05 10:10:05 [INFO] core.strategy: 📦 HEROMOTOCO — Combined: 311 yfinance + 4 WebSocket = 315 total candles
2026-06-05 10:10:05 [INFO] core.strategy: BUY SIGNAL TRIGGERED
Symbol: HEROMOTOCO
Price: 4834.9
Triggered Set: BUY_RSI_MACD_REVERSAL
Set Side: BUY
Confidence: base=72.0 signal_x=1.0 weight_x=1.0 time=10:00-11:30@1.0 market_x=1.0 advisory_x=0.99 final=71.3 min=65.0
Satisfied:
- RSI + MACD Momentum: RSI_recent=43.0, MACD_cross=True
- Bullish Reversal Candle: Three White Soldiers
Why: Oversold momentum recovery confirmed by a bullish reversal candle. Classic intraday bottom reversal.
2026-06-05 10:10:05 [INFO] core.order_executor: ✅ Quantity calculated | Price: ₹4834.9 | Qty: 4 | Deployed: ₹19340 | Limiting: Allocation-limited | Risk: 8sh | Alloc: 4sh | Lever: 20sh | Buying Power: ₹99224 | Margin Used: ₹0
2026-06-05 10:10:05 [INFO] core.order_executor: 📋 [PAPER] BUY | HEROMOTOCO | Qty: 4 | @ ₹4834.9 | SL: ₹4810.73 | Target: ₹4883.24
2026-06-05 10:10:05 [INFO] core.state_manager: Position saved: HEROMOTOCO x4 | Target: 4883.24 | SL: 4810.73
2026-06-05 10:10:06 [INFO] core.strategy: ✅ ULTRACEMCO — Yahoo chart fetched 311 5m candles (attempt 1)
2026-06-05 10:10:06 [INFO] core.strategy: 📦 ULTRACEMCO — Combined: 311 yfinance + 4 WebSocket = 315 total candles
2026-06-05 10:10:06 [INFO] core.strategy: ✅ MARUTI — Yahoo chart fetched 312 5m candles (attempt 1)
2026-06-05 10:10:06 [INFO] core.strategy: 📦 MARUTI — Combined: 311 yfinance + 4 WebSocket = 315 total candles
2026-06-05 10:10:06 [INFO] core.strategy: ✅ EICHERMOT — Yahoo chart fetched 312 5m candles (attempt 1)
2026-06-05 10:10:06 [INFO] core.strategy: 📦 EICHERMOT — Combined: 311 yfinance + 4 WebSocket = 315 total candles
2026-06-05 10:10:06 [INFO] core.strategy: BUY SIGNAL TRIGGERED
Symbol: EICHERMOT
Price: 7109.5
Triggered Set: BUY_BREAKOUT_CONFIRMATION
Set Side: BUY
Confidence: base=72.0 signal_x=1.0 weight_x=1.0 time=10:00-11:30@1.0 market_x=1.0 advisory_x=0.99 final=71.3 min=65.0
Satisfied:
- Volume Breakout: VolSpike=True, PriceBreak=True, SMA=True
- Price above EMA20: Close=7109.5 > EMA20=7097.78
- Price above VWAP: Close=7109.5 > VWAP=7094.16
- RSI not overbought: RSI=53.2 < 65 ✓
Why: 4-gate fakeout filter. volume_breakout is a strong EVENT anchor. price_above_ema20, price_above_vwap, rsi_not_overbought are filters that eliminate false breakouts. Note: price_above_ema20 is slightly redundant (volume_breakout already checks SMA20) but kept as extra VWAP zone filter.
2026-06-05 10:10:06 [INFO] core.order_executor: ✅ Quantity calculated | Price: ₹7109.5 | Qty: 2 | Deployed: ₹14219 | Limiting: Allocation-limited | Risk: 5sh | Alloc: 2sh | Lever: 11sh | Buying Power: ₹99224 | Margin Used: ₹0
2026-06-05 10:10:06 [INFO] core.order_executor: 📋 [PAPER] BUY | EICHERMOT | Qty: 2 | @ ₹7109.5 | SL: ₹7073.95 | Target: ₹7180.6
2026-06-05 10:10:06 [INFO] core.state_manager: Position saved: EICHERMOT x2 | Target: 7180.6 | SL: 7073.95
2026-06-05 10:10:07 [INFO] core.strategy: ✅ NESTLEIND — Yahoo chart fetched 311 5m candles (attempt 1)
2026-06-05 10:10:07 [INFO] core.strategy: 📦 NESTLEIND — Combined: 311 yfinance + 4 WebSocket = 315 total candles
2026-06-05 10:10:07 [INFO] core.strategy: ✅ POWERGRID — Yahoo chart fetched 311 5m candles (attempt 1)
2026-06-05 10:10:07 [INFO] core.strategy: 📦 POWERGRID — Combined: 311 yfinance + 4 WebSocket = 315 total candles
2026-06-05 10:10:12 [INFO] core.order_executor: 📈 TRAILING SL | HEROMOTOCO | ₹4810.73 → ₹4818.59
2026-06-05 10:10:12 [INFO] core.order_executor: 📈 TRAILING SL | EICHERMOT | ₹7073.95 → ₹7075.44
2026-06-05 10:10:18 [INFO] core.order_executor: 📈 TRAILING SL | EICHERMOT | ₹7075.44 → ₹7078.43
2026-06-05 10:10:44 [INFO] core.strategy: BUY SIGNAL TRIGGERED
Symbol: NESTLEIND
Price: 1380.9
Triggered Set: BUY_BREAKOUT_CONFIRMATION
Set Side: BUY
Confidence: base=72.0 signal_x=1.0 weight_x=1.0 time=10:00-11:30@1.0 market_x=1.0 advisory_x=0.99 final=71.3 min=65.0
Satisfied:
- Volume Breakout: VolSpike=True, PriceBreak=True, SMA=True
- Price above EMA20: Close=1380.9 > EMA20=1379.7
- Price above VWAP: Close=1380.9 > VWAP=1380.61
- RSI not overbought: RSI=51.1 < 65 ✓
Why: 4-gate fakeout filter. volume_breakout is a strong EVENT anchor. price_above_ema20, price_above_vwap, rsi_not_overbought are filters that eliminate false breakouts. Note: price_above_ema20 is slightly redundant (volume_breakout already checks SMA20) but kept as extra VWAP zone filter.
2026-06-05 10:10:44 [INFO] core.order_executor: ✅ Quantity calculated | Price: ₹1380.9 | Qty: 14 | Deployed: ₹19333 | Limiting: Allocation-limited | Risk: 28sh | Alloc: 14sh | Lever: 47sh | Buying Power: ₹99224 | Margin Used: ₹0
2026-06-05 10:10:44 [INFO] core.order_executor: 📋 [PAPER] BUY | NESTLEIND | Qty: 14 | @ ₹1380.9 | SL: ₹1374.0 | Target: ₹1394.7
2026-06-05 10:10:44 [INFO] core.state_manager: Position saved: NESTLEIND x14 | Target: 1394.7 | SL: 1374.0
2026-06-05 10:10:46 [INFO] apscheduler.executors.default: Running job "Market Observation Loop (trigger: interval[0:15:00], next run at: 2026-06-05 10:25:46 IST)" (scheduled at 2026-06-05 10:10:46.430547+05:30)
2026-06-05 10:10:46 [INFO] reflection.observation_loop: 🔍 Running observation cycle...
2026-06-05 10:10:46 [INFO] core.state_manager: [BRIEFING] Loading from data/session_briefing.json...
2026-06-05 10:10:46 [INFO] core.state_manager: [BRIEFING] Loaded Valid: 8 approved + 0 watchlist (MORNING_SCREENER)
2026-06-05 10:10:46 [INFO] reflection.observation_loop: 📊 Observation recorded:
   Market: RANGING | Trend: WEAK
   Vol: LOW | Breakouts: LOW
   Reversals: LOW
2026-06-05 10:10:46 [INFO] apscheduler.executors.default: Job "Market Observation Loop (trigger: interval[0:15:00], next run at: 2026-06-05 10:25:46 IST)" executed successfully
2026-06-05 10:10:49 [INFO] core.order_executor: 📈 TRAILING SL | NESTLEIND | ₹1374.0 → ₹1374.39
2026-06-05 10:11:00 [INFO] core.state_manager: [BRIEFING] Loading from data/session_briefing.json...
2026-06-05 10:11:00 [INFO] core.state_manager: [BRIEFING] Loaded Valid: 8 approved + 0 watchlist (MORNING_SCREENER)
2026-06-05 10:11:00 [INFO] core.strategy: ─── Scan summary (8 subscribed) ───
  [Cognition] NTPC: ticks=550 | live_candles=4
  [Cognition] RELIANCE: ticks=622 | live_candles=4
  [Cognition] HEROMOTOCO: ticks=495 | live_candles=4
  [Cognition] ULTRACEMCO: ticks=293 | live_candles=4
  [Cognition] MARUTI: ticks=343 | live_candles=4
  [Cognition] EICHERMOT: ticks=277 | live_candles=4
  [Cognition] NESTLEIND: ticks=242 | live_candles=4
  [Cognition] POWERGRID: ticks=269 | live_candles=4
2026-06-05 10:11:00 [INFO] core.order_executor: 📈 TRAILING SL | HEROMOTOCO | ₹4818.59 → ₹4819.48
2026-06-05 10:11:05 [INFO] core.order_executor: 📈 TRAILING SL | NESTLEIND | ₹1374.39 → ₹1375.09
2026-06-05 10:11:10 [INFO] core.order_executor: 📈 TRAILING SL | HEROMOTOCO | ₹4819.48 → ₹4820.68
2026-06-05 10:11:21 [INFO] core.order_executor: 📈 TRAILING SL | HEROMOTOCO | ₹4820.68 → ₹4820.87
2026-06-05 10:11:26 [INFO] core.order_executor: 📈 TRAILING SL | HEROMOTOCO | ₹4820.87 → ₹4822.17
2026-06-05 10:11:31 [INFO] core.order_executor: 📈 TRAILING SL | NESTLEIND | ₹1375.09 → ₹1375.39
2026-06-05 10:11:45 [INFO] core.data_fetcher: 📡 Live feed | ticks received: 8/8 symbols | active=['NTPC', 'RELIANCE', 'HEROMOTOCO', 'ULTRACEMCO', 'MARUTI', 'EICHERMOT', 'NESTLEIND', 'POWERGRID']
2026-06-05 10:12:03 [INFO] core.state_manager: [BRIEFING] Loading from data/session_briefing.json...
2026-06-05 10:12:03 [INFO] core.state_manager: [BRIEFING] Loaded Valid: 8 approved + 0 watchlist (MORNING_SCREENER)
2026-06-05 10:12:34 [INFO] core.strategy: ─── Scan summary (8 subscribed) ───
  [Cognition] NTPC: ticks=613 | live_candles=4
  [Cognition] RELIANCE: ticks=694 | live_candles=4
  [Cognition] HEROMOTOCO: ticks=552 | live_candles=4
  [Cognition] ULTRACEMCO: ticks=314 | live_candles=4
  [Cognition] MARUTI: ticks=380 | live_candles=4
  [Cognition] EICHERMOT: ticks=306 | live_candles=4
  [Cognition] NESTLEIND: ticks=270 | live_candles=4
  [Cognition] POWERGRID: ticks=293 | live_candles=4
2026-06-05 10:13:06 [INFO] core.state_manager: [BRIEFING] Loading from data/session_briefing.json...
2026-06-05 10:13:06 [INFO] core.state_manager: [BRIEFING] Loaded Valid: 8 approved + 0 watchlist (MORNING_SCREENER)
2026-06-05 10:13:45 [INFO] core.data_fetcher: 📡 Live feed | ticks received: 8/8 symbols | active=['NTPC', 'RELIANCE', 'HEROMOTOCO', 'ULTRACEMCO', 'MARUTI', 'EICHERMOT', 'NESTLEIND', 'POWERGRID']
2026-06-05 10:14:09 [INFO] core.state_manager: [BRIEFING] Loading from data/session_briefing.json...
2026-06-05 10:14:09 [INFO] core.state_manager: [BRIEFING] Loaded Valid: 8 approved + 0 watchlist (MORNING_SCREENER)
2026-06-05 10:14:09 [INFO] core.strategy: ─── Scan summary (8 subscribed) ───
  [Cognition] NTPC: ticks=675 | live_candles=4
  [Cognition] RELIANCE: ticks=744 | live_candles=4
  [Cognition] HEROMOTOCO: ticks=615 | live_candles=4
  [Cognition] ULTRACEMCO: ticks=344 | live_candles=4
  [Cognition] MARUTI: ticks=413 | live_candles=4
  [Cognition] EICHERMOT: ticks=331 | live_candles=4
  [Cognition] NESTLEIND: ticks=291 | live_candles=4
  [Cognition] POWERGRID: ticks=313 | live_candles=4
2026-06-05 10:15:00 [INFO] core.data_fetcher: 🕯️ Candle closed: NTPC | 2026-06-05 10:10 | O:367.60 H:368.15 L:367.25 C:367.35 V:249663820.0
2026-06-05 10:15:00 [INFO] core.data_fetcher: 🕯️ Candle closed: RELIANCE | 2026-06-05 10:10 | O:1299.70 H:1301.10 L:1299.40 C:1299.60 V:424693810.0
2026-06-05 10:15:01 [INFO] core.data_fetcher: 🕯️ Candle closed: HEROMOTOCO | 2026-06-05 10:10 | O:4834.90 H:4847.00 L:4826.40 C:4828.30 V:26603806.0
2026-06-05 10:15:02 [INFO] core.data_fetcher: 🕯️ Candle closed: NESTLEIND | 2026-06-05 10:10 | O:1380.10 H:1382.40 L:1379.30 C:1380.40 V:10552653.0
2026-06-05 10:15:02 [INFO] core.data_fetcher: 🕯️ Candle closed: EICHERMOT | 2026-06-05 10:10 | O:7109.50 H:7116.00 L:7089.50 C:7089.50 V:4935420.0
2026-06-05 10:15:04 [INFO] core.data_fetcher: 🕯️ Candle closed: MARUTI | 2026-06-05 10:10 | O:13050.00 H:13064.00 L:13032.00 C:13039.00 V:3828805.0
2026-06-05 10:15:07 [INFO] core.data_fetcher: 🕯️ Candle closed: ULTRACEMCO | 2026-06-05 10:10 | O:10979.00 H:10985.00 L:10965.00 C:10970.00 V:7889689.0
2026-06-05 10:15:08 [INFO] core.data_fetcher: 🕯️ Candle closed: POWERGRID | 2026-06-05 10:10 | O:284.55 H:285.10 L:284.35 C:284.50 V:113995392.0
2026-06-05 10:15:13 [INFO] core.state_manager: [BRIEFING] Loading from data/session_briefing.json...
2026-06-05 10:15:13 [INFO] core.state_manager: [BRIEFING] Loaded Valid: 8 approved + 0 watchlist (MORNING_SCREENER)
2026-06-05 10:15:44 [INFO] core.strategy: ─── Scan summary (8 subscribed) ───
  [Cognition] NTPC: ticks=721 | live_candles=5
  [Cognition] RELIANCE: ticks=794 | live_candles=5
  [Cognition] HEROMOTOCO: ticks=661 | live_candles=5
  [Cognition] ULTRACEMCO: ticks=367 | live_candles=5
  [Cognition] MARUTI: ticks=443 | live_candles=5
  [Cognition] EICHERMOT: ticks=343 | live_candles=5
  [Cognition] NESTLEIND: ticks=311 | live_candles=5
  [Cognition] POWERGRID: ticks=335 | live_candles=5
2026-06-05 10:15:45 [INFO] core.data_fetcher: 📡 Live feed | ticks received: 8/8 symbols | active=['NTPC', 'RELIANCE', 'HEROMOTOCO', 'ULTRACEMCO', 'MARUTI', 'EICHERMOT', 'NESTLEIND', 'POWERGRID']
2026-06-05 10:15:50 [WARNING] core.order_executor: 🔴 TRAILING_SL HIT | HEROMOTOCO | ₹4821.7 ≤ ₹4822.17
2026-06-05 10:15:50 [INFO] core.order_executor: 📋 [PAPER] SELL | HEROMOTOCO | Qty: 4 | @ ₹4821.7 | Reason: TRAILING_SL
2026-06-05 10:15:50 [INFO] core.state_manager: Position closed: HEROMOTOCO | 4821.7 | P&L: -52.80 | TRAILING_SL | price_source=ws_ltp
2026-06-05 10:16:16 [INFO] core.state_manager: [BRIEFING] Loading from data/session_briefing.json...
2026-06-05 10:16:16 [INFO] core.state_manager: [BRIEFING] Loaded Valid: 8 approved + 0 watchlist (MORNING_SCREENER)
2026-06-05 10:17:15 [INFO] core.strategy: ─── Scan summary (8 subscribed) ───
  [Cognition] NTPC: ticks=764 | live_candles=5
  [Cognition] RELIANCE: ticks=841 | live_candles=5
  [Cognition] HEROMOTOCO: ticks=708 | live_candles=5
  [Cognition] ULTRACEMCO: ticks=401 | live_candles=5
  [Cognition] MARUTI: ticks=467 | live_candles=5
  [Cognition] EICHERMOT: ticks=361 | live_candles=5
  [Cognition] NESTLEIND: ticks=322 | live_candles=5
  [Cognition] POWERGRID: ticks=352 | live_candles=5
2026-06-05 10:17:20 [INFO] core.state_manager: [BRIEFING] Loading from data/session_briefing.json...
2026-06-05 10:17:20 [INFO] core.state_manager: [BRIEFING] Loaded Valid: 8 approved + 0 watchlist (MORNING_SCREENER)
2026-06-05 10:17:45 [INFO] core.data_fetcher: 📡 Live feed | ticks received: 8/8 symbols | active=['NTPC', 'RELIANCE', 'HEROMOTOCO', 'ULTRACEMCO', 'MARUTI', 'EICHERMOT', 'NESTLEIND', 'POWERGRID']
2026-06-05 10:18:24 [INFO] core.state_manager: [BRIEFING] Loading from data/session_briefing.json...
2026-06-05 10:18:24 [INFO] core.state_manager: [BRIEFING] Loaded Valid: 8 approved + 0 watchlist (MORNING_SCREENER)
2026-06-05 10:18:45 [INFO] core.strategy: ─── Scan summary (8 subscribed) ───
  [Cognition] NTPC: ticks=804 | live_candles=5
  [Cognition] RELIANCE: ticks=889 | live_candles=5
  [Cognition] HEROMOTOCO: ticks=749 | live_candles=5
  [Cognition] ULTRACEMCO: ticks=416 | live_candles=5
  [Cognition] MARUTI: ticks=491 | live_candles=5
  [Cognition] EICHERMOT: ticks=385 | live_candles=5
  [Cognition] NESTLEIND: ticks=342 | live_candles=5
  [Cognition] POWERGRID: ticks=369 | live_candles=5
2026-06-05 10:19:28 [INFO] core.state_manager: [BRIEFING] Loading from data/session_briefing.json...
2026-06-05 10:19:28 [INFO] core.state_manager: [BRIEFING] Loaded Valid: 8 approved + 0 watchlist (MORNING_SCREENER)
2026-06-05 10:19:45 [INFO] core.data_fetcher: 📡 Live feed | ticks received: 8/8 symbols | active=['NTPC', 'RELIANCE', 'HEROMOTOCO', 'ULTRACEMCO', 'MARUTI', 'EICHERMOT', 'NESTLEIND', 'POWERGRID']
2026-06-05 10:20:01 [INFO] core.data_fetcher: 🕯️ Candle closed: MARUTI | 2026-06-05 10:15 | O:13040.00 H:13050.00 L:13031.00 C:13050.00 V:3018454.0
2026-06-05 10:20:01 [INFO] core.data_fetcher: 🕯️ Candle closed: RELIANCE | 2026-06-05 10:15 | O:1300.00 H:1300.00 L:1299.00 C:1300.00 V:317151648.0
2026-06-05 10:20:01 [INFO] core.data_fetcher: 🕯️ Candle closed: POWERGRID | 2026-06-05 10:15 | O:284.45 H:284.80 L:284.30 C:284.70 V:79234492.0
2026-06-05 10:20:02 [INFO] core.data_fetcher: 🕯️ Candle closed: NESTLEIND | 2026-06-05 10:15 | O:1380.50 H:1382.00 L:1379.50 C:1380.20 V:9238531.0
2026-06-05 10:20:02 [INFO] core.data_fetcher: 🕯️ Candle closed: HEROMOTOCO | 2026-06-05 10:15 | O:4828.70 H:4837.30 L:4821.70 C:4832.10 V:22783001.0
2026-06-05 10:20:02 [INFO] core.data_fetcher: 🕯️ Candle closed: NTPC | 2026-06-05 10:15 | O:367.30 H:367.70 L:366.30 C:367.30 V:213362439.0
2026-06-05 10:20:02 [INFO] core.data_fetcher: 🕯️ Candle closed: ULTRACEMCO | 2026-06-05 10:15 | O:10965.00 H:10976.00 L:10956.00 C:10961.00 V:8120207.0
2026-06-05 10:20:05 [INFO] core.strategy: BUY SIGNAL TRIGGERED
Symbol: POWERGRID
Price: 284.75
Triggered Set: BUY_MACD_VWAP_SURGE
Set Side: BUY
Confidence: base=73.0 signal_x=1.0 weight_x=1.0 time=10:00-11:30@1.0 market_x=1.0 advisory_x=0.99 final=72.3 min=65.0
Satisfied:
- MACD positive: MACD=0.2661 > 0 ✓
- Price above VWAP: Close=284.75 > VWAP=284.57
- Volume Spike: LatestVol=1793237.0, AvgVol=24560394.45
- Bullish Reversal Candle: Bullish Engulfing
Why: MACD bullish regime + price above VWAP + volume surge + bullish candle. Added bullish_reversal_candle as EVENT anchor — without it 2 STATE conditions would fire continuously on any uptrending stock.
2026-06-05 10:20:05 [INFO] core.order_executor: ✅ Quantity calculated | Price: ₹284.75 | Qty: 69 | Deployed: ₹19648 | Limiting: Allocation-limited | Risk: 139sh | Alloc: 69sh | Lever: 229sh | Buying Power: ₹98960 | Margin Used: ₹0
2026-06-05 10:20:05 [INFO] core.order_executor: 📋 [PAPER] BUY | POWERGRID | Qty: 69 | @ ₹284.75 | SL: ₹283.33 | Target: ₹287.59
2026-06-05 10:20:06 [INFO] core.state_manager: Position saved: POWERGRID x69 | Target: 287.59 | SL: 283.33
2026-06-05 10:20:06 [INFO] core.data_fetcher: 🕯️ Candle closed: EICHERMOT | 2026-06-05 10:15 | O:7090.00 H:7095.00 L:7085.00 C:7091.50 V:3877542.0
2026-06-05 10:20:16 [INFO] core.strategy: ─── Scan summary (8 subscribed) ───
  [Cognition] NTPC: ticks=845 | live_candles=6
  [Cognition] RELIANCE: ticks=925 | live_candles=6
  [Cognition] HEROMOTOCO: ticks=789 | live_candles=6
  [Cognition] ULTRACEMCO: ticks=445 | live_candles=6
  [Cognition] MARUTI: ticks=515 | live_candles=6
  [Cognition] EICHERMOT: ticks=407 | live_candles=6
  [Cognition] NESTLEIND: ticks=362 | live_candles=6
  [Cognition] POWERGRID: ticks=387 | live_candles=6
2026-06-05 10:20:32 [INFO] core.state_manager: [BRIEFING] Loading from data/session_briefing.json...
2026-06-05 10:20:32 [INFO] core.state_manager: [BRIEFING] Loaded Valid: 8 approved + 0 watchlist (MORNING_SCREENER)
2026-06-05 10:21:35 [INFO] core.state_manager: [BRIEFING] Loading from data/session_briefing.json...
2026-06-05 10:21:35 [INFO] core.state_manager: [BRIEFING] Loaded Valid: 8 approved + 0 watchlist (MORNING_SCREENER)
2026-06-05 10:21:45 [INFO] core.data_fetcher: 📡 Live feed | ticks received: 8/8 symbols | active=['NTPC', 'RELIANCE', 'HEROMOTOCO', 'ULTRACEMCO', 'MARUTI', 'EICHERMOT', 'NESTLEIND', 'POWERGRID']
2026-06-05 10:21:46 [INFO] core.strategy: ─── Scan summary (8 subscribed) ───
  [Cognition] NTPC: ticks=887 | live_candles=6
  [Cognition] RELIANCE: ticks=958 | live_candles=6
  [Cognition] HEROMOTOCO: ticks=827 | live_candles=6
  [Cognition] ULTRACEMCO: ticks=470 | live_candles=6
  [Cognition] MARUTI: ticks=532 | live_candles=6
  [Cognition] EICHERMOT: ticks=423 | live_candles=6
  [Cognition] NESTLEIND: ticks=377 | live_candles=6
  [Cognition] POWERGRID: ticks=402 | live_candles=6
2026-06-05 10:22:39 [INFO] core.state_manager: [BRIEFING] Loading from data/session_briefing.json...
2026-06-05 10:22:39 [INFO] core.state_manager: [BRIEFING] Loaded Valid: 8 approved + 0 watchlist (MORNING_SCREENER)
2026-06-05 10:23:16 [INFO] core.strategy: ─── Scan summary (8 subscribed) ───
  [Cognition] NTPC: ticks=936 | live_candles=6
  [Cognition] RELIANCE: ticks=1005 | live_candles=6
  [Cognition] HEROMOTOCO: ticks=863 | live_candles=6
  [Cognition] ULTRACEMCO: ticks=491 | live_candles=6
  [Cognition] MARUTI: ticks=557 | live_candles=6
  [Cognition] EICHERMOT: ticks=448 | live_candles=6
  [Cognition] NESTLEIND: ticks=386 | live_candles=6
  [Cognition] POWERGRID: ticks=418 | live_candles=6
2026-06-05 10:23:43 [INFO] core.state_manager: [BRIEFING] Loading from data/session_briefing.json...
2026-06-05 10:23:43 [INFO] core.state_manager: [BRIEFING] Loaded Valid: 8 approved + 0 watchlist (MORNING_SCREENER)
2026-06-05 10:23:46 [INFO] core.data_fetcher: 📡 Live feed | ticks received: 8/8 symbols | active=['NTPC', 'RELIANCE', 'HEROMOTOCO', 'ULTRACEMCO', 'MARUTI', 'EICHERMOT', 'NESTLEIND', 'POWERGRID']
2026-06-05 10:47:11 [WARNING] core.data_fetcher: ⚠️ WebSocket closed: The Session has been Closed!
2026-06-05 10:47:11 [INFO] core.data_fetcher: Scheduling reconnect in 5s (attempt 1/10)
2026-06-05 10:47:11 [ERROR] core.data_fetcher: ❌ WebSocket error | type=WebSocketConnectionClosedException | msg=Connection to remote host was lost. | symbols=8 | attempt=1
Traceback (most recent call last):
  File "C:\Extra Programs\Files\AlcoSoft_Financial_Services\alco_env\lib\site-packages\websocket\_app.py", line 511, in setSock
    dispatcher.read(self.sock.sock, read, check)
  File "C:\Extra Programs\Files\AlcoSoft_Financial_Services\alco_env\lib\site-packages\websocket\_app.py", line 113, in read
    if not read_callback():
  File "C:\Extra Programs\Files\AlcoSoft_Financial_Services\alco_env\lib\site-packages\websocket\_app.py", line 535, in read
    raise e
  File "C:\Extra Programs\Files\AlcoSoft_Financial_Services\alco_env\lib\site-packages\websocket\_app.py", line 526, in read
    op_code, frame = self.sock.recv_data_frame(True)
  File "C:\Extra Programs\Files\AlcoSoft_Financial_Services\alco_env\lib\site-packages\websocket\_core.py", line 437, in recv_data_frame
    frame = self.recv_frame()
  File "C:\Extra Programs\Files\AlcoSoft_Financial_Services\alco_env\lib\site-packages\websocket\_core.py", line 478, in recv_frame
    return self.frame_buffer.recv_frame()
  File "C:\Extra Programs\Files\AlcoSoft_Financial_Services\alco_env\lib\site-packages\websocket\_abnf.py", line 363, in recv_frame
    self.recv_header()
  File "C:\Extra Programs\Files\AlcoSoft_Financial_Services\alco_env\lib\site-packages\websocket\_abnf.py", line 319, in recv_header
    header = self.recv_strict(2)
  File "C:\Extra Programs\Files\AlcoSoft_Financial_Services\alco_env\lib\site-packages\websocket\_abnf.py", line 398, in recv_strict
    bytes_ = self.recv(min(16384, shortage))
  File "C:\Extra Programs\Files\AlcoSoft_Financial_Services\alco_env\lib\site-packages\websocket\_core.py", line 563, in _recv
    return recv(self.sock, bufsize)
  File "C:\Extra Programs\Files\AlcoSoft_Financial_Services\alco_env\lib\site-packages\websocket\_socket.py", line 132, in recv
    raise WebSocketConnectionClosedException("Connection to remote host was lost.")
websocket._exceptions.WebSocketConnectionClosedException: Connection to remote host was lost.
2026-06-05 10:47:11 [INFO] core.data_fetcher: Scheduling reconnect in 5s (attempt 1/10)
2026-06-05 10:47:11 [WARNING] core.data_fetcher: ⚠️ WebSocket closed: The Session has been Closed!
2026-06-05 10:47:11 [INFO] core.data_fetcher: Scheduling reconnect in 5s (attempt 1/10)
2026-06-05 12:03:03 [INFO] core.state_manager: [BRIEFING] Loading from data/session_briefing.json...
2026-06-05 12:03:03 [INFO] core.state_manager: [BRIEFING] Loaded Valid: 8 approved + 0 watchlist (MORNING_SCREENER)
2026-06-05 12:03:03 [INFO] core.strategy: ─── Scan summary (8 subscribed) ───
  [Cognition] NTPC: ticks=945 | live_candles=6
  [Cognition] RELIANCE: ticks=1023 | live_candles=6
  [Cognition] HEROMOTOCO: ticks=878 | live_candles=6
  [Cognition] ULTRACEMCO: ticks=495 | live_candles=6
  [Cognition] MARUTI: ticks=567 | live_candles=6
  [Cognition] EICHERMOT: ticks=460 | live_candles=6
  [Cognition] NESTLEIND: ticks=394 | live_candles=6
  [Cognition] POWERGRID: ticks=420 | live_candles=6
2026-06-05 12:03:04 [WARNING] apscheduler.executors.default: Run time of job "Market Observation Loop (trigger: interval[0:15:00], next run at: 2026-06-05 12:10:46 IST)" was missed by 0:07:17.771141
2026-06-05 12:03:05 [INFO] core.data_fetcher: Reconnecting WebSocket...
2026-06-05 12:03:05 [INFO] core.data_fetcher: Starting live feed for 8 symbols: ['NTPC', 'RELIANCE', 'HEROMOTOCO', 'ULTRACEMCO', 'MARUTI', 'EICHERMOT', 'NESTLEIND', 'POWERGRID']
2026-06-05 12:03:05 [INFO] core.data_fetcher: Subscribing to 8 instruments...
2026-06-05 12:03:05 [INFO] core.data_fetcher: ✅ Subscribed to live feed: ['11630', '2885', '1348', '11532', '10999', '910', '17963', '14977']
2026-06-05 12:03:05 [WARNING] core.data_fetcher: ⚠️ WebSocket closed: The Session has been Closed!
2026-06-05 12:03:05 [INFO] core.data_fetcher: Reconnection successful.
2026-06-05 12:03:05 [INFO] core.data_fetcher: Scheduling reconnect in 5s (attempt 1/10)
2026-06-05 12:03:05 [ERROR] core.data_fetcher: ❌ WebSocket error | type=WebSocketAddressException | msg=[Errno 11001] getaddrinfo failed | symbols=8 | attempt=1
Traceback (most recent call last):
  File "C:\Extra Programs\Files\AlcoSoft_Financial_Services\alco_env\lib\site-packages\websocket\_http.py", line 176, in _get_addrinfo_list
    addrinfo_list = socket.getaddrinfo(
  File "C:\Users\RounakKR\AppData\Local\Programs\Python\Python310\lib\socket.py", line 955, in getaddrinfo
    for res in _socket.getaddrinfo(host, port, family, type, proto, flags):
socket.gaierror: [Errno 11001] getaddrinfo failed

During handling of the above exception, another exception occurred:

Traceback (most recent call last):
  File "C:\Extra Programs\Files\AlcoSoft_Financial_Services\alco_env\lib\site-packages\websocket\_app.py", line 484, in setSock
    self.sock.connect(
  File "C:\Extra Programs\Files\AlcoSoft_Financial_Services\alco_env\lib\site-packages\websocket\_core.py", line 256, in connect
    self.sock, addrs = connect(
  File "C:\Extra Programs\Files\AlcoSoft_Financial_Services\alco_env\lib\site-packages\websocket\_http.py", line 137, in connect
    addrinfo_list, need_tunnel, auth = _get_addrinfo_list(
  File "C:\Extra Programs\Files\AlcoSoft_Financial_Services\alco_env\lib\site-packages\websocket\_http.py", line 191, in _get_addrinfo_list
    raise WebSocketAddressException(e)
websocket._exceptions.WebSocketAddressException: [Errno 11001] getaddrinfo failed
2026-06-05 12:03:05 [INFO] core.data_fetcher: Scheduling reconnect in 5s (attempt 1/10)
2026-06-05 12:03:05 [WARNING] core.data_fetcher: ⚠️ WebSocket closed: The Session has been Closed!
2026-06-05 12:03:05 [INFO] core.data_fetcher: Scheduling reconnect in 5s (attempt 1/10)
2026-06-05 12:03:10 [INFO] core.data_fetcher: Reconnecting WebSocket...
2026-06-05 12:03:10 [INFO] core.data_fetcher: Starting live feed for 8 symbols: ['NTPC', 'RELIANCE', 'HEROMOTOCO', 'ULTRACEMCO', 'MARUTI', 'EICHERMOT', 'NESTLEIND', 'POWERGRID']
2026-06-05 12:03:10 [INFO] core.data_fetcher: Subscribing to 8 instruments...
2026-06-05 12:03:10 [INFO] core.data_fetcher: ✅ Subscribed to live feed: ['11630', '2885', '1348', '11532', '10999', '910', '17963', '14977']
2026-06-05 12:03:10 [WARNING] core.data_fetcher: ⚠️ WebSocket closed: The Session has been Closed!
2026-06-05 12:03:10 [INFO] core.data_fetcher: Reconnection successful.
2026-06-05 12:03:10 [INFO] core.data_fetcher: Scheduling reconnect in 5s (attempt 1/10)
2026-06-05 12:03:10 [ERROR] core.data_fetcher: ❌ WebSocket error | type=WebSocketAddressException | msg=[Errno 11001] getaddrinfo failed | symbols=8 | attempt=1
Traceback (most recent call last):
  File "C:\Extra Programs\Files\AlcoSoft_Financial_Services\alco_env\lib\site-packages\websocket\_http.py", line 176, in _get_addrinfo_list
    addrinfo_list = socket.getaddrinfo(
  File "C:\Users\RounakKR\AppData\Local\Programs\Python\Python310\lib\socket.py", line 955, in getaddrinfo
    for res in _socket.getaddrinfo(host, port, family, type, proto, flags):
socket.gaierror: [Errno 11001] getaddrinfo failed

During handling of the above exception, another exception occurred:

Traceback (most recent call last):
  File "C:\Extra Programs\Files\AlcoSoft_Financial_Services\alco_env\lib\site-packages\websocket\_app.py", line 484, in setSock
    self.sock.connect(
  File "C:\Extra Programs\Files\AlcoSoft_Financial_Services\alco_env\lib\site-packages\websocket\_core.py", line 256, in connect
    self.sock, addrs = connect(
  File "C:\Extra Programs\Files\AlcoSoft_Financial_Services\alco_env\lib\site-packages\websocket\_http.py", line 137, in connect
    addrinfo_list, need_tunnel, auth = _get_addrinfo_list(
  File "C:\Extra Programs\Files\AlcoSoft_Financial_Services\alco_env\lib\site-packages\websocket\_http.py", line 191, in _get_addrinfo_list
    raise WebSocketAddressException(e)
websocket._exceptions.WebSocketAddressException: [Errno 11001] getaddrinfo failed
2026-06-05 12:03:10 [INFO] core.data_fetcher: Scheduling reconnect in 5s (attempt 1/10)
2026-06-05 12:03:10 [WARNING] core.data_fetcher: ⚠️ WebSocket closed: The Session has been Closed!
2026-06-05 12:03:10 [INFO] core.data_fetcher: Scheduling reconnect in 5s (attempt 1/10)
2026-06-05 12:03:15 [INFO] core.data_fetcher: Reconnecting WebSocket...
2026-06-05 12:03:15 [INFO] core.data_fetcher: Starting live feed for 8 symbols: ['NTPC', 'RELIANCE', 'HEROMOTOCO', 'ULTRACEMCO', 'MARUTI', 'EICHERMOT', 'NESTLEIND', 'POWERGRID']
2026-06-05 12:03:15 [INFO] core.data_fetcher: Subscribing to 8 instruments...
2026-06-05 12:03:15 [INFO] core.data_fetcher: ✅ Subscribed to live feed: ['11630', '2885', '1348', '11532', '10999', '910', '17963', '14977']
2026-06-05 12:03:15 [WARNING] core.data_fetcher: ⚠️ WebSocket closed: The Session has been Closed!
2026-06-05 12:03:15 [INFO] core.data_fetcher: Reconnection successful.
2026-06-05 12:03:15 [INFO] core.data_fetcher: Scheduling reconnect in 5s (attempt 1/10)
2026-06-05 12:03:15 [ERROR] core.data_fetcher: ❌ WebSocket error | type=WebSocketAddressException | msg=[Errno 11001] getaddrinfo failed | symbols=8 | attempt=1
Traceback (most recent call last):
  File "C:\Extra Programs\Files\AlcoSoft_Financial_Services\alco_env\lib\site-packages\websocket\_http.py", line 176, in _get_addrinfo_list
    addrinfo_list = socket.getaddrinfo(
  File "C:\Users\RounakKR\AppData\Local\Programs\Python\Python310\lib\socket.py", line 955, in getaddrinfo
    for res in _socket.getaddrinfo(host, port, family, type, proto, flags):
socket.gaierror: [Errno 11001] getaddrinfo failed

During handling of the above exception, another exception occurred:

Traceback (most recent call last):
  File "C:\Extra Programs\Files\AlcoSoft_Financial_Services\alco_env\lib\site-packages\websocket\_app.py", line 484, in setSock
    self.sock.connect(
  File "C:\Extra Programs\Files\AlcoSoft_Financial_Services\alco_env\lib\site-packages\websocket\_core.py", line 256, in connect
    self.sock, addrs = connect(
  File "C:\Extra Programs\Files\AlcoSoft_Financial_Services\alco_env\lib\site-packages\websocket\_http.py", line 137, in connect
    addrinfo_list, need_tunnel, auth = _get_addrinfo_list(
  File "C:\Extra Programs\Files\AlcoSoft_Financial_Services\alco_env\lib\site-packages\websocket\_http.py", line 191, in _get_addrinfo_list
    raise WebSocketAddressException(e)
websocket._exceptions.WebSocketAddressException: [Errno 11001] getaddrinfo failed
2026-06-05 12:03:15 [INFO] core.data_fetcher: Scheduling reconnect in 5s (attempt 1/10)
2026-06-05 12:03:15 [WARNING] core.data_fetcher: ⚠️ WebSocket closed: The Session has been Closed!
2026-06-05 12:03:15 [INFO] core.data_fetcher: Scheduling reconnect in 5s (attempt 1/10)
2026-06-05 12:03:20 [INFO] core.data_fetcher: Reconnecting WebSocket...
2026-06-05 12:03:20 [INFO] core.data_fetcher: Starting live feed for 8 symbols: ['NTPC', 'RELIANCE', 'HEROMOTOCO', 'ULTRACEMCO', 'MARUTI', 'EICHERMOT', 'NESTLEIND', 'POWERGRID']
2026-06-05 12:03:20 [INFO] core.data_fetcher: Subscribing to 8 instruments...
2026-06-05 12:03:20 [INFO] core.data_fetcher: ✅ Subscribed to live feed: ['11630', '2885', '1348', '11532', '10999', '910', '17963', '14977']
2026-06-05 12:03:20 [WARNING] core.data_fetcher: ⚠️ WebSocket closed: The Session has been Closed!
2026-06-05 12:03:20 [INFO] core.data_fetcher: Reconnection successful.
2026-06-05 12:03:20 [INFO] core.data_fetcher: Scheduling reconnect in 5s (attempt 1/10)
2026-06-05 12:03:20 [ERROR] core.data_fetcher: ❌ WebSocket error | type=WebSocketAddressException | msg=[Errno 11001] getaddrinfo failed | symbols=8 | attempt=1
Traceback (most recent call last):
  File "C:\Extra Programs\Files\AlcoSoft_Financial_Services\alco_env\lib\site-packages\websocket\_http.py", line 176, in _get_addrinfo_list
    addrinfo_list = socket.getaddrinfo(
  File "C:\Users\RounakKR\AppData\Local\Programs\Python\Python310\lib\socket.py", line 955, in getaddrinfo
    for res in _socket.getaddrinfo(host, port, family, type, proto, flags):
socket.gaierror: [Errno 11001] getaddrinfo failed

During handling of the above exception, another exception occurred:

Traceback (most recent call last):
  File "C:\Extra Programs\Files\AlcoSoft_Financial_Services\alco_env\lib\site-packages\websocket\_app.py", line 484, in setSock
    self.sock.connect(
  File "C:\Extra Programs\Files\AlcoSoft_Financial_Services\alco_env\lib\site-packages\websocket\_core.py", line 256, in connect
    self.sock, addrs = connect(
  File "C:\Extra Programs\Files\AlcoSoft_Financial_Services\alco_env\lib\site-packages\websocket\_http.py", line 137, in connect
    addrinfo_list, need_tunnel, auth = _get_addrinfo_list(
  File "C:\Extra Programs\Files\AlcoSoft_Financial_Services\alco_env\lib\site-packages\websocket\_http.py", line 191, in _get_addrinfo_list
    raise WebSocketAddressException(e)
websocket._exceptions.WebSocketAddressException: [Errno 11001] getaddrinfo failed
2026-06-05 12:03:20 [INFO] core.data_fetcher: Scheduling reconnect in 5s (attempt 1/10)
2026-06-05 12:03:20 [WARNING] core.data_fetcher: ⚠️ WebSocket closed: The Session has been Closed!
2026-06-05 12:03:20 [INFO] core.data_fetcher: Scheduling reconnect in 5s (attempt 1/10)
2026-06-05 12:03:25 [INFO] core.data_fetcher: Reconnecting WebSocket...
2026-06-05 12:03:25 [INFO] core.data_fetcher: Starting live feed for 8 symbols: ['NTPC', 'RELIANCE', 'HEROMOTOCO', 'ULTRACEMCO', 'MARUTI', 'EICHERMOT', 'NESTLEIND', 'POWERGRID']
2026-06-05 12:03:25 [INFO] core.data_fetcher: Subscribing to 8 instruments...
2026-06-05 12:03:25 [INFO] core.data_fetcher: ✅ Subscribed to live feed: ['11630', '2885', '1348', '11532', '10999', '910', '17963', '14977']
2026-06-05 12:03:25 [WARNING] core.data_fetcher: ⚠️ WebSocket closed: The Session has been Closed!
2026-06-05 12:03:25 [INFO] core.data_fetcher: Reconnection successful.
2026-06-05 12:03:25 [INFO] core.data_fetcher: Scheduling reconnect in 5s (attempt 1/10)
2026-06-05 12:03:25 [ERROR] core.data_fetcher: ❌ WebSocket error | type=WebSocketAddressException | msg=[Errno 11001] getaddrinfo failed | symbols=8 | attempt=1
Traceback (most recent call last):
  File "C:\Extra Programs\Files\AlcoSoft_Financial_Services\alco_env\lib\site-packages\websocket\_http.py", line 176, in _get_addrinfo_list
    addrinfo_list = socket.getaddrinfo(
  File "C:\Users\RounakKR\AppData\Local\Programs\Python\Python310\lib\socket.py", line 955, in getaddrinfo
    for res in _socket.getaddrinfo(host, port, family, type, proto, flags):
socket.gaierror: [Errno 11001] getaddrinfo failed

During handling of the above exception, another exception occurred:

Traceback (most recent call last):
  File "C:\Extra Programs\Files\AlcoSoft_Financial_Services\alco_env\lib\site-packages\websocket\_app.py", line 484, in setSock
    self.sock.connect(
  File "C:\Extra Programs\Files\AlcoSoft_Financial_Services\alco_env\lib\site-packages\websocket\_core.py", line 256, in connect
    self.sock, addrs = connect(
  File "C:\Extra Programs\Files\AlcoSoft_Financial_Services\alco_env\lib\site-packages\websocket\_http.py", line 137, in connect
    addrinfo_list, need_tunnel, auth = _get_addrinfo_list(
  File "C:\Extra Programs\Files\AlcoSoft_Financial_Services\alco_env\lib\site-packages\websocket\_http.py", line 191, in _get_addrinfo_list
    raise WebSocketAddressException(e)
websocket._exceptions.WebSocketAddressException: [Errno 11001] getaddrinfo failed
2026-06-05 12:03:25 [INFO] core.data_fetcher: Scheduling reconnect in 5s (attempt 1/10)
2026-06-05 12:03:25 [WARNING] core.data_fetcher: ⚠️ WebSocket closed: The Session has been Closed!
2026-06-05 12:03:25 [INFO] core.data_fetcher: Scheduling reconnect in 5s (attempt 1/10)
2026-06-05 12:03:28 [INFO] AlcoSoft: Shutdown signal received. Stopping gracefully...
2026-06-05 12:03:30 [INFO] core.strategy: Strategy loop stopped.
2026-06-05 12:03:30 [INFO] AlcoSoft: Running cleanup...
2026-06-05 12:03:30 [INFO] AlcoSoft: Scheduler stopped.
2026-06-05 12:03:30 [INFO] core.state_manager: [BRIEFING] Loading from data/session_briefing.json...
2026-06-05 12:03:30 [INFO] core.state_manager: [BRIEFING] Loaded Valid: 8 approved + 0 watchlist (MORNING_SCREENER)
2026-06-05 12:03:30 [INFO] core.data_fetcher: Live feed stopped.
2026-06-05 12:03:30 [INFO] AlcoSoft: Live feed stopped.
2026-06-05 12:03:30 [INFO] core.kotak_client: Kotak session logged out cleanly.
2026-06-05 12:03:30 [INFO] AlcoSoft: Kotak session closed.
2026-06-05 12:03:30 [INFO] AlcoSoft: AlcoSoft shutdown complete. Goodbye.
2026-06-05 12:03:30 [INFO] apscheduler.scheduler: Scheduler has been shut down
2026-06-05 12:03:34 [INFO] reflection.reflection_statistics: ✅ Reflection statistics database initialized
2026-06-05 12:03:34 [INFO] AlcoSoft: =======================================================
2026-06-05 12:03:34 [INFO] AlcoSoft:   ALCOSOFT FINANCIAL SERVICES — SYSTEM STARTING
2026-06-05 12:03:34 [INFO] AlcoSoft:   Mode: PAPER | Strategy: INTRADAY
2026-06-05 12:03:34 [INFO] AlcoSoft: =======================================================
2026-06-05 12:03:34 [INFO] AlcoSoft: [0/6] Initializing database...
2026-06-05 12:03:34 [INFO] core.state_manager: Database initialized.
2026-06-05 12:03:34 [INFO] AlcoSoft: [1/6] Running preflight health checks...
2026-06-05 12:03:34 [INFO] core.health_monitor: 🔍 Running preflight health checks...
2026-06-05 12:03:34 [INFO] core.health_monitor: ✅ API Credentials: All API keys configured
2026-06-05 12:03:34 [INFO] core.kotak_client: Initializing Kotak Neo session...
2026-06-05 12:03:34 [INFO] core.kotak_client: TOTP generated: 542775
2026-06-05 12:03:34 [ERROR] core.health_monitor: ❌ Broker Connection: __str__ returned non-string (type NoneType)
2026-06-05 12:03:34 [INFO] core.health_monitor: ✅ Database: DB OK (3 open positions)
2026-06-05 12:03:34 [INFO] core.state_manager: [BRIEFING] Loading from data/session_briefing.json...
2026-06-05 12:03:34 [INFO] core.state_manager: [BRIEFING] Loaded Valid: 8 approved + 0 watchlist (MORNING_SCREENER)
2026-06-05 12:03:34 [INFO] core.state_manager: [BRIEFING] Validation PASSED: 8 approved + 0 watchlist (MORNING_SCREENER)
2026-06-05 12:03:34 [INFO] core.health_monitor: ✅ Trading Briefing: Briefing OK (8 cognition, 0 watchlist, 8 total)
2026-06-05 12:03:34 [INFO] core.health_monitor: ✅ Live Feed: Feed not started yet (starts after briefing load)
2026-06-05 12:03:34 [INFO] core.health_monitor: ✅ Market Hours: Market is OPEN
2026-06-05 12:03:34 [INFO] core.health_monitor: ❌ Available Capital: Capital ₹0 below minimum ₹500
2026-06-05 12:03:34 [INFO] core.health_monitor: ✅ Daily Loss Limit: Daily loss OK
2026-06-05 12:03:34 [INFO] core.health_monitor: 
======================================================================
SYSTEM HEALTH REPORT — 2026-06-05T12:03:34.124396
======================================================================

✅ PASSED (6):
   • API Credentials
   • Database
   • Trading Briefing
   • Live Feed
   • Market Hours
   • Daily Loss Limit

❌ FAILED (2):
   • Broker Connection
     Error: __str__ returned non-string (type NoneType)
   • Available Capital

======================================================================

2026-06-05 12:03:34 [WARNING] AlcoSoft: ⚠️  Some checks failed but continuing (PAPER MODE)
2026-06-05 12:03:34 [INFO] AlcoSoft: [2/6] Checking for previous state...
2026-06-05 12:03:34 [INFO] core.state_manager: [BRIEFING] Loading from data/session_briefing.json...
2026-06-05 12:03:34 [INFO] core.state_manager: [BRIEFING] Loaded Valid: 8 approved + 0 watchlist (MORNING_SCREENER)
2026-06-05 12:03:34 [WARNING] core.state_manager: CRASH RECOVERY: 3 open position(s): ['EICHERMOT', 'NESTLEIND', 'POWERGRID']
2026-06-05 12:03:34 [WARNING] AlcoSoft: ⚠️  CRASH RECOVERY: 3 open position(s) from last session. Monitoring resumed.
2026-06-05 12:03:34 [INFO] AlcoSoft: [3/6] Connecting to Kotak Neo...
2026-06-05 12:03:34 [INFO] core.kotak_client: Initializing Kotak Neo session...
2026-06-05 12:03:34 [INFO] core.kotak_client: TOTP generated: 542775
2026-06-05 12:05:03 [INFO] reflection.reflection_statistics: ✅ Reflection statistics database initialized
2026-06-05 12:05:03 [INFO] AlcoSoft: =======================================================
2026-06-05 12:05:03 [INFO] AlcoSoft:   ALCOSOFT FINANCIAL SERVICES — SYSTEM STARTING
2026-06-05 12:05:03 [INFO] AlcoSoft:   Mode: PAPER | Strategy: INTRADAY
2026-06-05 12:05:03 [INFO] AlcoSoft: =======================================================
2026-06-05 12:05:03 [INFO] AlcoSoft: [0/6] Initializing database...
2026-06-05 12:05:03 [INFO] core.state_manager: Database initialized.
2026-06-05 12:05:03 [INFO] AlcoSoft: [1/6] Running preflight health checks...
2026-06-05 12:05:03 [INFO] core.health_monitor: 🔍 Running preflight health checks...
2026-06-05 12:05:03 [INFO] core.health_monitor: ✅ API Credentials: All API keys configured
2026-06-05 12:05:03 [INFO] core.kotak_client: Initializing Kotak Neo session...
2026-06-05 12:05:03 [INFO] core.kotak_client: TOTP generated: 132278
2026-06-05 12:05:03 [INFO] core.kotak_client: TOTP login response: {'data': {'token': 'eyJhbGciOiJSUzI1NiIsInR5cCI6IkpXVCJ9.eyJqdGkiOiIwNzljZGNhMC1hNzE5LTRkNDItYmRkZi0wOTFiZGMxMjA2ODciLCJpc3MiOiJsb2dpbi1zZXJ2aWNlIiwic3ViIjoiZDZiODIzNzgtNDMzMy00OTcyLTk2ZTgtOTllOWYwMzE0N2MwIiwidWNjIjoiWEQxNkYiLCJuYXAiOiIiLCJ5Y2UiOiJlWVxcNiAvKjU9dFx1MDAwNlx1MDAwYlx1MDAwNHVcdTAwMDBcdTAwMTBiIiwiY2F0ZWdvcmlzYXRpb24iOiIiLCJzY29wZSI6WyJWaWV3Il0sImV4cCI6MTc4MDY4NDIwMCwiaWF0IjoxNzgwNjQxMzAzLCJmZXRjaGNhY2hpbmdydWxlIjowfQ.AIQJ4XXbPG07B8EqZFZkV2SOyljnJPKsFsV0vL8Cj9BZZTceoX6qDgIgnKzj05797QXdXBDUw5s_bTDSDM5_QmLRYc47wTphx15uHFnmqwKdNrnfhGJCd8J2t8DXLhJKN5vBW54pkcg1f6gd3rWuzRvS8otnQlA_1YvTT_KgOERlG58mHz3WHE4BZfylbEwM4g01VTQlsAgSK-OYPYNHsjSU2A-IJNV19Edehyf8x7YL2GrciGKSduB0WQVB9A09BCp5sTuS6Wf_hk0Bq4jYjCBzx1EXxrgpUh54eiK0gOXNMObeiBl7DSO6C2eqn6Qp-p3elRbAa6dwFxfWZQmITg', 'sid': '803f9ee7-4eb1-4804-b393-f7a9d72f6770', 'rid': '256e8f24-001a-40d5-a3ac-38cc72e17dd3', 'hsServerId': '', 'isUserPwdExpired': False, 'ucc': 'XD16F', 'greetingName': 'MANOJ', 'isTrialAccount': False, 'dataCenter': 'E41', 'derivativesRiskDisclosure': 'Risk Disclosure on Derivatives\n\nAs per a SEBI study dated 25 Jan 2023- \n• 9 out of 10 individual traders in equity Futures and Options Segment, incurred net losses.\n• On an average, loss makers registered net trading loss close to Rs.50,000.\n• Over and above the net trading losses incurred, loss makers expended an additional 28% of net trading losses as transaction costs.\n• Those making net trading profits, incurred between 15% to 50% of such profits as transaction cost.\n\nFor more information please check out : https://www.sebi.gov.in/reports-and-statistics/research/jan-2023/study-analysis-of-profit-and-loss-of-individual-traders-dealing-in-equity-fando-segment_67525.html', 'mfAccess': 1, 'dataCenterMap': None, 'dormancyStatus': 'A', 'asbaStatus': '', 'clientType': 'RI', 'isNRI': False, 'kId': 'ADDPR4621C', 'kType': 'View', 'status': 'success', 'incRange': 0, 'incUpdFlag': '', 'clientGroup': '', 'kraStatus': '', 'rcFlag': 0}}
2026-06-05 12:05:03 [INFO] core.kotak_client: 🔍 TOTP login data keys: ['token', 'sid', 'rid', 'hsServerId', 'isUserPwdExpired', 'ucc', 'greetingName', 'isTrialAccount', 'dataCenter', 'derivativesRiskDisclosure', 'mfAccess', 'dataCenterMap', 'dormancyStatus', 'asbaStatus', 'clientType', 'isNRI', 'kId', 'kType', 'status', 'incRange', 'incUpdFlag', 'clientGroup', 'kraStatus', 'rcFlag']
2026-06-05 12:05:06 [INFO] core.kotak_client: MPIN validation response: {'data': {'token': 'eyJhbGciOiJSUzI1NiIsInR5cCI6IkpXVCJ9.eyJqdGkiOiI0ZjI3YzYxZC1lNzA3LTQzOWItOTIxOS02MzE3ZWE0NjdiNDgiLCJpc3MiOiJsb2dpbi1zZXJ2aWNlIiwic3ViIjoiZDZiODIzNzgtNDMzMy00OTcyLTk2ZTgtOTllOWYwMzE0N2MwIiwidWNjIjoiWEQxNkYiLCJuYXAiOiIiLCJ5Y2UiOiJlWVxcNiAvKjU9dFx1MDAwNlx1MDAwYlx1MDAwNHVcdTAwMDBcdTAwMTBiIiwiY2F0ZWdvcmlzYXRpb24iOiIiLCJzY29wZSI6WyJUcmFkZSJdLCJleHAiOjE3ODA2ODQyMDAsImlhdCI6MTc4MDY0MTMwNSwiZmV0Y2hjYWNoaW5ncnVsZSI6MH0.ZFAZJ7lDyBfVStKMhWGs2LMnFa8zVUfSLMXjn0SwRWXcdrqumYtkco3eo2QIlSacDtguUsJ50YfFmYxtS7tocK9ZexO_XfVXo0O40KULd5kor0EoqQ7QT_oXVczH4UscFeRP5dk3buZg1mzuV-Q2dtaXk1Ngf0pfeZe2WeNzpICkPuFp-fJxhvxIWGcdxzM3EQ3kdU5gPIK25zH4-HIFuSxjZvE4hldOojk88psQkPw6uk1OHnqrYsUsnl0bqwjCB5A9nCAViRtj0dU8PnzUkWZ03ogwDIKDyv-VmnD0lrl62-VPiLVLKIdIh2bTC0fTNKZlWtMtXD9MfrfDB0lFew', 'sid': '1df120d7-583f-487d-b027-a20cd8b63bc0', 'rid': '256e8f24-001a-40d5-a3ac-38cc72e17dd3', 'baseUrl': 'https://e41.kotaksecurities.com', 'hsServerId': '', 'isUserPwdExpired': False, 'ucc': 'XD16F', 'greetingName': 'MANOJ', 'isTrialAccount': False, 'dataCenter': 'E41', 'derivativesRiskDisclosure': 'Risk Disclosure on Derivatives\n\nAs per a SEBI study dated 25 Jan 2023- \n• 9 out of 10 individual traders in equity Futures and Options Segment, incurred net losses.\n• On an average, loss makers registered net trading loss close to Rs.50,000.\n• Over and above the net trading losses incurred, loss makers expended an additional 28% of net trading losses as transaction costs.\n• Those making net trading profits, incurred between 15% to 50% of such profits as transaction cost.\n\nFor more information please check out : https://www.sebi.gov.in/reports-and-statistics/research/jan-2023/study-analysis-of-profit-and-loss-of-individual-traders-dealing-in-equity-fando-segment_67525.html', 'mfAccess': 1, 'dataCenterMap': None, 'dormancyStatus': 'A', 'asbaStatus': '', 'clientType': 'RI', 'isNRI': False, 'kId': 'ADDPR4621C', 'kType': 'Trade', 'status': 'success', 'incRange': 0, 'incUpdFlag': '', 'clientGroup': '', 'kraStatus': '', 'rcFlag': 0}}
2026-06-05 12:05:06 [INFO] core.kotak_client: 🔍 MPIN response data keys: ['token', 'sid', 'rid', 'baseUrl', 'hsServerId', 'isUserPwdExpired', 'ucc', 'greetingName', 'isTrialAccount', 'dataCenter', 'derivativesRiskDisclosure', 'mfAccess', 'dataCenterMap', 'dormancyStatus', 'asbaStatus', 'clientType', 'isNRI', 'kId', 'kType', 'status', 'incRange', 'incUpdFlag', 'clientGroup', 'kraStatus', 'rcFlag']
2026-06-05 12:05:06 [INFO] core.kotak_client: ✅ NeoAPI configuration.edit_token & edit_sid SET (confirmed)
2026-06-05 12:05:06 [INFO] core.kotak_client: ✅ Trade token verified (kType=Trade) | sid present | baseUrl set
2026-06-05 12:05:06 [INFO] core.kotak_client: ✅ Kotak Neo session established successfully.
2026-06-05 12:05:06 [INFO] core.health_monitor: ✅ Broker Connection: Connected
2026-06-05 12:05:06 [INFO] core.health_monitor: ✅ Database: DB OK (3 open positions)
2026-06-05 12:05:06 [INFO] core.state_manager: [BRIEFING] Loading from data/session_briefing.json...
2026-06-05 12:05:06 [INFO] core.state_manager: [BRIEFING] Loaded Valid: 8 approved + 0 watchlist (MORNING_SCREENER)
2026-06-05 12:05:06 [INFO] core.state_manager: [BRIEFING] Validation PASSED: 8 approved + 0 watchlist (MORNING_SCREENER)
2026-06-05 12:05:06 [INFO] core.health_monitor: ✅ Trading Briefing: Briefing OK (8 cognition, 0 watchlist, 8 total)
2026-06-05 12:05:06 [INFO] core.health_monitor: ✅ Live Feed: Feed not started yet (starts after briefing load)
2026-06-05 12:05:06 [INFO] core.health_monitor: ✅ Market Hours: Market is OPEN
2026-06-05 12:05:06 [INFO] core.health_monitor: ❌ Available Capital: Capital ₹0 below minimum ₹500
2026-06-05 12:05:06 [INFO] core.health_monitor: ✅ Daily Loss Limit: Daily loss OK
2026-06-05 12:05:06 [INFO] core.health_monitor: 
======================================================================
SYSTEM HEALTH REPORT — 2026-06-05T12:05:03.318425
======================================================================

✅ PASSED (7):
   • API Credentials
   • Broker Connection
   • Database
   • Trading Briefing
   • Live Feed
   • Market Hours
   • Daily Loss Limit

❌ FAILED (1):
   • Available Capital

======================================================================

2026-06-05 12:05:06 [WARNING] AlcoSoft: ⚠️  Some checks failed but continuing (PAPER MODE)
2026-06-05 12:05:06 [INFO] AlcoSoft: [2/6] Checking for previous state...
2026-06-05 12:05:06 [INFO] core.state_manager: [BRIEFING] Loading from data/session_briefing.json...
2026-06-05 12:05:06 [INFO] core.state_manager: [BRIEFING] Loaded Valid: 8 approved + 0 watchlist (MORNING_SCREENER)
2026-06-05 12:05:06 [WARNING] core.state_manager: CRASH RECOVERY: 3 open position(s): ['EICHERMOT', 'NESTLEIND', 'POWERGRID']
2026-06-05 12:05:06 [WARNING] AlcoSoft: ⚠️  CRASH RECOVERY: 3 open position(s) from last session. Monitoring resumed.
2026-06-05 12:05:06 [INFO] AlcoSoft: [3/6] Connecting to Kotak Neo...
2026-06-05 12:05:06 [INFO] AlcoSoft: ✅ Kotak session established successfully.
2026-06-05 12:05:06 [INFO] AlcoSoft: [3b/6] Reconciling broker vs local positions...
2026-06-05 12:05:06 [INFO] core.broker_reconciliation: Reconciliation skipped broker position pull in PAPER mode.
2026-06-05 12:05:06 [INFO] AlcoSoft: [3c/6] Validating capital allocation configuration...
2026-06-05 12:05:06 [INFO] core.order_executor: ✅ Allocation configuration valid
2026-06-05 12:05:06 [INFO] AlcoSoft: ✅ Capital allocation configuration valid
2026-06-05 12:05:06 [INFO] AlcoSoft: [4/6] Checking today's morning screener briefing...
2026-06-05 12:05:06 [INFO] core.state_manager: [BRIEFING] Loading from data/session_briefing.json...
2026-06-05 12:05:06 [INFO] core.state_manager: [BRIEFING] Loaded Valid: 8 approved + 0 watchlist (MORNING_SCREENER)
2026-06-05 12:05:06 [INFO] core.state_manager: [BRIEFING] Validation PASSED: 8 approved + 0 watchlist (MORNING_SCREENER)
2026-06-05 12:05:06 [INFO] AlcoSoft: [4/6] Skipping screener: today's MORNING_SCREENER briefing exists (8 approved + 0 watchlist).
2026-06-05 12:05:06 [INFO] AlcoSoft: [5/6] Loading and validating briefing for trading...
2026-06-05 12:05:06 [INFO] core.state_manager: [BRIEFING] Loading from data/session_briefing.json...
2026-06-05 12:05:06 [INFO] core.state_manager: [BRIEFING] Loaded Valid: 8 approved + 0 watchlist (MORNING_SCREENER)
2026-06-05 12:05:06 [INFO] core.state_manager: [BRIEFING] Validation PASSED: 8 approved + 0 watchlist (MORNING_SCREENER)
2026-06-05 12:05:06 [INFO] core.state_manager: [BRIEFING] Safety gate PASSED: Ready for trading
2026-06-05 12:05:06 [INFO] core.state_manager: [BRIEFING] Validation PASSED: 8 approved + 0 watchlist (MORNING_SCREENER)
2026-06-05 12:05:06 [INFO] AlcoSoft: [BRIEFING] Validated ✅
2026-06-05 12:05:06 [INFO] AlcoSoft: [BRIEFING] Subscribing live feed: 8 symbols (8 cognition + 0 watchlist)
2026-06-05 12:05:06 [INFO] core.data_fetcher: Starting live feed for 8 symbols: ['NTPC', 'RELIANCE', 'HEROMOTOCO', 'ULTRACEMCO', 'MARUTI', 'EICHERMOT', 'NESTLEIND', 'POWERGRID']
2026-06-05 12:05:06 [INFO] core.data_fetcher: Subscribing to 8 instruments...
2026-06-05 12:05:06 [INFO] core.data_fetcher: ✅ Subscribed to live feed: ['11630', '2885', '1348', '11532', '10999', '910', '17963', '14977']
2026-06-05 12:05:06 [INFO] core.state_manager: [BRIEFING] Saving to data/session_briefing.json...
2026-06-05 12:05:06 [INFO] core.state_manager: [BRIEFING] Saved and verified: data/session_briefing.json
2026-06-05 12:05:06 [INFO] core.state_manager: [BRIEFING]   - Approved: 8
2026-06-05 12:05:06 [INFO] core.state_manager: [BRIEFING]   - Watchlist: 0
2026-06-05 12:05:06 [INFO] AlcoSoft: [BRIEFING] Saved
2026-06-05 12:05:06 [INFO] AlcoSoft: Live feed active for 8 symbols.
2026-06-05 12:05:06 [INFO] AlcoSoft:   Cognition picks : ['NTPC', 'RELIANCE', 'HEROMOTOCO', 'ULTRACEMCO', 'MARUTI', 'EICHERMOT', 'NESTLEIND', 'POWERGRID']
2026-06-05 12:05:06 [INFO] AlcoSoft:   Math watchlist : []
2026-06-05 12:05:06 [INFO] AlcoSoft: [6/6] Verifying live feed...
2026-06-05 12:05:07 [INFO] core.data_fetcher: ✅ WebSocket connection opened.
2026-06-05 12:05:08 [INFO] core.data_fetcher: 📡 Live feed | ticks received: 8/8 symbols | active=['NTPC', 'RELIANCE', 'HEROMOTOCO', 'ULTRACEMCO', 'MARUTI', 'EICHERMOT', 'NESTLEIND', 'POWERGRID']
2026-06-05 12:05:09 [INFO] AlcoSoft: ✅ Live feed: Ticks flowing (10 total); building candles (3+ needed for health OK)
2026-06-05 12:05:09 [INFO] AlcoSoft: ✅ System startup complete. Trading ready.
2026-06-05 12:05:09 [INFO] apscheduler.scheduler: Adding job tentatively -- it will be properly scheduled when the scheduler starts
2026-06-05 12:05:09 [INFO] apscheduler.scheduler: Adding job tentatively -- it will be properly scheduled when the scheduler starts
2026-06-05 12:05:09 [INFO] apscheduler.scheduler: Adding job tentatively -- it will be properly scheduled when the scheduler starts
2026-06-05 12:05:09 [INFO] apscheduler.scheduler: Adding job tentatively -- it will be properly scheduled when the scheduler starts
2026-06-05 12:05:09 [INFO] apscheduler.scheduler: Adding job tentatively -- it will be properly scheduled when the scheduler starts
2026-06-05 12:05:09 [INFO] apscheduler.scheduler: Added job "Morning Stock Screener" to job store "default"
2026-06-05 12:05:09 [INFO] apscheduler.scheduler: Added job "Market Observation Loop" to job store "default"
2026-06-05 12:05:09 [INFO] apscheduler.scheduler: Added job "Emergency Squareoff" to job store "default"
2026-06-05 12:05:09 [INFO] apscheduler.scheduler: Added job "Owl Alpha Reflection" to job store "default"
2026-06-05 12:05:09 [INFO] apscheduler.scheduler: Added job "End-of-Day Report" to job store "default"
2026-06-05 12:05:09 [INFO] apscheduler.scheduler: Scheduler started
2026-06-05 12:05:09 [INFO] AlcoSoft: Scheduler started:
   08:45 AM - Morning screener
   Every 15 min - Observation loop
   15:15 PM - Emergency squareoff (before close)
   15:30 PM - Market close report
   15:35 PM - Reflection cycle
2026-06-05 12:05:09 [INFO] AlcoSoft: Starting strategy loop. Press Ctrl+C to shutdown safely.
2026-06-05 12:05:09 [INFO] core.strategy: ⚡ Strategy loop started | Mode: INTRADAY | Lookback: 3 candles | Buy sets: 7 | Sell sets: 6 | Buy gate: 3+ completed live WS candles | Config: strategy_sets.json
2026-06-05 12:05:09 [INFO] core.state_manager: [BRIEFING] Loading from data/session_briefing.json...
2026-06-05 12:05:09 [INFO] core.state_manager: [BRIEFING] Loaded Valid: 8 approved + 0 watchlist (MORNING_SCREENER)
2026-06-05 12:05:09 [INFO] core.strategy: ─── Scan summary (8 subscribed) ───
  [Cognition] NTPC: ticks=2 | live_candles=1
  [Cognition] RELIANCE: ticks=1 | live_candles=1
  [Cognition] HEROMOTOCO: ticks=2 | live_candles=1
  [Cognition] ULTRACEMCO: ticks=1 | live_candles=1
  [Cognition] MARUTI: ticks=1 | live_candles=1
  [Cognition] EICHERMOT: ticks=1 | live_candles=1
  [Cognition] NESTLEIND: ticks=1 | live_candles=1
  [Cognition] POWERGRID: ticks=1 | live_candles=1
2026-06-05 12:05:10 [INFO] core.strategy: ✅ EICHERMOT — Yahoo chart fetched 334 5m candles (attempt 1)
2026-06-05 12:05:10 [INFO] core.strategy: 📦 EICHERMOT — Combined: 334 yfinance + 1 WebSocket = 335 total candles
2026-06-05 12:05:10 [INFO] core.strategy: ✅ NESTLEIND — Yahoo chart fetched 334 5m candles (attempt 1)
2026-06-05 12:05:10 [INFO] core.strategy: 📦 NESTLEIND — Combined: 334 yfinance + 1 WebSocket = 335 total candles
2026-06-05 12:05:11 [INFO] core.strategy: ✅ POWERGRID — Yahoo chart fetched 334 5m candles (attempt 1)
2026-06-05 12:05:11 [INFO] core.strategy: 📦 POWERGRID — Combined: 334 yfinance + 1 WebSocket = 335 total candles
2026-06-05 12:06:12 [WARNING] core.data_fetcher: ⚠️ WebSocket closed: The Session has been Closed!
2026-06-05 12:06:12 [INFO] core.data_fetcher: Scheduling reconnect in 5s (attempt 1/10)
2026-06-05 12:06:12 [ERROR] core.data_fetcher: ❌ WebSocket error | type=WebSocketConnectionClosedException | msg=Connection to remote host was lost. | symbols=8 | attempt=1
Traceback (most recent call last):
  File "C:\Extra Programs\Files\AlcoSoft_Financial_Services\alco_env\lib\site-packages\websocket\_app.py", line 511, in setSock
    dispatcher.read(self.sock.sock, read, check)
  File "C:\Extra Programs\Files\AlcoSoft_Financial_Services\alco_env\lib\site-packages\websocket\_app.py", line 113, in read
    if not read_callback():
  File "C:\Extra Programs\Files\AlcoSoft_Financial_Services\alco_env\lib\site-packages\websocket\_app.py", line 535, in read
    raise e
  File "C:\Extra Programs\Files\AlcoSoft_Financial_Services\alco_env\lib\site-packages\websocket\_app.py", line 526, in read
    op_code, frame = self.sock.recv_data_frame(True)
  File "C:\Extra Programs\Files\AlcoSoft_Financial_Services\alco_env\lib\site-packages\websocket\_core.py", line 437, in recv_data_frame
    frame = self.recv_frame()
  File "C:\Extra Programs\Files\AlcoSoft_Financial_Services\alco_env\lib\site-packages\websocket\_core.py", line 478, in recv_frame
    return self.frame_buffer.recv_frame()
  File "C:\Extra Programs\Files\AlcoSoft_Financial_Services\alco_env\lib\site-packages\websocket\_abnf.py", line 363, in recv_frame
    self.recv_header()
  File "C:\Extra Programs\Files\AlcoSoft_Financial_Services\alco_env\lib\site-packages\websocket\_abnf.py", line 319, in recv_header
    header = self.recv_strict(2)
  File "C:\Extra Programs\Files\AlcoSoft_Financial_Services\alco_env\lib\site-packages\websocket\_abnf.py", line 398, in recv_strict
    bytes_ = self.recv(min(16384, shortage))
  File "C:\Extra Programs\Files\AlcoSoft_Financial_Services\alco_env\lib\site-packages\websocket\_core.py", line 563, in _recv
    return recv(self.sock, bufsize)
  File "C:\Extra Programs\Files\AlcoSoft_Financial_Services\alco_env\lib\site-packages\websocket\_socket.py", line 132, in recv
    raise WebSocketConnectionClosedException("Connection to remote host was lost.")
websocket._exceptions.WebSocketConnectionClosedException: Connection to remote host was lost.
2026-06-05 12:06:12 [INFO] core.data_fetcher: Scheduling reconnect in 5s (attempt 1/10)
2026-06-05 12:06:12 [WARNING] core.data_fetcher: ⚠️ WebSocket closed: The Session has been Closed!
2026-06-05 12:06:12 [INFO] core.data_fetcher: Scheduling reconnect in 5s (attempt 1/10)
2026-06-05 12:06:12 [INFO] core.state_manager: [BRIEFING] Loading from data/session_briefing.json...
2026-06-05 12:06:12 [INFO] core.state_manager: [BRIEFING] Loaded Valid: 8 approved + 0 watchlist (MORNING_SCREENER)
2026-06-05 12:06:17 [INFO] core.data_fetcher: Reconnecting WebSocket...
2026-06-05 12:06:17 [INFO] core.data_fetcher: Starting live feed for 8 symbols: ['NTPC', 'RELIANCE', 'HEROMOTOCO', 'ULTRACEMCO', 'MARUTI', 'EICHERMOT', 'NESTLEIND', 'POWERGRID']
2026-06-05 12:06:17 [INFO] core.data_fetcher: Subscribing to 8 instruments...
2026-06-05 12:06:17 [INFO] core.data_fetcher: ✅ Subscribed to live feed: ['11630', '2885', '1348', '11532', '10999', '910', '17963', '14977']
2026-06-05 12:06:17 [INFO] core.data_fetcher: Reconnection successful.
2026-06-05 12:06:17 [INFO] core.data_fetcher: ✅ WebSocket connection opened.
2026-06-05 12:06:43 [INFO] core.strategy: ─── Scan summary (8 subscribed) ───
  [Cognition] NTPC: ticks=13 | live_candles=1
  [Cognition] RELIANCE: ticks=6 | live_candles=1
  [Cognition] HEROMOTOCO: ticks=11 | live_candles=1
  [Cognition] ULTRACEMCO: ticks=6 | live_candles=1
  [Cognition] MARUTI: ticks=9 | live_candles=1
  [Cognition] EICHERMOT: ticks=17 | live_candles=1
  [Cognition] NESTLEIND: ticks=1 | live_candles=1
  [Cognition] POWERGRID: ticks=8 | live_candles=1
2026-06-05 12:07:08 [INFO] core.data_fetcher: 📡 Live feed | ticks received: 8/8 symbols | active=['NTPC', 'RELIANCE', 'HEROMOTOCO', 'ULTRACEMCO', 'MARUTI', 'EICHERMOT', 'NESTLEIND', 'POWERGRID']
2026-06-05 12:07:08 [WARNING] core.order_executor: 🔴 TRAILING_SL HIT | NESTLEIND | ₹1375.2 ≤ ₹1375.39
2026-06-05 12:07:08 [INFO] core.order_executor: 📋 [PAPER] SELL | NESTLEIND | Qty: 14 | @ ₹1375.2 | Reason: TRAILING_SL
2026-06-05 12:07:08 [INFO] core.state_manager: Position closed: NESTLEIND | 1375.2 | P&L: -79.80 | TRAILING_SL | price_source=ws_ltp
2026-06-05 12:07:14 [INFO] core.state_manager: [BRIEFING] Loading from data/session_briefing.json...
2026-06-05 12:07:14 [INFO] core.state_manager: [BRIEFING] Loaded Valid: 8 approved + 0 watchlist (MORNING_SCREENER)
2026-06-05 12:07:14 [INFO] core.order_executor: 📈 TRAILING SL | POWERGRID | ₹283.33 → ₹283.34
2026-06-05 12:08:15 [INFO] core.state_manager: [BRIEFING] Loading from data/session_briefing.json...
2026-06-05 12:08:15 [INFO] core.state_manager: [BRIEFING] Loaded Valid: 8 approved + 0 watchlist (MORNING_SCREENER)
2026-06-05 12:08:15 [INFO] core.strategy: ─── Scan summary (8 subscribed) ───
  [Cognition] NTPC: ticks=71 | live_candles=1
  [Cognition] RELIANCE: ticks=66 | live_candles=1
  [Cognition] HEROMOTOCO: ticks=55 | live_candles=1
  [Cognition] ULTRACEMCO: ticks=31 | live_candles=1
  [Cognition] MARUTI: ticks=40 | live_candles=1
  [Cognition] EICHERMOT: ticks=45 | live_candles=1
  [Cognition] NESTLEIND: ticks=23 | live_candles=1
  [Cognition] POWERGRID: ticks=18 | live_candles=1
2026-06-05 12:09:06 [INFO] core.order_executor: 📈 TRAILING SL | POWERGRID | ₹283.34 → ₹283.39
2026-06-05 12:09:08 [INFO] core.data_fetcher: 📡 Live feed | ticks received: 8/8 symbols | active=['NTPC', 'RELIANCE', 'HEROMOTOCO', 'ULTRACEMCO', 'MARUTI', 'EICHERMOT', 'NESTLEIND', 'POWERGRID']
2026-06-05 12:09:16 [INFO] core.state_manager: [BRIEFING] Loading from data/session_briefing.json...
2026-06-05 12:09:16 [INFO] core.state_manager: [BRIEFING] Loaded Valid: 8 approved + 0 watchlist (MORNING_SCREENER)
2026-06-05 12:09:47 [INFO] core.strategy: ─── Scan summary (8 subscribed) ───
  [Cognition] NTPC: ticks=120 | live_candles=1
  [Cognition] RELIANCE: ticks=123 | live_candles=1
  [Cognition] HEROMOTOCO: ticks=98 | live_candles=1
  [Cognition] ULTRACEMCO: ticks=60 | live_candles=1
  [Cognition] MARUTI: ticks=70 | live_candles=1
  [Cognition] EICHERMOT: ticks=63 | live_candles=1
  [Cognition] NESTLEIND: ticks=48 | live_candles=1
  [Cognition] POWERGRID: ticks=34 | live_candles=1
2026-06-05 12:10:00 [INFO] core.data_fetcher: 🕯️ Candle closed: HEROMOTOCO | 2026-06-05 12:05 | O:4859.70 H:4904.50 L:4791.10 C:4862.70 V:41421589.0
2026-06-05 12:10:00 [INFO] core.data_fetcher: 🕯️ Candle closed: MARUTI | 2026-06-05 12:05 | O:13123.00 H:13175.00 L:12915.00 C:13115.00 V:11345516.0
2026-06-05 12:10:01 [INFO] core.data_fetcher: 🕯️ Candle closed: NESTLEIND | 2026-06-05 12:05 | O:1376.00 H:1386.90 L:1373.00 C:1374.00 V:20938731.0
2026-06-05 12:10:01 [INFO] core.data_fetcher: 🕯️ Candle closed: RELIANCE | 2026-06-05 12:05 | O:1295.80 H:1306.00 L:1293.30 C:1295.70 V:879127419.0
2026-06-05 12:10:01 [INFO] core.data_fetcher: 🕯️ Candle closed: NTPC | 2026-06-05 12:05 | O:362.05 H:368.50 L:361.65 C:361.90 V:510715606.0
2026-06-05 12:10:02 [INFO] core.data_fetcher: 🕯️ Candle closed: POWERGRID | 2026-06-05 12:05 | O:286.15 H:286.55 L:283.00 C:286.05 V:120101772.0
2026-06-05 12:10:03 [INFO] core.data_fetcher: 🕯️ Candle closed: ULTRACEMCO | 2026-06-05 12:05 | O:10957.00 H:11121.00 L:10900.00 C:10964.00 V:12704732.0
2026-06-05 12:10:04 [INFO] core.data_fetcher: 🕯️ Candle closed: EICHERMOT | 2026-06-05 12:05 | O:7123.00 H:7150.00 L:7029.00 C:7103.50 V:17575547.0
2026-06-05 12:10:18 [INFO] core.state_manager: [BRIEFING] Loading from data/session_briefing.json...
2026-06-05 12:10:18 [INFO] core.state_manager: [BRIEFING] Loaded Valid: 8 approved + 0 watchlist (MORNING_SCREENER)
2026-06-05 12:11:08 [INFO] core.data_fetcher: 📡 Live feed | ticks received: 8/8 symbols | active=['NTPC', 'RELIANCE', 'HEROMOTOCO', 'ULTRACEMCO', 'MARUTI', 'EICHERMOT', 'NESTLEIND', 'POWERGRID']
2026-06-05 12:11:19 [INFO] core.state_manager: [BRIEFING] Loading from data/session_briefing.json...
2026-06-05 12:11:19 [INFO] core.state_manager: [BRIEFING] Loaded Valid: 8 approved + 0 watchlist (MORNING_SCREENER)
2026-06-05 12:11:19 [INFO] core.strategy: ─── Scan summary (8 subscribed) ───
  [Cognition] NTPC: ticks=174 | live_candles=2
  [Cognition] RELIANCE: ticks=186 | live_candles=2
  [Cognition] HEROMOTOCO: ticks=151 | live_candles=2
  [Cognition] ULTRACEMCO: ticks=81 | live_candles=2
  [Cognition] MARUTI: ticks=99 | live_candles=2
  [Cognition] EICHERMOT: ticks=88 | live_candles=2
  [Cognition] NESTLEIND: ticks=76 | live_candles=2
  [Cognition] POWERGRID: ticks=61 | live_candles=2
2026-06-05 12:12:20 [INFO] core.state_manager: [BRIEFING] Loading from data/session_briefing.json...
2026-06-05 12:12:20 [INFO] core.state_manager: [BRIEFING] Loaded Valid: 8 approved + 0 watchlist (MORNING_SCREENER)
2026-06-05 12:12:51 [INFO] core.strategy: ─── Scan summary (8 subscribed) ───
  [Cognition] NTPC: ticks=238 | live_candles=2
  [Cognition] RELIANCE: ticks=235 | live_candles=2
  [Cognition] HEROMOTOCO: ticks=167 | live_candles=2
  [Cognition] ULTRACEMCO: ticks=104 | live_candles=2
  [Cognition] MARUTI: ticks=125 | live_candles=2
  [Cognition] EICHERMOT: ticks=108 | live_candles=2
  [Cognition] NESTLEIND: ticks=100 | live_candles=2
  [Cognition] POWERGRID: ticks=75 | live_candles=2
2026-06-05 12:13:08 [INFO] core.data_fetcher: 📡 Live feed | ticks received: 8/8 symbols | active=['NTPC', 'RELIANCE', 'HEROMOTOCO', 'ULTRACEMCO', 'MARUTI', 'EICHERMOT', 'NESTLEIND', 'POWERGRID']
2026-06-05 12:13:22 [INFO] core.state_manager: [BRIEFING] Loading from data/session_briefing.json...
2026-06-05 12:13:22 [INFO] core.state_manager: [BRIEFING] Loaded Valid: 8 approved + 0 watchlist (MORNING_SCREENER)
2026-06-05 12:14:23 [INFO] core.state_manager: [BRIEFING] Loading from data/session_briefing.json...
2026-06-05 12:14:23 [INFO] core.state_manager: [BRIEFING] Loaded Valid: 8 approved + 0 watchlist (MORNING_SCREENER)
2026-06-05 12:14:23 [INFO] core.strategy: ─── Scan summary (8 subscribed) ───
  [Cognition] NTPC: ticks=299 | live_candles=2
  [Cognition] RELIANCE: ticks=286 | live_candles=2
  [Cognition] HEROMOTOCO: ticks=183 | live_candles=2
  [Cognition] ULTRACEMCO: ticks=123 | live_candles=2
  [Cognition] MARUTI: ticks=152 | live_candles=2
  [Cognition] EICHERMOT: ticks=127 | live_candles=2
  [Cognition] NESTLEIND: ticks=122 | live_candles=2
  [Cognition] POWERGRID: ticks=88 | live_candles=2
2026-06-05 12:15:00 [INFO] core.data_fetcher: 🕯️ Candle closed: NTPC | 2026-06-05 12:10 | O:362.00 H:362.30 L:361.45 C:362.10 V:712210840.0
2026-06-05 12:15:00 [INFO] core.data_fetcher: 🕯️ Candle closed: HEROMOTOCO | 2026-06-05 12:10 | O:4862.00 H:4868.80 L:4856.70 C:4868.80 V:27037768.0
2026-06-05 12:15:01 [INFO] core.data_fetcher: 🕯️ Candle closed: MARUTI | 2026-06-05 12:10 | O:13114.00 H:13122.00 L:13098.00 C:13100.00 V:12886410.0
2026-06-05 12:15:01 [INFO] core.data_fetcher: 🕯️ Candle closed: RELIANCE | 2026-06-05 12:10 | O:1295.90 H:1296.50 L:1295.00 C:1296.00 V:991487650.0
2026-06-05 12:15:01 [INFO] core.data_fetcher: 🕯️ Candle closed: EICHERMOT | 2026-06-05 12:10 | O:7105.50 H:7106.00 L:7096.00 C:7106.00 V:11610230.0
2026-06-05 12:15:02 [INFO] core.data_fetcher: 🕯️ Candle closed: NESTLEIND | 2026-06-05 12:10 | O:1374.40 H:1376.40 L:1372.30 C:1376.40 V:32514491.0
2026-06-05 12:15:03 [INFO] core.data_fetcher: 🕯️ Candle closed: ULTRACEMCO | 2026-06-05 12:10 | O:10961.00 H:10969.00 L:10953.00 C:10968.00 V:10566516.0
2026-06-05 12:15:08 [INFO] core.data_fetcher: 📡 Live feed | ticks received: 8/8 symbols | active=['NTPC', 'RELIANCE', 'HEROMOTOCO', 'ULTRACEMCO', 'MARUTI', 'EICHERMOT', 'NESTLEIND', 'POWERGRID']
2026-06-05 12:15:23 [INFO] core.data_fetcher: 🕯️ Candle closed: POWERGRID | 2026-06-05 12:10 | O:286.00 H:286.05 L:285.65 C:285.95 V:159222944.0
2026-06-05 12:15:24 [INFO] core.state_manager: [BRIEFING] Loading from data/session_briefing.json...
2026-06-05 12:15:24 [INFO] core.state_manager: [BRIEFING] Loaded Valid: 8 approved + 0 watchlist (MORNING_SCREENER)
2026-06-05 12:15:55 [INFO] core.strategy: ─── Scan summary (8 subscribed) ───
  [Cognition] NTPC: ticks=356 | live_candles=3
  [Cognition] RELIANCE: ticks=353 | live_candles=3
  [Cognition] HEROMOTOCO: ticks=211 | live_candles=3
  [Cognition] ULTRACEMCO: ticks=152 | live_candles=3
  [Cognition] MARUTI: ticks=178 | live_candles=3
  [Cognition] EICHERMOT: ticks=147 | live_candles=3
  [Cognition] NESTLEIND: ticks=147 | live_candles=3
  [Cognition] POWERGRID: ticks=102 | live_candles=3
2026-06-05 12:16:25 [INFO] core.state_manager: [BRIEFING] Loading from data/session_briefing.json...
2026-06-05 12:16:25 [INFO] core.state_manager: [BRIEFING] Loaded Valid: 8 approved + 0 watchlist (MORNING_SCREENER)
2026-06-05 12:17:08 [INFO] core.data_fetcher: 📡 Live feed | ticks received: 8/8 symbols | active=['NTPC', 'RELIANCE', 'HEROMOTOCO', 'ULTRACEMCO', 'MARUTI', 'EICHERMOT', 'NESTLEIND', 'POWERGRID']
2026-06-05 12:17:27 [INFO] core.state_manager: [BRIEFING] Loading from data/session_briefing.json...
2026-06-05 12:17:27 [INFO] core.state_manager: [BRIEFING] Loaded Valid: 8 approved + 0 watchlist (MORNING_SCREENER)
2026-06-05 12:17:27 [INFO] core.strategy: ─── Scan summary (8 subscribed) ───
  [Cognition] NTPC: ticks=412 | live_candles=3
  [Cognition] RELIANCE: ticks=432 | live_candles=3
  [Cognition] HEROMOTOCO: ticks=233 | live_candles=3
  [Cognition] ULTRACEMCO: ticks=185 | live_candles=3
  [Cognition] MARUTI: ticks=203 | live_candles=3
  [Cognition] EICHERMOT: ticks=187 | live_candles=3
  [Cognition] NESTLEIND: ticks=163 | live_candles=3
  [Cognition] POWERGRID: ticks=114 | live_candles=3
2026-06-05 12:18:28 [INFO] core.state_manager: [BRIEFING] Loading from data/session_briefing.json...
2026-06-05 12:18:28 [INFO] core.state_manager: [BRIEFING] Loaded Valid: 8 approved + 0 watchlist (MORNING_SCREENER)
2026-06-05 12:18:59 [INFO] core.strategy: ─── Scan summary (8 subscribed) ───
  [Cognition] NTPC: ticks=467 | live_candles=3
  [Cognition] RELIANCE: ticks=494 | live_candles=3
  [Cognition] HEROMOTOCO: ticks=262 | live_candles=3
  [Cognition] ULTRACEMCO: ticks=207 | live_candles=3
  [Cognition] MARUTI: ticks=228 | live_candles=3
  [Cognition] EICHERMOT: ticks=223 | live_candles=3
  [Cognition] NESTLEIND: ticks=185 | live_candles=3
  [Cognition] POWERGRID: ticks=124 | live_candles=3
2026-06-05 12:19:09 [INFO] core.data_fetcher: 📡 Live feed | ticks received: 8/8 symbols | active=['NTPC', 'RELIANCE', 'HEROMOTOCO', 'ULTRACEMCO', 'MARUTI', 'EICHERMOT', 'NESTLEIND', 'POWERGRID']
2026-06-05 12:19:29 [INFO] core.state_manager: [BRIEFING] Loading from data/session_briefing.json...
2026-06-05 12:19:29 [INFO] core.state_manager: [BRIEFING] Loaded Valid: 8 approved + 0 watchlist (MORNING_SCREENER)
2026-06-05 12:20:00 [INFO] core.data_fetcher: 🕯️ Candle closed: RELIANCE | 2026-06-05 12:15 | O:1296.50 H:1298.50 L:1296.00 C:1297.50 V:1269081208.0
2026-06-05 12:20:00 [INFO] core.strategy: ✅ RELIANCE — Yahoo chart fetched 338 5m candles (attempt 1)
2026-06-05 12:20:00 [INFO] core.strategy: 📦 RELIANCE — Combined: 337 yfinance + 4 WebSocket = 341 total candles
2026-06-05 12:20:01 [INFO] core.data_fetcher: 🕯️ Candle closed: HEROMOTOCO | 2026-06-05 12:15 | O:4868.70 H:4869.10 L:4860.30 C:4866.00 V:25132074.0
2026-06-05 12:20:01 [INFO] core.data_fetcher: 🕯️ Candle closed: ULTRACEMCO | 2026-06-05 12:15 | O:10966.00 H:10971.00 L:10953.00 C:10955.00 V:14996377.0
2026-06-05 12:20:01 [INFO] core.data_fetcher: 🕯️ Candle closed: NESTLEIND | 2026-06-05 12:15 | O:1376.60 H:1377.70 L:1376.40 C:1377.60 V:23110544.0
2026-06-05 12:20:01 [INFO] core.data_fetcher: 🕯️ Candle closed: MARUTI | 2026-06-05 12:15 | O:13098.00 H:13109.00 L:13094.00 C:13102.00 V:10613147.0
2026-06-05 12:20:04 [INFO] core.data_fetcher: 🕯️ Candle closed: EICHERMOT | 2026-06-05 12:15 | O:7105.50 H:7115.00 L:7100.50 C:7106.50 V:21659505.0
2026-06-05 12:20:04 [INFO] core.data_fetcher: 🕯️ Candle closed: NTPC | 2026-06-05 12:15 | O:362.05 H:362.70 L:361.60 C:361.60 V:612053573.0
2026-06-05 12:20:06 [INFO] core.strategy: ✅ NTPC — Yahoo chart fetched 337 5m candles (attempt 1)
2026-06-05 12:20:06 [INFO] core.strategy: 📦 NTPC — Combined: 337 yfinance + 4 WebSocket = 341 total candles
2026-06-05 12:20:06 [INFO] core.strategy: BUY SIGNAL TRIGGERED
Symbol: RELIANCE
Price: 1297.5
Triggered Set: BUY_BREAKOUT_CONFIRMATION
Set Side: BUY
Confidence: base=72.0 signal_x=1.0 weight_x=1.0 time=11:30-1:00@1.0 market_x=1.0 advisory_x=0.99 final=71.3 min=65.0
Satisfied:
- Volume Breakout: VolSpike=True, PriceBreak=True, SMA=True
- Price above EMA20: Close=1297.5 > EMA20=1296.28
- Price above VWAP: Close=1297.5 > VWAP=1297.45
- RSI not overbought: RSI=54.4 < 65 ✓
Why: 4-gate fakeout filter. volume_breakout is a strong EVENT anchor. price_above_ema20, price_above_vwap, rsi_not_overbought are filters that eliminate false breakouts. Note: price_above_ema20 is slightly redundant (volume_breakout already checks SMA20) but kept as extra VWAP zone filter.
2026-06-05 12:20:06 [INFO] core.order_executor: ✅ Quantity calculated | Price: ₹1297.5 | Qty: 15 | Deployed: ₹19462 | Limiting: Allocation-limited | Risk: 30sh | Alloc: 15sh | Lever: 49sh | Buying Power: ₹98561 | Margin Used: ₹0
2026-06-05 12:20:06 [INFO] core.order_executor: 📋 [PAPER] BUY | RELIANCE | Qty: 15 | @ ₹1297.5 | SL: ₹1291.01 | Target: ₹1310.48
2026-06-05 12:20:06 [INFO] core.state_manager: Position saved: RELIANCE x15 | Target: 1310.48 | SL: 1291.01
2026-06-05 12:20:07 [INFO] core.strategy: ✅ HEROMOTOCO — Yahoo chart fetched 337 5m candles (attempt 1)
2026-06-05 12:20:07 [INFO] core.strategy: 📦 HEROMOTOCO — Combined: 337 yfinance + 4 WebSocket = 341 total candles
2026-06-05 12:20:07 [INFO] core.data_fetcher: 🕯️ Candle closed: POWERGRID | 2026-06-05 12:15 | O:285.85 H:286.00 L:285.55 C:285.65 V:106776127.0
2026-06-05 12:20:07 [INFO] core.strategy: ✅ ULTRACEMCO — Yahoo chart fetched 337 5m candles (attempt 1)
2026-06-05 12:20:07 [INFO] core.strategy: 📦 ULTRACEMCO — Combined: 337 yfinance + 4 WebSocket = 341 total candles
2026-06-05 12:20:08 [INFO] core.strategy: ✅ MARUTI — Yahoo chart fetched 337 5m candles (attempt 1)
2026-06-05 12:20:08 [INFO] core.strategy: 📦 MARUTI — Combined: 337 yfinance + 4 WebSocket = 341 total candles
2026-06-05 12:20:09 [INFO] apscheduler.executors.default: Running job "Market Observation Loop (trigger: interval[0:15:00], next run at: 2026-06-05 12:35:09 IST)" (scheduled at 2026-06-05 12:20:09.683123+05:30)
2026-06-05 12:20:09 [INFO] reflection.observation_loop: 🔍 Running observation cycle...
2026-06-05 12:20:09 [INFO] core.state_manager: [BRIEFING] Loading from data/session_briefing.json...
2026-06-05 12:20:09 [INFO] core.state_manager: [BRIEFING] Loaded Valid: 8 approved + 0 watchlist (MORNING_SCREENER)
2026-06-05 12:20:09 [INFO] reflection.observation_loop: 📊 Observation recorded:
   Market: RANGING | Trend: WEAK
   Vol: LOW | Breakouts: LOW
   Reversals: LOW
2026-06-05 12:20:09 [INFO] apscheduler.executors.default: Job "Market Observation Loop (trigger: interval[0:15:00], next run at: 2026-06-05 12:35:09 IST)" executed successfully
2026-06-05 12:20:34 [INFO] core.state_manager: [BRIEFING] Loading from data/session_briefing.json...
2026-06-05 12:20:34 [INFO] core.state_manager: [BRIEFING] Loaded Valid: 8 approved + 0 watchlist (MORNING_SCREENER)
2026-06-05 12:20:34 [INFO] core.strategy: ─── Scan summary (8 subscribed) ───
  [Cognition] NTPC: ticks=516 | live_candles=4
  [Cognition] RELIANCE: ticks=547 | live_candles=4
  [Cognition] HEROMOTOCO: ticks=289 | live_candles=4
  [Cognition] ULTRACEMCO: ticks=230 | live_candles=4
  [Cognition] MARUTI: ticks=252 | live_candles=4
  [Cognition] EICHERMOT: ticks=250 | live_candles=4
  [Cognition] NESTLEIND: ticks=201 | live_candles=4
  [Cognition] POWERGRID: ticks=145 | live_candles=4
2026-06-05 12:21:09 [INFO] core.data_fetcher: 📡 Live feed | ticks received: 8/8 symbols | active=['NTPC', 'RELIANCE', 'HEROMOTOCO', 'ULTRACEMCO', 'MARUTI', 'EICHERMOT', 'NESTLEIND', 'POWERGRID']
2026-06-05 12:21:32 [INFO] core.strategy: BUY SIGNAL TRIGGERED
Symbol: NESTLEIND
Price: 1378.7
Triggered Set: BUY_BREAKOUT_CONFIRMATION
Set Side: BUY
Confidence: base=72.0 signal_x=1.0 weight_x=1.0 time=11:30-1:00@1.0 market_x=1.0 advisory_x=0.99 final=71.3 min=65.0
Satisfied:
- Volume Breakout: VolSpike=True, PriceBreak=True, SMA=True
- Price above EMA20: Close=1378.7 > EMA20=1378.26
- Price above VWAP: Close=1378.7 > VWAP=1377.67
- RSI not overbought: RSI=50.2 < 65 ✓
Why: 4-gate fakeout filter. volume_breakout is a strong EVENT anchor. price_above_ema20, price_above_vwap, rsi_not_overbought are filters that eliminate false breakouts. Note: price_above_ema20 is slightly redundant (volume_breakout already checks SMA20) but kept as extra VWAP zone filter.
2026-06-05 12:21:32 [INFO] core.order_executor: ✅ Quantity calculated | Price: ₹1378.7 | Qty: 14 | Deployed: ₹19302 | Limiting: Allocation-limited | Risk: 28sh | Alloc: 14sh | Lever: 32sh | Buying Power: ₹98561 | Margin Used: ₹0
2026-06-05 12:21:32 [INFO] core.order_executor: 📋 [PAPER] BUY | NESTLEIND | Qty: 14 | @ ₹1378.7 | SL: ₹1371.81 | Target: ₹1392.48
2026-06-05 12:21:32 [INFO] core.state_manager: Position saved: NESTLEIND x14 | Target: 1392.48 | SL: 1371.81
2026-06-05 12:21:37 [INFO] core.state_manager: [BRIEFING] Loading from data/session_briefing.json...
2026-06-05 12:21:37 [INFO] core.state_manager: [BRIEFING] Loaded Valid: 8 approved + 0 watchlist (MORNING_SCREENER)
2026-06-05 12:22:08 [INFO] core.strategy: ─── Scan summary (8 subscribed) ───
  [Cognition] NTPC: ticks=572 | live_candles=4
  [Cognition] RELIANCE: ticks=596 | live_candles=4
  [Cognition] HEROMOTOCO: ticks=314 | live_candles=4
  [Cognition] ULTRACEMCO: ticks=258 | live_candles=4
  [Cognition] MARUTI: ticks=278 | live_candles=4
  [Cognition] EICHERMOT: ticks=273 | live_candles=4
  [Cognition] NESTLEIND: ticks=222 | live_candles=4
  [Cognition] POWERGRID: ticks=167 | live_candles=4
2026-06-05 12:22:40 [INFO] core.state_manager: [BRIEFING] Loading from data/session_briefing.json...
2026-06-05 12:22:40 [INFO] core.state_manager: [BRIEFING] Loaded Valid: 8 approved + 0 watchlist (MORNING_SCREENER)
2026-06-05 12:23:09 [INFO] core.data_fetcher: 📡 Live feed | ticks received: 8/8 symbols | active=['NTPC', 'RELIANCE', 'HEROMOTOCO', 'ULTRACEMCO', 'MARUTI', 'EICHERMOT', 'NESTLEIND', 'POWERGRID']
2026-06-05 12:23:42 [INFO] core.state_manager: [BRIEFING] Loading from data/session_briefing.json...
2026-06-05 12:23:42 [INFO] core.state_manager: [BRIEFING] Loaded Valid: 8 approved + 0 watchlist (MORNING_SCREENER)
2026-06-05 12:23:42 [INFO] core.strategy: ─── Scan summary (8 subscribed) ───
  [Cognition] NTPC: ticks=640 | live_candles=4
  [Cognition] RELIANCE: ticks=656 | live_candles=4
  [Cognition] HEROMOTOCO: ticks=340 | live_candles=4
  [Cognition] ULTRACEMCO: ticks=286 | live_candles=4
  [Cognition] MARUTI: ticks=305 | live_candles=4
  [Cognition] EICHERMOT: ticks=297 | live_candles=4
  [Cognition] NESTLEIND: ticks=242 | live_candles=4
  [Cognition] POWERGRID: ticks=182 | live_candles=4
2026-06-05 12:24:45 [INFO] core.state_manager: [BRIEFING] Loading from data/session_briefing.json...
2026-06-05 12:24:45 [INFO] core.state_manager: [BRIEFING] Loaded Valid: 8 approved + 0 watchlist (MORNING_SCREENER)
2026-06-05 12:25:00 [INFO] core.data_fetcher: 🕯️ Candle closed: NESTLEIND | 2026-06-05 12:20 | O:1377.70 H:1380.10 L:1377.60 C:1379.70 V:27121046.0
2026-06-05 12:25:01 [INFO] core.data_fetcher: 🕯️ Candle closed: MARUTI | 2026-06-05 12:20 | O:13103.00 H:13106.00 L:13098.00 C:13105.00 V:10243093.0
2026-06-05 12:25:01 [INFO] core.data_fetcher: 🕯️ Candle closed: RELIANCE | 2026-06-05 12:20 | O:1297.60 H:1299.30 L:1297.40 C:1299.20 V:1161236028.0
2026-06-05 12:25:01 [INFO] core.data_fetcher: 🕯️ Candle closed: NTPC | 2026-06-05 12:20 | O:361.65 H:362.30 L:361.30 C:362.20 V:656505692.0
2026-06-05 12:25:03 [INFO] core.data_fetcher: 🕯️ Candle closed: HEROMOTOCO | 2026-06-05 12:20 | O:4865.90 H:4866.40 L:4862.20 C:4863.50 V:25348890.0
2026-06-05 12:25:04 [INFO] core.data_fetcher: 🕯️ Candle closed: EICHERMOT | 2026-06-05 12:20 | O:7107.50 H:7108.00 L:7100.50 C:7102.00 V:17276154.0
2026-06-05 12:25:06 [INFO] core.data_fetcher: 🕯️ Candle closed: ULTRACEMCO | 2026-06-05 12:20 | O:10957.00 H:10961.00 L:10950.00 C:10957.00 V:16305886.0
2026-06-05 12:25:10 [INFO] core.data_fetcher: 📡 Live feed | ticks received: 8/8 symbols | active=['NTPC', 'RELIANCE', 'HEROMOTOCO', 'ULTRACEMCO', 'MARUTI', 'EICHERMOT', 'NESTLEIND', 'POWERGRID']
2026-06-05 12:25:16 [INFO] core.strategy: ─── Scan summary (8 subscribed) ───
  [Cognition] NTPC: ticks=679 | live_candles=5
  [Cognition] RELIANCE: ticks=724 | live_candles=5
  [Cognition] HEROMOTOCO: ticks=362 | live_candles=5
  [Cognition] ULTRACEMCO: ticks=313 | live_candles=5
  [Cognition] MARUTI: ticks=334 | live_candles=5
  [Cognition] EICHERMOT: ticks=317 | live_candles=5
  [Cognition] NESTLEIND: ticks=266 | live_candles=5
  [Cognition] POWERGRID: ticks=196 | live_candles=4
2026-06-05 12:25:23 [INFO] core.data_fetcher: 🕯️ Candle closed: POWERGRID | 2026-06-05 12:20 | O:285.60 H:286.10 L:285.30 C:286.10 V:156814989.0
2026-06-05 12:25:48 [INFO] core.state_manager: [BRIEFING] Loading from data/session_briefing.json...
2026-06-05 12:25:48 [INFO] core.state_manager: [BRIEFING] Loaded Valid: 8 approved + 0 watchlist (MORNING_SCREENER)
2026-06-05 12:26:30 [INFO] core.order_executor: 📈 TRAILING SL | POWERGRID | ₹283.39 → ₹283.44
2026-06-05 12:26:51 [INFO] core.state_manager: [BRIEFING] Loading from data/session_briefing.json...
2026-06-05 12:26:51 [INFO] core.state_manager: [BRIEFING] Loaded Valid: 8 approved + 0 watchlist (MORNING_SCREENER)
2026-06-05 12:26:51 [INFO] core.strategy: ─── Scan summary (8 subscribed) ───
  [Cognition] NTPC: ticks=727 | live_candles=5
  [Cognition] RELIANCE: ticks=797 | live_candles=5
  [Cognition] HEROMOTOCO: ticks=381 | live_candles=5
  [Cognition] ULTRACEMCO: ticks=336 | live_candles=5
  [Cognition] MARUTI: ticks=370 | live_candles=5
  [Cognition] EICHERMOT: ticks=337 | live_candles=5
  [Cognition] NESTLEIND: ticks=292 | live_candles=5
  [Cognition] POWERGRID: ticks=209 | live_candles=5
2026-06-05 12:27:10 [INFO] core.data_fetcher: 📡 Live feed | ticks received: 8/8 symbols | active=['NTPC', 'RELIANCE', 'HEROMOTOCO', 'ULTRACEMCO', 'MARUTI', 'EICHERMOT', 'NESTLEIND', 'POWERGRID']
2026-06-05 12:27:54 [INFO] core.state_manager: [BRIEFING] Loading from data/session_briefing.json...
2026-06-05 12:27:54 [INFO] core.state_manager: [BRIEFING] Loaded Valid: 8 approved + 0 watchlist (MORNING_SCREENER)
2026-06-05 12:28:26 [INFO] core.strategy: ─── Scan summary (8 subscribed) ───
  [Cognition] NTPC: ticks=791 | live_candles=5
  [Cognition] RELIANCE: ticks=876 | live_candles=5
  [Cognition] HEROMOTOCO: ticks=408 | live_candles=5
  [Cognition] ULTRACEMCO: ticks=367 | live_candles=5
  [Cognition] MARUTI: ticks=403 | live_candles=5
  [Cognition] EICHERMOT: ticks=356 | live_candles=5
  [Cognition] NESTLEIND: ticks=312 | live_candles=5
  [Cognition] POWERGRID: ticks=228 | live_candles=5
2026-06-05 12:28:57 [INFO] core.state_manager: [BRIEFING] Loading from data/session_briefing.json...
2026-06-05 12:28:57 [INFO] core.state_manager: [BRIEFING] Loaded Valid: 8 approved + 0 watchlist (MORNING_SCREENER)
2026-06-05 12:29:10 [INFO] core.data_fetcher: 📡 Live feed | ticks received: 8/8 symbols | active=['NTPC', 'RELIANCE', 'HEROMOTOCO', 'ULTRACEMCO', 'MARUTI', 'EICHERMOT', 'NESTLEIND', 'POWERGRID']
2026-06-05 12:30:00 [INFO] core.data_fetcher: 🕯️ Candle closed: EICHERMOT | 2026-06-05 12:25 | O:7104.00 H:7107.50 L:7096.50 C:7097.00 V:14431785.0
2026-06-05 12:30:00 [INFO] core.data_fetcher: 🕯️ Candle closed: NTPC | 2026-06-05 12:25 | O:362.30 H:362.55 L:361.95 C:362.15 V:620073793.0
2026-06-05 12:30:00 [INFO] core.state_manager: [BRIEFING] Loading from data/session_briefing.json...
2026-06-05 12:30:00 [INFO] core.state_manager: [BRIEFING] Loaded Valid: 8 approved + 0 watchlist (MORNING_SCREENER)
2026-06-05 12:30:00 [INFO] core.strategy: ─── Scan summary (8 subscribed) ───
  [Cognition] NTPC: ticks=858 | live_candles=6
  [Cognition] RELIANCE: ticks=953 | live_candles=5
  [Cognition] HEROMOTOCO: ticks=436 | live_candles=5
  [Cognition] ULTRACEMCO: ticks=391 | live_candles=5
  [Cognition] MARUTI: ticks=427 | live_candles=5
  [Cognition] EICHERMOT: ticks=385 | live_candles=6
  [Cognition] NESTLEIND: ticks=337 | live_candles=5
  [Cognition] POWERGRID: ticks=246 | live_candles=5
2026-06-05 12:30:01 [INFO] core.data_fetcher: 🕯️ Candle closed: HEROMOTOCO | 2026-06-05 12:25 | O:4865.90 H:4868.00 L:4859.70 C:4860.70 V:19950781.0
2026-06-05 12:30:02 [INFO] core.data_fetcher: 🕯️ Candle closed: NESTLEIND | 2026-06-05 12:25 | O:1379.80 H:1380.10 L:1377.90 C:1377.90 V:27586903.0
2026-06-05 12:30:02 [INFO] core.data_fetcher: 🕯️ Candle closed: POWERGRID | 2026-06-05 12:25 | O:286.20 H:286.30 L:285.85 C:285.85 V:145943805.0
2026-06-05 12:30:03 [INFO] core.data_fetcher: 🕯️ Candle closed: RELIANCE | 2026-06-05 12:25 | O:1299.00 H:1300.90 L:1298.20 C:1300.00 V:1206552488.0
2026-06-05 12:30:07 [INFO] core.data_fetcher: 🕯️ Candle closed: ULTRACEMCO | 2026-06-05 12:25 | O:10959.00 H:10966.00 L:10941.00 C:10942.00 V:13641322.0
2026-06-05 12:30:17 [INFO] core.data_fetcher: 🕯️ Candle closed: MARUTI | 2026-06-05 12:25 | O:13102.00 H:13125.00 L:13099.00 C:13112.00 V:12538160.0
2026-06-05 12:30:22 [INFO] core.strategy: BUY SIGNAL TRIGGERED
Symbol: MARUTI
Price: 13110.0
Triggered Set: BUY_MACD_VWAP_SURGE
Set Side: BUY
Confidence: base=73.0 signal_x=1.0 weight_x=1.0 time=11:30-1:00@1.0 market_x=1.0 advisory_x=0.99 final=72.3 min=65.0
Satisfied:
- MACD positive: MACD=16.4881 > 0 ✓
- Price above VWAP: Close=13110.0 > VWAP=13097.12
- Volume Spike: LatestVol=336807.0, AvgVol=2901111.05
- Bullish Reversal Candle: Three White Soldiers
Why: MACD bullish regime + price above VWAP + volume surge + bullish candle. Added bullish_reversal_candle as EVENT anchor — without it 2 STATE conditions would fire continuously on any uptrending stock.
2026-06-05 12:30:22 [INFO] core.order_executor: ✅ Quantity calculated | Price: ₹13110.0 | Qty: 1 | Deployed: ₹13110 | Limiting: Allocation-limited | Risk: 3sh | Alloc: 1sh | Lever: 1sh | Buying Power: ₹98561 | Margin Used: ₹0
2026-06-05 12:30:22 [INFO] core.order_executor: 📋 [PAPER] BUY | MARUTI | Qty: 1 | @ ₹13110.0 | SL: ₹13044.45 | Target: ₹13241.1
2026-06-05 12:30:22 [INFO] core.state_manager: Position saved: MARUTI x1 | Target: 13241.1 | SL: 13044.45
2026-06-05 12:31:02 [INFO] core.state_manager: [BRIEFING] Loading from data/session_briefing.json...
2026-06-05 12:31:02 [INFO] core.state_manager: [BRIEFING] Loaded Valid: 8 approved + 0 watchlist (MORNING_SCREENER)
2026-06-05 12:31:10 [INFO] core.data_fetcher: 📡 Live feed | ticks received: 8/8 symbols | active=['NTPC', 'RELIANCE', 'HEROMOTOCO', 'ULTRACEMCO', 'MARUTI', 'EICHERMOT', 'NESTLEIND', 'POWERGRID']
2026-06-05 12:31:33 [INFO] core.strategy: ─── Scan summary (8 subscribed) ───
  [Cognition] NTPC: ticks=923 | live_candles=6
  [Cognition] RELIANCE: ticks=1024 | live_candles=6
  [Cognition] HEROMOTOCO: ticks=489 | live_candles=6
  [Cognition] ULTRACEMCO: ticks=416 | live_candles=6
  [Cognition] MARUTI: ticks=456 | live_candles=6
  [Cognition] EICHERMOT: ticks=408 | live_candles=6
  [Cognition] NESTLEIND: ticks=368 | live_candles=6
  [Cognition] POWERGRID: ticks=269 | live_candles=6
2026-06-05 12:32:04 [INFO] core.state_manager: [BRIEFING] Loading from data/session_briefing.json...
2026-06-05 12:32:04 [INFO] core.state_manager: [BRIEFING] Loaded Valid: 8 approved + 0 watchlist (MORNING_SCREENER)
2026-06-05 12:33:05 [INFO] core.state_manager: [BRIEFING] Loading from data/session_briefing.json...
2026-06-05 12:33:05 [INFO] core.state_manager: [BRIEFING] Loaded Valid: 8 approved + 0 watchlist (MORNING_SCREENER)
2026-06-05 12:33:05 [INFO] core.strategy: ─── Scan summary (8 subscribed) ───
  [Cognition] NTPC: ticks=980 | live_candles=6
  [Cognition] RELIANCE: ticks=1097 | live_candles=6
  [Cognition] HEROMOTOCO: ticks=526 | live_candles=6
  [Cognition] ULTRACEMCO: ticks=443 | live_candles=6
  [Cognition] MARUTI: ticks=489 | live_candles=6
  [Cognition] EICHERMOT: ticks=433 | live_candles=6
  [Cognition] NESTLEIND: ticks=396 | live_candles=6
  [Cognition] POWERGRID: ticks=290 | live_candles=6
2026-06-05 12:33:10 [INFO] core.data_fetcher: 📡 Live feed | ticks received: 8/8 symbols | active=['NTPC', 'RELIANCE', 'HEROMOTOCO', 'ULTRACEMCO', 'MARUTI', 'EICHERMOT', 'NESTLEIND', 'POWERGRID']
2026-06-05 12:34:06 [INFO] core.state_manager: [BRIEFING] Loading from data/session_briefing.json...
2026-06-05 12:34:06 [INFO] core.state_manager: [BRIEFING] Loaded Valid: 8 approved + 0 watchlist (MORNING_SCREENER)
2026-06-05 12:34:37 [INFO] core.strategy: ─── Scan summary (8 subscribed) ───
  [Cognition] NTPC: ticks=1035 | live_candles=6
  [Cognition] RELIANCE: ticks=1157 | live_candles=6
  [Cognition] HEROMOTOCO: ticks=554 | live_candles=6
  [Cognition] ULTRACEMCO: ticks=471 | live_candles=6
  [Cognition] MARUTI: ticks=521 | live_candles=6
  [Cognition] EICHERMOT: ticks=449 | live_candles=6
  [Cognition] NESTLEIND: ticks=419 | live_candles=6
  [Cognition] POWERGRID: ticks=307 | live_candles=6
2026-06-05 12:35:00 [INFO] core.data_fetcher: 🕯️ Candle closed: RELIANCE | 2026-06-05 12:30 | O:1300.20 H:1301.20 L:1299.20 C:1299.30 V:1336002835.0
2026-06-05 12:35:00 [INFO] core.data_fetcher: 🕯️ Candle closed: NTPC | 2026-06-05 12:30 | O:362.25 H:362.35 L:361.90 C:361.95 V:702724837.0
2026-06-05 12:35:01 [INFO] core.data_fetcher: 🕯️ Candle closed: MARUTI | 2026-06-05 12:30 | O:13110.00 H:13112.00 L:13091.00 C:13100.00 V:13883232.0
2026-06-05 12:35:02 [INFO] core.data_fetcher: 🕯️ Candle closed: ULTRACEMCO | 2026-06-05 12:30 | O:10941.00 H:10942.00 L:10930.00 C:10938.00 V:16247623.0
2026-06-05 12:35:02 [INFO] core.data_fetcher: 🕯️ Candle closed: EICHERMOT | 2026-06-05 12:30 | O:7097.50 H:7099.50 L:7088.00 C:7092.00 V:12428693.0
2026-06-05 12:35:05 [INFO] core.data_fetcher: 🕯️ Candle closed: HEROMOTOCO | 2026-06-05 12:30 | O:4860.10 H:4860.10 L:4846.40 C:4847.70 V:35150922.0
2026-06-05 12:35:07 [INFO] core.state_manager: [BRIEFING] Loading from data/session_briefing.json...
2026-06-05 12:35:07 [INFO] core.state_manager: [BRIEFING] Loaded Valid: 8 approved + 0 watchlist (MORNING_SCREENER)
2026-06-05 12:35:08 [INFO] core.data_fetcher: 🕯️ Candle closed: POWERGRID | 2026-06-05 12:30 | O:285.90 H:286.05 L:285.60 C:285.70 V:205422877.0
2026-06-05 12:35:09 [INFO] apscheduler.executors.default: Running job "Market Observation Loop (trigger: interval[0:15:00], next run at: 2026-06-05 12:50:09 IST)" (scheduled at 2026-06-05 12:35:09.683123+05:30)
2026-06-05 12:35:09 [INFO] reflection.observation_loop: 🔍 Running observation cycle...
2026-06-05 12:35:09 [INFO] core.state_manager: [BRIEFING] Loading from data/session_briefing.json...
2026-06-05 12:35:09 [INFO] core.state_manager: [BRIEFING] Loaded Valid: 8 approved + 0 watchlist (MORNING_SCREENER)
2026-06-05 12:35:09 [INFO] reflection.observation_loop: 📊 Observation recorded:
   Market: RANGING | Trend: WEAK
   Vol: LOW | Breakouts: LOW
   Reversals: LOW
2026-06-05 12:35:09 [INFO] apscheduler.executors.default: Job "Market Observation Loop (trigger: interval[0:15:00], next run at: 2026-06-05 12:50:09 IST)" executed successfully
2026-06-05 12:35:10 [INFO] core.data_fetcher: 📡 Live feed | ticks received: 8/8 symbols | active=['NTPC', 'RELIANCE', 'HEROMOTOCO', 'ULTRACEMCO', 'MARUTI', 'EICHERMOT', 'NESTLEIND', 'POWERGRID']
2026-06-05 12:35:11 [INFO] core.data_fetcher: 🕯️ Candle closed: NESTLEIND | 2026-06-05 12:30 | O:1378.00 H:1378.40 L:1376.00 C:1377.00 V:38142601.0
2026-06-05 12:36:09 [INFO] core.state_manager: [BRIEFING] Loading from data/session_briefing.json...
2026-06-05 12:36:09 [INFO] core.state_manager: [BRIEFING] Loaded Valid: 8 approved + 0 watchlist (MORNING_SCREENER)
2026-06-05 12:36:09 [INFO] core.strategy: ─── Scan summary (8 subscribed) ───
  [Cognition] NTPC: ticks=1076 | live_candles=7
  [Cognition] RELIANCE: ticks=1221 | live_candles=7
  [Cognition] HEROMOTOCO: ticks=583 | live_candles=7
  [Cognition] ULTRACEMCO: ticks=494 | live_candles=7
  [Cognition] MARUTI: ticks=550 | live_candles=7
  [Cognition] EICHERMOT: ticks=474 | live_candles=7
  [Cognition] NESTLEIND: ticks=433 | live_candles=7
  [Cognition] POWERGRID: ticks=321 | live_candles=7
2026-06-05 12:37:10 [INFO] core.state_manager: [BRIEFING] Loading from data/session_briefing.json...
2026-06-05 12:37:10 [INFO] core.state_manager: [BRIEFING] Loaded Valid: 8 approved + 0 watchlist (MORNING_SCREENER)
2026-06-05 12:37:10 [INFO] core.data_fetcher: 📡 Live feed | ticks received: 8/8 symbols | active=['NTPC', 'RELIANCE', 'HEROMOTOCO', 'ULTRACEMCO', 'MARUTI', 'EICHERMOT', 'NESTLEIND', 'POWERGRID']
2026-06-05 12:37:41 [INFO] core.strategy: ─── Scan summary (8 subscribed) ───
  [Cognition] NTPC: ticks=1132 | live_candles=7
  [Cognition] RELIANCE: ticks=1289 | live_candles=7
  [Cognition] HEROMOTOCO: ticks=622 | live_candles=7
  [Cognition] ULTRACEMCO: ticks=520 | live_candles=7
  [Cognition] MARUTI: ticks=577 | live_candles=7
  [Cognition] EICHERMOT: ticks=499 | live_candles=7
  [Cognition] NESTLEIND: ticks=453 | live_candles=7
  [Cognition] POWERGRID: ticks=342 | live_candles=7
2026-06-05 12:38:11 [INFO] core.state_manager: [BRIEFING] Loading from data/session_briefing.json...
2026-06-05 12:38:11 [INFO] core.state_manager: [BRIEFING] Loaded Valid: 8 approved + 0 watchlist (MORNING_SCREENER)
2026-06-05 12:39:11 [INFO] core.data_fetcher: 📡 Live feed | ticks received: 8/8 symbols | active=['NTPC', 'RELIANCE', 'HEROMOTOCO', 'ULTRACEMCO', 'MARUTI', 'EICHERMOT', 'NESTLEIND', 'POWERGRID']
2026-06-05 12:39:12 [INFO] core.state_manager: [BRIEFING] Loading from data/session_briefing.json...
2026-06-05 12:39:12 [INFO] core.state_manager: [BRIEFING] Loaded Valid: 8 approved + 0 watchlist (MORNING_SCREENER)
2026-06-05 12:39:12 [INFO] core.strategy: ─── Scan summary (8 subscribed) ───
  [Cognition] NTPC: ticks=1181 | live_candles=7
  [Cognition] RELIANCE: ticks=1347 | live_candles=7
  [Cognition] HEROMOTOCO: ticks=668 | live_candles=7
  [Cognition] ULTRACEMCO: ticks=550 | live_candles=7
  [Cognition] MARUTI: ticks=606 | live_candles=7
  [Cognition] EICHERMOT: ticks=523 | live_candles=7
  [Cognition] NESTLEIND: ticks=473 | live_candles=7
  [Cognition] POWERGRID: ticks=359 | live_candles=7
2026-06-05 12:40:00 [INFO] core.data_fetcher: 🕯️ Candle closed: MARUTI | 2026-06-05 12:35 | O:13095.00 H:13108.00 L:13091.00 C:13099.00 V:14114719.0
2026-06-05 12:40:00 [INFO] core.data_fetcher: 🕯️ Candle closed: RELIANCE | 2026-06-05 12:35 | O:1299.70 H:1300.00 L:1297.40 C:1299.60 V:1364799494.0
2026-06-05 12:40:00 [INFO] core.data_fetcher: 🕯️ Candle closed: HEROMOTOCO | 2026-06-05 12:35 | O:4847.60 H:4855.50 L:4841.60 C:4854.30 V:38141737.0
2026-06-05 12:40:01 [INFO] core.data_fetcher: 🕯️ Candle closed: NESTLEIND | 2026-06-05 12:35 | O:1376.80 H:1377.50 L:1376.20 C:1376.70 V:23630017.0
2026-06-05 12:40:02 [INFO] core.data_fetcher: 🕯️ Candle closed: ULTRACEMCO | 2026-06-05 12:35 | O:10937.00 H:10943.00 L:10920.00 C:10933.00 V:16025555.0
2026-06-05 12:40:03 [INFO] core.data_fetcher: 🕯️ Candle closed: EICHERMOT | 2026-06-05 12:35 | O:7092.50 H:7102.00 L:7088.50 C:7090.00 V:16958483.0
2026-06-05 12:40:03 [INFO] core.data_fetcher: 🕯️ Candle closed: NTPC | 2026-06-05 12:35 | O:362.00 H:362.20 L:361.65 C:362.05 V:600195226.0
2026-06-05 12:40:09 [INFO] core.data_fetcher: 🕯️ Candle closed: POWERGRID | 2026-06-05 12:35 | O:285.65 H:285.70 L:285.05 C:285.60 V:153142043.0
2026-06-05 12:40:14 [INFO] core.state_manager: [BRIEFING] Loading from data/session_briefing.json...
2026-06-05 12:40:14 [INFO] core.state_manager: [BRIEFING] Loaded Valid: 8 approved + 0 watchlist (MORNING_SCREENER)
2026-06-05 12:40:44 [INFO] core.strategy: ─── Scan summary (8 subscribed) ───
  [Cognition] NTPC: ticks=1227 | live_candles=8
  [Cognition] RELIANCE: ticks=1407 | live_candles=8
  [Cognition] HEROMOTOCO: ticks=699 | live_candles=8
  [Cognition] ULTRACEMCO: ticks=573 | live_candles=8
  [Cognition] MARUTI: ticks=630 | live_candles=8
  [Cognition] EICHERMOT: ticks=543 | live_candles=8
  [Cognition] NESTLEIND: ticks=500 | live_candles=8
  [Cognition] POWERGRID: ticks=374 | live_candles=8
2026-06-05 12:41:11 [INFO] core.data_fetcher: 📡 Live feed | ticks received: 8/8 symbols | active=['NTPC', 'RELIANCE', 'HEROMOTOCO', 'ULTRACEMCO', 'MARUTI', 'EICHERMOT', 'NESTLEIND', 'POWERGRID']
2026-06-05 12:41:15 [INFO] core.state_manager: [BRIEFING] Loading from data/session_briefing.json...
2026-06-05 12:41:15 [INFO] core.state_manager: [BRIEFING] Loaded Valid: 8 approved + 0 watchlist (MORNING_SCREENER)
2026-06-05 12:42:16 [INFO] core.state_manager: [BRIEFING] Loading from data/session_briefing.json...
2026-06-05 12:42:16 [INFO] core.state_manager: [BRIEFING] Loaded Valid: 8 approved + 0 watchlist (MORNING_SCREENER)
2026-06-05 12:42:16 [INFO] core.strategy: ─── Scan summary (8 subscribed) ───
  [Cognition] NTPC: ticks=1282 | live_candles=8
  [Cognition] RELIANCE: ticks=1475 | live_candles=8
  [Cognition] HEROMOTOCO: ticks=730 | live_candles=8
  [Cognition] ULTRACEMCO: ticks=591 | live_candles=8
  [Cognition] MARUTI: ticks=657 | live_candles=8
  [Cognition] EICHERMOT: ticks=560 | live_candles=8
  [Cognition] NESTLEIND: ticks=525 | live_candles=8
  [Cognition] POWERGRID: ticks=386 | live_candles=8
2026-06-05 12:43:11 [INFO] core.data_fetcher: 📡 Live feed | ticks received: 8/8 symbols | active=['NTPC', 'RELIANCE', 'HEROMOTOCO', 'ULTRACEMCO', 'MARUTI', 'EICHERMOT', 'NESTLEIND', 'POWERGRID']
2026-06-05 12:43:17 [INFO] core.state_manager: [BRIEFING] Loading from data/session_briefing.json...
2026-06-05 12:43:17 [INFO] core.state_manager: [BRIEFING] Loaded Valid: 8 approved + 0 watchlist (MORNING_SCREENER)
2026-06-05 12:43:48 [INFO] core.strategy: ─── Scan summary (8 subscribed) ───
  [Cognition] NTPC: ticks=1331 | live_candles=8
  [Cognition] RELIANCE: ticks=1546 | live_candles=8
  [Cognition] HEROMOTOCO: ticks=762 | live_candles=8
  [Cognition] ULTRACEMCO: ticks=614 | live_candles=8
  [Cognition] MARUTI: ticks=688 | live_candles=8
  [Cognition] EICHERMOT: ticks=579 | live_candles=8
  [Cognition] NESTLEIND: ticks=547 | live_candles=8
  [Cognition] POWERGRID: ticks=397 | live_candles=8
2026-06-05 12:44:19 [INFO] core.state_manager: [BRIEFING] Loading from data/session_briefing.json...
2026-06-05 12:44:19 [INFO] core.state_manager: [BRIEFING] Loaded Valid: 8 approved + 0 watchlist (MORNING_SCREENER)
2026-06-05 12:45:00 [INFO] core.data_fetcher: 🕯️ Candle closed: RELIANCE | 2026-06-05 12:40 | O:1299.80 H:1299.80 L:1294.60 C:1295.40 V:1469810689.0
2026-06-05 12:45:00 [INFO] core.data_fetcher: 🕯️ Candle closed: MARUTI | 2026-06-05 12:40 | O:13098.00 H:13110.00 L:13082.00 C:13097.00 V:11756024.0
2026-06-05 12:45:01 [INFO] core.data_fetcher: 🕯️ Candle closed: POWERGRID | 2026-06-05 12:40 | O:285.55 H:285.65 L:285.30 C:285.35 V:129184115.0
2026-06-05 12:45:01 [INFO] core.data_fetcher: 🕯️ Candle closed: NTPC | 2026-06-05 12:40 | O:362.00 H:362.15 L:361.60 C:361.70 V:611121531.0
2026-06-05 12:45:01 [INFO] core.data_fetcher: 🕯️ Candle closed: EICHERMOT | 2026-06-05 12:40 | O:7088.50 H:7092.50 L:7084.00 C:7087.00 V:10619518.0
2026-06-05 12:45:02 [INFO] core.data_fetcher: 🕯️ Candle closed: HEROMOTOCO | 2026-06-05 12:40 | O:4853.60 H:4858.50 L:4850.70 C:4855.00 V:27963699.0
2026-06-05 12:45:02 [INFO] core.data_fetcher: 🕯️ Candle closed: ULTRACEMCO | 2026-06-05 12:40 | O:10932.00 H:10933.00 L:10916.00 C:10918.00 V:10080209.0
2026-06-05 12:45:05 [INFO] core.data_fetcher: 🕯️ Candle closed: NESTLEIND | 2026-06-05 12:40 | O:1376.20 H:1377.50 L:1374.70 C:1376.70 V:26768741.0
2026-06-05 12:45:11 [INFO] core.data_fetcher: 📡 Live feed | ticks received: 8/8 symbols | active=['NTPC', 'RELIANCE', 'HEROMOTOCO', 'ULTRACEMCO', 'MARUTI', 'EICHERMOT', 'NESTLEIND', 'POWERGRID']
2026-06-05 12:45:20 [INFO] core.state_manager: [BRIEFING] Loading from data/session_briefing.json...
2026-06-05 12:45:20 [INFO] core.state_manager: [BRIEFING] Loaded Valid: 8 approved + 0 watchlist (MORNING_SCREENER)
2026-06-05 12:45:20 [INFO] core.strategy: ─── Scan summary (8 subscribed) ───
  [Cognition] NTPC: ticks=1386 | live_candles=9
  [Cognition] RELIANCE: ticks=1622 | live_candles=9
  [Cognition] HEROMOTOCO: ticks=788 | live_candles=9
  [Cognition] ULTRACEMCO: ticks=633 | live_candles=9
  [Cognition] MARUTI: ticks=727 | live_candles=9
  [Cognition] EICHERMOT: ticks=596 | live_candles=9
  [Cognition] NESTLEIND: ticks=561 | live_candles=9
  [Cognition] POWERGRID: ticks=413 | live_candles=9
2026-06-05 12:46:21 [INFO] core.state_manager: [BRIEFING] Loading from data/session_briefing.json...
2026-06-05 12:46:21 [INFO] core.state_manager: [BRIEFING] Loaded Valid: 8 approved + 0 watchlist (MORNING_SCREENER)
2026-06-05 12:46:52 [INFO] core.strategy: ─── Scan summary (8 subscribed) ───
  [Cognition] NTPC: ticks=1445 | live_candles=9
  [Cognition] RELIANCE: ticks=1682 | live_candles=9
  [Cognition] HEROMOTOCO: ticks=812 | live_candles=9
  [Cognition] ULTRACEMCO: ticks=662 | live_candles=9
  [Cognition] MARUTI: ticks=761 | live_candles=9
  [Cognition] EICHERMOT: ticks=622 | live_candles=9
  [Cognition] NESTLEIND: ticks=591 | live_candles=9
  [Cognition] POWERGRID: ticks=427 | live_candles=9
2026-06-05 12:47:11 [INFO] core.data_fetcher: 📡 Live feed | ticks received: 8/8 symbols | active=['NTPC', 'RELIANCE', 'HEROMOTOCO', 'ULTRACEMCO', 'MARUTI', 'EICHERMOT', 'NESTLEIND', 'POWERGRID']
2026-06-05 12:47:22 [INFO] core.state_manager: [BRIEFING] Loading from data/session_briefing.json...
2026-06-05 12:47:22 [INFO] core.state_manager: [BRIEFING] Loaded Valid: 8 approved + 0 watchlist (MORNING_SCREENER)
2026-06-05 12:48:23 [INFO] core.state_manager: [BRIEFING] Loading from data/session_briefing.json...
2026-06-05 12:48:23 [INFO] core.state_manager: [BRIEFING] Loaded Valid: 8 approved + 0 watchlist (MORNING_SCREENER)
2026-06-05 12:48:23 [INFO] core.strategy: ─── Scan summary (8 subscribed) ───
  [Cognition] NTPC: ticks=1507 | live_candles=9
  [Cognition] RELIANCE: ticks=1741 | live_candles=9
  [Cognition] HEROMOTOCO: ticks=848 | live_candles=9
  [Cognition] ULTRACEMCO: ticks=689 | live_candles=9
  [Cognition] MARUTI: ticks=791 | live_candles=9
  [Cognition] EICHERMOT: ticks=641 | live_candles=9
  [Cognition] NESTLEIND: ticks=606 | live_candles=9
  [Cognition] POWERGRID: ticks=447 | live_candles=9
2026-06-05 12:49:11 [INFO] core.data_fetcher: 📡 Live feed | ticks received: 8/8 symbols | active=['NTPC', 'RELIANCE', 'HEROMOTOCO', 'ULTRACEMCO', 'MARUTI', 'EICHERMOT', 'NESTLEIND', 'POWERGRID']
2026-06-05 12:49:25 [INFO] core.state_manager: [BRIEFING] Loading from data/session_briefing.json...
2026-06-05 12:49:25 [INFO] core.state_manager: [BRIEFING] Loaded Valid: 8 approved + 0 watchlist (MORNING_SCREENER)
2026-06-05 12:49:55 [INFO] core.strategy: ─── Scan summary (8 subscribed) ───
  [Cognition] NTPC: ticks=1558 | live_candles=9
  [Cognition] RELIANCE: ticks=1798 | live_candles=9
  [Cognition] HEROMOTOCO: ticks=873 | live_candles=9
  [Cognition] ULTRACEMCO: ticks=712 | live_candles=9
  [Cognition] MARUTI: ticks=818 | live_candles=9
  [Cognition] EICHERMOT: ticks=663 | live_candles=9
  [Cognition] NESTLEIND: ticks=630 | live_candles=9
  [Cognition] POWERGRID: ticks=458 | live_candles=9
2026-06-05 12:50:00 [INFO] core.data_fetcher: 🕯️ Candle closed: MARUTI | 2026-06-05 12:45 | O:13096.00 H:13114.00 L:13091.00 C:13099.00 V:15028030.0
2026-06-05 12:50:00 [INFO] core.data_fetcher: 🕯️ Candle closed: RELIANCE | 2026-06-05 12:45 | O:1295.90 H:1296.10 L:1295.00 C:1295.40 V:1405331575.0
2026-06-05 12:50:00 [INFO] core.data_fetcher: 🕯️ Candle closed: NTPC | 2026-06-05 12:45 | O:361.80 H:361.95 L:361.30 C:361.40 V:763350326.0
2026-06-05 12:50:02 [INFO] core.data_fetcher: 🕯️ Candle closed: HEROMOTOCO | 2026-06-05 12:45 | O:4854.90 H:4857.50 L:4849.90 C:4850.90 V:29049228.0
2026-06-05 12:50:03 [INFO] core.data_fetcher: 🕯️ Candle closed: POWERGRID | 2026-06-05 12:45 | O:285.40 H:285.45 L:285.15 C:285.35 V:138019739.0
2026-06-05 12:50:03 [INFO] core.data_fetcher: 🕯️ Candle closed: ULTRACEMCO | 2026-06-05 12:45 | O:10916.00 H:10933.00 L:10915.00 C:10923.00 V:12677992.0
2026-06-05 12:50:04 [INFO] core.data_fetcher: 🕯️ Candle closed: EICHERMOT | 2026-06-05 12:45 | O:7088.00 H:7090.00 L:7081.00 C:7083.50 V:15944040.0
2026-06-05 12:50:04 [INFO] core.data_fetcher: 🕯️ Candle closed: NESTLEIND | 2026-06-05 12:45 | O:1376.60 H:1378.40 L:1376.50 C:1377.50 V:28494094.0
2026-06-05 12:50:09 [INFO] apscheduler.executors.default: Running job "Market Observation Loop (trigger: interval[0:15:00], next run at: 2026-06-05 13:05:09 IST)" (scheduled at 2026-06-05 12:50:09.683123+05:30)
2026-06-05 12:50:09 [INFO] reflection.observation_loop: 🔍 Running observation cycle...
2026-06-05 12:50:09 [INFO] core.state_manager: [BRIEFING] Loading from data/session_briefing.json...
2026-06-05 12:50:09 [INFO] core.state_manager: [BRIEFING] Loaded Valid: 8 approved + 0 watchlist (MORNING_SCREENER)
2026-06-05 12:50:09 [INFO] reflection.observation_loop: 📊 Observation recorded:
   Market: RANGING | Trend: WEAK
   Vol: LOW | Breakouts: LOW
   Reversals: LOW
2026-06-05 12:50:09 [INFO] apscheduler.executors.default: Job "Market Observation Loop (trigger: interval[0:15:00], next run at: 2026-06-05 13:05:09 IST)" executed successfully
2026-06-05 12:50:16 [WARNING] core.order_executor: 🔴 TRAILING_SL HIT | EICHERMOT | ₹7074.5 ≤ ₹7078.43
2026-06-05 12:50:16 [INFO] core.order_executor: 📋 [PAPER] SELL | EICHERMOT | Qty: 2 | @ ₹7074.5 | Reason: TRAILING_SL
2026-06-05 12:50:16 [INFO] core.state_manager: Position closed: EICHERMOT | 7074.5 | P&L: -70.00 | TRAILING_SL | price_source=ws_ltp
2026-06-05 12:50:26 [INFO] core.state_manager: [BRIEFING] Loading from data/session_briefing.json...
2026-06-05 12:50:26 [INFO] core.state_manager: [BRIEFING] Loaded Valid: 8 approved + 0 watchlist (MORNING_SCREENER)
2026-06-05 12:51:11 [INFO] core.data_fetcher: 📡 Live feed | ticks received: 8/8 symbols | active=['NTPC', 'RELIANCE', 'HEROMOTOCO', 'ULTRACEMCO', 'MARUTI', 'EICHERMOT', 'NESTLEIND', 'POWERGRID']
2026-06-05 12:51:30 [INFO] core.state_manager: [BRIEFING] Loading from data/session_briefing.json...
2026-06-05 12:51:30 [INFO] core.state_manager: [BRIEFING] Loaded Valid: 8 approved + 0 watchlist (MORNING_SCREENER)
2026-06-05 12:51:30 [INFO] core.strategy: ─── Scan summary (8 subscribed) ───
  [Cognition] NTPC: ticks=1627 | live_candles=10
  [Cognition] RELIANCE: ticks=1862 | live_candles=10
  [Cognition] HEROMOTOCO: ticks=924 | live_candles=10
  [Cognition] ULTRACEMCO: ticks=737 | live_candles=10
  [Cognition] MARUTI: ticks=849 | live_candles=10
  [Cognition] EICHERMOT: ticks=693 | live_candles=10
  [Cognition] NESTLEIND: ticks=652 | live_candles=10
  [Cognition] POWERGRID: ticks=476 | live_candles=10
2026-06-05 12:52:32 [INFO] core.state_manager: [BRIEFING] Loading from data/session_briefing.json...
2026-06-05 12:52:32 [INFO] core.state_manager: [BRIEFING] Loaded Valid: 8 approved + 0 watchlist (MORNING_SCREENER)
2026-06-05 12:53:04 [INFO] core.strategy: ─── Scan summary (8 subscribed) ───
  [Cognition] NTPC: ticks=1696 | live_candles=10
  [Cognition] RELIANCE: ticks=1933 | live_candles=10
  [Cognition] HEROMOTOCO: ticks=954 | live_candles=10
  [Cognition] ULTRACEMCO: ticks=762 | live_candles=10
  [Cognition] MARUTI: ticks=885 | live_candles=10
  [Cognition] EICHERMOT: ticks=721 | live_candles=10
  [Cognition] NESTLEIND: ticks=672 | live_candles=10
  [Cognition] POWERGRID: ticks=494 | live_candles=10
2026-06-05 12:53:11 [INFO] core.data_fetcher: 📡 Live feed | ticks received: 8/8 symbols | active=['NTPC', 'RELIANCE', 'HEROMOTOCO', 'ULTRACEMCO', 'MARUTI', 'EICHERMOT', 'NESTLEIND', 'POWERGRID']
2026-06-05 12:53:35 [INFO] core.state_manager: [BRIEFING] Loading from data/session_briefing.json...
2026-06-05 12:53:35 [INFO] core.state_manager: [BRIEFING] Loaded Valid: 8 approved + 0 watchlist (MORNING_SCREENER)
2026-06-05 12:54:38 [INFO] core.state_manager: [BRIEFING] Loading from data/session_briefing.json...
2026-06-05 12:54:38 [INFO] core.state_manager: [BRIEFING] Loaded Valid: 8 approved + 0 watchlist (MORNING_SCREENER)
2026-06-05 12:54:38 [INFO] core.strategy: ─── Scan summary (8 subscribed) ───
  [Cognition] NTPC: ticks=1754 | live_candles=10
  [Cognition] RELIANCE: ticks=1994 | live_candles=10
  [Cognition] HEROMOTOCO: ticks=996 | live_candles=10
  [Cognition] ULTRACEMCO: ticks=787 | live_candles=10
  [Cognition] MARUTI: ticks=912 | live_candles=10
  [Cognition] EICHERMOT: ticks=742 | live_candles=10
  [Cognition] NESTLEIND: ticks=695 | live_candles=10
  [Cognition] POWERGRID: ticks=512 | live_candles=10
2026-06-05 12:55:00 [INFO] core.data_fetcher: 🕯️ Candle closed: RELIANCE | 2026-06-05 12:50 | O:1295.10 H:1295.90 L:1294.20 C:1295.00 V:1649216717.0
2026-06-05 12:55:01 [INFO] core.data_fetcher: 🕯️ Candle closed: HEROMOTOCO | 2026-06-05 12:50 | O:4850.60 H:4850.60 L:4840.40 C:4846.30 V:44525117.0
2026-06-05 12:55:01 [INFO] core.data_fetcher: 🕯️ Candle closed: NTPC | 2026-06-05 12:50 | O:361.35 H:361.45 L:360.25 C:360.65 V:882237208.0
2026-06-05 12:55:01 [INFO] core.data_fetcher: 🕯️ Candle closed: NESTLEIND | 2026-06-05 12:50 | O:1377.70 H:1377.80 L:1376.20 C:1377.10 V:28332474.0
2026-06-05 12:55:01 [INFO] core.data_fetcher: 🕯️ Candle closed: MARUTI | 2026-06-05 12:50 | O:13095.00 H:13104.00 L:13089.00 C:13096.00 V:15176746.0
2026-06-05 12:55:01 [INFO] core.data_fetcher: 🕯️ Candle closed: EICHERMOT | 2026-06-05 12:50 | O:7081.00 H:7083.50 L:7068.50 C:7079.50 V:18899634.0
2026-06-05 12:55:01 [INFO] core.data_fetcher: 🕯️ Candle closed: POWERGRID | 2026-06-05 12:50 | O:285.30 H:285.30 L:284.80 C:284.95 V:200750051.0
2026-06-05 12:55:01 [INFO] core.data_fetcher: 🕯️ Candle closed: ULTRACEMCO | 2026-06-05 12:50 | O:10920.00 H:10930.00 L:10913.00 C:10923.00 V:14540176.0
2026-06-05 12:55:11 [INFO] core.data_fetcher: 📡 Live feed | ticks received: 8/8 symbols | active=['NTPC', 'RELIANCE', 'HEROMOTOCO', 'ULTRACEMCO', 'MARUTI', 'EICHERMOT', 'NESTLEIND', 'POWERGRID']
2026-06-05 12:55:41 [INFO] core.state_manager: [BRIEFING] Loading from data/session_briefing.json...
2026-06-05 12:55:41 [INFO] core.state_manager: [BRIEFING] Loaded Valid: 8 approved + 0 watchlist (MORNING_SCREENER)
2026-06-05 12:56:13 [INFO] core.strategy: ─── Scan summary (8 subscribed) ───
  [Cognition] NTPC: ticks=1822 | live_candles=11
  [Cognition] RELIANCE: ticks=2060 | live_candles=11
  [Cognition] HEROMOTOCO: ticks=1015 | live_candles=11
  [Cognition] ULTRACEMCO: ticks=814 | live_candles=11
  [Cognition] MARUTI: ticks=939 | live_candles=11
  [Cognition] EICHERMOT: ticks=762 | live_candles=11
  [Cognition] NESTLEIND: ticks=720 | live_candles=11
  [Cognition] POWERGRID: ticks=537 | live_candles=11
2026-06-05 12:56:44 [INFO] core.state_manager: [BRIEFING] Loading from data/session_briefing.json...
2026-06-05 12:56:44 [INFO] core.state_manager: [BRIEFING] Loaded Valid: 8 approved + 0 watchlist (MORNING_SCREENER)
2026-06-05 12:57:11 [INFO] core.data_fetcher: 📡 Live feed | ticks received: 8/8 symbols | active=['NTPC', 'RELIANCE', 'HEROMOTOCO', 'ULTRACEMCO', 'MARUTI', 'EICHERMOT', 'NESTLEIND', 'POWERGRID']
2026-06-05 12:57:48 [INFO] core.state_manager: [BRIEFING] Loading from data/session_briefing.json...
2026-06-05 12:57:48 [INFO] core.state_manager: [BRIEFING] Loaded Valid: 8 approved + 0 watchlist (MORNING_SCREENER)
2026-06-05 12:57:48 [INFO] core.strategy: ─── Scan summary (8 subscribed) ───
  [Cognition] NTPC: ticks=1873 | live_candles=11
  [Cognition] RELIANCE: ticks=2130 | live_candles=11
  [Cognition] HEROMOTOCO: ticks=1051 | live_candles=11
  [Cognition] ULTRACEMCO: ticks=835 | live_candles=11
  [Cognition] MARUTI: ticks=961 | live_candles=11
  [Cognition] EICHERMOT: ticks=786 | live_candles=11
  [Cognition] NESTLEIND: ticks=738 | live_candles=11
  [Cognition] POWERGRID: ticks=554 | live_candles=11
2026-06-05 12:58:51 [INFO] core.state_manager: [BRIEFING] Loading from data/session_briefing.json...
2026-06-05 12:58:51 [INFO] core.state_manager: [BRIEFING] Loaded Valid: 8 approved + 0 watchlist (MORNING_SCREENER)
2026-06-05 12:59:11 [INFO] core.data_fetcher: 📡 Live feed | ticks received: 8/8 symbols | active=['NTPC', 'RELIANCE', 'HEROMOTOCO', 'ULTRACEMCO', 'MARUTI', 'EICHERMOT', 'NESTLEIND', 'POWERGRID']
2026-06-05 12:59:22 [INFO] core.strategy: ─── Scan summary (8 subscribed) ───
  [Cognition] NTPC: ticks=1937 | live_candles=11
  [Cognition] RELIANCE: ticks=2188 | live_candles=11
  [Cognition] HEROMOTOCO: ticks=1070 | live_candles=11
  [Cognition] ULTRACEMCO: ticks=862 | live_candles=11
  [Cognition] MARUTI: ticks=988 | live_candles=11
  [Cognition] EICHERMOT: ticks=805 | live_candles=11
  [Cognition] NESTLEIND: ticks=759 | live_candles=11
  [Cognition] POWERGRID: ticks=565 | live_candles=11
2026-06-05 12:59:53 [INFO] core.state_manager: [BRIEFING] Loading from data/session_briefing.json...
2026-06-05 12:59:53 [INFO] core.state_manager: [BRIEFING] Loaded Valid: 8 approved + 0 watchlist (MORNING_SCREENER)
2026-06-05 13:00:00 [INFO] core.data_fetcher: 🕯️ Candle closed: RELIANCE | 2026-06-05 12:55 | O:1294.80 H:1295.60 L:1294.80 C:1295.30 V:1606755674.0
2026-06-05 13:00:00 [INFO] core.data_fetcher: 🕯️ Candle closed: NTPC | 2026-06-05 12:55 | O:360.70 H:361.45 L:360.50 C:360.90 V:894493848.0
2026-06-05 13:00:01 [INFO] core.data_fetcher: 🕯️ Candle closed: POWERGRID | 2026-06-05 12:55 | O:285.10 H:285.25 L:284.85 C:285.15 V:164524142.0
2026-06-05 13:00:02 [INFO] core.data_fetcher: 🕯️ Candle closed: NESTLEIND | 2026-06-05 12:55 | O:1376.90 H:1377.10 L:1376.20 C:1377.00 V:30998156.0
2026-06-05 13:00:02 [INFO] core.data_fetcher: 🕯️ Candle closed: HEROMOTOCO | 2026-06-05 12:55 | O:4845.00 H:4849.70 L:4843.90 C:4847.00 V:25228427.0
2026-06-05 13:00:02 [INFO] core.data_fetcher: 🕯️ Candle closed: ULTRACEMCO | 2026-06-05 12:55 | O:10922.00 H:10927.00 L:10915.00 C:10920.00 V:17241096.0
2026-06-05 13:00:04 [INFO] core.strategy: BUY SIGNAL TRIGGERED
Symbol: NTPC
Price: 360.9
Triggered Set: BUY_BOLLINGER_REVERSAL
Set Side: BUY
Confidence: base=70.0 signal_x=1.0 weight_x=1.0 time=1:00-2:00@1.0 market_x=1.0 advisory_x=0.99 final=69.3 min=65.0
Satisfied:
- Bollinger Band Bounce: Touched=True, Bounced=True, RSI=32.6
- Bullish Reversal Candle: Bullish Harami
Why: Mean-reversion bounce from lower Bollinger Band with bullish candle structure confirming the reversal. Works well in ranging intraday conditions.
2026-06-05 13:00:04 [INFO] core.order_executor: ✅ Quantity calculated | Price: ₹360.9 | Qty: 54 | Deployed: ₹19489 | Limiting: Allocation-limited | Risk: 109sh | Alloc: 54sh | Lever: 73sh | Buying Power: ₹98211 | Margin Used: ₹0
2026-06-05 13:00:04 [INFO] core.order_executor: 📋 [PAPER] BUY | NTPC | Qty: 54 | @ ₹360.9 | SL: ₹359.1 | Target: ₹364.5
2026-06-05 13:00:04 [INFO] core.state_manager: Position saved: NTPC x54 | Target: 364.5 | SL: 359.1
2026-06-05 13:00:05 [INFO] core.data_fetcher: 🕯️ Candle closed: EICHERMOT | 2026-06-05 12:55 | O:7080.00 H:7082.00 L:7073.00 C:7073.50 V:18282916.0
2026-06-05 13:00:08 [INFO] core.data_fetcher: 🕯️ Candle closed: MARUTI | 2026-06-05 12:55 | O:13097.00 H:13104.00 L:13089.00 C:13100.00 V:12483936.0
2026-06-05 13:00:55 [INFO] core.state_manager: [BRIEFING] Loading from data/session_briefing.json...
2026-06-05 13:00:55 [INFO] core.state_manager: [BRIEFING] Loaded Valid: 8 approved + 0 watchlist (MORNING_SCREENER)
2026-06-05 13:00:55 [INFO] core.strategy: ─── Scan summary (8 subscribed) ───
  [Cognition] NTPC: ticks=1998 | live_candles=12
  [Cognition] RELIANCE: ticks=2247 | live_candles=12
  [Cognition] HEROMOTOCO: ticks=1105 | live_candles=12
  [Cognition] ULTRACEMCO: ticks=885 | live_candles=12
  [Cognition] MARUTI: ticks=1015 | live_candles=12
  [Cognition] EICHERMOT: ticks=826 | live_candles=12
  [Cognition] NESTLEIND: ticks=775 | live_candles=12
  [Cognition] POWERGRID: ticks=581 | live_candles=12
2026-06-05 13:01:12 [INFO] core.data_fetcher: 📡 Live feed | ticks received: 8/8 symbols | active=['NTPC', 'RELIANCE', 'HEROMOTOCO', 'ULTRACEMCO', 'MARUTI', 'EICHERMOT', 'NESTLEIND', 'POWERGRID']
2026-06-05 13:01:56 [INFO] core.state_manager: [BRIEFING] Loading from data/session_briefing.json...
2026-06-05 13:01:56 [INFO] core.state_manager: [BRIEFING] Loaded Valid: 8 approved + 0 watchlist (MORNING_SCREENER)
2026-06-05 13:02:27 [INFO] core.strategy: ─── Scan summary (8 subscribed) ───
  [Cognition] NTPC: ticks=2050 | live_candles=12
  [Cognition] RELIANCE: ticks=2304 | live_candles=12
  [Cognition] HEROMOTOCO: ticks=1131 | live_candles=12
  [Cognition] ULTRACEMCO: ticks=914 | live_candles=12
  [Cognition] MARUTI: ticks=1048 | live_candles=12
  [Cognition] EICHERMOT: ticks=840 | live_candles=12
  [Cognition] NESTLEIND: ticks=796 | live_candles=12
  [Cognition] POWERGRID: ticks=601 | live_candles=12
2026-06-05 13:02:57 [INFO] core.state_manager: [BRIEFING] Loading from data/session_briefing.json...
2026-06-05 13:02:57 [INFO] core.state_manager: [BRIEFING] Loaded Valid: 8 approved + 0 watchlist (MORNING_SCREENER)
2026-06-05 13:03:12 [INFO] core.data_fetcher: 📡 Live feed | ticks received: 8/8 symbols | active=['NTPC', 'RELIANCE', 'HEROMOTOCO', 'ULTRACEMCO', 'MARUTI', 'EICHERMOT', 'NESTLEIND', 'POWERGRID']
2026-06-05 13:03:59 [INFO] core.state_manager: [BRIEFING] Loading from data/session_briefing.json...
2026-06-05 13:03:59 [INFO] core.state_manager: [BRIEFING] Loaded Valid: 8 approved + 0 watchlist (MORNING_SCREENER)
2026-06-05 13:03:59 [INFO] core.strategy: ─── Scan summary (8 subscribed) ───
  [Cognition] NTPC: ticks=2101 | live_candles=12
  [Cognition] RELIANCE: ticks=2357 | live_candles=12
  [Cognition] HEROMOTOCO: ticks=1161 | live_candles=12
  [Cognition] ULTRACEMCO: ticks=938 | live_candles=12
  [Cognition] MARUTI: ticks=1079 | live_candles=12
  [Cognition] EICHERMOT: ticks=856 | live_candles=12
  [Cognition] NESTLEIND: ticks=816 | live_candles=12
  [Cognition] POWERGRID: ticks=617 | live_candles=12
2026-06-05 13:05:00 [INFO] core.state_manager: [BRIEFING] Loading from data/session_briefing.json...
2026-06-05 13:05:00 [INFO] core.state_manager: [BRIEFING] Loaded Valid: 8 approved + 0 watchlist (MORNING_SCREENER)
2026-06-05 13:05:01 [INFO] core.data_fetcher: 🕯️ Candle closed: NESTLEIND | 2026-06-05 13:00 | O:1376.90 H:1377.20 L:1374.50 C:1375.20 V:30806611.0
2026-06-05 13:05:01 [INFO] core.data_fetcher: 🕯️ Candle closed: RELIANCE | 2026-06-05 13:00 | O:1295.20 H:1295.90 L:1294.80 C:1295.90 V:1529237159.0
2026-06-05 13:05:01 [INFO] core.data_fetcher: 🕯️ Candle closed: NTPC | 2026-06-05 13:00 | O:360.95 H:361.10 L:360.65 C:360.95 V:749485447.0
2026-06-05 13:05:02 [INFO] core.data_fetcher: 🕯️ Candle closed: ULTRACEMCO | 2026-06-05 13:00 | O:10918.00 H:10922.00 L:10909.00 C:10921.00 V:18940979.0
2026-06-05 13:05:03 [INFO] core.data_fetcher: 🕯️ Candle closed: HEROMOTOCO | 2026-06-05 13:00 | O:4847.10 H:4848.50 L:4842.70 C:4848.50 V:34432865.0
2026-06-05 13:05:03 [INFO] core.data_fetcher: 🕯️ Candle closed: MARUTI | 2026-06-05 13:00 | O:13101.00 H:13115.00 L:13100.00 C:13109.00 V:13968406.0
2026-06-05 13:05:04 [INFO] core.data_fetcher: 🕯️ Candle closed: EICHERMOT | 2026-06-05 13:00 | O:7074.50 H:7080.00 L:7072.50 C:7079.00 V:12103432.0
2026-06-05 13:05:08 [INFO] AlcoSoft: Shutdown signal received. Stopping gracefully...
2026-06-05 13:05:09 [INFO] apscheduler.executors.default: Running job "Market Observation Loop (trigger: interval[0:15:00], next run at: 2026-06-05 13:20:09 IST)" (scheduled at 2026-06-05 13:05:09.683123+05:30)
2026-06-05 13:05:09 [INFO] reflection.observation_loop: 🔍 Running observation cycle...
2026-06-05 13:05:09 [INFO] core.state_manager: [BRIEFING] Loading from data/session_briefing.json...
2026-06-05 13:05:09 [INFO] core.state_manager: [BRIEFING] Loaded Valid: 8 approved + 0 watchlist (MORNING_SCREENER)
2026-06-05 13:05:09 [INFO] reflection.observation_loop: 📊 Observation recorded:
   Market: RANGING | Trend: WEAK
   Vol: LOW | Breakouts: LOW
   Reversals: LOW
2026-06-05 13:05:09 [INFO] apscheduler.executors.default: Job "Market Observation Loop (trigger: interval[0:15:00], next run at: 2026-06-05 13:20:09 IST)" executed successfully
2026-06-05 13:05:10 [INFO] core.strategy: Strategy loop stopped.
2026-06-05 13:05:10 [INFO] AlcoSoft: Running cleanup...
2026-06-05 13:05:10 [INFO] AlcoSoft: Scheduler stopped.
2026-06-05 13:05:10 [INFO] core.state_manager: [BRIEFING] Loading from data/session_briefing.json...
2026-06-05 13:05:10 [INFO] core.state_manager: [BRIEFING] Loaded Valid: 8 approved + 0 watchlist (MORNING_SCREENER)
2026-06-05 13:05:10 [INFO] core.data_fetcher: Live feed stopped.
2026-06-05 13:05:10 [INFO] AlcoSoft: Live feed stopped.
2026-06-05 13:05:10 [INFO] core.kotak_client: Kotak session logged out cleanly.
2026-06-05 13:05:10 [INFO] AlcoSoft: Kotak session closed.
2026-06-05 13:05:10 [INFO] AlcoSoft: AlcoSoft shutdown complete. Goodbye.
2026-06-05 13:05:10 [INFO] apscheduler.scheduler: Scheduler has been shut down
2026-06-05 13:09:25 [INFO] reflection.reflection_statistics: ✅ Reflection statistics database initialized
2026-06-05 13:09:25 [INFO] AlcoSoft: =======================================================
2026-06-05 13:09:25 [INFO] AlcoSoft:   ALCOSOFT FINANCIAL SERVICES — SYSTEM STARTING
2026-06-05 13:09:25 [INFO] AlcoSoft:   Mode: PAPER | Strategy: INTRADAY
2026-06-05 13:09:25 [INFO] AlcoSoft: =======================================================
2026-06-05 13:09:25 [INFO] AlcoSoft: [0/6] Initializing database...
2026-06-05 13:09:25 [INFO] core.state_manager: Database initialized.
2026-06-05 13:09:25 [INFO] AlcoSoft: [1/6] Running preflight health checks...
2026-06-05 13:09:25 [INFO] core.health_monitor: 🔍 Running preflight health checks...
2026-06-05 13:09:25 [INFO] core.health_monitor: ✅ API Credentials: All API keys configured
2026-06-05 13:09:25 [INFO] core.kotak_client: Initializing Kotak Neo session...
2026-06-05 13:09:25 [INFO] core.kotak_client: TOTP generated: 667292
2026-06-05 13:09:25 [INFO] core.kotak_client: TOTP login response: {'data': {'token': 'eyJhbGciOiJSUzI1NiIsInR5cCI6IkpXVCJ9.eyJqdGkiOiJjMTExODQxMi04MjI5LTQwZDQtOWExMC01ZDhmMjQ0MmFhNDUiLCJpc3MiOiJsb2dpbi1zZXJ2aWNlIiwic3ViIjoiZDZiODIzNzgtNDMzMy00OTcyLTk2ZTgtOTllOWYwMzE0N2MwIiwidWNjIjoiWEQxNkYiLCJuYXAiOiIiLCJ5Y2UiOiJlWVxcNiAvKjU9dFx1MDAwNlx1MDAwYlx1MDAwNHVcdTAwMDBcdTAwMTBiIiwiY2F0ZWdvcmlzYXRpb24iOiIiLCJzY29wZSI6WyJWaWV3Il0sImV4cCI6MTc4MDY4NDIwMCwiaWF0IjoxNzgwNjQ1MTY1LCJmZXRjaGNhY2hpbmdydWxlIjowfQ.pyVw33gxGcDJaDc6nRtQzCMXPZMf8mhVu8y3GDqNlJLTyURCy4r663V2hlAyOtkBtfdyYT7OwJ9l7YXSlgVg4UvR-WPd2CJIR5nzMRfvRJ9W-BUP6Kj_Dx5MdqciDFoY1WqEEylOdJC9k0qn4Wau2yt9my1ih2kj-ksxkhP69jbi8V9x9YaMFzA1di6Yj5JAHXZ4ZHPTaTvuyyNO_Iab7Yu6N_jfo3vSwmUfkpGToIuq0krhgS8rF-__myEciRsnTRC--Ok7JIrnFyK4boEXBUYY1azBNie7JfXkUZ1zv438oKUiAHrV2sLOi2xzOMjRl8k5klU253wPF1Pbw-Hrgg', 'sid': '2636ab6b-6c15-46fb-b8e7-d38b9315e971', 'rid': '1af7af24-26b9-4b6f-ab3d-aa0b098a6264', 'hsServerId': '', 'isUserPwdExpired': False, 'ucc': 'XD16F', 'greetingName': 'MANOJ', 'isTrialAccount': False, 'dataCenter': 'E41', 'derivativesRiskDisclosure': 'Risk Disclosure on Derivatives\n\nAs per a SEBI study dated 25 Jan 2023- \n• 9 out of 10 individual traders in equity Futures and Options Segment, incurred net losses.\n• On an average, loss makers registered net trading loss close to Rs.50,000.\n• Over and above the net trading losses incurred, loss makers expended an additional 28% of net trading losses as transaction costs.\n• Those making net trading profits, incurred between 15% to 50% of such profits as transaction cost.\n\nFor more information please check out : https://www.sebi.gov.in/reports-and-statistics/research/jan-2023/study-analysis-of-profit-and-loss-of-individual-traders-dealing-in-equity-fando-segment_67525.html', 'mfAccess': 1, 'dataCenterMap': None, 'dormancyStatus': 'A', 'asbaStatus': '', 'clientType': 'RI', 'isNRI': False, 'kId': 'ADDPR4621C', 'kType': 'View', 'status': 'success', 'incRange': 0, 'incUpdFlag': '', 'clientGroup': '', 'kraStatus': '', 'rcFlag': 0}}
2026-06-05 13:09:25 [INFO] core.kotak_client: 🔍 TOTP login data keys: ['token', 'sid', 'rid', 'hsServerId', 'isUserPwdExpired', 'ucc', 'greetingName', 'isTrialAccount', 'dataCenter', 'derivativesRiskDisclosure', 'mfAccess', 'dataCenterMap', 'dormancyStatus', 'asbaStatus', 'clientType', 'isNRI', 'kId', 'kType', 'status', 'incRange', 'incUpdFlag', 'clientGroup', 'kraStatus', 'rcFlag']
2026-06-05 13:09:28 [INFO] core.kotak_client: MPIN validation response: {'data': {'token': 'eyJhbGciOiJSUzI1NiIsInR5cCI6IkpXVCJ9.eyJqdGkiOiI1MjNmNjA5NC0yM2ZkLTQxYWItODA3My0wMzVjODkyOWJjNGQiLCJpc3MiOiJsb2dpbi1zZXJ2aWNlIiwic3ViIjoiZDZiODIzNzgtNDMzMy00OTcyLTk2ZTgtOTllOWYwMzE0N2MwIiwidWNjIjoiWEQxNkYiLCJuYXAiOiIiLCJ5Y2UiOiJlWVxcNiAvKjU9dFx1MDAwNlx1MDAwYlx1MDAwNHVcdTAwMDBcdTAwMTBiIiwiY2F0ZWdvcmlzYXRpb24iOiIiLCJzY29wZSI6WyJUcmFkZSJdLCJleHAiOjE3ODA2ODQyMDAsImlhdCI6MTc4MDY0NTE2NywiZmV0Y2hjYWNoaW5ncnVsZSI6MH0.aRlKp7bwaqJ0cTHTlAtK9d5xb4Zv26KoJtBm4d-fM4XhISUt91zOLpVIcZQohhtgaeqKNx1OwTY0jjTO3wReOXKqMCvigBIvd4WcYaLV55IM_fTSWEuNBSTSNCC5AQoPoOBq7EvvbPdORQjCk9-b2GdJrSdtncIg2NQ25kABXnxGZIzKZNHzk6d9AhdAXmXkLfKy36QpSwgP9bzcUkJWY1INOis7TUxLHwTbsKl_C7jtbJmBgk0m8HPg1c8cV6fjkYjIFFkKBXi_W8oXXgVuDwu8mEyxpRJ9xXYk7KkBC9I8jryyqKg40UodXO3Gk5B9cWnp-HRo5NCGdGVn1pVFsg', 'sid': '68b01838-ba64-4e01-9af8-bb564121014d', 'rid': '1af7af24-26b9-4b6f-ab3d-aa0b098a6264', 'baseUrl': 'https://e41.kotaksecurities.com', 'hsServerId': '', 'isUserPwdExpired': False, 'ucc': 'XD16F', 'greetingName': 'MANOJ', 'isTrialAccount': False, 'dataCenter': 'E41', 'derivativesRiskDisclosure': 'Risk Disclosure on Derivatives\n\nAs per a SEBI study dated 25 Jan 2023- \n• 9 out of 10 individual traders in equity Futures and Options Segment, incurred net losses.\n• On an average, loss makers registered net trading loss close to Rs.50,000.\n• Over and above the net trading losses incurred, loss makers expended an additional 28% of net trading losses as transaction costs.\n• Those making net trading profits, incurred between 15% to 50% of such profits as transaction cost.\n\nFor more information please check out : https://www.sebi.gov.in/reports-and-statistics/research/jan-2023/study-analysis-of-profit-and-loss-of-individual-traders-dealing-in-equity-fando-segment_67525.html', 'mfAccess': 1, 'dataCenterMap': None, 'dormancyStatus': 'A', 'asbaStatus': '', 'clientType': 'RI', 'isNRI': False, 'kId': 'ADDPR4621C', 'kType': 'Trade', 'status': 'success', 'incRange': 0, 'incUpdFlag': '', 'clientGroup': '', 'kraStatus': '', 'rcFlag': 0}}
2026-06-05 13:09:28 [INFO] core.kotak_client: 🔍 MPIN response data keys: ['token', 'sid', 'rid', 'baseUrl', 'hsServerId', 'isUserPwdExpired', 'ucc', 'greetingName', 'isTrialAccount', 'dataCenter', 'derivativesRiskDisclosure', 'mfAccess', 'dataCenterMap', 'dormancyStatus', 'asbaStatus', 'clientType', 'isNRI', 'kId', 'kType', 'status', 'incRange', 'incUpdFlag', 'clientGroup', 'kraStatus', 'rcFlag']
2026-06-05 13:09:28 [INFO] core.kotak_client: ✅ NeoAPI configuration.edit_token & edit_sid SET (confirmed)
2026-06-05 13:09:28 [INFO] core.kotak_client: ✅ Trade token verified (kType=Trade) | sid present | baseUrl set
2026-06-05 13:09:28 [INFO] core.kotak_client: ✅ Kotak Neo session established successfully.
2026-06-05 13:09:28 [INFO] core.health_monitor: ✅ Broker Connection: Connected
2026-06-05 13:09:28 [INFO] core.health_monitor: ✅ Database: DB OK (5 open positions)
2026-06-05 13:09:28 [INFO] core.state_manager: [BRIEFING] Loading from data/session_briefing.json...
2026-06-05 13:09:28 [INFO] core.state_manager: [BRIEFING] Loaded Valid: 8 approved + 22 watchlist (MORNING_SCREENER)
2026-06-05 13:09:28 [INFO] core.state_manager: [BRIEFING] Validation PASSED: 8 approved + 22 watchlist (MORNING_SCREENER)
2026-06-05 13:09:28 [INFO] core.health_monitor: ✅ Trading Briefing: Briefing OK (8 cognition, 22 watchlist, 30 total)
2026-06-05 13:09:28 [INFO] core.health_monitor: ✅ Live Feed: Feed not started yet (starts after briefing load)
2026-06-05 13:09:28 [INFO] core.health_monitor: ✅ Market Hours: Market is OPEN
2026-06-05 13:09:28 [INFO] core.health_monitor: ✅ Available Capital: Capital ₹8632
2026-06-05 13:09:28 [INFO] core.health_monitor: ✅ Daily Loss Limit: Daily loss OK
2026-06-05 13:09:28 [INFO] core.health_monitor: 
======================================================================
SYSTEM HEALTH REPORT — 2026-06-05T13:09:25.414651
======================================================================

✅ PASSED (8):
   • API Credentials
   • Broker Connection
   • Database
   • Trading Briefing
   • Live Feed
   • Market Hours
   • Available Capital
   • Daily Loss Limit

======================================================================

2026-06-05 13:09:28 [INFO] AlcoSoft: [2/6] Checking for previous state...
2026-06-05 13:09:28 [INFO] core.state_manager: [BRIEFING] Loading from data/session_briefing.json...
2026-06-05 13:09:28 [INFO] core.state_manager: [BRIEFING] Loaded Valid: 8 approved + 22 watchlist (MORNING_SCREENER)
2026-06-05 13:09:28 [WARNING] core.state_manager: CRASH RECOVERY: 5 open position(s): ['POWERGRID', 'RELIANCE', 'NESTLEIND', 'MARUTI', 'NTPC']
2026-06-05 13:09:28 [WARNING] AlcoSoft: ⚠️  CRASH RECOVERY: 5 open position(s) from last session. Monitoring resumed.
2026-06-05 13:09:28 [INFO] AlcoSoft: [3/6] Connecting to Kotak Neo...
2026-06-05 13:09:28 [INFO] AlcoSoft: ✅ Kotak session established successfully.
2026-06-05 13:09:28 [INFO] AlcoSoft: [3b/6] Reconciling broker vs local positions...
2026-06-05 13:09:28 [INFO] core.broker_reconciliation: Reconciliation skipped broker position pull in PAPER mode.
2026-06-05 13:09:28 [INFO] AlcoSoft: [3c/6] Validating capital allocation configuration...
2026-06-05 13:09:28 [INFO] core.order_executor: ✅ Allocation configuration valid
2026-06-05 13:09:28 [INFO] AlcoSoft: ✅ Capital allocation configuration valid
2026-06-05 13:09:28 [INFO] AlcoSoft: [4/6] Checking today's morning screener briefing...
2026-06-05 13:09:28 [INFO] core.state_manager: [BRIEFING] Loading from data/session_briefing.json...
2026-06-05 13:09:28 [INFO] core.state_manager: [BRIEFING] Loaded Valid: 8 approved + 22 watchlist (MORNING_SCREENER)
2026-06-05 13:09:28 [INFO] core.state_manager: [BRIEFING] Validation PASSED: 8 approved + 22 watchlist (MORNING_SCREENER)
2026-06-05 13:09:28 [INFO] AlcoSoft: [4/6] Skipping screener: today's MORNING_SCREENER briefing exists (8 approved + 22 watchlist).
2026-06-05 13:09:28 [INFO] AlcoSoft: [5/6] Loading and validating briefing for trading...
2026-06-05 13:09:28 [INFO] core.state_manager: [BRIEFING] Loading from data/session_briefing.json...
2026-06-05 13:09:28 [INFO] core.state_manager: [BRIEFING] Loaded Valid: 8 approved + 22 watchlist (MORNING_SCREENER)
2026-06-05 13:09:28 [INFO] core.state_manager: [BRIEFING] Validation PASSED: 8 approved + 22 watchlist (MORNING_SCREENER)
2026-06-05 13:09:28 [INFO] core.state_manager: [BRIEFING] Safety gate PASSED: Ready for trading
2026-06-05 13:09:28 [INFO] core.state_manager: [BRIEFING] Validation PASSED: 8 approved + 22 watchlist (MORNING_SCREENER)
2026-06-05 13:09:28 [INFO] AlcoSoft: [BRIEFING] Validated ✅
2026-06-05 13:09:28 [INFO] AlcoSoft: [BRIEFING] Subscribing live feed: 30 symbols (8 cognition + 22 watchlist)
2026-06-05 13:09:28 [INFO] core.data_fetcher: Starting live feed for 30 symbols: ['RELIANCE', 'MARUTI', 'WIPRO', 'HEROMOTOCO', 'TCS', 'HDFCBANK', 'ICICIBANK', 'ITC', 'SBIN', 'BHARTIARTL', 'LT', 'HCLTECH', 'ASIANPAINT', 'SUNPHARMA', 'TITAN', 'ULTRACEMCO', 'NESTLEIND', 'TECHM', 'POWERGRID', 'ONGC', 'ADANIPORTS', 'DIVISLAB', 'DRREDDY', 'EICHERMOT', 'JSWSTEEL', 'M&M', 'TATACONSUM', 'TATASTEEL', 'CIPLA', 'HDFCLIFE']
2026-06-05 13:09:28 [INFO] core.data_fetcher: Resolving instrument token for WIPRO...
2026-06-05 13:09:31 [INFO] core.data_fetcher:   ✅ WIPRO → token=3787 | WIPRO-EQ
2026-06-05 13:09:31 [INFO] core.data_fetcher: Resolving instrument token for TCS...
2026-06-05 13:09:34 [INFO] core.data_fetcher:   ✅ TCS → token=11536 | TCS-EQ
2026-06-05 13:09:34 [INFO] core.data_fetcher: Resolving instrument token for HDFCBANK...
2026-06-05 13:09:37 [INFO] core.data_fetcher:   ✅ HDFCBANK → token=1333 | HDFCBANK-EQ
2026-06-05 13:09:37 [INFO] core.data_fetcher: Resolving instrument token for ICICIBANK...
2026-06-05 13:09:40 [INFO] core.data_fetcher:   ✅ ICICIBANK → token=4963 | ICICIBANK-EQ
2026-06-05 13:09:40 [INFO] core.data_fetcher: Resolving instrument token for ITC...
2026-06-05 13:09:43 [INFO] core.data_fetcher:   ✅ ITC → token=1660 | ITC-EQ
2026-06-05 13:09:43 [INFO] core.data_fetcher: Resolving instrument token for SBIN...
2026-06-05 13:09:46 [INFO] core.data_fetcher:   ✅ SBIN → token=3045 | SBIN-EQ
2026-06-05 13:09:46 [INFO] core.data_fetcher: Resolving instrument token for BHARTIARTL...
2026-06-05 13:09:49 [INFO] core.data_fetcher:   ✅ BHARTIARTL → token=10604 | BHARTIARTL-EQ
2026-06-05 13:09:49 [INFO] core.data_fetcher: Resolving instrument token for LT...
2026-06-05 13:09:52 [INFO] core.data_fetcher:   ✅ LT → token=11483 | LT-EQ
2026-06-05 13:09:52 [INFO] core.data_fetcher: Resolving instrument token for HCLTECH...
2026-06-05 13:09:55 [INFO] core.data_fetcher:   ✅ HCLTECH → token=7229 | HCLTECH-EQ
2026-06-05 13:09:55 [INFO] core.data_fetcher: Resolving instrument token for ASIANPAINT...
2026-06-05 13:09:58 [INFO] core.data_fetcher:   ✅ ASIANPAINT → token=236 | ASIANPAINT-EQ
2026-06-05 13:09:58 [INFO] core.data_fetcher: Resolving instrument token for SUNPHARMA...
2026-06-05 13:10:01 [INFO] core.data_fetcher:   ✅ SUNPHARMA → token=3351 | SUNPHARMA-EQ
2026-06-05 13:10:01 [INFO] core.data_fetcher: Resolving instrument token for TITAN...
2026-06-05 13:10:04 [INFO] core.data_fetcher:   ✅ TITAN → token=3506 | TITAN-EQ
2026-06-05 13:10:04 [INFO] core.data_fetcher: Resolving instrument token for TECHM...
2026-06-05 13:10:07 [INFO] core.data_fetcher:   ✅ TECHM → token=13538 | TECHM-EQ
2026-06-05 13:10:07 [INFO] core.data_fetcher: Resolving instrument token for ONGC...
2026-06-05 13:10:09 [INFO] core.data_fetcher:   ✅ ONGC → token=2475 | ONGC-EQ
2026-06-05 13:10:09 [INFO] core.data_fetcher: Resolving instrument token for ADANIPORTS...
2026-06-05 13:10:12 [INFO] core.data_fetcher:   ✅ ADANIPORTS → token=15083 | ADANIPORTS-EQ
2026-06-05 13:10:12 [INFO] core.data_fetcher: Resolving instrument token for DIVISLAB...
2026-06-05 13:10:16 [INFO] core.data_fetcher:   ✅ DIVISLAB → token=10940 | DIVISLAB-EQ
2026-06-05 13:10:16 [INFO] core.data_fetcher: Resolving instrument token for DRREDDY...
2026-06-05 13:10:19 [INFO] core.data_fetcher:   ✅ DRREDDY → token=881 | DRREDDY-EQ
2026-06-05 13:10:19 [INFO] core.data_fetcher: Resolving instrument token for JSWSTEEL...
2026-06-05 13:10:23 [INFO] core.data_fetcher:   ✅ JSWSTEEL → token=11723 | JSWSTEEL-EQ
2026-06-05 13:10:23 [INFO] core.data_fetcher: Resolving instrument token for M&M...
2026-06-05 13:10:26 [INFO] core.data_fetcher:   ✅ M&M → token=2031 | M&M-EQ
2026-06-05 13:10:26 [INFO] core.data_fetcher: Resolving instrument token for TATACONSUM...
2026-06-05 13:10:30 [INFO] core.data_fetcher:   ✅ TATACONSUM → token=3432 | TATACONSUM-EQ
2026-06-05 13:10:30 [INFO] core.data_fetcher: Resolving instrument token for TATASTEEL...
2026-06-05 13:10:33 [INFO] core.data_fetcher:   ✅ TATASTEEL → token=3499 | TATASTEEL-EQ
2026-06-05 13:10:33 [INFO] core.data_fetcher: Resolving instrument token for CIPLA...
2026-06-05 13:10:36 [INFO] core.data_fetcher:   ✅ CIPLA → token=694 | CIPLA-EQ
2026-06-05 13:10:36 [INFO] core.data_fetcher: Resolving instrument token for HDFCLIFE...
2026-06-05 13:10:39 [INFO] core.data_fetcher:   ✅ HDFCLIFE → token=467 | HDFCLIFE-EQ
2026-06-05 13:10:39 [INFO] core.data_fetcher: Instrument token cache updated.
2026-06-05 13:10:39 [INFO] core.data_fetcher: Subscribing to 30 instruments...
2026-06-05 13:10:39 [INFO] core.data_fetcher: ✅ Subscribed to live feed: ['2885', '10999', '3787', '1348', '11536', '1333', '4963', '1660', '3045', '10604', '11483', '7229', '236', '3351', '3506', '11532', '17963', '13538', '14977', '2475', '15083', '10940', '881', '910', '11723', '2031', '3432', '3499', '694', '467']
2026-06-05 13:10:39 [INFO] core.state_manager: [BRIEFING] Saving to data/session_briefing.json...
2026-06-05 13:10:39 [INFO] core.state_manager: [BRIEFING] Saved and verified: data/session_briefing.json
2026-06-05 13:10:39 [INFO] core.state_manager: [BRIEFING]   - Approved: 8
2026-06-05 13:10:39 [INFO] core.state_manager: [BRIEFING]   - Watchlist: 22
2026-06-05 13:10:39 [INFO] AlcoSoft: [BRIEFING] Saved
2026-06-05 13:10:39 [INFO] AlcoSoft: Live feed active for 30 symbols.
2026-06-05 13:10:39 [INFO] AlcoSoft:   Cognition picks : ['RELIANCE', 'MARUTI', 'WIPRO', 'HEROMOTOCO', 'TCS', 'HDFCBANK', 'ICICIBANK', 'ITC']
2026-06-05 13:10:39 [INFO] AlcoSoft:   Math watchlist : ['SBIN', 'BHARTIARTL', 'LT', 'HCLTECH', 'ASIANPAINT', 'SUNPHARMA', 'TITAN', 'ULTRACEMCO', 'NESTLEIND', 'TECHM', 'POWERGRID', 'ONGC', 'ADANIPORTS', 'DIVISLAB', 'DRREDDY', 'EICHERMOT', 'JSWSTEEL', 'M&M', 'TATACONSUM', 'TATASTEEL', 'CIPLA', 'HDFCLIFE']
2026-06-05 13:10:39 [INFO] AlcoSoft: [6/6] Verifying live feed...
2026-06-05 13:10:39 [INFO] core.data_fetcher: ✅ WebSocket connection opened.
2026-06-05 13:10:40 [INFO] core.data_fetcher: 📡 Live feed | ticks received: 30/30 symbols | active=['RELIANCE', 'MARUTI', 'WIPRO', 'HEROMOTOCO', 'TCS', 'HDFCBANK', 'ICICIBANK', 'ITC']...
2026-06-05 13:10:42 [INFO] AlcoSoft: ✅ Live feed: Ticks flowing (44 total); building candles (3+ needed for health OK)
2026-06-05 13:10:42 [INFO] AlcoSoft: ✅ System startup complete. Trading ready.
2026-06-05 13:10:42 [INFO] apscheduler.scheduler: Adding job tentatively -- it will be properly scheduled when the scheduler starts
2026-06-05 13:10:42 [INFO] apscheduler.scheduler: Adding job tentatively -- it will be properly scheduled when the scheduler starts
2026-06-05 13:10:42 [INFO] apscheduler.scheduler: Adding job tentatively -- it will be properly scheduled when the scheduler starts
2026-06-05 13:10:42 [INFO] apscheduler.scheduler: Adding job tentatively -- it will be properly scheduled when the scheduler starts
2026-06-05 13:10:42 [INFO] apscheduler.scheduler: Adding job tentatively -- it will be properly scheduled when the scheduler starts
2026-06-05 13:10:42 [INFO] apscheduler.scheduler: Added job "Morning Stock Screener" to job store "default"
2026-06-05 13:10:42 [INFO] apscheduler.scheduler: Added job "Market Observation Loop" to job store "default"
2026-06-05 13:10:42 [INFO] apscheduler.scheduler: Added job "Emergency Squareoff" to job store "default"
2026-06-05 13:10:42 [INFO] apscheduler.scheduler: Added job "Owl Alpha Reflection" to job store "default"
2026-06-05 13:10:42 [INFO] apscheduler.scheduler: Added job "End-of-Day Report" to job store "default"
2026-06-05 13:10:42 [INFO] apscheduler.scheduler: Scheduler started
2026-06-05 13:10:42 [INFO] AlcoSoft: Scheduler started:
   08:45 AM - Morning screener
   Every 15 min - Observation loop
   15:15 PM - Emergency squareoff (before close)
   15:30 PM - Market close report
   15:35 PM - Reflection cycle
2026-06-05 13:10:42 [INFO] AlcoSoft: Starting strategy loop. Press Ctrl+C to shutdown safely.
2026-06-05 13:10:42 [INFO] core.strategy: ⚡ Strategy loop started | Mode: INTRADAY | Lookback: 3 candles | Buy sets: 7 | Sell sets: 6 | Buy gate: 3+ completed live WS candles | Config: strategy_sets.json
2026-06-05 13:10:42 [INFO] core.state_manager: [BRIEFING] Loading from data/session_briefing.json...
2026-06-05 13:10:42 [INFO] core.state_manager: [BRIEFING] Loaded Valid: 8 approved + 22 watchlist (MORNING_SCREENER)
2026-06-05 13:10:42 [INFO] core.strategy: ─── Scan summary (30 subscribed) ───
  [Cognition] RELIANCE: ticks=2 | live_candles=1
  [Cognition] MARUTI: ticks=2 | live_candles=1
  [Cognition] WIPRO: ticks=3 | live_candles=1
  [Cognition] HEROMOTOCO: ticks=2 | live_candles=1
  [Cognition] TCS: ticks=2 | live_candles=1
  [Cognition] HDFCBANK: ticks=1 | live_candles=1
  [Cognition] ICICIBANK: ticks=3 | live_candles=1
  [Cognition] ITC: ticks=2 | live_candles=1
  [Math] SBIN: ticks=1 | live_candles=1
  [Math] BHARTIARTL: ticks=4 | live_candles=1
  [Math] LT: ticks=2 | live_candles=1
  [Math] HCLTECH: ticks=1 | live_candles=1
  [Math] ASIANPAINT: ticks=2 | live_candles=1
  [Math] SUNPHARMA: ticks=1 | live_candles=1
  [Math] TITAN: ticks=2 | live_candles=1
  [Math] ULTRACEMCO: ticks=1 | live_candles=1
  [Math] NESTLEIND: ticks=1 | live_candles=1
  [Math] TECHM: ticks=1 | live_candles=1
  [Math] POWERGRID: ticks=1 | live_candles=1
  [Math] ONGC: ticks=3 | live_candles=1
  [Math] ADANIPORTS: ticks=1 | live_candles=1
  [Math] DIVISLAB: ticks=1 | live_candles=1
  [Math] DRREDDY: ticks=1 | live_candles=1
  [Math] EICHERMOT: ticks=1 | live_candles=1
  [Math] JSWSTEEL: ticks=1 | live_candles=1
  [Math] M&M: ticks=3 | live_candles=1
  [Math] TATACONSUM: ticks=1 | live_candles=1
  [Math] TATASTEEL: ticks=1 | live_candles=1
  [Math] CIPLA: ticks=2 | live_candles=1
  [Math] HDFCLIFE: ticks=2 | live_candles=1
2026-06-05 13:11:43 [INFO] core.state_manager: [BRIEFING] Loading from data/session_briefing.json...
2026-06-05 13:11:43 [INFO] core.state_manager: [BRIEFING] Loaded Valid: 8 approved + 22 watchlist (MORNING_SCREENER)
2026-06-05 13:12:13 [INFO] core.strategy: ─── Scan summary (30 subscribed) ───
  [Cognition] RELIANCE: ticks=86 | live_candles=1
  [Cognition] MARUTI: ticks=32 | live_candles=1
  [Cognition] WIPRO: ticks=66 | live_candles=1
  [Cognition] HEROMOTOCO: ticks=41 | live_candles=1
  [Cognition] TCS: ticks=71 | live_candles=1
  [Cognition] HDFCBANK: ticks=78 | live_candles=1
  [Cognition] ICICIBANK: ticks=51 | live_candles=1
  [Cognition] ITC: ticks=61 | live_candles=1
  [Math] SBIN: ticks=68 | live_candles=1
  [Math] BHARTIARTL: ticks=79 | live_candles=1
  [Math] LT: ticks=57 | live_candles=1
  [Math] HCLTECH: ticks=30 | live_candles=1
  [Math] ASIANPAINT: ticks=27 | live_candles=1
  [Math] SUNPHARMA: ticks=25 | live_candles=1
  [Math] TITAN: ticks=45 | live_candles=1
  [Math] ULTRACEMCO: ticks=25 | live_candles=1
  [Math] NESTLEIND: ticks=25 | live_candles=1
  [Math] TECHM: ticks=37 | live_candles=1
  [Math] POWERGRID: ticks=11 | live_candles=1
  [Math] ONGC: ticks=36 | live_candles=1
  [Math] ADANIPORTS: ticks=41 | live_candles=1
  [Math] DIVISLAB: ticks=22 | live_candles=1
  [Math] DRREDDY: ticks=27 | live_candles=1
  [Math] EICHERMOT: ticks=22 | live_candles=1
  [Math] JSWSTEEL: ticks=47 | live_candles=1
  [Math] M&M: ticks=56 | live_candles=1
  [Math] TATACONSUM: ticks=23 | live_candles=1
  [Math] TATASTEEL: ticks=76 | live_candles=1
  [Math] CIPLA: ticks=21 | live_candles=1
  [Math] HDFCLIFE: ticks=26 | live_candles=1
2026-06-05 13:12:41 [INFO] core.data_fetcher: 📡 Live feed | ticks received: 30/30 symbols | active=['RELIANCE', 'MARUTI', 'WIPRO', 'HEROMOTOCO', 'TCS', 'HDFCBANK', 'ICICIBANK', 'ITC']...
2026-06-05 13:12:44 [INFO] core.state_manager: [BRIEFING] Loading from data/session_briefing.json...
2026-06-05 13:12:44 [INFO] core.state_manager: [BRIEFING] Loaded Valid: 8 approved + 22 watchlist (MORNING_SCREENER)
2026-06-05 13:13:45 [INFO] core.state_manager: [BRIEFING] Loading from data/session_briefing.json...
2026-06-05 13:13:45 [INFO] core.state_manager: [BRIEFING] Loaded Valid: 8 approved + 22 watchlist (MORNING_SCREENER)
2026-06-05 13:13:45 [INFO] core.strategy: ─── Scan summary (30 subscribed) ───
  [Cognition] RELIANCE: ticks=158 | live_candles=1
  [Cognition] MARUTI: ticks=57 | live_candles=1
  [Cognition] WIPRO: ticks=108 | live_candles=1
  [Cognition] HEROMOTOCO: ticks=64 | live_candles=1
  [Cognition] TCS: ticks=154 | live_candles=1
  [Cognition] HDFCBANK: ticks=146 | live_candles=1
  [Cognition] ICICIBANK: ticks=101 | live_candles=1
  [Cognition] ITC: ticks=123 | live_candles=1
  [Math] SBIN: ticks=136 | live_candles=1
  [Math] BHARTIARTL: ticks=151 | live_candles=1
  [Math] LT: ticks=98 | live_candles=1
  [Math] HCLTECH: ticks=65 | live_candles=1
  [Math] ASIANPAINT: ticks=57 | live_candles=1
  [Math] SUNPHARMA: ticks=51 | live_candles=1
  [Math] TITAN: ticks=82 | live_candles=1
  [Math] ULTRACEMCO: ticks=51 | live_candles=1
  [Math] NESTLEIND: ticks=53 | live_candles=1
  [Math] TECHM: ticks=72 | live_candles=1
  [Math] POWERGRID: ticks=28 | live_candles=1
  [Math] ONGC: ticks=81 | live_candles=1
  [Math] ADANIPORTS: ticks=76 | live_candles=1
  [Math] DIVISLAB: ticks=33 | live_candles=1
  [Math] DRREDDY: ticks=50 | live_candles=1
  [Math] EICHERMOT: ticks=35 | live_candles=1
  [Math] JSWSTEEL: ticks=79 | live_candles=1
  [Math] M&M: ticks=100 | live_candles=1
  [Math] TATACONSUM: ticks=40 | live_candles=1
  [Math] TATASTEEL: ticks=148 | live_candles=1
  [Math] CIPLA: ticks=48 | live_candles=1
  [Math] HDFCLIFE: ticks=55 | live_candles=1
2026-06-05 13:14:41 [INFO] core.data_fetcher: 📡 Live feed | ticks received: 30/30 symbols | active=['RELIANCE', 'MARUTI', 'WIPRO', 'HEROMOTOCO', 'TCS', 'HDFCBANK', 'ICICIBANK', 'ITC']...
2026-06-05 13:14:46 [INFO] core.state_manager: [BRIEFING] Loading from data/session_briefing.json...
2026-06-05 13:14:46 [INFO] core.state_manager: [BRIEFING] Loaded Valid: 8 approved + 22 watchlist (MORNING_SCREENER)
2026-06-05 13:15:00 [INFO] core.data_fetcher: 🕯️ Candle closed: TATACONSUM | 2026-06-05 13:10 | O:1134.10 H:1134.30 L:1133.20 C:1133.60 V:26774754.0
2026-06-05 13:15:00 [INFO] core.data_fetcher: 🕯️ Candle closed: RELIANCE | 2026-06-05 13:10 | O:1293.70 H:1293.70 L:1290.00 C:1290.80 V:1845949534.0
2026-06-05 13:15:00 [INFO] core.data_fetcher: 🕯️ Candle closed: HDFCBANK | 2026-06-05 13:10 | O:749.45 H:749.70 L:749.00 C:749.20 V:1782920519.0
2026-06-05 13:15:00 [INFO] core.data_fetcher: 🕯️ Candle closed: ASIANPAINT | 2026-06-05 13:10 | O:2692.60 H:2694.10 L:2690.50 C:2693.60 V:55487772.0
2026-06-05 13:15:00 [INFO] core.data_fetcher: 🕯️ Candle closed: TCS | 2026-06-05 13:10 | O:2203.60 H:2205.00 L:2202.00 C:2202.50 V:535709811.0
2026-06-05 13:15:00 [INFO] core.data_fetcher: 🕯️ Candle closed: SBIN | 2026-06-05 13:10 | O:979.05 H:980.00 L:978.60 C:978.85 V:2165910174.0
2026-06-05 13:15:00 [INFO] core.data_fetcher: 🕯️ Candle closed: ONGC | 2026-06-05 13:10 | O:264.10 H:264.15 L:263.70 C:263.90 V:407914875.0
2026-06-05 13:15:00 [INFO] core.data_fetcher: 🕯️ Candle closed: WIPRO | 2026-06-05 13:10 | O:195.59 H:195.75 L:195.30 C:195.37 V:3707435880.0
2026-06-05 13:15:00 [INFO] core.data_fetcher: 🕯️ Candle closed: ITC | 2026-06-05 13:10 | O:279.80 H:280.00 L:279.80 C:279.95 V:1364404889.0
2026-06-05 13:15:00 [INFO] core.data_fetcher: 🕯️ Candle closed: M&M | 2026-06-05 13:10 | O:3030.60 H:3036.00 L:3028.80 C:3034.90 V:108813475.0
2026-06-05 13:15:00 [INFO] core.data_fetcher: 🕯️ Candle closed: LT | 2026-06-05 13:10 | O:3952.90 H:3957.40 L:3951.20 C:3955.30 V:95475638.0
2026-06-05 13:15:00 [INFO] core.data_fetcher: 🕯️ Candle closed: SUNPHARMA | 2026-06-05 13:10 | O:1798.80 H:1799.70 L:1797.50 C:1797.80 V:45674605.0
2026-06-05 13:15:00 [INFO] core.data_fetcher: 🕯️ Candle closed: POWERGRID | 2026-06-05 13:10 | O:284.80 H:285.05 L:284.70 C:284.80 V:146102034.0
2026-06-05 13:15:01 [INFO] core.data_fetcher: 🕯️ Candle closed: ICICIBANK | 2026-06-05 13:10 | O:1258.90 H:1260.60 L:1258.50 C:1260.00 V:722588656.0
2026-06-05 13:15:01 [INFO] core.data_fetcher: 🕯️ Candle closed: TECHM | 2026-06-05 13:10 | O:1472.60 H:1475.60 L:1472.30 C:1472.30 V:105172155.0
2026-06-05 13:15:01 [INFO] core.data_fetcher: 🕯️ Candle closed: TITAN | 2026-06-05 13:10 | O:4235.20 H:4237.00 L:4230.50 C:4233.00 V:77600947.0
2026-06-05 13:15:01 [INFO] core.data_fetcher: 🕯️ Candle closed: ADANIPORTS | 2026-06-05 13:10 | O:1813.90 H:1815.00 L:1812.50 C:1813.60 V:104744933.0
2026-06-05 13:15:01 [INFO] core.data_fetcher: 🕯️ Candle closed: DRREDDY | 2026-06-05 13:10 | O:1282.00 H:1282.70 L:1281.60 C:1281.60 V:18226511.0
2026-06-05 13:15:01 [INFO] core.data_fetcher: 🕯️ Candle closed: HCLTECH | 2026-06-05 13:10 | O:1149.50 H:1150.40 L:1149.00 C:1149.10 V:98501437.0
2026-06-05 13:15:01 [INFO] core.data_fetcher: 🕯️ Candle closed: HEROMOTOCO | 2026-06-05 13:10 | O:4837.70 H:4843.30 L:4835.10 C:4840.00 V:39591522.0
2026-06-05 13:15:02 [INFO] core.data_fetcher: 🕯️ Candle closed: CIPLA | 2026-06-05 13:10 | O:1398.00 H:1399.50 L:1397.80 C:1398.20 V:24298353.0
2026-06-05 13:15:02 [INFO] core.data_fetcher: 🕯️ Candle closed: HDFCLIFE | 2026-06-05 13:10 | O:580.85 H:582.10 L:580.60 C:581.45 V:190324173.0
2026-06-05 13:15:02 [INFO] core.data_fetcher: 🕯️ Candle closed: NESTLEIND | 2026-06-05 13:10 | O:1374.10 H:1377.30 L:1374.10 C:1376.90 V:37275757.0
2026-06-05 13:15:03 [INFO] core.data_fetcher: 🕯️ Candle closed: TATASTEEL | 2026-06-05 13:10 | O:204.14 H:204.46 L:204.00 C:204.25 V:3652753731.0
2026-06-05 13:15:03 [INFO] core.data_fetcher: 🕯️ Candle closed: BHARTIARTL | 2026-06-05 13:10 | O:1798.60 H:1798.90 L:1796.30 C:1797.00 V:276622191.0
2026-06-05 13:15:03 [INFO] core.data_fetcher: 🕯️ Candle closed: ULTRACEMCO | 2026-06-05 13:10 | O:10888.00 H:10900.00 L:10886.00 C:10888.00 V:14848229.0
2026-06-05 13:15:04 [INFO] core.data_fetcher: 🕯️ Candle closed: EICHERMOT | 2026-06-05 13:10 | O:7074.50 H:7077.00 L:7070.00 C:7070.00 V:12949340.0
2026-06-05 13:15:04 [INFO] core.data_fetcher: 🕯️ Candle closed: MARUTI | 2026-06-05 13:10 | O:13104.00 H:13115.00 L:13100.00 C:13109.00 V:13849573.0
2026-06-05 13:15:05 [INFO] core.data_fetcher: 🕯️ Candle closed: DIVISLAB | 2026-06-05 13:10 | O:6585.00 H:6594.00 L:6585.00 C:6587.50 V:5174381.0
2026-06-05 13:15:09 [INFO] core.data_fetcher: 🕯️ Candle closed: JSWSTEEL | 2026-06-05 13:10 | O:1268.70 H:1271.30 L:1266.50 C:1269.70 V:64064415.0
2026-06-05 13:15:16 [INFO] core.strategy: ─── Scan summary (30 subscribed) ───
  [Cognition] RELIANCE: ticks=244 | live_candles=2
  [Cognition] MARUTI: ticks=93 | live_candles=2
  [Cognition] WIPRO: ticks=170 | live_candles=2
  [Cognition] HEROMOTOCO: ticks=110 | live_candles=2
  [Cognition] TCS: ticks=237 | live_candles=2
  [Cognition] HDFCBANK: ticks=218 | live_candles=2
  [Cognition] ICICIBANK: ticks=159 | live_candles=2
  [Cognition] ITC: ticks=177 | live_candles=2
  [Math] SBIN: ticks=214 | live_candles=2
  [Math] BHARTIARTL: ticks=207 | live_candles=2
  [Math] LT: ticks=158 | live_candles=2
  [Math] HCLTECH: ticks=101 | live_candles=2
  [Math] ASIANPAINT: ticks=88 | live_candles=2
  [Math] SUNPHARMA: ticks=77 | live_candles=2
  [Math] TITAN: ticks=147 | live_candles=2
  [Math] ULTRACEMCO: ticks=82 | live_candles=2
  [Math] NESTLEIND: ticks=81 | live_candles=2
  [Math] TECHM: ticks=112 | live_candles=2
  [Math] POWERGRID: ticks=49 | live_candles=2
  [Math] ONGC: ticks=127 | live_candles=2
  [Math] ADANIPORTS: ticks=118 | live_candles=2
  [Math] DIVISLAB: ticks=52 | live_candles=2
  [Math] DRREDDY: ticks=69 | live_candles=2
  [Math] EICHERMOT: ticks=61 | live_candles=2
  [Math] JSWSTEEL: ticks=94 | live_candles=2
  [Math] M&M: ticks=157 | live_candles=2
  [Math] TATACONSUM: ticks=65 | live_candles=2
  [Math] TATASTEEL: ticks=216 | live_candles=2
  [Math] CIPLA: ticks=66 | live_candles=2
  [Math] HDFCLIFE: ticks=77 | live_candles=2
2026-06-05 13:15:47 [INFO] core.state_manager: [BRIEFING] Loading from data/session_briefing.json...
2026-06-05 13:15:47 [INFO] core.state_manager: [BRIEFING] Loaded Valid: 8 approved + 22 watchlist (MORNING_SCREENER)
2026-06-05 13:16:42 [INFO] core.data_fetcher: 📡 Live feed | ticks received: 30/30 symbols | active=['RELIANCE', 'MARUTI', 'WIPRO', 'HEROMOTOCO', 'TCS', 'HDFCBANK', 'ICICIBANK', 'ITC']...
2026-06-05 13:16:48 [INFO] core.state_manager: [BRIEFING] Loading from data/session_briefing.json...
2026-06-05 13:16:48 [INFO] core.state_manager: [BRIEFING] Loaded Valid: 8 approved + 22 watchlist (MORNING_SCREENER)
2026-06-05 13:16:48 [INFO] core.strategy: ─── Scan summary (30 subscribed) ───
  [Cognition] RELIANCE: ticks=330 | live_candles=2
  [Cognition] MARUTI: ticks=133 | live_candles=2
  [Cognition] WIPRO: ticks=208 | live_candles=2
  [Cognition] HEROMOTOCO: ticks=156 | live_candles=2
  [Cognition] TCS: ticks=309 | live_candles=2
  [Cognition] HDFCBANK: ticks=270 | live_candles=2
  [Cognition] ICICIBANK: ticks=199 | live_candles=2
  [Cognition] ITC: ticks=236 | live_candles=2
  [Math] SBIN: ticks=278 | live_candles=2
  [Math] BHARTIARTL: ticks=274 | live_candles=2
  [Math] LT: ticks=218 | live_candles=2
  [Math] HCLTECH: ticks=128 | live_candles=2
  [Math] ASIANPAINT: ticks=131 | live_candles=2
  [Math] SUNPHARMA: ticks=108 | live_candles=2
  [Math] TITAN: ticks=183 | live_candles=2
  [Math] ULTRACEMCO: ticks=104 | live_candles=2
  [Math] NESTLEIND: ticks=109 | live_candles=2
  [Math] TECHM: ticks=162 | live_candles=2
  [Math] POWERGRID: ticks=68 | live_candles=2
  [Math] ONGC: ticks=168 | live_candles=2
  [Math] ADANIPORTS: ticks=166 | live_candles=2
  [Math] DIVISLAB: ticks=73 | live_candles=2
  [Math] DRREDDY: ticks=98 | live_candles=2
  [Math] EICHERMOT: ticks=94 | live_candles=2
  [Math] JSWSTEEL: ticks=121 | live_candles=2
  [Math] M&M: ticks=213 | live_candles=2
  [Math] TATACONSUM: ticks=83 | live_candles=2
  [Math] TATASTEEL: ticks=291 | live_candles=2
  [Math] CIPLA: ticks=98 | live_candles=2
  [Math] HDFCLIFE: ticks=103 | live_candles=2
2026-06-05 13:17:49 [INFO] core.state_manager: [BRIEFING] Loading from data/session_briefing.json...
2026-06-05 13:17:49 [INFO] core.state_manager: [BRIEFING] Loaded Valid: 8 approved + 22 watchlist (MORNING_SCREENER)
2026-06-05 13:18:19 [INFO] core.strategy: ─── Scan summary (30 subscribed) ───
  [Cognition] RELIANCE: ticks=420 | live_candles=2
  [Cognition] MARUTI: ticks=163 | live_candles=2
  [Cognition] WIPRO: ticks=267 | live_candles=2
  [Cognition] HEROMOTOCO: ticks=185 | live_candles=2
  [Cognition] TCS: ticks=398 | live_candles=2
  [Cognition] HDFCBANK: ticks=341 | live_candles=2
  [Cognition] ICICIBANK: ticks=260 | live_candles=2
  [Cognition] ITC: ticks=308 | live_candles=2
  [Math] SBIN: ticks=339 | live_candles=2
  [Math] BHARTIARTL: ticks=335 | live_candles=2
  [Math] LT: ticks=275 | live_candles=2
  [Math] HCLTECH: ticks=165 | live_candles=2
  [Math] ASIANPAINT: ticks=148 | live_candles=2
  [Math] SUNPHARMA: ticks=129 | live_candles=2
  [Math] TITAN: ticks=230 | live_candles=2
  [Math] ULTRACEMCO: ticks=123 | live_candles=2
  [Math] NESTLEIND: ticks=126 | live_candles=2
  [Math] TECHM: ticks=220 | live_candles=2
  [Math] POWERGRID: ticks=87 | live_candles=2
  [Math] ONGC: ticks=213 | live_candles=2
  [Math] ADANIPORTS: ticks=208 | live_candles=2
  [Math] DIVISLAB: ticks=87 | live_candles=2
  [Math] DRREDDY: ticks=107 | live_candles=2
  [Math] EICHERMOT: ticks=126 | live_candles=2
  [Math] JSWSTEEL: ticks=144 | live_candles=2
  [Math] M&M: ticks=262 | live_candles=2
  [Math] TATACONSUM: ticks=108 | live_candles=2
  [Math] TATASTEEL: ticks=362 | live_candles=2
  [Math] CIPLA: ticks=132 | live_candles=2
  [Math] HDFCLIFE: ticks=124 | live_candles=2
2026-06-05 13:18:42 [INFO] core.data_fetcher: 📡 Live feed | ticks received: 30/30 symbols | active=['RELIANCE', 'MARUTI', 'WIPRO', 'HEROMOTOCO', 'TCS', 'HDFCBANK', 'ICICIBANK', 'ITC']...
2026-06-05 13:18:50 [INFO] core.state_manager: [BRIEFING] Loading from data/session_briefing.json...
2026-06-05 13:18:50 [INFO] core.state_manager: [BRIEFING] Loaded Valid: 8 approved + 22 watchlist (MORNING_SCREENER)
2026-06-05 13:19:51 [INFO] core.state_manager: [BRIEFING] Loading from data/session_briefing.json...
2026-06-05 13:19:51 [INFO] core.state_manager: [BRIEFING] Loaded Valid: 8 approved + 22 watchlist (MORNING_SCREENER)
2026-06-05 13:19:51 [INFO] core.strategy: ─── Scan summary (30 subscribed) ───
  [Cognition] RELIANCE: ticks=493 | live_candles=2
  [Cognition] MARUTI: ticks=188 | live_candles=2
  [Cognition] WIPRO: ticks=306 | live_candles=2
  [Cognition] HEROMOTOCO: ticks=214 | live_candles=2
  [Cognition] TCS: ticks=469 | live_candles=2
  [Cognition] HDFCBANK: ticks=399 | live_candles=2
  [Cognition] ICICIBANK: ticks=312 | live_candles=2
  [Cognition] ITC: ticks=369 | live_candles=2
  [Math] SBIN: ticks=419 | live_candles=2
  [Math] BHARTIARTL: ticks=403 | live_candles=2
  [Math] LT: ticks=330 | live_candles=2
  [Math] HCLTECH: ticks=191 | live_candles=2
  [Math] ASIANPAINT: ticks=174 | live_candles=2
  [Math] SUNPHARMA: ticks=151 | live_candles=2
  [Math] TITAN: ticks=267 | live_candles=2
  [Math] ULTRACEMCO: ticks=142 | live_candles=2
  [Math] NESTLEIND: ticks=140 | live_candles=2
  [Math] TECHM: ticks=253 | live_candles=2
  [Math] POWERGRID: ticks=103 | live_candles=2
  [Math] ONGC: ticks=259 | live_candles=2
  [Math] ADANIPORTS: ticks=247 | live_candles=2
  [Math] DIVISLAB: ticks=113 | live_candles=2
  [Math] DRREDDY: ticks=136 | live_candles=2
  [Math] EICHERMOT: ticks=138 | live_candles=2
  [Math] JSWSTEEL: ticks=171 | live_candles=2
  [Math] M&M: ticks=300 | live_candles=2
  [Math] TATACONSUM: ticks=140 | live_candles=2
  [Math] TATASTEEL: ticks=437 | live_candles=2
  [Math] CIPLA: ticks=145 | live_candles=2
  [Math] HDFCLIFE: ticks=148 | live_candles=2
2026-06-05 13:20:00 [INFO] core.data_fetcher: 🕯️ Candle closed: TATASTEEL | 2026-06-05 13:15 | O:204.21 H:204.75 L:204.15 C:204.73 V:4196892399.0
2026-06-05 13:20:00 [INFO] core.data_fetcher: 🕯️ Candle closed: BHARTIARTL | 2026-06-05 13:15 | O:1796.90 H:1799.70 L:1796.50 C:1796.90 V:306280825.0
2026-06-05 13:20:00 [INFO] core.data_fetcher: 🕯️ Candle closed: HDFCBANK | 2026-06-05 13:15 | O:749.25 H:749.80 L:749.05 C:749.55 V:1708375460.0
2026-06-05 13:20:00 [INFO] core.data_fetcher: 🕯️ Candle closed: ONGC | 2026-06-05 13:15 | O:263.75 H:264.90 L:263.70 C:264.90 V:428408794.0
2026-06-05 13:20:00 [INFO] core.data_fetcher: 🕯️ Candle closed: ITC | 2026-06-05 13:15 | O:280.00 H:280.55 L:279.85 C:279.90 V:1914319719.0
2026-06-05 13:20:00 [INFO] core.data_fetcher: 🕯️ Candle closed: JSWSTEEL | 2026-06-05 13:15 | O:1269.60 H:1271.50 L:1268.10 C:1270.80 V:59233455.0
2026-06-05 13:20:01 [INFO] core.data_fetcher: 🕯️ Candle closed: RELIANCE | 2026-06-05 13:15 | O:1290.90 H:1292.80 L:1290.40 C:1292.60 V:2201782025.0
2026-06-05 13:20:01 [INFO] core.data_fetcher: 🕯️ Candle closed: ASIANPAINT | 2026-06-05 13:15 | O:2693.10 H:2697.00 L:2693.10 C:2696.10 V:69570952.0
2026-06-05 13:20:01 [INFO] core.data_fetcher: 🕯️ Candle closed: SUNPHARMA | 2026-06-05 13:15 | O:1797.10 H:1798.50 L:1793.40 C:1794.70 V:62793876.0
2026-06-05 13:20:01 [INFO] core.data_fetcher: 🕯️ Candle closed: TCS | 2026-06-05 13:15 | O:2202.00 H:2204.30 L:2201.70 C:2202.50 V:598025620.0
2026-06-05 13:20:01 [INFO] core.data_fetcher: 🕯️ Candle closed: MARUTI | 2026-06-05 13:15 | O:13110.00 H:13134.00 L:13103.00 C:13112.00 V:14390878.0
2026-06-05 13:20:01 [INFO] core.data_fetcher: 🕯️ Candle closed: WIPRO | 2026-06-05 13:15 | O:195.36 H:195.67 L:195.25 C:195.55 V:3979580461.0
2026-06-05 13:20:01 [INFO] core.data_fetcher: 🕯️ Candle closed: SBIN | 2026-06-05 13:15 | O:979.00 H:980.00 L:978.40 C:978.40 V:2393136945.0
2026-06-05 13:20:01 [INFO] core.data_fetcher: 🕯️ Candle closed: M&M | 2026-06-05 13:15 | O:3035.00 H:3042.00 L:3033.10 C:3037.80 V:108771635.0
2026-06-05 13:20:01 [INFO] core.data_fetcher: 🕯️ Candle closed: LT | 2026-06-05 13:15 | O:3954.80 H:3960.20 L:3953.00 C:3959.00 V:105338903.0
2026-06-05 13:20:02 [INFO] core.data_fetcher: 🕯️ Candle closed: TECHM | 2026-06-05 13:15 | O:1472.50 H:1474.20 L:1471.00 C:1471.10 V:142432443.0
2026-06-05 13:20:02 [INFO] core.data_fetcher: 🕯️ Candle closed: ULTRACEMCO | 2026-06-05 13:15 | O:10891.00 H:10900.00 L:10888.00 C:10900.00 V:15234564.0
2026-06-05 13:20:03 [INFO] core.data_fetcher: 🕯️ Candle closed: TITAN | 2026-06-05 13:15 | O:4232.50 H:4237.60 L:4230.00 C:4237.00 V:75029721.0
2026-06-05 13:20:03 [INFO] core.data_fetcher: 🕯️ Candle closed: CIPLA | 2026-06-05 13:15 | O:1398.40 H:1399.50 L:1397.90 C:1398.60 V:33370540.0
2026-06-05 13:20:04 [INFO] core.data_fetcher: 🕯️ Candle closed: ICICIBANK | 2026-06-05 13:15 | O:1260.10 H:1261.50 L:1259.10 C:1261.30 V:825006738.0
2026-06-05 13:20:04 [INFO] core.data_fetcher: 🕯️ Candle closed: DIVISLAB | 2026-06-05 13:15 | O:6588.50 H:6594.00 L:6583.50 C:6587.50 V:6622888.0
2026-06-05 13:20:04 [INFO] core.data_fetcher: 🕯️ Candle closed: TATACONSUM | 2026-06-05 13:15 | O:1133.50 H:1135.00 L:1133.10 C:1134.70 V:34257661.0
2026-06-05 13:20:04 [INFO] core.data_fetcher: 🕯️ Candle closed: HEROMOTOCO | 2026-06-05 13:15 | O:4839.70 H:4856.50 L:4837.80 C:4855.00 V:44252446.0
2026-06-05 13:20:05 [INFO] core.data_fetcher: 🕯️ Candle closed: HCLTECH | 2026-06-05 13:15 | O:1149.50 H:1150.40 L:1148.70 C:1149.70 V:91985631.0
2026-06-05 13:20:06 [INFO] core.data_fetcher: 🕯️ Candle closed: EICHERMOT | 2026-06-05 13:15 | O:7068.00 H:7092.50 L:7066.00 C:7082.00 V:22146914.0
2026-06-05 13:20:06 [INFO] core.data_fetcher: 🕯️ Candle closed: ADANIPORTS | 2026-06-05 13:15 | O:1813.30 H:1816.70 L:1812.00 C:1816.20 V:121472686.0
2026-06-05 13:20:06 [INFO] core.data_fetcher: 🕯️ Candle closed: NESTLEIND | 2026-06-05 13:15 | O:1376.60 H:1377.40 L:1375.90 C:1377.00 V:34527802.0
2026-06-05 13:20:07 [INFO] core.data_fetcher: 🕯️ Candle closed: HDFCLIFE | 2026-06-05 13:15 | O:581.40 H:582.40 L:581.30 C:581.95 V:173117983.0
2026-06-05 13:20:15 [INFO] core.data_fetcher: 🕯️ Candle closed: DRREDDY | 2026-06-05 13:15 | O:1281.80 H:1283.20 L:1281.60 C:1282.70 V:19732286.0
2026-06-05 13:20:22 [INFO] core.data_fetcher: 🕯️ Candle closed: POWERGRID | 2026-06-05 13:15 | O:284.70 H:285.50 L:284.55 C:285.25 V:203572552.0
2026-06-05 13:20:42 [INFO] core.data_fetcher: 📡 Live feed | ticks received: 30/30 symbols | active=['RELIANCE', 'MARUTI', 'WIPRO', 'HEROMOTOCO', 'TCS', 'HDFCBANK', 'ICICIBANK', 'ITC']...
2026-06-05 13:20:52 [INFO] core.state_manager: [BRIEFING] Loading from data/session_briefing.json...
2026-06-05 13:20:52 [INFO] core.state_manager: [BRIEFING] Loaded Valid: 8 approved + 22 watchlist (MORNING_SCREENER)
2026-06-05 13:21:22 [INFO] core.strategy: ─── Scan summary (30 subscribed) ───
  [Cognition] RELIANCE: ticks=564 | live_candles=3
  [Cognition] MARUTI: ticks=213 | live_candles=3
  [Cognition] WIPRO: ticks=351 | live_candles=3
  [Cognition] HEROMOTOCO: ticks=249 | live_candles=3
  [Cognition] TCS: ticks=547 | live_candles=3
  [Cognition] HDFCBANK: ticks=450 | live_candles=3
  [Cognition] ICICIBANK: ticks=361 | live_candles=3
  [Cognition] ITC: ticks=432 | live_candles=3
  [Math] SBIN: ticks=498 | live_candles=3
  [Math] BHARTIARTL: ticks=481 | live_candles=3
  [Math] LT: ticks=391 | live_candles=3
  [Math] HCLTECH: ticks=224 | live_candles=3
  [Math] ASIANPAINT: ticks=202 | live_candles=3
  [Math] SUNPHARMA: ticks=173 | live_candles=3
  [Math] TITAN: ticks=290 | live_candles=3
  [Math] ULTRACEMCO: ticks=163 | live_candles=3
  [Math] NESTLEIND: ticks=155 | live_candles=3
  [Math] TECHM: ticks=282 | live_candles=3
  [Math] POWERGRID: ticks=124 | live_candles=3
  [Math] ONGC: ticks=303 | live_candles=3
  [Math] ADANIPORTS: ticks=285 | live_candles=3
  [Math] DIVISLAB: ticks=130 | live_candles=3
  [Math] DRREDDY: ticks=154 | live_candles=3
  [Math] EICHERMOT: ticks=152 | live_candles=3
  [Math] JSWSTEEL: ticks=194 | live_candles=3
  [Math] M&M: ticks=343 | live_candles=3
  [Math] TATACONSUM: ticks=162 | live_candles=3
  [Math] TATASTEEL: ticks=506 | live_candles=3
  [Math] CIPLA: ticks=161 | live_candles=3
  [Math] HDFCLIFE: ticks=171 | live_candles=3
2026-06-05 13:21:53 [INFO] core.state_manager: [BRIEFING] Loading from data/session_briefing.json...
2026-06-05 13:21:53 [INFO] core.state_manager: [BRIEFING] Loaded Valid: 8 approved + 22 watchlist (MORNING_SCREENER)
2026-06-05 13:22:42 [INFO] core.data_fetcher: 📡 Live feed | ticks received: 30/30 symbols | active=['RELIANCE', 'MARUTI', 'WIPRO', 'HEROMOTOCO', 'TCS', 'HDFCBANK', 'ICICIBANK', 'ITC']...
2026-06-05 13:22:54 [INFO] core.state_manager: [BRIEFING] Loading from data/session_briefing.json...
2026-06-05 13:22:54 [INFO] core.state_manager: [BRIEFING] Loaded Valid: 8 approved + 22 watchlist (MORNING_SCREENER)
2026-06-05 13:22:54 [INFO] core.strategy: ─── Scan summary (30 subscribed) ───
  [Cognition] RELIANCE: ticks=617 | live_candles=3
  [Cognition] MARUTI: ticks=238 | live_candles=3
  [Cognition] WIPRO: ticks=388 | live_candles=3
  [Cognition] HEROMOTOCO: ticks=289 | live_candles=3
  [Cognition] TCS: ticks=633 | live_candles=3
  [Cognition] HDFCBANK: ticks=501 | live_candles=3
  [Cognition] ICICIBANK: ticks=427 | live_candles=3
  [Cognition] ITC: ticks=485 | live_candles=3
  [Math] SBIN: ticks=564 | live_candles=3
  [Math] BHARTIARTL: ticks=548 | live_candles=3
  [Math] LT: ticks=443 | live_candles=3
  [Math] HCLTECH: ticks=251 | live_candles=3
  [Math] ASIANPAINT: ticks=223 | live_candles=3
  [Math] SUNPHARMA: ticks=195 | live_candles=3
  [Math] TITAN: ticks=333 | live_candles=3
  [Math] ULTRACEMCO: ticks=179 | live_candles=3
  [Math] NESTLEIND: ticks=170 | live_candles=3
  [Math] TECHM: ticks=318 | live_candles=3
  [Math] POWERGRID: ticks=140 | live_candles=3
  [Math] ONGC: ticks=340 | live_candles=3
  [Math] ADANIPORTS: ticks=323 | live_candles=3
  [Math] DIVISLAB: ticks=148 | live_candles=3
  [Math] DRREDDY: ticks=174 | live_candles=3
  [Math] EICHERMOT: ticks=172 | live_candles=3
  [Math] JSWSTEEL: ticks=220 | live_candles=3
  [Math] M&M: ticks=390 | live_candles=3
  [Math] TATACONSUM: ticks=185 | live_candles=3
  [Math] TATASTEEL: ticks=567 | live_candles=3
  [Math] CIPLA: ticks=178 | live_candles=3
  [Math] HDFCLIFE: ticks=187 | live_candles=3
2026-06-05 13:23:55 [INFO] core.state_manager: [BRIEFING] Loading from data/session_briefing.json...
2026-06-05 13:23:55 [INFO] core.state_manager: [BRIEFING] Loaded Valid: 8 approved + 22 watchlist (MORNING_SCREENER)
2026-06-05 13:24:25 [INFO] core.strategy: ─── Scan summary (30 subscribed) ───
  [Cognition] RELIANCE: ticks=689 | live_candles=3
  [Cognition] MARUTI: ticks=278 | live_candles=3
  [Cognition] WIPRO: ticks=421 | live_candles=3
  [Cognition] HEROMOTOCO: ticks=331 | live_candles=3
  [Cognition] TCS: ticks=700 | live_candles=3
  [Cognition] HDFCBANK: ticks=572 | live_candles=3
  [Cognition] ICICIBANK: ticks=499 | live_candles=3
  [Cognition] ITC: ticks=538 | live_candles=3
  [Math] SBIN: ticks=637 | live_candles=3
  [Math] BHARTIARTL: ticks=604 | live_candles=3
  [Math] LT: ticks=490 | live_candles=3
  [Math] HCLTECH: ticks=285 | live_candles=3
  [Math] ASIANPAINT: ticks=256 | live_candles=3
  [Math] SUNPHARMA: ticks=220 | live_candles=3
  [Math] TITAN: ticks=366 | live_candles=3
  [Math] ULTRACEMCO: ticks=203 | live_candles=3
  [Math] NESTLEIND: ticks=190 | live_candles=3
  [Math] TECHM: ticks=354 | live_candles=3
  [Math] POWERGRID: ticks=160 | live_candles=3
  [Math] ONGC: ticks=375 | live_candles=3
  [Math] ADANIPORTS: ticks=365 | live_candles=3
  [Math] DIVISLAB: ticks=159 | live_candles=3
  [Math] DRREDDY: ticks=195 | live_candles=3
  [Math] EICHERMOT: ticks=190 | live_candles=3
  [Math] JSWSTEEL: ticks=254 | live_candles=3
  [Math] M&M: ticks=438 | live_candles=3
  [Math] TATACONSUM: ticks=205 | live_candles=3
  [Math] TATASTEEL: ticks=630 | live_candles=3
  [Math] CIPLA: ticks=213 | live_candles=3
  [Math] HDFCLIFE: ticks=217 | live_candles=3
2026-06-05 13:24:43 [INFO] core.data_fetcher: 📡 Live feed | ticks received: 30/30 symbols | active=['RELIANCE', 'MARUTI', 'WIPRO', 'HEROMOTOCO', 'TCS', 'HDFCBANK', 'ICICIBANK', 'ITC']...
2026-06-05 13:24:56 [INFO] core.state_manager: [BRIEFING] Loading from data/session_briefing.json...
2026-06-05 13:24:56 [INFO] core.state_manager: [BRIEFING] Loaded Valid: 8 approved + 22 watchlist (MORNING_SCREENER)
2026-06-05 13:25:00 [INFO] core.data_fetcher: 🕯️ Candle closed: TATACONSUM | 2026-06-05 13:20 | O:1134.60 H:1134.70 L:1133.20 C:1133.70 V:30759159.0
2026-06-05 13:25:00 [INFO] core.data_fetcher: 🕯️ Candle closed: RELIANCE | 2026-06-05 13:20 | O:1292.70 H:1293.40 L:1289.20 C:1289.50 V:1869947822.0
2026-06-05 13:25:00 [INFO] core.data_fetcher: 🕯️ Candle closed: DIVISLAB | 2026-06-05 13:20 | O:6591.50 H:6591.50 L:6574.50 C:6577.50 V:5126638.0
2026-06-05 13:25:00 [INFO] core.data_fetcher: 🕯️ Candle closed: TCS | 2026-06-05 13:20 | O:2202.00 H:2202.50 L:2198.10 C:2198.80 V:619749454.0
2026-06-05 13:25:00 [INFO] core.data_fetcher: 🕯️ Candle closed: ULTRACEMCO | 2026-06-05 13:20 | O:10899.00 H:10900.00 L:10887.00 C:10894.00 V:14554724.0
2026-06-05 13:25:00 [INFO] core.data_fetcher: 🕯️ Candle closed: SBIN | 2026-06-05 13:20 | O:978.50 H:978.75 L:974.60 C:975.50 V:2712483114.0
2026-06-05 13:25:00 [INFO] core.data_fetcher: 🕯️ Candle closed: ITC | 2026-06-05 13:20 | O:280.05 H:280.10 L:279.75 C:279.90 V:1629803372.0
2026-06-05 13:25:00 [INFO] core.data_fetcher: 🕯️ Candle closed: JSWSTEEL | 2026-06-05 13:20 | O:1271.20 H:1271.60 L:1269.40 C:1271.40 V:67863812.0
2026-06-05 13:25:00 [INFO] core.data_fetcher: 🕯️ Candle closed: TATASTEEL | 2026-06-05 13:20 | O:204.74 H:204.76 L:204.44 C:204.61 V:4230485948.0
2026-06-05 13:25:00 [INFO] core.data_fetcher: 🕯️ Candle closed: BHARTIARTL | 2026-06-05 13:20 | O:1796.30 H:1797.90 L:1794.00 C:1795.70 V:318773323.0
2026-06-05 13:25:00 [INFO] core.data_fetcher: 🕯️ Candle closed: HDFCBANK | 2026-06-05 13:20 | O:749.50 H:749.60 L:747.75 C:748.10 V:1787075669.0
2026-06-05 13:25:00 [INFO] core.data_fetcher: 🕯️ Candle closed: ADANIPORTS | 2026-06-05 13:20 | O:1815.50 H:1815.80 L:1812.70 C:1813.60 V:111117360.0
2026-06-05 13:25:00 [INFO] core.data_fetcher: 🕯️ Candle closed: SUNPHARMA | 2026-06-05 13:20 | O:1794.40 H:1796.10 L:1792.80 C:1796.10 V:85721085.0
2026-06-05 13:25:00 [INFO] core.data_fetcher: 🕯️ Candle closed: DRREDDY | 2026-06-05 13:20 | O:1282.20 H:1282.90 L:1280.30 C:1281.30 V:16972158.0
2026-06-05 13:25:00 [INFO] core.data_fetcher: 🕯️ Candle closed: ONGC | 2026-06-05 13:20 | O:264.85 H:264.85 L:264.10 C:264.30 V:434674618.0
2026-06-05 13:25:00 [INFO] core.data_fetcher: 🕯️ Candle closed: HDFCLIFE | 2026-06-05 13:20 | O:581.80 H:582.35 L:580.20 C:580.75 V:216734368.0
2026-06-05 13:25:00 [INFO] core.data_fetcher: 🕯️ Candle closed: LT | 2026-06-05 13:20 | O:3960.00 H:3960.00 L:3951.50 C:3955.40 V:107722088.0
2026-06-05 13:25:00 [INFO] core.data_fetcher: 🕯️ Candle closed: HEROMOTOCO | 2026-06-05 13:20 | O:4854.10 H:4855.00 L:4841.90 C:4845.60 V:42825511.0
2026-06-05 13:25:00 [INFO] core.data_fetcher: 🕯️ Candle closed: TITAN | 2026-06-05 13:20 | O:4236.50 H:4237.00 L:4233.60 C:4235.50 V:72030415.0
2026-06-05 13:25:01 [INFO] core.data_fetcher: 🕯️ Candle closed: POWERGRID | 2026-06-05 13:20 | O:285.20 H:285.25 L:284.40 C:284.60 V:214426172.0
2026-06-05 13:25:01 [INFO] core.data_fetcher: 🕯️ Candle closed: CIPLA | 2026-06-05 13:20 | O:1398.70 H:1399.10 L:1396.40 C:1397.50 V:37473951.0
2026-06-05 13:25:01 [INFO] core.data_fetcher: 🕯️ Candle closed: ICICIBANK | 2026-06-05 13:20 | O:1261.20 H:1261.80 L:1259.10 C:1260.20 V:1039768111.0
2026-06-05 13:25:01 [INFO] core.data_fetcher: 🕯️ Candle closed: ASIANPAINT | 2026-06-05 13:20 | O:2696.00 H:2699.10 L:2695.80 C:2697.30 V:68321031.0
2026-06-05 13:25:01 [INFO] core.data_fetcher: 🕯️ Candle closed: TECHM | 2026-06-05 13:20 | O:1471.50 H:1471.60 L:1469.30 C:1470.10 V:110351863.0
2026-06-05 13:25:01 [INFO] core.data_fetcher: 🕯️ Candle closed: HCLTECH | 2026-06-05 13:20 | O:1149.50 H:1149.60 L:1147.90 C:1148.10 V:89082967.0
2026-06-05 13:25:01 [INFO] core.strategy: ✅ RELIANCE — Yahoo chart fetched 351 5m candles (attempt 1)
2026-06-05 13:25:01 [INFO] core.strategy: 📦 RELIANCE — Combined: 350 yfinance + 4 WebSocket = 354 total candles
2026-06-05 13:25:02 [INFO] core.strategy: ✅ HEROMOTOCO — Yahoo chart fetched 350 5m candles (attempt 1)
2026-06-05 13:25:02 [INFO] core.strategy: 📦 HEROMOTOCO — Combined: 350 yfinance + 4 WebSocket = 354 total candles
2026-06-05 13:25:02 [INFO] core.data_fetcher: 🕯️ Candle closed: EICHERMOT | 2026-06-05 13:20 | O:7082.50 H:7082.50 L:7070.50 C:7075.00 V:14529293.0
2026-06-05 13:25:02 [INFO] core.data_fetcher: 🕯️ Candle closed: MARUTI | 2026-06-05 13:20 | O:13115.00 H:13116.00 L:13084.00 C:13090.00 V:18168602.0
2026-06-05 13:25:03 [INFO] core.strategy: ✅ TCS — Yahoo chart fetched 350 5m candles (attempt 1)
2026-06-05 13:25:03 [INFO] core.strategy: 📦 TCS — Combined: 350 yfinance + 4 WebSocket = 354 total candles
2026-06-05 13:25:03 [INFO] core.strategy: ✅ HDFCBANK — Yahoo chart fetched 350 5m candles (attempt 1)
2026-06-05 13:25:03 [INFO] core.strategy: 📦 HDFCBANK — Combined: 350 yfinance + 4 WebSocket = 354 total candles
2026-06-05 13:25:03 [INFO] core.data_fetcher: 🕯️ Candle closed: NESTLEIND | 2026-06-05 13:20 | O:1377.10 H:1377.20 L:1375.60 C:1376.10 V:29009099.0
2026-06-05 13:25:03 [INFO] core.strategy: ✅ ICICIBANK — Yahoo chart fetched 350 5m candles (attempt 1)
2026-06-05 13:25:03 [INFO] core.strategy: 📦 ICICIBANK — Combined: 350 yfinance + 4 WebSocket = 354 total candles
2026-06-05 13:25:04 [INFO] core.data_fetcher: 🕯️ Candle closed: WIPRO | 2026-06-05 13:20 | O:195.57 H:195.60 L:195.31 C:195.60 V:3365499541.0
2026-06-05 13:25:04 [INFO] core.strategy: ✅ ITC — Yahoo chart fetched 351 5m candles (attempt 1)
2026-06-05 13:25:04 [INFO] core.strategy: 📦 ITC — Combined: 350 yfinance + 4 WebSocket = 354 total candles
2026-06-05 13:25:04 [INFO] core.data_fetcher: 🕯️ Candle closed: M&M | 2026-06-05 13:20 | O:3037.70 H:3037.90 L:3031.10 C:3034.00 V:130288696.0
2026-06-05 13:25:04 [INFO] core.strategy: ✅ SBIN — Yahoo chart fetched 350 5m candles (attempt 1)
2026-06-05 13:25:04 [INFO] core.strategy: 📦 SBIN — Combined: 350 yfinance + 4 WebSocket = 354 total candles
2026-06-05 13:25:05 [INFO] core.strategy: ✅ BHARTIARTL — Yahoo chart fetched 350 5m candles (attempt 1)
2026-06-05 13:25:05 [INFO] core.strategy: 📦 BHARTIARTL — Combined: 350 yfinance + 4 WebSocket = 354 total candles
2026-06-05 13:25:05 [INFO] core.strategy: ✅ LT — Yahoo chart fetched 351 5m candles (attempt 1)
2026-06-05 13:25:05 [INFO] core.strategy: 📦 LT — Combined: 350 yfinance + 4 WebSocket = 354 total candles
2026-06-05 13:25:06 [INFO] core.strategy: ✅ HCLTECH — Yahoo chart fetched 350 5m candles (attempt 1)
2026-06-05 13:25:06 [INFO] core.strategy: 📦 HCLTECH — Combined: 350 yfinance + 4 WebSocket = 354 total candles
2026-06-05 13:25:06 [INFO] core.strategy: ✅ ASIANPAINT — Yahoo chart fetched 350 5m candles (attempt 1)
2026-06-05 13:25:06 [INFO] core.strategy: 📦 ASIANPAINT — Combined: 350 yfinance + 4 WebSocket = 354 total candles
2026-06-05 13:25:06 [INFO] core.strategy: MATH BUY blocked | ASIANPAINT | Final confidence 49.5 below min_confidence 55 for BUY_MACD_VWAP_SURGE | base=50.0 signal_x=1.0 weight_x=1.0 time=1:00-2:00@1.0 market_x=1.0 advisory_x=0.99 final=49.5 min=55.0
2026-06-05 13:25:06 [INFO] core.strategy: ✅ SUNPHARMA — Yahoo chart fetched 350 5m candles (attempt 1)
2026-06-05 13:25:06 [INFO] core.strategy: 📦 SUNPHARMA — Combined: 350 yfinance + 4 WebSocket = 354 total candles
2026-06-05 13:25:07 [INFO] core.strategy: ✅ TITAN — Yahoo chart fetched 350 5m candles (attempt 1)
2026-06-05 13:25:07 [INFO] core.strategy: 📦 TITAN — Combined: 350 yfinance + 4 WebSocket = 354 total candles
2026-06-05 13:25:07 [INFO] core.strategy: ✅ ULTRACEMCO — Yahoo chart fetched 350 5m candles (attempt 1)
2026-06-05 13:25:07 [INFO] core.strategy: 📦 ULTRACEMCO — Combined: 350 yfinance + 4 WebSocket = 354 total candles
2026-06-05 13:25:08 [INFO] core.strategy: ✅ NESTLEIND — Yahoo chart fetched 350 5m candles (attempt 1)
2026-06-05 13:25:08 [INFO] core.strategy: 📦 NESTLEIND — Combined: 350 yfinance + 4 WebSocket = 354 total candles
2026-06-05 13:25:08 [INFO] core.strategy: ✅ TECHM — Yahoo chart fetched 350 5m candles (attempt 1)
2026-06-05 13:25:08 [INFO] core.strategy: 📦 TECHM — Combined: 350 yfinance + 4 WebSocket = 354 total candles
2026-06-05 13:25:08 [INFO] core.strategy: ✅ POWERGRID — Yahoo chart fetched 350 5m candles (attempt 1)
2026-06-05 13:25:08 [INFO] core.strategy: 📦 POWERGRID — Combined: 350 yfinance + 4 WebSocket = 354 total candles
2026-06-05 13:25:09 [INFO] core.strategy: ✅ ONGC — Yahoo chart fetched 350 5m candles (attempt 1)
2026-06-05 13:25:09 [INFO] core.strategy: 📦 ONGC — Combined: 350 yfinance + 4 WebSocket = 354 total candles
2026-06-05 13:25:09 [INFO] core.strategy: ✅ ADANIPORTS — Yahoo chart fetched 350 5m candles (attempt 1)
2026-06-05 13:25:09 [INFO] core.strategy: 📦 ADANIPORTS — Combined: 350 yfinance + 4 WebSocket = 354 total candles
2026-06-05 13:25:10 [INFO] core.strategy: ✅ DIVISLAB — Yahoo chart fetched 350 5m candles (attempt 1)
2026-06-05 13:25:10 [INFO] core.strategy: 📦 DIVISLAB — Combined: 350 yfinance + 4 WebSocket = 354 total candles
2026-06-05 13:25:10 [INFO] core.strategy: ✅ DRREDDY — Yahoo chart fetched 350 5m candles (attempt 1)
2026-06-05 13:25:10 [INFO] core.strategy: 📦 DRREDDY — Combined: 350 yfinance + 4 WebSocket = 354 total candles
2026-06-05 13:25:10 [INFO] core.strategy: ✅ EICHERMOT — Yahoo chart fetched 350 5m candles (attempt 1)
2026-06-05 13:25:10 [INFO] core.strategy: 📦 EICHERMOT — Combined: 350 yfinance + 4 WebSocket = 354 total candles
2026-06-05 13:25:11 [INFO] core.strategy: ✅ JSWSTEEL — Yahoo chart fetched 350 5m candles (attempt 1)
2026-06-05 13:25:11 [INFO] core.strategy: 📦 JSWSTEEL — Combined: 350 yfinance + 4 WebSocket = 354 total candles
2026-06-05 13:25:11 [INFO] core.strategy: ✅ M&M — Yahoo chart fetched 350 5m candles (attempt 1)
2026-06-05 13:25:11 [INFO] core.strategy: 📦 M&M — Combined: 350 yfinance + 4 WebSocket = 354 total candles
2026-06-05 13:25:12 [INFO] core.strategy: ✅ TATACONSUM — Yahoo chart fetched 350 5m candles (attempt 1)
2026-06-05 13:25:12 [INFO] core.strategy: 📦 TATACONSUM — Combined: 350 yfinance + 4 WebSocket = 354 total candles
2026-06-05 13:25:12 [INFO] core.strategy: ✅ TATASTEEL — Yahoo chart fetched 350 5m candles (attempt 1)
2026-06-05 13:25:12 [INFO] core.strategy: 📦 TATASTEEL — Combined: 350 yfinance + 4 WebSocket = 354 total candles
2026-06-05 13:25:13 [INFO] core.strategy: ✅ CIPLA — Yahoo chart fetched 350 5m candles (attempt 1)
2026-06-05 13:25:13 [INFO] core.strategy: 📦 CIPLA — Combined: 350 yfinance + 4 WebSocket = 354 total candles
2026-06-05 13:25:13 [INFO] core.strategy: ✅ HDFCLIFE — Yahoo chart fetched 350 5m candles (attempt 1)
2026-06-05 13:25:13 [INFO] core.strategy: 📦 HDFCLIFE — Combined: 350 yfinance + 4 WebSocket = 354 total candles
2026-06-05 13:25:19 [INFO] core.strategy: ✅ MARUTI — Yahoo chart fetched 350 5m candles (attempt 1)
2026-06-05 13:25:19 [INFO] core.strategy: 📦 MARUTI — Combined: 350 yfinance + 4 WebSocket = 354 total candles
2026-06-05 13:25:19 [INFO] core.strategy: ✅ WIPRO — Yahoo chart fetched 350 5m candles (attempt 1)
2026-06-05 13:25:19 [INFO] core.strategy: 📦 WIPRO — Combined: 350 yfinance + 4 WebSocket = 354 total candles
2026-06-05 13:25:20 [INFO] core.strategy: MATH BUY blocked | ASIANPAINT | Final confidence 49.5 below min_confidence 55 for BUY_MACD_VWAP_SURGE | base=50.0 signal_x=1.0 weight_x=1.0 time=1:00-2:00@1.0 market_x=1.0 advisory_x=0.99 final=49.5 min=55.0
2026-06-05 13:25:25 [INFO] core.strategy: MATH BUY blocked | ASIANPAINT | Final confidence 49.5 below min_confidence 55 for BUY_MACD_VWAP_SURGE | base=50.0 signal_x=1.0 weight_x=1.0 time=1:00-2:00@1.0 market_x=1.0 advisory_x=0.99 final=49.5 min=55.0
2026-06-05 13:25:31 [INFO] core.strategy: MATH BUY blocked | ASIANPAINT | Final confidence 49.5 below min_confidence 55 for BUY_MACD_VWAP_SURGE | base=50.0 signal_x=1.0 weight_x=1.0 time=1:00-2:00@1.0 market_x=1.0 advisory_x=0.99 final=49.5 min=55.0
2026-06-05 13:25:37 [INFO] core.strategy: MATH BUY blocked | ASIANPAINT | Final confidence 49.5 below min_confidence 55 for BUY_MACD_VWAP_SURGE | base=50.0 signal_x=1.0 weight_x=1.0 time=1:00-2:00@1.0 market_x=1.0 advisory_x=0.99 final=49.5 min=55.0
2026-06-05 13:25:42 [INFO] apscheduler.executors.default: Running job "Market Observation Loop (trigger: interval[0:15:00], next run at: 2026-06-05 13:40:42 IST)" (scheduled at 2026-06-05 13:25:42.460753+05:30)
2026-06-05 13:25:42 [INFO] reflection.observation_loop: 🔍 Running observation cycle...
2026-06-05 13:25:42 [INFO] core.state_manager: [BRIEFING] Loading from data/session_briefing.json...
2026-06-05 13:25:42 [INFO] core.state_manager: [BRIEFING] Loaded Valid: 8 approved + 22 watchlist (MORNING_SCREENER)
2026-06-05 13:25:42 [INFO] reflection.observation_loop: 📊 Observation recorded:
   Market: RANGING | Trend: WEAK
   Vol: LOW | Breakouts: LOW
   Reversals: LOW
2026-06-05 13:25:42 [INFO] apscheduler.executors.default: Job "Market Observation Loop (trigger: interval[0:15:00], next run at: 2026-06-05 13:40:42 IST)" executed successfully
2026-06-05 13:25:43 [INFO] core.strategy: MATH BUY blocked | ASIANPAINT | Final confidence 49.5 below min_confidence 55 for BUY_MACD_VWAP_SURGE | base=50.0 signal_x=1.0 weight_x=1.0 time=1:00-2:00@1.0 market_x=1.0 advisory_x=0.99 final=49.5 min=55.0
2026-06-05 13:25:49 [INFO] core.strategy: MATH BUY blocked | ASIANPAINT | Final confidence 49.5 below min_confidence 55 for BUY_MACD_VWAP_SURGE | base=50.0 signal_x=1.0 weight_x=1.0 time=1:00-2:00@1.0 market_x=1.0 advisory_x=0.99 final=49.5 min=55.0
2026-06-05 13:25:50 [INFO] core.strategy: MATH BUY blocked | JSWSTEEL | Final confidence 49.5 below min_confidence 55 for BUY_VWAP_REVERSAL | base=50.0 signal_x=1.0 weight_x=1.0 time=1:00-2:00@1.0 market_x=1.0 advisory_x=0.99 final=49.5 min=55.0
2026-06-05 13:25:55 [INFO] core.strategy: MATH BUY blocked | ASIANPAINT | Final confidence 49.5 below min_confidence 55 for BUY_MACD_VWAP_SURGE | base=50.0 signal_x=1.0 weight_x=1.0 time=1:00-2:00@1.0 market_x=1.0 advisory_x=0.99 final=49.5 min=55.0
2026-06-05 13:26:01 [INFO] core.state_manager: [BRIEFING] Loading from data/session_briefing.json...
2026-06-05 13:26:01 [INFO] core.state_manager: [BRIEFING] Loaded Valid: 8 approved + 22 watchlist (MORNING_SCREENER)
2026-06-05 13:26:01 [INFO] core.strategy: ─── Scan summary (30 subscribed) ───
  [Cognition] RELIANCE: ticks=779 | live_candles=4
  [Cognition] MARUTI: ticks=315 | live_candles=4
  [Cognition] WIPRO: ticks=478 | live_candles=4
  [Cognition] HEROMOTOCO: ticks=379 | live_candles=4
  [Cognition] TCS: ticks=777 | live_candles=4
  [Cognition] HDFCBANK: ticks=653 | live_candles=4
  [Cognition] ICICIBANK: ticks=567 | live_candles=4
  [Cognition] ITC: ticks=614 | live_candles=4
  [Math] SBIN: ticks=728 | live_candles=4
  [Math] BHARTIARTL: ticks=675 | live_candles=4
  [Math] LT: ticks=558 | live_candles=4
  [Math] HCLTECH: ticks=329 | live_candles=4
  [Math] ASIANPAINT: ticks=290 | live_candles=4
  [Math] SUNPHARMA: ticks=301 | live_candles=4
  [Math] TITAN: ticks=413 | live_candles=4
  [Math] ULTRACEMCO: ticks=235 | live_candles=4
  [Math] NESTLEIND: ticks=213 | live_candles=4
  [Math] TECHM: ticks=395 | live_candles=4
  [Math] POWERGRID: ticks=187 | live_candles=4
  [Math] ONGC: ticks=424 | live_candles=4
  [Math] ADANIPORTS: ticks=424 | live_candles=4
  [Math] DIVISLAB: ticks=178 | live_candles=4
  [Math] DRREDDY: ticks=221 | live_candles=4
  [Math] EICHERMOT: ticks=216 | live_candles=4
  [Math] JSWSTEEL: ticks=293 | live_candles=4
  [Math] M&M: ticks=483 | live_candles=4
  [Math] TATACONSUM: ticks=235 | live_candles=4
  [Math] TATASTEEL: ticks=714 | live_candles=4
  [Math] CIPLA: ticks=250 | live_candles=4
  [Math] HDFCLIFE: ticks=255 | live_candles=4
2026-06-05 13:26:01 [INFO] core.strategy: MATH BUY blocked | ASIANPAINT | Final confidence 49.5 below min_confidence 55 for BUY_MACD_VWAP_SURGE | base=50.0 signal_x=1.0 weight_x=1.0 time=1:00-2:00@1.0 market_x=1.0 advisory_x=0.99 final=49.5 min=55.0
2026-06-05 13:26:02 [INFO] core.strategy: MATH BUY blocked | JSWSTEEL | Final confidence 49.5 below min_confidence 55 for BUY_VWAP_REVERSAL | base=50.0 signal_x=1.0 weight_x=1.0 time=1:00-2:00@1.0 market_x=1.0 advisory_x=0.99 final=49.5 min=55.0
2026-06-05 13:26:07 [INFO] core.strategy: BUY SIGNAL TRIGGERED
Symbol: ASIANPAINT
Price: 2698.9
Triggered Set: BUY_MACD_VWAP_SURGE
Set Side: BUY
Confidence: base=50.0 signal_x=1.0 weight_x=1.0 time=1:00-2:00@1.0 market_x=1.0 advisory_x=0.99 final=49.5 min=45.0
Satisfied:
- MACD positive: MACD=2.7828 > 0 ✓
- Price above VWAP: Close=2698.9 > VWAP=2695.04
- Volume Spike: LatestVol=19455128.0, AvgVol=10655618.1
- Bullish Reversal Candle: Three White Soldiers
Why: MACD bullish regime + price above VWAP + volume surge + bullish candle. Added bullish_reversal_candle as EVENT anchor — without it 2 STATE conditions would fire continuously on any uptrending stock.
2026-06-05 13:26:07 [INFO] core.order_executor: ✅ Quantity calculated | Price: ₹2698.9 | Qty: 18 | Deployed: ₹48580 | Limiting: Allocation-limited | Risk: 73sh | Alloc: 18sh | Lever: 184sh | Buying Power: ₹497586 | Margin Used: ₹0
2026-06-05 13:26:07 [INFO] core.order_executor: 📋 [PAPER] BUY | ASIANPAINT | Qty: 18 | @ ₹2698.9 | SL: ₹2685.41 | Target: ₹2725.88
2026-06-05 13:26:07 [INFO] core.state_manager: Position saved: ASIANPAINT x18 | Target: 2725.88 | SL: 2685.41
2026-06-05 13:26:13 [INFO] core.strategy: BUY SIGNAL TRIGGERED
Symbol: JSWSTEEL
Price: 1271.7
Triggered Set: BUY_VWAP_REVERSAL
Set Side: BUY
Confidence: base=50.0 signal_x=1.0 weight_x=1.0 time=1:00-2:00@1.0 market_x=1.0 advisory_x=0.99 final=49.5 min=45.0
Satisfied:
- Price above VWAP: Close=1271.7 > VWAP=1270.92
- RSI recovering: RSI=30.5, recent_oversold=True, rising=True
- Bullish Reversal Candle: Dragonfly Doji, Three White Soldiers
Why: Price reclaims VWAP while RSI recovers and bullish candle structure appears. VWAP is the most important intraday reference — reclaim = trend resumption. bullish_reversal_candle is the EVENT anchor preventing noise.
2026-06-05 13:26:13 [INFO] core.order_executor: ✅ Quantity calculated | Price: ₹1271.7 | Qty: 39 | Deployed: ₹49596 | Limiting: Allocation-limited | Risk: 156sh | Alloc: 39sh | Lever: 353sh | Buying Power: ₹497586 | Margin Used: ₹0
2026-06-05 13:26:14 [INFO] core.order_executor: 📋 [PAPER] BUY | JSWSTEEL | Qty: 39 | @ ₹1271.7 | SL: ₹1265.34 | Target: ₹1284.42
2026-06-05 13:26:14 [INFO] core.state_manager: Position saved: JSWSTEEL x39 | Target: 1284.42 | SL: 1265.34
2026-06-05 13:26:42 [INFO] core.strategy: BUY SIGNAL TRIGGERED
Symbol: ICICIBANK
Price: 1261.0
Triggered Set: BUY_BREAKOUT_CONFIRMATION
Set Side: BUY
Confidence: base=50.0 signal_x=1.0 weight_x=1.0 time=1:00-2:00@1.0 market_x=1.0 advisory_x=0.99 final=49.5 min=45.0
Satisfied:
- Volume Breakout: VolSpike=True, PriceBreak=True, SMA=True
- Price above EMA20: Close=1261.0 > EMA20=1260.21
- Price above VWAP: Close=1261.0 > VWAP=1259.86
- RSI not overbought: RSI=53.9 < 65 ✓
Why: 4-gate fakeout filter. volume_breakout is a strong EVENT anchor. price_above_ema20, price_above_vwap, rsi_not_overbought are filters that eliminate false breakouts. Note: price_above_ema20 is slightly redundant (volume_breakout already checks SMA20) but kept as extra VWAP zone filter.
2026-06-05 13:26:42 [INFO] core.order_executor: ✅ Quantity calculated | Price: ₹1261.0 | Qty: 39 | Deployed: ₹49179 | Limiting: Allocation-limited | Risk: 157sh | Alloc: 39sh | Lever: 316sh | Buying Power: ₹497586 | Margin Used: ₹0
2026-06-05 13:26:43 [INFO] core.order_executor: 📋 [PAPER] BUY | ICICIBANK | Qty: 39 | @ ₹1261.0 | SL: ₹1254.69 | Target: ₹1273.62
2026-06-05 13:26:43 [INFO] core.state_manager: Position saved: ICICIBANK x39 | Target: 1273.62 | SL: 1254.69
2026-06-05 13:26:44 [INFO] core.data_fetcher: 📡 Live feed | ticks received: 30/30 symbols | active=['RELIANCE', 'MARUTI', 'WIPRO', 'HEROMOTOCO', 'TCS', 'HDFCBANK', 'ICICIBANK', 'ITC']...
2026-06-05 13:26:49 [INFO] core.strategy: BUY SIGNAL TRIGGERED
Symbol: ADANIPORTS
Price: 1815.7
Triggered Set: BUY_MACD_VWAP_SURGE
Set Side: BUY
Confidence: base=50.0 signal_x=1.0 weight_x=1.0 time=1:00-2:00@1.0 market_x=1.0 advisory_x=0.99 final=49.5 min=45.0
Satisfied:
- MACD positive: MACD=0.0325 > 0 ✓
- Price above VWAP: Close=1815.7 > VWAP=1814.06
- Volume Spike: LatestVol=40540355.0, AvgVol=18905203.05
- Bullish Reversal Candle: Bullish Engulfing
Why: MACD bullish regime + price above VWAP + volume surge + bullish candle. Added bullish_reversal_candle as EVENT anchor — without it 2 STATE conditions would fire continuously on any uptrending stock.
2026-06-05 13:26:49 [INFO] core.order_executor: ✅ Quantity calculated | Price: ₹1815.7 | Qty: 27 | Deployed: ₹49024 | Limiting: Allocation-limited | Risk: 109sh | Alloc: 27sh | Lever: 192sh | Buying Power: ₹497586 | Margin Used: ₹0
2026-06-05 13:26:49 [INFO] core.order_executor: 📋 [PAPER] BUY | ADANIPORTS | Qty: 27 | @ ₹1815.7 | SL: ₹1806.62 | Target: ₹1833.86
2026-06-05 13:26:49 [INFO] core.state_manager: Position saved: ADANIPORTS x27 | Target: 1833.86 | SL: 1806.62
2026-06-05 13:27:06 [INFO] core.state_manager: [BRIEFING] Loading from data/session_briefing.json...
2026-06-05 13:27:06 [INFO] core.state_manager: [BRIEFING] Loaded Valid: 8 approved + 22 watchlist (MORNING_SCREENER)
2026-06-05 13:27:35 [INFO] core.strategy: ─── Scan summary (30 subscribed) ───
  [Cognition] RELIANCE: ticks=861 | live_candles=4
  [Cognition] MARUTI: ticks=340 | live_candles=4
  [Cognition] WIPRO: ticks=532 | live_candles=4
  [Cognition] HEROMOTOCO: ticks=406 | live_candles=4
  [Cognition] TCS: ticks=847 | live_candles=4
  [Cognition] HDFCBANK: ticks=725 | live_candles=4
  [Cognition] ICICIBANK: ticks=630 | live_candles=4
  [Cognition] ITC: ticks=679 | live_candles=4
  [Math] SBIN: ticks=825 | live_candles=4
  [Math] BHARTIARTL: ticks=749 | live_candles=4
  [Math] LT: ticks=619 | live_candles=4
  [Math] HCLTECH: ticks=358 | live_candles=4
  [Math] ASIANPAINT: ticks=323 | live_candles=4
  [Math] SUNPHARMA: ticks=330 | live_candles=4
  [Math] TITAN: ticks=449 | live_candles=4
  [Math] ULTRACEMCO: ticks=258 | live_candles=4
  [Math] NESTLEIND: ticks=234 | live_candles=4
  [Math] TECHM: ticks=431 | live_candles=4
  [Math] POWERGRID: ticks=203 | live_candles=4
  [Math] ONGC: ticks=477 | live_candles=4
  [Math] ADANIPORTS: ticks=473 | live_candles=4
  [Math] DIVISLAB: ticks=193 | live_candles=4
  [Math] DRREDDY: ticks=246 | live_candles=4
  [Math] EICHERMOT: ticks=237 | live_candles=4
  [Math] JSWSTEEL: ticks=328 | live_candles=4
  [Math] M&M: ticks=537 | live_candles=4
  [Math] TATACONSUM: ticks=250 | live_candles=4
  [Math] TATASTEEL: ticks=782 | live_candles=4
  [Math] CIPLA: ticks=274 | live_candles=4
  [Math] HDFCLIFE: ticks=293 | live_candles=4
2026-06-05 13:28:10 [INFO] core.state_manager: [BRIEFING] Loading from data/session_briefing.json...
2026-06-05 13:28:10 [INFO] core.state_manager: [BRIEFING] Loaded Valid: 8 approved + 22 watchlist (MORNING_SCREENER)
2026-06-05 13:28:44 [INFO] core.data_fetcher: 📡 Live feed | ticks received: 30/30 symbols | active=['RELIANCE', 'MARUTI', 'WIPRO', 'HEROMOTOCO', 'TCS', 'HDFCBANK', 'ICICIBANK', 'ITC']...
2026-06-05 13:29:09 [INFO] core.strategy: ─── Scan summary (30 subscribed) ───
  [Cognition] RELIANCE: ticks=940 | live_candles=4
  [Cognition] MARUTI: ticks=378 | live_candles=4
  [Cognition] WIPRO: ticks=573 | live_candles=4
  [Cognition] HEROMOTOCO: ticks=438 | live_candles=4
  [Cognition] TCS: ticks=920 | live_candles=4
  [Cognition] HDFCBANK: ticks=787 | live_candles=4
  [Cognition] ICICIBANK: ticks=694 | live_candles=4
  [Cognition] ITC: ticks=732 | live_candles=4
  [Math] SBIN: ticks=907 | live_candles=4
  [Math] BHARTIARTL: ticks=817 | live_candles=4
  [Math] LT: ticks=689 | live_candles=4
  [Math] HCLTECH: ticks=389 | live_candles=4
  [Math] ASIANPAINT: ticks=370 | live_candles=4
  [Math] SUNPHARMA: ticks=347 | live_candles=4
  [Math] TITAN: ticks=489 | live_candles=4
  [Math] ULTRACEMCO: ticks=283 | live_candles=4
  [Math] NESTLEIND: ticks=259 | live_candles=4
  [Math] TECHM: ticks=465 | live_candles=4
  [Math] POWERGRID: ticks=220 | live_candles=4
  [Math] ONGC: ticks=513 | live_candles=4
  [Math] ADANIPORTS: ticks=511 | live_candles=4
  [Math] DIVISLAB: ticks=216 | live_candles=4
  [Math] DRREDDY: ticks=271 | live_candles=4
  [Math] EICHERMOT: ticks=255 | live_candles=4
  [Math] JSWSTEEL: ticks=362 | live_candles=4
  [Math] M&M: ticks=588 | live_candles=4
  [Math] TATACONSUM: ticks=274 | live_candles=4
  [Math] TATASTEEL: ticks=848 | live_candles=4
  [Math] CIPLA: ticks=300 | live_candles=4
  [Math] HDFCLIFE: ticks=318 | live_candles=4
2026-06-05 13:29:15 [INFO] core.state_manager: [BRIEFING] Loading from data/session_briefing.json...
2026-06-05 13:29:15 [INFO] core.state_manager: [BRIEFING] Loaded Valid: 8 approved + 22 watchlist (MORNING_SCREENER)
2026-06-05 13:30:00 [INFO] core.data_fetcher: 🕯️ Candle closed: RELIANCE | 2026-06-05 13:25 | O:1289.90 H:1291.30 L:1289.30 C:1289.60 V:2351002942.0
2026-06-05 13:30:00 [INFO] core.data_fetcher: 🕯️ Candle closed: HDFCBANK | 2026-06-05 13:25 | O:748.20 H:749.00 L:747.70 C:747.70 V:1950534758.0
2026-06-05 13:30:00 [INFO] core.data_fetcher: 🕯️ Candle closed: TCS | 2026-06-05 13:25 | O:2198.40 H:2203.70 L:2198.10 C:2199.90 V:610204998.0
2026-06-05 13:30:00 [INFO] core.data_fetcher: 🕯️ Candle closed: HDFCLIFE | 2026-06-05 13:25 | O:580.50 H:581.30 L:580.25 C:580.65 V:208360091.0
2026-06-05 13:30:00 [INFO] core.data_fetcher: 🕯️ Candle closed: ITC | 2026-06-05 13:25 | O:279.95 H:280.20 L:279.75 C:279.85 V:1725341864.0
2026-06-05 13:30:00 [INFO] core.data_fetcher: 🕯️ Candle closed: SUNPHARMA | 2026-06-05 13:25 | O:1795.10 H:1796.30 L:1791.00 C:1793.90 V:88028760.0
2026-06-05 13:30:00 [INFO] core.data_fetcher: 🕯️ Candle closed: SBIN | 2026-06-05 13:25 | O:975.20 H:975.75 L:973.50 C:973.50 V:3161363204.0
2026-06-05 13:30:00 [INFO] core.data_fetcher: 🕯️ Candle closed: WIPRO | 2026-06-05 13:25 | O:195.56 H:195.84 L:195.45 C:195.75 V:3974263935.0
2026-06-05 13:30:00 [INFO] core.data_fetcher: 🕯️ Candle closed: M&M | 2026-06-05 13:25 | O:3033.80 H:3034.00 L:3028.00 C:3028.40 V:115173421.0
2026-06-05 13:30:00 [INFO] core.data_fetcher: 🕯️ Candle closed: LT | 2026-06-05 13:25 | O:3954.50 H:3957.00 L:3947.40 C:3947.60 V:132617305.0
2026-06-05 13:30:00 [INFO] core.data_fetcher: 🕯️ Candle closed: HEROMOTOCO | 2026-06-05 13:25 | O:4845.40 H:4848.10 L:4840.10 C:4844.80 V:41317767.0
2026-06-05 13:30:01 [INFO] core.data_fetcher: 🕯️ Candle closed: ICICIBANK | 2026-06-05 13:25 | O:1260.30 H:1261.80 L:1258.20 C:1258.20 V:956763206.0
2026-06-05 13:30:01 [INFO] core.data_fetcher: 🕯️ Candle closed: NESTLEIND | 2026-06-05 13:25 | O:1376.20 H:1377.80 L:1375.40 C:1376.10 V:29037850.0
2026-06-05 13:30:01 [INFO] core.data_fetcher: 🕯️ Candle closed: TATACONSUM | 2026-06-05 13:25 | O:1134.00 H:1134.40 L:1132.60 C:1133.30 V:30485431.0
2026-06-05 13:30:01 [INFO] core.data_fetcher: 🕯️ Candle closed: CIPLA | 2026-06-05 13:25 | O:1397.40 H:1398.60 L:1396.60 C:1397.70 V:29424680.0
2026-06-05 13:30:01 [INFO] core.data_fetcher: 🕯️ Candle closed: TATASTEEL | 2026-06-05 13:25 | O:204.51 H:204.60 L:204.32 C:204.40 V:4272232107.0
2026-06-05 13:30:01 [INFO] core.data_fetcher: 🕯️ Candle closed: BHARTIARTL | 2026-06-05 13:25 | O:1795.10 H:1798.70 L:1793.20 C:1796.00 V:297245633.0
2026-06-05 13:30:01 [INFO] core.data_fetcher: 🕯️ Candle closed: ASIANPAINT | 2026-06-05 13:25 | O:2698.30 H:2699.70 L:2697.90 C:2698.00 V:84910270.0
2026-06-05 13:30:01 [INFO] core.data_fetcher: 🕯️ Candle closed: DRREDDY | 2026-06-05 13:25 | O:1280.90 H:1281.90 L:1280.70 C:1281.00 V:18778771.0
2026-06-05 13:30:01 [INFO] core.data_fetcher: 🕯️ Candle closed: ONGC | 2026-06-05 13:25 | O:264.25 H:264.30 L:263.80 C:263.80 V:404124011.0
2026-06-05 13:30:01 [INFO] core.data_fetcher: 🕯️ Candle closed: ADANIPORTS | 2026-06-05 13:25 | O:1812.90 H:1816.20 L:1812.50 C:1813.40 V:114109014.0
2026-06-05 13:30:01 [INFO] core.data_fetcher: 🕯️ Candle closed: MARUTI | 2026-06-05 13:25 | O:13091.00 H:13095.00 L:13072.00 C:13077.00 V:17057219.0
2026-06-05 13:30:01 [INFO] core.data_fetcher: 🕯️ Candle closed: HCLTECH | 2026-06-05 13:25 | O:1148.30 H:1149.50 L:1147.10 C:1148.00 V:95979911.0
2026-06-05 13:30:02 [INFO] core.data_fetcher: 🕯️ Candle closed: TECHM | 2026-06-05 13:25 | O:1470.00 H:1472.70 L:1469.00 C:1471.30 V:102703283.0
2026-06-05 13:30:02 [INFO] core.data_fetcher: 🕯️ Candle closed: ULTRACEMCO | 2026-06-05 13:25 | O:10890.00 H:10895.00 L:10881.00 C:10888.00 V:15751947.0
2026-06-05 13:30:02 [INFO] core.strategy: BUY SIGNAL TRIGGERED
Symbol: WIPRO
Price: 195.76
Triggered Set: BUY_BREAKOUT_CONFIRMATION
Set Side: BUY
Confidence: base=60.0 signal_x=1.0 weight_x=1.0 time=1:00-2:00@1.0 market_x=1.0 advisory_x=0.99 final=59.4 min=45.0
Satisfied:
- Volume Breakout: VolSpike=True, PriceBreak=True, SMA=True
- Price above EMA20: Close=195.76 > EMA20=195.71
- Price above VWAP: Close=195.76 > VWAP=195.65
- RSI not overbought: RSI=47.4 < 65 ✓
Why: 4-gate fakeout filter. volume_breakout is a strong EVENT anchor. price_above_ema20, price_above_vwap, rsi_not_overbought are filters that eliminate false breakouts. Note: price_above_ema20 is slightly redundant (volume_breakout already checks SMA20) but kept as extra VWAP zone filter.
2026-06-05 13:30:02 [INFO] core.order_executor: ✅ Quantity calculated | Price: ₹195.76 | Qty: 254 | Deployed: ₹49723 | Limiting: Allocation-limited | Risk: 1015sh | Alloc: 254sh | Lever: 1538sh | Buying Power: ₹497586 | Margin Used: ₹0
2026-06-05 13:30:02 [INFO] core.order_executor: 📋 [PAPER] BUY | WIPRO | Qty: 254 | @ ₹195.76 | SL: ₹194.78 | Target: ₹197.72
2026-06-05 13:30:02 [INFO] core.state_manager: Position saved: WIPRO x254 | Target: 197.72 | SL: 194.78
2026-06-05 13:30:02 [INFO] core.strategy: BUY SIGNAL TRIGGERED
Symbol: TCS
Price: 2200.0
Triggered Set: BUY_RSI_MACD_REVERSAL
Set Side: BUY
Confidence: base=50.0 signal_x=1.0 weight_x=1.0 time=1:00-2:00@1.0 market_x=1.0 advisory_x=0.99 final=49.5 min=45.0
Satisfied:
- RSI + MACD Momentum: RSI_recent=30.3, MACD_cross=True
- Bullish Reversal Candle: Inverted Hammer
Why: Oversold momentum recovery confirmed by a bullish reversal candle. Classic intraday bottom reversal.
2026-06-05 13:30:02 [INFO] core.order_executor: ✅ Quantity calculated | Price: ₹2200.0 | Qty: 22 | Deployed: ₹48400 | Limiting: Allocation-limited | Risk: 90sh | Alloc: 22sh | Lever: 114sh | Buying Power: ₹497586 | Margin Used: ₹0
2026-06-05 13:30:02 [INFO] core.order_executor: 📋 [PAPER] BUY | TCS | Qty: 22 | @ ₹2200.0 | SL: ₹2189.0 | Target: ₹2222.0
2026-06-05 13:30:02 [INFO] core.state_manager: Position saved: TCS x22 | Target: 2222.0 | SL: 2189.0
2026-06-05 13:30:04 [INFO] core.data_fetcher: 🕯️ Candle closed: POWERGRID | 2026-06-05 13:25 | O:284.70 H:284.85 L:284.40 C:284.40 V:200665307.0
2026-06-05 13:30:04 [INFO] core.data_fetcher: 🕯️ Candle closed: EICHERMOT | 2026-06-05 13:25 | O:7074.50 H:7079.00 L:7069.00 C:7071.00 V:13609034.0
2026-06-05 13:30:05 [INFO] core.data_fetcher: 🕯️ Candle closed: TITAN | 2026-06-05 13:25 | O:4235.70 H:4241.00 L:4233.20 C:4237.00 V:66191989.0
2026-06-05 13:30:06 [INFO] core.data_fetcher: 🕯️ Candle closed: DIVISLAB | 2026-06-05 13:25 | O:6580.00 H:6590.50 L:6575.50 C:6588.00 V:4669336.0
2026-06-05 13:30:07 [INFO] core.data_fetcher: 🕯️ Candle closed: JSWSTEEL | 2026-06-05 13:25 | O:1271.60 H:1272.60 L:1270.00 C:1270.60 V:75567833.0
2026-06-05 13:30:09 [INFO] core.strategy: BUY SIGNAL TRIGGERED
Symbol: DIVISLAB
Price: 6587.5
Triggered Set: BUY_RSI_MACD_REVERSAL
Set Side: BUY
Confidence: base=50.0 signal_x=1.0 weight_x=1.0 time=1:00-2:00@1.0 market_x=1.0 advisory_x=0.99 final=49.5 min=45.0
Satisfied:
- RSI + MACD Momentum: RSI_recent=44.7, MACD_cross=True
- Bullish Reversal Candle: Bullish Harami
Why: Oversold momentum recovery confirmed by a bullish reversal candle. Classic intraday bottom reversal.
2026-06-05 13:30:09 [INFO] core.order_executor: ✅ Quantity calculated | Price: ₹6587.5 | Qty: 7 | Deployed: ₹46112 | Limiting: Allocation-limited | Risk: 30sh | Alloc: 7sh | Lever: 30sh | Buying Power: ₹497586 | Margin Used: ₹0
2026-06-05 13:30:09 [INFO] core.order_executor: 📋 [PAPER] BUY | DIVISLAB | Qty: 7 | @ ₹6587.5 | SL: ₹6554.56 | Target: ₹6653.38
2026-06-05 13:30:09 [INFO] core.state_manager: Position saved: DIVISLAB x7 | Target: 6653.38 | SL: 6554.56
2026-06-05 13:30:20 [INFO] core.state_manager: [BRIEFING] Loading from data/session_briefing.json...
2026-06-05 13:30:20 [INFO] core.state_manager: [BRIEFING] Loaded Valid: 8 approved + 22 watchlist (MORNING_SCREENER)
2026-06-05 13:30:44 [INFO] core.strategy: ─── Scan summary (30 subscribed) ───
  [Cognition] RELIANCE: ticks=1036 | live_candles=5
  [Cognition] MARUTI: ticks=412 | live_candles=5
  [Cognition] WIPRO: ticks=634 | live_candles=5
  [Cognition] HEROMOTOCO: ticks=497 | live_candles=5
  [Cognition] TCS: ticks=1013 | live_candles=5
  [Cognition] HDFCBANK: ticks=864 | live_candles=5
  [Cognition] ICICIBANK: ticks=769 | live_candles=5
  [Cognition] ITC: ticks=793 | live_candles=5
  [Math] SBIN: ticks=986 | live_candles=5
  [Math] BHARTIARTL: ticks=886 | live_candles=5
  [Math] LT: ticks=762 | live_candles=5
  [Math] HCLTECH: ticks=428 | live_candles=5
  [Math] ASIANPAINT: ticks=405 | live_candles=5
  [Math] SUNPHARMA: ticks=381 | live_candles=5
  [Math] TITAN: ticks=542 | live_candles=5
  [Math] ULTRACEMCO: ticks=309 | live_candles=5
  [Math] NESTLEIND: ticks=281 | live_candles=5
  [Math] TECHM: ticks=494 | live_candles=5
  [Math] POWERGRID: ticks=252 | live_candles=5
  [Math] ONGC: ticks=550 | live_candles=5
  [Math] ADANIPORTS: ticks=562 | live_candles=5
  [Math] DIVISLAB: ticks=229 | live_candles=5
  [Math] DRREDDY: ticks=300 | live_candles=5
  [Math] EICHERMOT: ticks=277 | live_candles=5
  [Math] JSWSTEEL: ticks=404 | live_candles=5
  [Math] M&M: ticks=636 | live_candles=5
  [Math] TATACONSUM: ticks=306 | live_candles=5
  [Math] TATASTEEL: ticks=931 | live_candles=5
  [Math] CIPLA: ticks=325 | live_candles=5
  [Math] HDFCLIFE: ticks=349 | live_candles=5
2026-06-05 13:30:44 [INFO] core.data_fetcher: 📡 Live feed | ticks received: 30/30 symbols | active=['RELIANCE', 'MARUTI', 'WIPRO', 'HEROMOTOCO', 'TCS', 'HDFCBANK', 'ICICIBANK', 'ITC']...
2026-06-05 13:30:56 [INFO] core.strategy: BUY SIGNAL TRIGGERED
Symbol: HEROMOTOCO
Price: 4850.9
Triggered Set: BUY_EMA_VOLUME_MOMENTUM
Set Side: BUY
Confidence: base=60.0 signal_x=1.0 weight_x=1.05 time=1:00-2:00@1.0 market_x=1.0 advisory_x=0.99 final=62.4 min=45.0
Satisfied:
- EMA 9/21 Crossover: Cross=True, Above_EMA50=True
- Volume Spike: LatestVol=15631302.0, AvgVol=9184267.85
- MACD positive: MACD=0.3278 > 0 ✓
Why: EMA 9/21 crossover with strong volume participation. MACD positive confirms bullish regime — prevents buying a dead-cat bounce where MACD is still negative.
2026-06-05 13:30:56 [INFO] core.order_executor: ✅ Quantity calculated | Price: ₹4850.9 | Qty: 10 | Deployed: ₹48509 | Limiting: Allocation-limited | Risk: 41sh | Alloc: 10sh | Lever: 32sh | Buying Power: ₹497586 | Margin Used: ₹0
2026-06-05 13:30:56 [INFO] core.order_executor: 📋 [PAPER] BUY | HEROMOTOCO | Qty: 10 | @ ₹4850.9 | SL: ₹4826.65 | Target: ₹4899.4
2026-06-05 13:30:56 [INFO] core.state_manager: Position saved: HEROMOTOCO x10 | Target: 4899.4 | SL: 4826.65
2026-06-05 13:31:25 [INFO] core.state_manager: [BRIEFING] Loading from data/session_briefing.json...
2026-06-05 13:31:25 [INFO] core.state_manager: [BRIEFING] Loaded Valid: 8 approved + 22 watchlist (MORNING_SCREENER)
2026-06-05 13:32:18 [INFO] core.strategy: ─── Scan summary (30 subscribed) ───
  [Cognition] RELIANCE: ticks=1136 | live_candles=5
  [Cognition] MARUTI: ticks=447 | live_candles=5
  [Cognition] WIPRO: ticks=693 | live_candles=5
  [Cognition] HEROMOTOCO: ticks=550 | live_candles=5
  [Cognition] TCS: ticks=1091 | live_candles=5
  [Cognition] HDFCBANK: ticks=942 | live_candles=5
  [Cognition] ICICIBANK: ticks=838 | live_candles=5
  [Cognition] ITC: ticks=860 | live_candles=5
  [Math] SBIN: ticks=1087 | live_candles=5
  [Math] BHARTIARTL: ticks=970 | live_candles=5
  [Math] LT: ticks=826 | live_candles=5
  [Math] HCLTECH: ticks=459 | live_candles=5
  [Math] ASIANPAINT: ticks=441 | live_candles=5
  [Math] SUNPHARMA: ticks=412 | live_candles=5
  [Math] TITAN: ticks=596 | live_candles=5
  [Math] ULTRACEMCO: ticks=332 | live_candles=5
  [Math] NESTLEIND: ticks=317 | live_candles=5
  [Math] TECHM: ticks=557 | live_candles=5
  [Math] POWERGRID: ticks=270 | live_candles=5
  [Math] ONGC: ticks=591 | live_candles=5
  [Math] ADANIPORTS: ticks=600 | live_candles=5
  [Math] DIVISLAB: ticks=247 | live_candles=5
  [Math] DRREDDY: ticks=330 | live_candles=5
  [Math] EICHERMOT: ticks=300 | live_candles=5
  [Math] JSWSTEEL: ticks=445 | live_candles=5
  [Math] M&M: ticks=697 | live_candles=5
  [Math] TATACONSUM: ticks=352 | live_candles=5
  [Math] TATASTEEL: ticks=1006 | live_candles=5
  [Math] CIPLA: ticks=350 | live_candles=5
  [Math] HDFCLIFE: ticks=386 | live_candles=5
2026-06-05 13:32:29 [INFO] core.state_manager: [BRIEFING] Loading from data/session_briefing.json...
2026-06-05 13:32:29 [INFO] core.state_manager: [BRIEFING] Loaded Valid: 8 approved + 22 watchlist (MORNING_SCREENER)
2026-06-05 13:32:44 [INFO] core.data_fetcher: 📡 Live feed | ticks received: 30/30 symbols | active=['RELIANCE', 'MARUTI', 'WIPRO', 'HEROMOTOCO', 'TCS', 'HDFCBANK', 'ICICIBANK', 'ITC']...
2026-06-05 13:33:34 [INFO] core.state_manager: [BRIEFING] Loading from data/session_briefing.json...
2026-06-05 13:33:34 [INFO] core.state_manager: [BRIEFING] Loaded Valid: 8 approved + 22 watchlist (MORNING_SCREENER)
2026-06-05 13:33:52 [INFO] core.strategy: ─── Scan summary (30 subscribed) ───
  [Cognition] RELIANCE: ticks=1224 | live_candles=5
  [Cognition] MARUTI: ticks=486 | live_candles=5
  [Cognition] WIPRO: ticks=762 | live_candles=5
  [Cognition] HEROMOTOCO: ticks=572 | live_candles=5
  [Cognition] TCS: ticks=1176 | live_candles=5
  [Cognition] HDFCBANK: ticks=1022 | live_candles=5
  [Cognition] ICICIBANK: ticks=896 | live_candles=5
  [Cognition] ITC: ticks=924 | live_candles=5
  [Math] SBIN: ticks=1175 | live_candles=5
  [Math] BHARTIARTL: ticks=1022 | live_candles=5
  [Math] LT: ticks=873 | live_candles=5
  [Math] HCLTECH: ticks=490 | live_candles=5
  [Math] ASIANPAINT: ticks=479 | live_candles=5
  [Math] SUNPHARMA: ticks=451 | live_candles=5
  [Math] TITAN: ticks=661 | live_candles=5
  [Math] ULTRACEMCO: ticks=356 | live_candles=5
  [Math] NESTLEIND: ticks=339 | live_candles=5
  [Math] TECHM: ticks=613 | live_candles=5
  [Math] POWERGRID: ticks=283 | live_candles=5
  [Math] ONGC: ticks=628 | live_candles=5
  [Math] ADANIPORTS: ticks=649 | live_candles=5
  [Math] DIVISLAB: ticks=267 | live_candles=5
  [Math] DRREDDY: ticks=354 | live_candles=5
  [Math] EICHERMOT: ticks=322 | live_candles=5
  [Math] JSWSTEEL: ticks=481 | live_candles=5
  [Math] M&M: ticks=761 | live_candles=5
  [Math] TATACONSUM: ticks=364 | live_candles=5
  [Math] TATASTEEL: ticks=1094 | live_candles=5
  [Math] CIPLA: ticks=377 | live_candles=5
  [Math] HDFCLIFE: ticks=422 | live_candles=5
2026-06-05 13:34:39 [INFO] core.state_manager: [BRIEFING] Loading from data/session_briefing.json...
2026-06-05 13:34:39 [INFO] core.state_manager: [BRIEFING] Loaded Valid: 8 approved + 22 watchlist (MORNING_SCREENER)
2026-06-05 13:34:44 [INFO] core.data_fetcher: 📡 Live feed | ticks received: 30/30 symbols | active=['RELIANCE', 'MARUTI', 'WIPRO', 'HEROMOTOCO', 'TCS', 'HDFCBANK', 'ICICIBANK', 'ITC']...
2026-06-05 13:35:00 [INFO] core.data_fetcher: 🕯️ Candle closed: HDFCBANK | 2026-06-05 13:30 | O:747.75 H:748.20 L:747.00 C:747.45 V:2309096930.0
2026-06-05 13:35:00 [INFO] core.data_fetcher: 🕯️ Candle closed: ITC | 2026-06-05 13:30 | O:279.90 H:280.05 L:279.55 C:279.80 V:1793910463.0
2026-06-05 13:35:00 [INFO] core.data_fetcher: 🕯️ Candle closed: TATASTEEL | 2026-06-05 13:30 | O:204.37 H:204.65 L:204.20 C:204.36 V:4240715787.0
2026-06-05 13:35:00 [INFO] core.data_fetcher: 🕯️ Candle closed: SUNPHARMA | 2026-06-05 13:30 | O:1793.50 H:1793.90 L:1790.20 C:1791.00 V:90499615.0
2026-06-05 13:35:00 [INFO] core.data_fetcher: 🕯️ Candle closed: TECHM | 2026-06-05 13:30 | O:1471.00 H:1478.80 L:1470.60 C:1475.50 V:164747726.0
2026-06-05 13:35:00 [INFO] core.data_fetcher: 🕯️ Candle closed: SBIN | 2026-06-05 13:30 | O:973.45 H:973.65 L:971.05 C:972.30 V:3182726926.0
2026-06-05 13:35:00 [INFO] core.data_fetcher: 🕯️ Candle closed: POWERGRID | 2026-06-05 13:30 | O:284.35 H:284.80 L:284.15 C:284.45 V:157484365.0
2026-06-05 13:35:00 [INFO] core.data_fetcher: 🕯️ Candle closed: JSWSTEEL | 2026-06-05 13:30 | O:1270.10 H:1272.50 L:1267.90 C:1269.30 V:95423607.0
2026-06-05 13:35:01 [INFO] core.data_fetcher: 🕯️ Candle closed: ICICIBANK | 2026-06-05 13:30 | O:1258.40 H:1259.30 L:1256.60 C:1258.20 V:1074687813.0
2026-06-05 13:35:01 [INFO] core.data_fetcher: 🕯️ Candle closed: TCS | 2026-06-05 13:30 | O:2200.00 H:2201.80 L:2199.00 C:2200.00 V:629011259.0
2026-06-05 13:35:01 [INFO] core.data_fetcher: 🕯️ Candle closed: M&M | 2026-06-05 13:30 | O:3028.50 H:3034.70 L:3026.10 C:3033.10 V:124505128.0
2026-06-05 13:35:01 [INFO] core.data_fetcher: 🕯️ Candle closed: TITAN | 2026-06-05 13:30 | O:4236.30 H:4246.50 L:4235.20 C:4245.50 V:99003663.0
2026-06-05 13:35:01 [INFO] core.data_fetcher: 🕯️ Candle closed: LT | 2026-06-05 13:30 | O:3947.80 H:3951.80 L:3944.00 C:3947.40 V:98704395.0
2026-06-05 13:35:01 [INFO] core.data_fetcher: 🕯️ Candle closed: CIPLA | 2026-06-05 13:30 | O:1397.60 H:1398.60 L:1396.40 C:1397.60 V:36336084.0
2026-06-05 13:35:01 [INFO] core.data_fetcher: 🕯️ Candle closed: BHARTIARTL | 2026-06-05 13:30 | O:1796.50 H:1797.40 L:1794.80 C:1795.00 V:321103611.0
2026-06-05 13:35:01 [INFO] core.data_fetcher: 🕯️ Candle closed: RELIANCE | 2026-06-05 13:30 | O:1289.90 H:1290.00 L:1288.00 C:1289.20 V:2546399200.0
2026-06-05 13:35:01 [INFO] core.data_fetcher: 🕯️ Candle closed: ADANIPORTS | 2026-06-05 13:30 | O:1813.20 H:1814.10 L:1810.10 C:1811.80 V:128546471.0
2026-06-05 13:35:01 [INFO] core.data_fetcher: 🕯️ Candle closed: ASIANPAINT | 2026-06-05 13:30 | O:2698.20 H:2699.10 L:2696.00 C:2696.10 V:86657184.0
2026-06-05 13:35:01 [INFO] core.data_fetcher: 🕯️ Candle closed: DRREDDY | 2026-06-05 13:30 | O:1281.20 H:1282.00 L:1280.40 C:1280.80 V:25160860.0
2026-06-05 13:35:01 [INFO] core.data_fetcher: 🕯️ Candle closed: ONGC | 2026-06-05 13:30 | O:263.90 H:264.00 L:263.70 C:263.80 V:399804332.0
2026-06-05 13:35:01 [INFO] core.data_fetcher: 🕯️ Candle closed: WIPRO | 2026-06-05 13:30 | O:195.76 H:196.38 L:195.60 C:196.14 V:5104277369.0
2026-06-05 13:35:01 [INFO] core.data_fetcher: 🕯️ Candle closed: HCLTECH | 2026-06-05 13:30 | O:1148.20 H:1149.70 L:1147.50 C:1148.70 V:101830564.0
2026-06-05 13:35:01 [INFO] core.data_fetcher: 🕯️ Candle closed: HDFCLIFE | 2026-06-05 13:30 | O:580.50 H:581.60 L:579.55 C:580.80 V:303586196.0
2026-06-05 13:35:02 [INFO] core.data_fetcher: 🕯️ Candle closed: ULTRACEMCO | 2026-06-05 13:30 | O:10881.00 H:10890.00 L:10876.00 C:10880.00 V:13166142.0
2026-06-05 13:35:02 [INFO] core.data_fetcher: 🕯️ Candle closed: NESTLEIND | 2026-06-05 13:30 | O:1375.50 H:1379.40 L:1374.40 C:1378.50 V:38880323.0
2026-06-05 13:35:03 [INFO] core.strategy: BUY SIGNAL TRIGGERED
Symbol: TITAN
Price: 4245.4
Triggered Set: BUY_BREAKOUT_CONFIRMATION
Set Side: BUY
Confidence: base=50.0 signal_x=1.0 weight_x=1.0 time=1:00-2:00@1.0 market_x=1.0 advisory_x=0.99 final=49.5 min=45.0
Satisfied:
- Volume Breakout: VolSpike=True, PriceBreak=True, SMA=True
- Price above EMA20: Close=4245.4 > EMA20=4239.7
- Price above VWAP: Close=4245.4 > VWAP=4235.9
- RSI not overbought: RSI=56.3 < 65 ✓
Why: 4-gate fakeout filter. volume_breakout is a strong EVENT anchor. price_above_ema20, price_above_vwap, rsi_not_overbought are filters that eliminate false breakouts. Note: price_above_ema20 is slightly redundant (volume_breakout already checks SMA20) but kept as extra VWAP zone filter.
2026-06-05 13:35:03 [INFO] core.order_executor: ✅ Quantity calculated | Price: ₹4245.4 | Qty: 11 | Deployed: ₹46699 | Limiting: Allocation-limited | Risk: 46sh | Alloc: 11sh | Lever: 25sh | Buying Power: ₹497586 | Margin Used: ₹0
2026-06-05 13:35:03 [INFO] core.order_executor: 📋 [PAPER] BUY | TITAN | Qty: 11 | @ ₹4245.4 | SL: ₹4224.17 | Target: ₹4287.86
2026-06-05 13:35:03 [INFO] core.state_manager: Position saved: TITAN x11 | Target: 4287.86 | SL: 4224.17
2026-06-05 13:35:03 [INFO] core.strategy: BUY SIGNAL TRIGGERED
Symbol: NESTLEIND
Price: 1378.2
Triggered Set: BUY_BREAKOUT_CONFIRMATION
Set Side: BUY
Confidence: base=50.0 signal_x=1.0 weight_x=1.0 time=1:00-2:00@1.0 market_x=1.0 advisory_x=0.99 final=49.5 min=45.0
Satisfied:
- Volume Breakout: VolSpike=True, PriceBreak=True, SMA=True
- Price above EMA20: Close=1378.2 > EMA20=1377.14
- Price above VWAP: Close=1378.2 > VWAP=1377.16
- RSI not overbought: RSI=53.4 < 65 ✓
Why: 4-gate fakeout filter. volume_breakout is a strong EVENT anchor. price_above_ema20, price_above_vwap, rsi_not_overbought are filters that eliminate false breakouts. Note: price_above_ema20 is slightly redundant (volume_breakout already checks SMA20) but kept as extra VWAP zone filter.
2026-06-05 13:35:03 [INFO] core.order_executor: ✅ Quantity calculated | Price: ₹1378.2 | Qty: 36 | Deployed: ₹49615 | Limiting: Allocation-limited | Risk: 144sh | Alloc: 36sh | Lever: 44sh | Buying Power: ₹497586 | Margin Used: ₹0
2026-06-05 13:35:03 [INFO] core.order_executor: 📋 [PAPER] BUY | NESTLEIND | Qty: 36 | @ ₹1378.2 | SL: ₹1371.31 | Target: ₹1391.98
2026-06-05 13:35:03 [INFO] core.state_manager: Position saved: NESTLEIND x36 | Target: 1391.98 | SL: 1371.31
2026-06-05 13:35:04 [INFO] core.data_fetcher: 🕯️ Candle closed: EICHERMOT | 2026-06-05 13:30 | O:7070.00 H:7078.50 L:7062.00 C:7076.00 V:20027710.0
2026-06-05 13:35:05 [INFO] core.data_fetcher: 🕯️ Candle closed: MARUTI | 2026-06-05 13:30 | O:13072.00 H:13093.00 L:13057.00 C:13081.00 V:20203794.0
2026-06-05 13:35:06 [INFO] core.data_fetcher: 🕯️ Candle closed: HEROMOTOCO | 2026-06-05 13:30 | O:4844.60 H:4854.50 L:4840.20 C:4851.00 V:42136867.0
2026-06-05 13:35:08 [INFO] core.data_fetcher: 🕯️ Candle closed: DIVISLAB | 2026-06-05 13:30 | O:6587.50 H:6590.50 L:6581.50 C:6584.50 V:5512608.0
2026-06-05 13:35:10 [INFO] core.data_fetcher: 🕯️ Candle closed: TATACONSUM | 2026-06-05 13:30 | O:1133.20 H:1134.30 L:1132.10 C:1133.50 V:34034249.0
2026-06-05 13:35:23 [INFO] core.strategy: ─── Scan summary (30 subscribed) ───
  [Cognition] RELIANCE: ticks=1312 | live_candles=6
  [Cognition] MARUTI: ticks=523 | live_candles=6
  [Cognition] WIPRO: ticks=821 | live_candles=6
  [Cognition] HEROMOTOCO: ticks=594 | live_candles=6
  [Cognition] TCS: ticks=1239 | live_candles=6
  [Cognition] HDFCBANK: ticks=1104 | live_candles=6
  [Cognition] ICICIBANK: ticks=956 | live_candles=6
  [Cognition] ITC: ticks=989 | live_candles=6
  [Math] SBIN: ticks=1273 | live_candles=6
  [Math] BHARTIARTL: ticks=1090 | live_candles=6
  [Math] LT: ticks=925 | live_candles=6
  [Math] HCLTECH: ticks=524 | live_candles=6
  [Math] ASIANPAINT: ticks=502 | live_candles=6
  [Math] SUNPHARMA: ticks=475 | live_candles=6
  [Math] TITAN: ticks=714 | live_candles=6
  [Math] ULTRACEMCO: ticks=382 | live_candles=6
  [Math] NESTLEIND: ticks=373 | live_candles=6
  [Math] TECHM: ticks=663 | live_candles=6
  [Math] POWERGRID: ticks=303 | live_candles=6
  [Math] ONGC: ticks=677 | live_candles=6
  [Math] ADANIPORTS: ticks=696 | live_candles=6
  [Math] DIVISLAB: ticks=277 | live_candles=6
  [Math] DRREDDY: ticks=380 | live_candles=6
  [Math] EICHERMOT: ticks=341 | live_candles=6
  [Math] JSWSTEEL: ticks=515 | live_candles=6
  [Math] M&M: ticks=822 | live_candles=6
  [Math] TATACONSUM: ticks=376 | live_candles=6
  [Math] TATASTEEL: ticks=1163 | live_candles=6
  [Math] CIPLA: ticks=405 | live_candles=6
  [Math] HDFCLIFE: ticks=453 | live_candles=6
2026-06-05 13:35:39 [INFO] core.state_manager: [BRIEFING] Loading from data/session_briefing.json...
2026-06-05 13:35:39 [INFO] core.state_manager: [BRIEFING] Loaded Valid: 8 approved + 22 watchlist (MORNING_SCREENER)
2026-06-05 13:36:41 [INFO] core.state_manager: [BRIEFING] Loading from data/session_briefing.json...
2026-06-05 13:36:41 [INFO] core.state_manager: [BRIEFING] Loaded Valid: 8 approved + 22 watchlist (MORNING_SCREENER)
2026-06-05 13:36:44 [INFO] core.data_fetcher: 📡 Live feed | ticks received: 30/30 symbols | active=['RELIANCE', 'MARUTI', 'WIPRO', 'HEROMOTOCO', 'TCS', 'HDFCBANK', 'ICICIBANK', 'ITC']...
2026-06-05 13:36:56 [INFO] core.strategy: ─── Scan summary (30 subscribed) ───
  [Cognition] RELIANCE: ticks=1389 | live_candles=6
  [Cognition] MARUTI: ticks=563 | live_candles=6
  [Cognition] WIPRO: ticks=873 | live_candles=6
  [Cognition] HEROMOTOCO: ticks=632 | live_candles=6
  [Cognition] TCS: ticks=1289 | live_candles=6
  [Cognition] HDFCBANK: ticks=1190 | live_candles=6
  [Cognition] ICICIBANK: ticks=1004 | live_candles=6
  [Cognition] ITC: ticks=1049 | live_candles=6
  [Math] SBIN: ticks=1366 | live_candles=6
  [Math] BHARTIARTL: ticks=1151 | live_candles=6
  [Math] LT: ticks=982 | live_candles=6
  [Math] HCLTECH: ticks=561 | live_candles=6
  [Math] ASIANPAINT: ticks=534 | live_candles=6
  [Math] SUNPHARMA: ticks=510 | live_candles=6
  [Math] TITAN: ticks=760 | live_candles=6
  [Math] ULTRACEMCO: ticks=410 | live_candles=6
  [Math] NESTLEIND: ticks=392 | live_candles=6
  [Math] TECHM: ticks=703 | live_candles=6
  [Math] POWERGRID: ticks=314 | live_candles=6
  [Math] ONGC: ticks=711 | live_candles=6
  [Math] ADANIPORTS: ticks=734 | live_candles=6
  [Math] DIVISLAB: ticks=285 | live_candles=6
  [Math] DRREDDY: ticks=406 | live_candles=6
  [Math] EICHERMOT: ticks=358 | live_candles=6
  [Math] JSWSTEEL: ticks=557 | live_candles=6
  [Math] M&M: ticks=882 | live_candles=6
  [Math] TATACONSUM: ticks=392 | live_candles=6
  [Math] TATASTEEL: ticks=1234 | live_candles=6
  [Math] CIPLA: ticks=434 | live_candles=6
  [Math] HDFCLIFE: ticks=467 | live_candles=6
2026-06-05 13:37:43 [INFO] core.state_manager: [BRIEFING] Loading from data/session_briefing.json...
2026-06-05 13:37:43 [INFO] core.state_manager: [BRIEFING] Loaded Valid: 8 approved + 22 watchlist (MORNING_SCREENER)
2026-06-05 13:38:29 [INFO] core.strategy: ─── Scan summary (30 subscribed) ───
  [Cognition] RELIANCE: ticks=1455 | live_candles=6
  [Cognition] MARUTI: ticks=605 | live_candles=6
  [Cognition] WIPRO: ticks=918 | live_candles=6
  [Cognition] HEROMOTOCO: ticks=700 | live_candles=6
  [Cognition] TCS: ticks=1335 | live_candles=6
  [Cognition] HDFCBANK: ticks=1258 | live_candles=6
  [Cognition] ICICIBANK: ticks=1073 | live_candles=6
  [Cognition] ITC: ticks=1098 | live_candles=6
  [Math] SBIN: ticks=1442 | live_candles=6
  [Math] BHARTIARTL: ticks=1214 | live_candles=6
  [Math] LT: ticks=1032 | live_candles=6
  [Math] HCLTECH: ticks=592 | live_candles=6
  [Math] ASIANPAINT: ticks=564 | live_candles=6
  [Math] SUNPHARMA: ticks=548 | live_candles=6
  [Math] TITAN: ticks=800 | live_candles=6
  [Math] ULTRACEMCO: ticks=440 | live_candles=6
  [Math] NESTLEIND: ticks=411 | live_candles=6
  [Math] TECHM: ticks=729 | live_candles=6
  [Math] POWERGRID: ticks=338 | live_candles=6
  [Math] ONGC: ticks=764 | live_candles=6
  [Math] ADANIPORTS: ticks=779 | live_candles=6
  [Math] DIVISLAB: ticks=301 | live_candles=6
  [Math] DRREDDY: ticks=433 | live_candles=6
  [Math] EICHERMOT: ticks=383 | live_candles=6
  [Math] JSWSTEEL: ticks=590 | live_candles=6
  [Math] M&M: ticks=942 | live_candles=6
  [Math] TATACONSUM: ticks=411 | live_candles=6
  [Math] TATASTEEL: ticks=1287 | live_candles=6
  [Math] CIPLA: ticks=464 | live_candles=6
  [Math] HDFCLIFE: ticks=494 | live_candles=6
2026-06-05 13:38:44 [INFO] core.state_manager: [BRIEFING] Loading from data/session_briefing.json...
2026-06-05 13:38:44 [INFO] core.state_manager: [BRIEFING] Loaded Valid: 8 approved + 22 watchlist (MORNING_SCREENER)
2026-06-05 13:38:45 [INFO] core.data_fetcher: 📡 Live feed | ticks received: 30/30 symbols | active=['RELIANCE', 'MARUTI', 'WIPRO', 'HEROMOTOCO', 'TCS', 'HDFCBANK', 'ICICIBANK', 'ITC']...
2026-06-05 13:39:46 [INFO] core.state_manager: [BRIEFING] Loading from data/session_briefing.json...
2026-06-05 13:39:46 [INFO] core.state_manager: [BRIEFING] Loaded Valid: 8 approved + 22 watchlist (MORNING_SCREENER)
2026-06-05 13:40:00 [INFO] core.data_fetcher: 🕯️ Candle closed: RELIANCE | 2026-06-05 13:35 | O:1289.10 H:1291.30 L:1289.10 C:1290.90 V:2198393639.0
2026-06-05 13:40:00 [INFO] core.data_fetcher: 🕯️ Candle closed: TCS | 2026-06-05 13:35 | O:2199.70 H:2200.90 L:2199.00 C:2199.70 V:409298038.0
2026-06-05 13:40:00 [INFO] core.data_fetcher: 🕯️ Candle closed: TECHM | 2026-06-05 13:35 | O:1475.90 H:1476.20 L:1473.60 C:1473.70 V:121178890.0
2026-06-05 13:40:00 [INFO] core.data_fetcher: 🕯️ Candle closed: SBIN | 2026-06-05 13:35 | O:972.50 H:974.70 L:972.10 C:973.75 V:3126939231.0
2026-06-05 13:40:00 [INFO] core.data_fetcher: 🕯️ Candle closed: MARUTI | 2026-06-05 13:35 | O:13074.00 H:13083.00 L:13065.00 C:13069.00 V:23095364.0
2026-06-05 13:40:00 [INFO] core.data_fetcher: 🕯️ Candle closed: WIPRO | 2026-06-05 13:35 | O:196.19 H:196.35 L:196.10 C:196.25 V:4009507375.0
2026-06-05 13:40:00 [INFO] core.data_fetcher: 🕯️ Candle closed: TATACONSUM | 2026-06-05 13:35 | O:1133.40 H:1134.70 L:1133.40 C:1134.30 V:30542291.0
2026-06-05 13:40:00 [INFO] core.data_fetcher: 🕯️ Candle closed: TATASTEEL | 2026-06-05 13:35 | O:204.35 H:204.46 L:204.30 C:204.41 V:3839181923.0
2026-06-05 13:40:00 [INFO] core.data_fetcher: 🕯️ Candle closed: ONGC | 2026-06-05 13:35 | O:263.85 H:264.70 L:263.80 C:264.45 V:493729765.0
2026-06-05 13:40:00 [INFO] core.data_fetcher: 🕯️ Candle closed: LT | 2026-06-05 13:35 | O:3946.80 H:3949.00 L:3945.50 C:3949.00 V:122655022.0
2026-06-05 13:40:00 [INFO] core.data_fetcher: 🕯️ Candle closed: NESTLEIND | 2026-06-05 13:35 | O:1378.20 H:1380.00 L:1378.20 C:1379.90 V:39521335.0
2026-06-05 13:40:00 [INFO] core.data_fetcher: 🕯️ Candle closed: HEROMOTOCO | 2026-06-05 13:35 | O:4850.90 H:4859.90 L:4845.40 C:4846.80 V:66448305.0
2026-06-05 13:40:01 [INFO] core.data_fetcher: 🕯️ Candle closed: ADANIPORTS | 2026-06-05 13:35 | O:1812.00 H:1814.10 L:1811.70 C:1813.30 V:116817191.0
2026-06-05 13:40:01 [INFO] core.data_fetcher: 🕯️ Candle closed: SUNPHARMA | 2026-06-05 13:35 | O:1790.70 H:1793.00 L:1790.50 C:1792.10 V:84422322.0
2026-06-05 13:40:01 [INFO] core.data_fetcher: 🕯️ Candle closed: HCLTECH | 2026-06-05 13:35 | O:1149.00 H:1149.90 L:1148.70 C:1148.90 V:102571747.0
2026-06-05 13:40:01 [INFO] core.data_fetcher: 🕯️ Candle closed: POWERGRID | 2026-06-05 13:35 | O:284.40 H:284.50 L:284.20 C:284.35 V:255629759.0
2026-06-05 13:40:01 [INFO] core.data_fetcher: 🕯️ Candle closed: JSWSTEEL | 2026-06-05 13:35 | O:1269.20 H:1270.00 L:1266.80 C:1268.30 V:80351042.0
2026-06-05 13:40:02 [INFO] core.data_fetcher: 🕯️ Candle closed: CIPLA | 2026-06-05 13:35 | O:1397.50 H:1398.80 L:1396.40 C:1396.60 V:47066205.0
2026-06-05 13:40:02 [INFO] core.data_fetcher: 🕯️ Candle closed: BHARTIARTL | 2026-06-05 13:35 | O:1795.60 H:1795.90 L:1792.40 C:1795.20 V:292265689.0
2026-06-05 13:40:02 [INFO] core.data_fetcher: 🕯️ Candle closed: HDFCBANK | 2026-06-05 13:35 | O:747.20 H:747.90 L:746.70 C:747.90 V:2207949528.0
2026-06-05 13:40:02 [INFO] core.data_fetcher: 🕯️ Candle closed: ASIANPAINT | 2026-06-05 13:35 | O:2696.60 H:2698.20 L:2689.90 C:2690.60 V:95670788.0
2026-06-05 13:40:02 [INFO] core.data_fetcher: 🕯️ Candle closed: DRREDDY | 2026-06-05 13:35 | O:1281.20 H:1282.80 L:1280.60 C:1282.60 V:25753734.0
2026-06-05 13:40:02 [INFO] core.data_fetcher: 🕯️ Candle closed: HDFCLIFE | 2026-06-05 13:35 | O:581.00 H:581.45 L:580.60 C:580.85 V:174741821.0
2026-06-05 13:40:02 [INFO] core.data_fetcher: 🕯️ Candle closed: M&M | 2026-06-05 13:35 | O:3033.20 H:3034.00 L:3029.50 C:3033.70 V:161941707.0
2026-06-05 13:40:02 [INFO] core.strategy: ─── Scan summary (30 subscribed) ───
  [Cognition] RELIANCE: ticks=1519 | live_candles=7
  [Cognition] MARUTI: ticks=645 | live_candles=7
  [Cognition] WIPRO: ticks=966 | live_candles=7
  [Cognition] HEROMOTOCO: ticks=762 | live_candles=7
  [Cognition] TCS: ticks=1383 | live_candles=7
  [Cognition] HDFCBANK: ticks=1332 | live_candles=7
  [Cognition] ICICIBANK: ticks=1135 | live_candles=6
  [Cognition] ITC: ticks=1159 | live_candles=6
  [Math] SBIN: ticks=1513 | live_candles=7
  [Math] BHARTIARTL: ticks=1270 | live_candles=7
  [Math] LT: ticks=1091 | live_candles=7
  [Math] HCLTECH: ticks=629 | live_candles=7
  [Math] ASIANPAINT: ticks=613 | live_candles=7
  [Math] SUNPHARMA: ticks=573 | live_candles=7
  [Math] TITAN: ticks=831 | live_candles=6
  [Math] ULTRACEMCO: ticks=489 | live_candles=6
  [Math] NESTLEIND: ticks=441 | live_candles=7
  [Math] TECHM: ticks=774 | live_candles=7
  [Math] POWERGRID: ticks=370 | live_candles=7
  [Math] ONGC: ticks=816 | live_candles=7
  [Math] ADANIPORTS: ticks=823 | live_candles=7
  [Math] DIVISLAB: ticks=318 | live_candles=6
  [Math] DRREDDY: ticks=467 | live_candles=7
  [Math] EICHERMOT: ticks=411 | live_candles=6
  [Math] JSWSTEEL: ticks=617 | live_candles=7
  [Math] M&M: ticks=1001 | live_candles=7
  [Math] TATACONSUM: ticks=438 | live_candles=7
  [Math] TATASTEEL: ticks=1354 | live_candles=7
  [Math] CIPLA: ticks=505 | live_candles=7
  [Math] HDFCLIFE: ticks=519 | live_candles=7
2026-06-05 13:40:03 [INFO] core.data_fetcher: 🕯️ Candle closed: ICICIBANK | 2026-06-05 13:35 | O:1258.40 H:1259.20 L:1257.50 C:1259.10 V:926945720.0
2026-06-05 13:40:03 [INFO] core.data_fetcher: 🕯️ Candle closed: ULTRACEMCO | 2026-06-05 13:35 | O:10881.00 H:10882.00 L:10846.00 C:10865.00 V:24710416.0
2026-06-05 13:40:03 [INFO] core.data_fetcher: 🕯️ Candle closed: TITAN | 2026-06-05 13:35 | O:4244.50 H:4245.90 L:4242.20 C:4243.50 V:75804426.0
2026-06-05 13:40:03 [INFO] core.data_fetcher: 🕯️ Candle closed: ITC | 2026-06-05 13:35 | O:279.85 H:280.00 L:279.70 C:280.00 V:1780113602.0
2026-06-05 13:40:03 [INFO] core.data_fetcher: 🕯️ Candle closed: EICHERMOT | 2026-06-05 13:35 | O:7077.00 H:7077.50 L:7070.50 C:7074.50 V:19769542.0
2026-06-05 13:40:05 [INFO] core.data_fetcher: 🕯️ Candle closed: DIVISLAB | 2026-06-05 13:35 | O:6587.00 H:6589.50 L:6581.00 C:6588.50 V:4253088.0
2026-06-05 13:40:42 [INFO] apscheduler.executors.default: Running job "Market Observation Loop (trigger: interval[0:15:00], next run at: 2026-06-05 13:55:42 IST)" (scheduled at 2026-06-05 13:40:42.460753+05:30)
2026-06-05 13:40:42 [INFO] reflection.observation_loop: 🔍 Running observation cycle...
2026-06-05 13:40:42 [INFO] core.state_manager: [BRIEFING] Loading from data/session_briefing.json...
2026-06-05 13:40:42 [INFO] core.state_manager: [BRIEFING] Loaded Valid: 8 approved + 22 watchlist (MORNING_SCREENER)
2026-06-05 13:40:42 [INFO] reflection.observation_loop: 📊 Observation recorded:
   Market: RANGING | Trend: WEAK
   Vol: LOW | Breakouts: LOW
   Reversals: LOW
2026-06-05 13:40:42 [INFO] apscheduler.executors.default: Job "Market Observation Loop (trigger: interval[0:15:00], next run at: 2026-06-05 13:55:42 IST)" executed successfully
2026-06-05 13:40:45 [INFO] core.data_fetcher: 📡 Live feed | ticks received: 30/30 symbols | active=['RELIANCE', 'MARUTI', 'WIPRO', 'HEROMOTOCO', 'TCS', 'HDFCBANK', 'ICICIBANK', 'ITC']...
2026-06-05 13:40:48 [INFO] core.state_manager: [BRIEFING] Loading from data/session_briefing.json...
2026-06-05 13:40:48 [INFO] core.state_manager: [BRIEFING] Loaded Valid: 8 approved + 22 watchlist (MORNING_SCREENER)
2026-06-05 13:41:35 [INFO] core.strategy: ─── Scan summary (30 subscribed) ───
  [Cognition] RELIANCE: ticks=1586 | live_candles=7
  [Cognition] MARUTI: ticks=674 | live_candles=7
  [Cognition] WIPRO: ticks=1024 | live_candles=7
  [Cognition] HEROMOTOCO: ticks=829 | live_candles=7
  [Cognition] TCS: ticks=1448 | live_candles=7
  [Cognition] HDFCBANK: ticks=1419 | live_candles=7
  [Cognition] ICICIBANK: ticks=1197 | live_candles=7
  [Cognition] ITC: ticks=1221 | live_candles=7
  [Math] SBIN: ticks=1587 | live_candles=7
  [Math] BHARTIARTL: ticks=1323 | live_candles=7
  [Math] LT: ticks=1165 | live_candles=7
  [Math] HCLTECH: ticks=660 | live_candles=7
  [Math] ASIANPAINT: ticks=644 | live_candles=7
  [Math] SUNPHARMA: ticks=610 | live_candles=7
  [Math] TITAN: ticks=881 | live_candles=7
  [Math] ULTRACEMCO: ticks=527 | live_candles=7
  [Math] NESTLEIND: ticks=472 | live_candles=7
  [Math] TECHM: ticks=838 | live_candles=7
  [Math] POWERGRID: ticks=390 | live_candles=7
  [Math] ONGC: ticks=866 | live_candles=7
  [Math] ADANIPORTS: ticks=861 | live_candles=7
  [Math] DIVISLAB: ticks=329 | live_candles=7
  [Math] DRREDDY: ticks=489 | live_candles=7
  [Math] EICHERMOT: ticks=431 | live_candles=7
  [Math] JSWSTEEL: ticks=656 | live_candles=7
  [Math] M&M: ticks=1044 | live_candles=7
  [Math] TATACONSUM: ticks=477 | live_candles=7
  [Math] TATASTEEL: ticks=1421 | live_candles=7
  [Math] CIPLA: ticks=551 | live_candles=7
  [Math] HDFCLIFE: ticks=545 | live_candles=7
2026-06-05 13:41:50 [INFO] core.state_manager: [BRIEFING] Loading from data/session_briefing.json...
2026-06-05 13:41:50 [INFO] core.state_manager: [BRIEFING] Loaded Valid: 8 approved + 22 watchlist (MORNING_SCREENER)
2026-06-05 13:42:46 [INFO] core.data_fetcher: 📡 Live feed | ticks received: 30/30 symbols | active=['RELIANCE', 'MARUTI', 'WIPRO', 'HEROMOTOCO', 'TCS', 'HDFCBANK', 'ICICIBANK', 'ITC']...
2026-06-05 13:42:52 [INFO] core.state_manager: [BRIEFING] Loading from data/session_briefing.json...
2026-06-05 13:42:52 [INFO] core.state_manager: [BRIEFING] Loaded Valid: 8 approved + 22 watchlist (MORNING_SCREENER)
2026-06-05 13:43:07 [INFO] core.strategy: ─── Scan summary (30 subscribed) ───
  [Cognition] RELIANCE: ticks=1669 | live_candles=7
  [Cognition] MARUTI: ticks=710 | live_candles=7
  [Cognition] WIPRO: ticks=1073 | live_candles=7
  [Cognition] HEROMOTOCO: ticks=877 | live_candles=7
  [Cognition] TCS: ticks=1518 | live_candles=7
  [Cognition] HDFCBANK: ticks=1483 | live_candles=7
  [Cognition] ICICIBANK: ticks=1257 | live_candles=7
  [Cognition] ITC: ticks=1287 | live_candles=7
  [Math] SBIN: ticks=1660 | live_candles=7
  [Math] BHARTIARTL: ticks=1397 | live_candles=7
  [Math] LT: ticks=1229 | live_candles=7
  [Math] HCLTECH: ticks=703 | live_candles=7
  [Math] ASIANPAINT: ticks=678 | live_candles=7
  [Math] SUNPHARMA: ticks=656 | live_candles=7
  [Math] TITAN: ticks=931 | live_candles=7
  [Math] ULTRACEMCO: ticks=561 | live_candles=7
  [Math] NESTLEIND: ticks=497 | live_candles=7
  [Math] TECHM: ticks=872 | live_candles=7
  [Math] POWERGRID: ticks=418 | live_candles=7
  [Math] ONGC: ticks=906 | live_candles=7
  [Math] ADANIPORTS: ticks=895 | live_candles=7
  [Math] DIVISLAB: ticks=345 | live_candles=7
  [Math] DRREDDY: ticks=513 | live_candles=7
  [Math] EICHERMOT: ticks=451 | live_candles=7
  [Math] JSWSTEEL: ticks=691 | live_candles=7
  [Math] M&M: ticks=1098 | live_candles=7
  [Math] TATACONSUM: ticks=506 | live_candles=7
  [Math] TATASTEEL: ticks=1490 | live_candles=7
  [Math] CIPLA: ticks=596 | live_candles=7
  [Math] HDFCLIFE: ticks=571 | live_candles=7
2026-06-05 13:43:53 [INFO] core.state_manager: [BRIEFING] Loading from data/session_briefing.json...
2026-06-05 13:43:53 [INFO] core.state_manager: [BRIEFING] Loaded Valid: 8 approved + 22 watchlist (MORNING_SCREENER)
2026-06-05 13:44:40 [INFO] core.strategy: ─── Scan summary (30 subscribed) ───
  [Cognition] RELIANCE: ticks=1742 | live_candles=7
  [Cognition] MARUTI: ticks=755 | live_candles=7
  [Cognition] WIPRO: ticks=1135 | live_candles=7
  [Cognition] HEROMOTOCO: ticks=933 | live_candles=7
  [Cognition] TCS: ticks=1590 | live_candles=7
  [Cognition] HDFCBANK: ticks=1556 | live_candles=7
  [Cognition] ICICIBANK: ticks=1331 | live_candles=7
  [Cognition] ITC: ticks=1358 | live_candles=7
  [Math] SBIN: ticks=1738 | live_candles=7
  [Math] BHARTIARTL: ticks=1471 | live_candles=7
  [Math] LT: ticks=1289 | live_candles=7
  [Math] HCLTECH: ticks=754 | live_candles=7
  [Math] ASIANPAINT: ticks=735 | live_candles=7
  [Math] SUNPHARMA: ticks=719 | live_candles=7
  [Math] TITAN: ticks=992 | live_candles=7
  [Math] ULTRACEMCO: ticks=596 | live_candles=7
  [Math] NESTLEIND: ticks=525 | live_candles=7
  [Math] TECHM: ticks=926 | live_candles=7
  [Math] POWERGRID: ticks=445 | live_candles=7
  [Math] ONGC: ticks=956 | live_candles=7
  [Math] ADANIPORTS: ticks=954 | live_candles=7
  [Math] DIVISLAB: ticks=363 | live_candles=7
  [Math] DRREDDY: ticks=542 | live_candles=7
  [Math] EICHERMOT: ticks=469 | live_candles=7
  [Math] JSWSTEEL: ticks=734 | live_candles=7
  [Math] M&M: ticks=1140 | live_candles=7
  [Math] TATACONSUM: ticks=533 | live_candles=7
  [Math] TATASTEEL: ticks=1569 | live_candles=7
  [Math] CIPLA: ticks=639 | live_candles=7
  [Math] HDFCLIFE: ticks=601 | live_candles=7
2026-06-05 13:44:46 [INFO] core.data_fetcher: 📡 Live feed | ticks received: 30/30 symbols | active=['RELIANCE', 'MARUTI', 'WIPRO', 'HEROMOTOCO', 'TCS', 'HDFCBANK', 'ICICIBANK', 'ITC']...
2026-06-05 13:44:55 [INFO] core.state_manager: [BRIEFING] Loading from data/session_briefing.json...
2026-06-05 13:44:55 [INFO] core.state_manager: [BRIEFING] Loaded Valid: 8 approved + 22 watchlist (MORNING_SCREENER)
2026-06-05 13:45:00 [INFO] core.data_fetcher: 🕯️ Candle closed: HDFCBANK | 2026-06-05 13:40 | O:747.75 H:748.00 L:746.30 C:747.15 V:2219554294.0
2026-06-05 13:45:00 [INFO] core.data_fetcher: 🕯️ Candle closed: ADANIPORTS | 2026-06-05 13:40 | O:1813.80 H:1813.90 L:1809.20 C:1811.40 V:125988859.0
2026-06-05 13:45:00 [INFO] core.data_fetcher: 🕯️ Candle closed: ONGC | 2026-06-05 13:40 | O:264.40 H:264.50 L:264.25 C:264.40 V:512241540.0
2026-06-05 13:45:00 [INFO] core.data_fetcher: 🕯️ Candle closed: TATASTEEL | 2026-06-05 13:40 | O:204.40 H:204.50 L:204.15 C:204.30 V:4316494899.0
2026-06-05 13:45:00 [INFO] core.data_fetcher: 🕯️ Candle closed: ICICIBANK | 2026-06-05 13:40 | O:1259.20 H:1259.60 L:1256.80 C:1258.10 V:1119183586.0
2026-06-05 13:45:00 [INFO] core.data_fetcher: 🕯️ Candle closed: SUNPHARMA | 2026-06-05 13:40 | O:1792.50 H:1794.00 L:1788.70 C:1790.00 V:130954645.0
2026-06-05 13:45:00 [INFO] core.data_fetcher: 🕯️ Candle closed: TCS | 2026-06-05 13:40 | O:2200.00 H:2200.00 L:2198.10 C:2198.40 V:615677024.0
2026-06-05 13:45:00 [INFO] core.data_fetcher: 🕯️ Candle closed: DRREDDY | 2026-06-05 13:40 | O:1282.70 H:1282.80 L:1279.40 C:1281.10 V:23291805.0
2026-06-05 13:45:00 [INFO] core.data_fetcher: 🕯️ Candle closed: MARUTI | 2026-06-05 13:40 | O:13065.00 H:13074.00 L:13050.00 C:13064.00 V:20166605.0
2026-06-05 13:45:00 [INFO] core.data_fetcher: 🕯️ Candle closed: HDFCLIFE | 2026-06-05 13:40 | O:580.95 H:581.10 L:579.85 C:581.00 V:232425324.0
2026-06-05 13:45:00 [INFO] core.data_fetcher: 🕯️ Candle closed: ITC | 2026-06-05 13:40 | O:279.90 H:280.00 L:279.35 C:279.50 V:2052000428.0
2026-06-05 13:45:00 [INFO] core.data_fetcher: 🕯️ Candle closed: M&M | 2026-06-05 13:40 | O:3034.70 H:3034.70 L:3028.50 C:3032.70 V:133515170.0
2026-06-05 13:45:00 [INFO] core.data_fetcher: 🕯️ Candle closed: LT | 2026-06-05 13:40 | O:3948.30 H:3949.00 L:3940.00 C:3942.80 V:148139871.0
2026-06-05 13:45:00 [INFO] core.data_fetcher: 🕯️ Candle closed: JSWSTEEL | 2026-06-05 13:40 | O:1268.40 H:1269.20 L:1266.80 C:1269.20 V:93750725.0
2026-06-05 13:45:01 [INFO] core.data_fetcher: 🕯️ Candle closed: ASIANPAINT | 2026-06-05 13:40 | O:2691.00 H:2691.60 L:2686.50 C:2689.60 V:102188322.0
2026-06-05 13:45:01 [INFO] core.data_fetcher: 🕯️ Candle closed: HCLTECH | 2026-06-05 13:40 | O:1149.30 H:1149.30 L:1147.00 C:1147.00 V:133074318.0
2026-06-05 13:45:01 [INFO] core.data_fetcher: 🕯️ Candle closed: TATACONSUM | 2026-06-05 13:40 | O:1133.90 H:1134.40 L:1130.30 C:1132.00 V:45966638.0
2026-06-05 13:45:01 [INFO] core.data_fetcher: 🕯️ Candle closed: RELIANCE | 2026-06-05 13:40 | O:1291.00 H:1291.60 L:1289.50 C:1290.00 V:2508674482.0
2026-06-05 13:45:01 [INFO] core.data_fetcher: 🕯️ Candle closed: TECHM | 2026-06-05 13:40 | O:1473.90 H:1474.00 L:1470.80 C:1471.80 V:183644067.0
2026-06-05 13:45:01 [INFO] core.data_fetcher: 🕯️ Candle closed: SBIN | 2026-06-05 13:40 | O:973.90 H:973.95 L:970.60 C:972.45 V:3044190309.0
2026-06-05 13:45:01 [INFO] core.data_fetcher: 🕯️ Candle closed: WIPRO | 2026-06-05 13:40 | O:196.20 H:196.27 L:195.93 C:196.13 V:4756772821.0
2026-06-05 13:45:01 [INFO] core.data_fetcher: 🕯️ Candle closed: NESTLEIND | 2026-06-05 13:40 | O:1379.50 H:1379.90 L:1376.40 C:1377.00 V:46916326.0
2026-06-05 13:45:01 [INFO] core.data_fetcher: 🕯️ Candle closed: POWERGRID | 2026-06-05 13:40 | O:284.25 H:284.40 L:283.90 C:284.05 V:271679979.0
2026-06-05 13:45:01 [INFO] core.data_fetcher: 🕯️ Candle closed: TITAN | 2026-06-05 13:40 | O:4243.00 H:4244.80 L:4238.80 C:4243.60 V:103097716.0
2026-06-05 13:45:02 [INFO] core.data_fetcher: 🕯️ Candle closed: BHARTIARTL | 2026-06-05 13:40 | O:1795.40 H:1796.20 L:1792.70 C:1794.20 V:297681890.0
2026-06-05 13:45:03 [INFO] core.data_fetcher: 🕯️ Candle closed: HEROMOTOCO | 2026-06-05 13:40 | O:4847.30 H:4848.10 L:4837.30 C:4844.70 V:75500342.0
2026-06-05 13:45:03 [INFO] core.data_fetcher: 🕯️ Candle closed: CIPLA | 2026-06-05 13:40 | O:1397.10 H:1400.00 L:1396.60 C:1399.80 V:65570621.0
2026-06-05 13:45:04 [INFO] core.data_fetcher: 🕯️ Candle closed: EICHERMOT | 2026-06-05 13:40 | O:7075.50 H:7076.00 L:7063.50 C:7068.50 V:17271830.0
2026-06-05 13:45:04 [INFO] core.data_fetcher: 🕯️ Candle closed: ULTRACEMCO | 2026-06-05 13:40 | O:10864.00 H:10869.00 L:10851.00 C:10858.00 V:22374346.0
2026-06-05 13:45:06 [INFO] core.data_fetcher: 🕯️ Candle closed: DIVISLAB | 2026-06-05 13:40 | O:6589.50 H:6589.50 L:6580.50 C:6584.00 V:4823989.0
2026-06-05 13:45:57 [INFO] core.state_manager: [BRIEFING] Loading from data/session_briefing.json...
2026-06-05 13:45:57 [INFO] core.state_manager: [BRIEFING] Loaded Valid: 8 approved + 22 watchlist (MORNING_SCREENER)
2026-06-05 13:46:12 [INFO] core.strategy: ─── Scan summary (30 subscribed) ───
  [Cognition] RELIANCE: ticks=1826 | live_candles=8
  [Cognition] MARUTI: ticks=800 | live_candles=8
  [Cognition] WIPRO: ticks=1194 | live_candles=8
  [Cognition] HEROMOTOCO: ticks=973 | live_candles=8
  [Cognition] TCS: ticks=1660 | live_candles=8
  [Cognition] HDFCBANK: ticks=1611 | live_candles=8
  [Cognition] ICICIBANK: ticks=1405 | live_candles=8
  [Cognition] ITC: ticks=1432 | live_candles=8
  [Math] SBIN: ticks=1802 | live_candles=8
  [Math] BHARTIARTL: ticks=1519 | live_candles=8
  [Math] LT: ticks=1349 | live_candles=8
  [Math] HCLTECH: ticks=792 | live_candles=8
  [Math] ASIANPAINT: ticks=763 | live_candles=8
  [Math] SUNPHARMA: ticks=762 | live_candles=8
  [Math] TITAN: ticks=1041 | live_candles=8
  [Math] ULTRACEMCO: ticks=630 | live_candles=8
  [Math] NESTLEIND: ticks=548 | live_candles=8
  [Math] TECHM: ticks=979 | live_candles=8
  [Math] POWERGRID: ticks=468 | live_candles=8
  [Math] ONGC: ticks=991 | live_candles=8
  [Math] ADANIPORTS: ticks=1003 | live_candles=8
  [Math] DIVISLAB: ticks=379 | live_candles=8
  [Math] DRREDDY: ticks=563 | live_candles=8
  [Math] EICHERMOT: ticks=490 | live_candles=8
  [Math] JSWSTEEL: ticks=777 | live_candles=8
  [Math] M&M: ticks=1198 | live_candles=8
  [Math] TATACONSUM: ticks=549 | live_candles=8
  [Math] TATASTEEL: ticks=1643 | live_candles=8
  [Math] CIPLA: ticks=674 | live_candles=8
  [Math] HDFCLIFE: ticks=634 | live_candles=8
2026-06-05 13:46:46 [INFO] core.data_fetcher: 📡 Live feed | ticks received: 30/30 symbols | active=['RELIANCE', 'MARUTI', 'WIPRO', 'HEROMOTOCO', 'TCS', 'HDFCBANK', 'ICICIBANK', 'ITC']...
2026-06-05 13:46:59 [INFO] core.state_manager: [BRIEFING] Loading from data/session_briefing.json...
2026-06-05 13:46:59 [INFO] core.state_manager: [BRIEFING] Loaded Valid: 8 approved + 22 watchlist (MORNING_SCREENER)
2026-06-05 13:47:45 [INFO] core.strategy: ─── Scan summary (30 subscribed) ───
  [Cognition] RELIANCE: ticks=1914 | live_candles=8
  [Cognition] MARUTI: ticks=840 | live_candles=8
  [Cognition] WIPRO: ticks=1250 | live_candles=8
  [Cognition] HEROMOTOCO: ticks=1006 | live_candles=8
  [Cognition] TCS: ticks=1735 | live_candles=8
  [Cognition] HDFCBANK: ticks=1684 | live_candles=8
  [Cognition] ICICIBANK: ticks=1463 | live_candles=8
  [Cognition] ITC: ticks=1488 | live_candles=8
  [Math] SBIN: ticks=1881 | live_candles=8
  [Math] BHARTIARTL: ticks=1572 | live_candles=8
  [Math] LT: ticks=1413 | live_candles=8
  [Math] HCLTECH: ticks=833 | live_candles=8
  [Math] ASIANPAINT: ticks=801 | live_candles=8
  [Math] SUNPHARMA: ticks=801 | live_candles=8
  [Math] TITAN: ticks=1107 | live_candles=8
  [Math] ULTRACEMCO: ticks=666 | live_candles=8
  [Math] NESTLEIND: ticks=578 | live_candles=8
  [Math] TECHM: ticks=1029 | live_candles=8
  [Math] POWERGRID: ticks=489 | live_candles=8
  [Math] ONGC: ticks=1043 | live_candles=8
  [Math] ADANIPORTS: ticks=1042 | live_candles=8
  [Math] DIVISLAB: ticks=389 | live_candles=8
  [Math] DRREDDY: ticks=585 | live_candles=8
  [Math] EICHERMOT: ticks=514 | live_candles=8
  [Math] JSWSTEEL: ticks=806 | live_candles=8
  [Math] M&M: ticks=1256 | live_candles=8
  [Math] TATACONSUM: ticks=574 | live_candles=8
  [Math] TATASTEEL: ticks=1726 | live_candles=8
  [Math] CIPLA: ticks=707 | live_candles=8
  [Math] HDFCLIFE: ticks=653 | live_candles=8
2026-06-05 13:48:00 [INFO] core.state_manager: [BRIEFING] Loading from data/session_briefing.json...
2026-06-05 13:48:00 [INFO] core.state_manager: [BRIEFING] Loaded Valid: 8 approved + 22 watchlist (MORNING_SCREENER)
2026-06-05 13:48:46 [INFO] core.data_fetcher: 📡 Live feed | ticks received: 30/30 symbols | active=['RELIANCE', 'MARUTI', 'WIPRO', 'HEROMOTOCO', 'TCS', 'HDFCBANK', 'ICICIBANK', 'ITC']...
2026-06-05 13:49:02 [INFO] core.state_manager: [BRIEFING] Loading from data/session_briefing.json...
2026-06-05 13:49:02 [INFO] core.state_manager: [BRIEFING] Loaded Valid: 8 approved + 22 watchlist (MORNING_SCREENER)
2026-06-05 13:49:18 [INFO] core.strategy: ─── Scan summary (30 subscribed) ───
  [Cognition] RELIANCE: ticks=1994 | live_candles=8
  [Cognition] MARUTI: ticks=870 | live_candles=8
  [Cognition] WIPRO: ticks=1292 | live_candles=8
  [Cognition] HEROMOTOCO: ticks=1042 | live_candles=8
  [Cognition] TCS: ticks=1789 | live_candles=8
  [Cognition] HDFCBANK: ticks=1749 | live_candles=8
  [Cognition] ICICIBANK: ticks=1529 | live_candles=8
  [Cognition] ITC: ticks=1559 | live_candles=8
  [Math] SBIN: ticks=1956 | live_candles=8
  [Math] BHARTIARTL: ticks=1631 | live_candles=8
  [Math] LT: ticks=1481 | live_candles=8
  [Math] HCLTECH: ticks=864 | live_candles=8
  [Math] ASIANPAINT: ticks=830 | live_candles=8
  [Math] SUNPHARMA: ticks=843 | live_candles=8
  [Math] TITAN: ticks=1142 | live_candles=8
  [Math] ULTRACEMCO: ticks=698 | live_candles=8
  [Math] NESTLEIND: ticks=595 | live_candles=8
  [Math] TECHM: ticks=1063 | live_candles=8
  [Math] POWERGRID: ticks=516 | live_candles=8
  [Math] ONGC: ticks=1082 | live_candles=8
  [Math] ADANIPORTS: ticks=1082 | live_candles=8
  [Math] DIVISLAB: ticks=400 | live_candles=8
  [Math] DRREDDY: ticks=607 | live_candles=8
  [Math] EICHERMOT: ticks=534 | live_candles=8
  [Math] JSWSTEEL: ticks=828 | live_candles=8
  [Math] M&M: ticks=1305 | live_candles=8
  [Math] TATACONSUM: ticks=603 | live_candles=8
  [Math] TATASTEEL: ticks=1792 | live_candles=8
  [Math] CIPLA: ticks=742 | live_candles=8
  [Math] HDFCLIFE: ticks=674 | live_candles=8
2026-06-05 13:50:00 [INFO] core.data_fetcher: 🕯️ Candle closed: RELIANCE | 2026-06-05 13:45 | O:1290.50 H:1292.00 L:1290.00 C:1291.80 V:2411123771.0
2026-06-05 13:50:00 [INFO] core.data_fetcher: 🕯️ Candle closed: SUNPHARMA | 2026-06-05 13:45 | O:1790.40 H:1792.00 L:1789.40 C:1789.90 V:137726432.0
2026-06-05 13:50:00 [INFO] core.data_fetcher: 🕯️ Candle closed: TCS | 2026-06-05 13:45 | O:2198.10 H:2200.90 L:2198.10 C:2199.90 V:530157597.0
2026-06-05 13:50:00 [INFO] core.data_fetcher: 🕯️ Candle closed: ULTRACEMCO | 2026-06-05 13:45 | O:10857.00 H:10869.00 L:10854.00 C:10862.00 V:23836545.0
2026-06-05 13:50:01 [INFO] core.data_fetcher: 🕯️ Candle closed: BHARTIARTL | 2026-06-05 13:45 | O:1794.90 H:1797.20 L:1794.10 C:1795.80 V:293290766.0
2026-06-05 13:50:01 [INFO] core.data_fetcher: 🕯️ Candle closed: ICICIBANK | 2026-06-05 13:45 | O:1258.20 H:1258.70 L:1257.10 C:1258.40 V:1083871857.0
2026-06-05 13:50:01 [INFO] core.data_fetcher: 🕯️ Candle closed: ASIANPAINT | 2026-06-05 13:45 | O:2689.50 H:2691.30 L:2688.70 C:2690.00 V:87747083.0
2026-06-05 13:50:01 [INFO] core.data_fetcher: 🕯️ Candle closed: ITC | 2026-06-05 13:45 | O:279.55 H:279.80 L:279.45 C:279.70 V:1974730178.0
2026-06-05 13:50:01 [INFO] core.data_fetcher: 🕯️ Candle closed: M&M | 2026-06-05 13:45 | O:3033.00 H:3035.30 L:3029.60 C:3034.80 V:134440540.0
2026-06-05 13:50:01 [INFO] core.data_fetcher: 🕯️ Candle closed: LT | 2026-06-05 13:45 | O:3942.90 H:3948.90 L:3942.00 C:3948.00 V:125769322.0
2026-06-05 13:50:01 [INFO] core.data_fetcher: 🕯️ Candle closed: NESTLEIND | 2026-06-05 13:45 | O:1376.60 H:1377.80 L:1376.20 C:1376.90 V:27438577.0
2026-06-05 13:50:01 [INFO] core.data_fetcher: 🕯️ Candle closed: TATASTEEL | 2026-06-05 13:45 | O:204.27 H:204.78 L:204.24 C:204.63 V:4115562492.0
2026-06-05 13:50:01 [INFO] core.data_fetcher: 🕯️ Candle closed: ADANIPORTS | 2026-06-05 13:45 | O:1812.10 H:1813.80 L:1811.10 C:1812.60 V:132121258.0
2026-06-05 13:50:02 [INFO] core.data_fetcher: 🕯️ Candle closed: CIPLA | 2026-06-05 13:45 | O:1399.70 H:1400.90 L:1398.90 C:1400.50 V:46195673.0
2026-06-05 13:50:02 [INFO] core.data_fetcher: 🕯️ Candle closed: DIVISLAB | 2026-06-05 13:45 | O:6583.50 H:6589.00 L:6583.00 C:6585.00 V:3369559.0
2026-06-05 13:50:02 [INFO] core.data_fetcher: 🕯️ Candle closed: TECHM | 2026-06-05 13:45 | O:1472.00 H:1473.60 L:1471.60 C:1472.20 V:154293491.0
2026-06-05 13:50:02 [INFO] core.data_fetcher: 🕯️ Candle closed: SBIN | 2026-06-05 13:45 | O:972.40 H:973.80 L:972.00 C:973.30 V:2913815726.0
2026-06-05 13:50:02 [INFO] core.data_fetcher: 🕯️ Candle closed: DRREDDY | 2026-06-05 13:45 | O:1280.60 H:1281.10 L:1280.00 C:1280.40 V:19024805.0
2026-06-05 13:50:02 [INFO] core.data_fetcher: 🕯️ Candle closed: ONGC | 2026-06-05 13:45 | O:264.50 H:264.70 L:264.40 C:264.60 V:352258921.0
2026-06-05 13:50:02 [INFO] core.data_fetcher: 🕯️ Candle closed: MARUTI | 2026-06-05 13:45 | O:13062.00 H:13080.00 L:13062.00 C:13075.00 V:16748464.0
2026-06-05 13:50:02 [INFO] core.data_fetcher: 🕯️ Candle closed: HCLTECH | 2026-06-05 13:45 | O:1147.20 H:1149.70 L:1147.00 C:1148.60 V:129619447.0
2026-06-05 13:50:02 [INFO] core.data_fetcher: 🕯️ Candle closed: HDFCLIFE | 2026-06-05 13:45 | O:581.05 H:581.05 L:580.30 C:580.80 V:183705711.0
2026-06-05 13:50:02 [INFO] core.data_fetcher: 🕯️ Candle closed: HEROMOTOCO | 2026-06-05 13:45 | O:4844.10 H:4847.30 L:4840.30 C:4844.40 V:34942731.0
2026-06-05 13:50:02 [INFO] core.data_fetcher: 🕯️ Candle closed: POWERGRID | 2026-06-05 13:45 | O:284.10 H:284.55 L:284.05 C:284.40 V:207166826.0
2026-06-05 13:50:02 [INFO] core.data_fetcher: 🕯️ Candle closed: WIPRO | 2026-06-05 13:45 | O:196.14 H:196.35 L:196.10 C:196.27 V:4061789891.0
2026-06-05 13:50:03 [INFO] core.data_fetcher: 🕯️ Candle closed: TATACONSUM | 2026-06-05 13:45 | O:1131.80 H:1132.80 L:1131.40 C:1132.40 V:32295507.0
2026-06-05 13:50:04 [INFO] core.data_fetcher: 🕯️ Candle closed: HDFCBANK | 2026-06-05 13:45 | O:747.10 H:747.90 L:746.80 C:747.65 V:2024824738.0
2026-06-05 13:50:04 [INFO] core.state_manager: [BRIEFING] Loading from data/session_briefing.json...
2026-06-05 13:50:04 [INFO] core.state_manager: [BRIEFING] Loaded Valid: 8 approved + 22 watchlist (MORNING_SCREENER)
2026-06-05 13:50:05 [INFO] core.data_fetcher: 🕯️ Candle closed: TITAN | 2026-06-05 13:45 | O:4243.40 H:4248.50 L:4241.00 C:4245.00 V:87768432.0
2026-06-05 13:50:06 [INFO] core.data_fetcher: 🕯️ Candle closed: EICHERMOT | 2026-06-05 13:45 | O:7068.00 H:7073.50 L:7066.00 C:7070.50 V:16049989.0
2026-06-05 13:50:12 [INFO] core.data_fetcher: 🕯️ Candle closed: JSWSTEEL | 2026-06-05 13:45 | O:1269.00 H:1270.40 L:1267.70 C:1269.50 V:79454596.0
2026-06-05 13:50:47 [INFO] core.data_fetcher: 📡 Live feed | ticks received: 30/30 symbols | active=['RELIANCE', 'MARUTI', 'WIPRO', 'HEROMOTOCO', 'TCS', 'HDFCBANK', 'ICICIBANK', 'ITC']...
2026-06-05 13:50:50 [INFO] core.strategy: ─── Scan summary (30 subscribed) ───
  [Cognition] RELIANCE: ticks=2074 | live_candles=9
  [Cognition] MARUTI: ticks=901 | live_candles=9
  [Cognition] WIPRO: ticks=1346 | live_candles=9
  [Cognition] HEROMOTOCO: ticks=1064 | live_candles=9
  [Cognition] TCS: ticks=1824 | live_candles=9
  [Cognition] HDFCBANK: ticks=1812 | live_candles=9
  [Cognition] ICICIBANK: ticks=1584 | live_candles=9
  [Cognition] ITC: ticks=1626 | live_candles=9
  [Math] SBIN: ticks=2017 | live_candles=9
  [Math] BHARTIARTL: ticks=1685 | live_candles=9
  [Math] LT: ticks=1539 | live_candles=9
  [Math] HCLTECH: ticks=901 | live_candles=9
  [Math] ASIANPAINT: ticks=868 | live_candles=9
  [Math] SUNPHARMA: ticks=892 | live_candles=9
  [Math] TITAN: ticks=1183 | live_candles=9
  [Math] ULTRACEMCO: ticks=733 | live_candles=9
  [Math] NESTLEIND: ticks=611 | live_candles=9
  [Math] TECHM: ticks=1104 | live_candles=9
  [Math] POWERGRID: ticks=540 | live_candles=9
  [Math] ONGC: ticks=1121 | live_candles=9
  [Math] ADANIPORTS: ticks=1123 | live_candles=9
  [Math] DIVISLAB: ticks=412 | live_candles=9
  [Math] DRREDDY: ticks=630 | live_candles=9
  [Math] EICHERMOT: ticks=550 | live_candles=9
  [Math] JSWSTEEL: ticks=848 | live_candles=9
  [Math] M&M: ticks=1366 | live_candles=9
  [Math] TATACONSUM: ticks=617 | live_candles=9
  [Math] TATASTEEL: ticks=1838 | live_candles=9
  [Math] CIPLA: ticks=767 | live_candles=9
  [Math] HDFCLIFE: ticks=705 | live_candles=9
2026-06-05 13:51:06 [INFO] core.state_manager: [BRIEFING] Loading from data/session_briefing.json...
2026-06-05 13:51:06 [INFO] core.state_manager: [BRIEFING] Loaded Valid: 8 approved + 22 watchlist (MORNING_SCREENER)
2026-06-05 13:52:07 [INFO] core.state_manager: [BRIEFING] Loading from data/session_briefing.json...
2026-06-05 13:52:07 [INFO] core.state_manager: [BRIEFING] Loaded Valid: 8 approved + 22 watchlist (MORNING_SCREENER)
2026-06-05 13:52:23 [INFO] core.strategy: ─── Scan summary (30 subscribed) ───
  [Cognition] RELIANCE: ticks=2154 | live_candles=9
  [Cognition] MARUTI: ticks=933 | live_candles=9
  [Cognition] WIPRO: ticks=1406 | live_candles=9
  [Cognition] HEROMOTOCO: ticks=1101 | live_candles=9
  [Cognition] TCS: ticks=1865 | live_candles=9
  [Cognition] HDFCBANK: ticks=1877 | live_candles=9
  [Cognition] ICICIBANK: ticks=1638 | live_candles=9
  [Cognition] ITC: ticks=1686 | live_candles=9
  [Math] SBIN: ticks=2082 | live_candles=9
  [Math] BHARTIARTL: ticks=1741 | live_candles=9
  [Math] LT: ticks=1605 | live_candles=9
  [Math] HCLTECH: ticks=936 | live_candles=9
  [Math] ASIANPAINT: ticks=905 | live_candles=9
  [Math] SUNPHARMA: ticks=937 | live_candles=9
  [Math] TITAN: ticks=1225 | live_candles=9
  [Math] ULTRACEMCO: ticks=765 | live_candles=9
  [Math] NESTLEIND: ticks=640 | live_candles=9
  [Math] TECHM: ticks=1142 | live_candles=9
  [Math] POWERGRID: ticks=572 | live_candles=9
  [Math] ONGC: ticks=1155 | live_candles=9
  [Math] ADANIPORTS: ticks=1159 | live_candles=9
  [Math] DIVISLAB: ticks=422 | live_candles=9
  [Math] DRREDDY: ticks=660 | live_candles=9
  [Math] EICHERMOT: ticks=573 | live_candles=9
  [Math] JSWSTEEL: ticks=871 | live_candles=9
  [Math] M&M: ticks=1417 | live_candles=9
  [Math] TATACONSUM: ticks=646 | live_candles=9
  [Math] TATASTEEL: ticks=1897 | live_candles=9
  [Math] CIPLA: ticks=805 | live_candles=9
  [Math] HDFCLIFE: ticks=734 | live_candles=9
2026-06-05 13:52:47 [INFO] core.data_fetcher: 📡 Live feed | ticks received: 30/30 symbols | active=['RELIANCE', 'MARUTI', 'WIPRO', 'HEROMOTOCO', 'TCS', 'HDFCBANK', 'ICICIBANK', 'ITC']...
2026-06-05 13:53:09 [INFO] core.state_manager: [BRIEFING] Loading from data/session_briefing.json...
2026-06-05 13:53:09 [INFO] core.state_manager: [BRIEFING] Loaded Valid: 8 approved + 22 watchlist (MORNING_SCREENER)
2026-06-05 13:53:55 [INFO] core.strategy: ─── Scan summary (30 subscribed) ───
  [Cognition] RELIANCE: ticks=2231 | live_candles=9
  [Cognition] MARUTI: ticks=968 | live_candles=9
  [Cognition] WIPRO: ticks=1471 | live_candles=9
  [Cognition] HEROMOTOCO: ticks=1142 | live_candles=9
  [Cognition] TCS: ticks=1910 | live_candles=9
  [Cognition] HDFCBANK: ticks=1929 | live_candles=9
  [Cognition] ICICIBANK: ticks=1696 | live_candles=9
  [Cognition] ITC: ticks=1767 | live_candles=9
  [Math] SBIN: ticks=2156 | live_candles=9
  [Math] BHARTIARTL: ticks=1809 | live_candles=9
  [Math] LT: ticks=1667 | live_candles=9
  [Math] HCLTECH: ticks=972 | live_candles=9
  [Math] ASIANPAINT: ticks=935 | live_candles=9
  [Math] SUNPHARMA: ticks=980 | live_candles=9
  [Math] TITAN: ticks=1265 | live_candles=9
  [Math] ULTRACEMCO: ticks=796 | live_candles=9
  [Math] NESTLEIND: ticks=655 | live_candles=9
  [Math] TECHM: ticks=1182 | live_candles=9
  [Math] POWERGRID: ticks=600 | live_candles=9
  [Math] ONGC: ticks=1191 | live_candles=9
  [Math] ADANIPORTS: ticks=1198 | live_candles=9
  [Math] DIVISLAB: ticks=432 | live_candles=9
  [Math] DRREDDY: ticks=682 | live_candles=9
  [Math] EICHERMOT: ticks=592 | live_candles=9
  [Math] JSWSTEEL: ticks=898 | live_candles=9
  [Math] M&M: ticks=1484 | live_candles=9
  [Math] TATACONSUM: ticks=672 | live_candles=9
  [Math] TATASTEEL: ticks=1968 | live_candles=9
  [Math] CIPLA: ticks=830 | live_candles=9
  [Math] HDFCLIFE: ticks=754 | live_candles=9
2026-06-05 13:54:11 [INFO] core.state_manager: [BRIEFING] Loading from data/session_briefing.json...
2026-06-05 13:54:11 [INFO] core.state_manager: [BRIEFING] Loaded Valid: 8 approved + 22 watchlist (MORNING_SCREENER)
2026-06-05 13:54:47 [INFO] core.data_fetcher: 📡 Live feed | ticks received: 30/30 symbols | active=['RELIANCE', 'MARUTI', 'WIPRO', 'HEROMOTOCO', 'TCS', 'HDFCBANK', 'ICICIBANK', 'ITC']...
2026-06-05 13:55:00 [INFO] core.data_fetcher: 🕯️ Candle closed: TATACONSUM | 2026-06-05 13:50 | O:1132.30 H:1132.40 L:1130.50 C:1130.80 V:35064900.0
2026-06-05 13:55:00 [INFO] core.data_fetcher: 🕯️ Candle closed: TATASTEEL | 2026-06-05 13:50 | O:204.64 H:204.72 L:204.51 C:204.60 V:3678212321.0
2026-06-05 13:55:00 [INFO] core.data_fetcher: 🕯️ Candle closed: ICICIBANK | 2026-06-05 13:50 | O:1258.50 H:1258.50 L:1257.20 C:1257.70 V:982941851.0
2026-06-05 13:55:00 [INFO] core.data_fetcher: 🕯️ Candle closed: HDFCBANK | 2026-06-05 13:50 | O:747.60 H:748.00 L:747.15 C:747.50 V:1846425935.0
2026-06-05 13:55:00 [INFO] core.data_fetcher: 🕯️ Candle closed: HCLTECH | 2026-06-05 13:50 | O:1149.00 H:1149.50 L:1148.10 C:1148.10 V:122848504.0
2026-06-05 13:55:00 [INFO] core.data_fetcher: 🕯️ Candle closed: BHARTIARTL | 2026-06-05 13:50 | O:1796.00 H:1796.40 L:1794.70 C:1795.20 V:288525263.0
2026-06-05 13:55:00 [INFO] core.data_fetcher: 🕯️ Candle closed: EICHERMOT | 2026-06-05 13:50 | O:7070.00 H:7071.50 L:7064.00 C:7067.00 V:17417010.0
2026-06-05 13:55:01 [INFO] core.data_fetcher: 🕯️ Candle closed: TCS | 2026-06-05 13:50 | O:2200.00 H:2200.30 L:2199.20 C:2199.40 V:376716890.0
2026-06-05 13:55:01 [INFO] core.data_fetcher: 🕯️ Candle closed: ULTRACEMCO | 2026-06-05 13:50 | O:10860.00 H:10873.00 L:10859.00 C:10870.00 V:22628943.0
2026-06-05 13:55:01 [INFO] core.data_fetcher: 🕯️ Candle closed: WIPRO | 2026-06-05 13:50 | O:196.25 H:196.45 L:196.08 C:196.27 V:4695053069.0
2026-06-05 13:55:01 [INFO] core.data_fetcher: 🕯️ Candle closed: TITAN | 2026-06-05 13:50 | O:4244.90 H:4247.40 L:4242.00 C:4246.00 V:79761228.0
2026-06-05 13:55:01 [INFO] core.data_fetcher: 🕯️ Candle closed: SBIN | 2026-06-05 13:50 | O:973.50 H:973.60 L:972.05 C:973.35 V:2805409462.0
2026-06-05 13:55:01 [INFO] core.data_fetcher: 🕯️ Candle closed: CIPLA | 2026-06-05 13:50 | O:1400.60 H:1402.40 L:1399.80 C:1401.60 V:50954544.0
2026-06-05 13:55:01 [INFO] core.data_fetcher: 🕯️ Candle closed: ASIANPAINT | 2026-06-05 13:50 | O:2689.70 H:2690.30 L:2688.30 C:2688.90 V:89642759.0
2026-06-05 13:55:01 [INFO] core.data_fetcher: 🕯️ Candle closed: ITC | 2026-06-05 13:50 | O:279.65 H:279.80 L:279.55 C:279.70 V:2112969559.0
2026-06-05 13:55:01 [INFO] core.data_fetcher: 🕯️ Candle closed: M&M | 2026-06-05 13:50 | O:3035.30 H:3037.00 L:3033.40 C:3034.70 V:170697719.0
2026-06-05 13:55:01 [INFO] core.data_fetcher: 🕯️ Candle closed: LT | 2026-06-05 13:50 | O:3947.60 H:3948.30 L:3943.00 C:3944.50 V:141636222.0
2026-06-05 13:55:01 [INFO] core.data_fetcher: 🕯️ Candle closed: NESTLEIND | 2026-06-05 13:50 | O:1376.80 H:1376.90 L:1374.50 C:1375.40 V:40378472.0
2026-06-05 13:55:01 [INFO] core.data_fetcher: 🕯️ Candle closed: POWERGRID | 2026-06-05 13:50 | O:284.30 H:284.80 L:284.30 C:284.50 V:358698576.0
2026-06-05 13:55:01 [INFO] core.data_fetcher: 🕯️ Candle closed: JSWSTEEL | 2026-06-05 13:50 | O:1269.40 H:1270.90 L:1268.80 C:1269.70 V:62737686.0
2026-06-05 13:55:02 [INFO] core.data_fetcher: 🕯️ Candle closed: ADANIPORTS | 2026-06-05 13:50 | O:1813.10 H:1813.30 L:1810.50 C:1811.20 V:126945700.0
2026-06-05 13:55:02 [INFO] core.data_fetcher: 🕯️ Candle closed: SUNPHARMA | 2026-06-05 13:50 | O:1789.80 H:1791.70 L:1789.30 C:1791.00 V:138702923.0
2026-06-05 13:55:02 [INFO] core.data_fetcher: 🕯️ Candle closed: TECHM | 2026-06-05 13:50 | O:1472.40 H:1473.50 L:1471.60 C:1472.50 V:150039291.0
2026-06-05 13:55:02 [INFO] core.data_fetcher: 🕯️ Candle closed: ONGC | 2026-06-05 13:50 | O:264.70 H:264.80 L:264.50 C:264.60 V:389718072.0
2026-06-05 13:55:02 [INFO] core.data_fetcher: 🕯️ Candle closed: MARUTI | 2026-06-05 13:50 | O:13070.00 H:13075.00 L:13060.00 C:13067.00 V:20349937.0
2026-06-05 13:55:04 [INFO] core.data_fetcher: 🕯️ Candle closed: RELIANCE | 2026-06-05 13:50 | O:1291.90 H:1292.80 L:1291.10 C:1292.00 V:2489123558.0
2026-06-05 13:55:05 [INFO] core.data_fetcher: 🕯️ Candle closed: HDFCLIFE | 2026-06-05 13:50 | O:580.95 H:581.00 L:580.20 C:580.40 V:187528725.0
2026-06-05 13:55:06 [INFO] core.data_fetcher: 🕯️ Candle closed: DIVISLAB | 2026-06-05 13:50 | O:6585.50 H:6588.50 L:6583.00 C:6585.00 V:3108499.0
2026-06-05 13:55:07 [INFO] core.data_fetcher: 🕯️ Candle closed: HEROMOTOCO | 2026-06-05 13:50 | O:4845.10 H:4847.70 L:4842.50 C:4843.80 V:40891530.0
2026-06-05 13:55:09 [INFO] core.data_fetcher: 🕯️ Candle closed: DRREDDY | 2026-06-05 13:50 | O:1280.90 H:1281.30 L:1280.00 C:1281.10 V:24951735.0
2026-06-05 13:55:12 [INFO] core.state_manager: [BRIEFING] Loading from data/session_briefing.json...
2026-06-05 13:55:12 [INFO] core.state_manager: [BRIEFING] Loaded Valid: 8 approved + 22 watchlist (MORNING_SCREENER)
2026-06-05 13:55:28 [INFO] core.strategy: ─── Scan summary (30 subscribed) ───
  [Cognition] RELIANCE: ticks=2300 | live_candles=10
  [Cognition] MARUTI: ticks=1011 | live_candles=10
  [Cognition] WIPRO: ticks=1529 | live_candles=10
  [Cognition] HEROMOTOCO: ticks=1168 | live_candles=10
  [Cognition] TCS: ticks=1957 | live_candles=10
  [Cognition] HDFCBANK: ticks=1987 | live_candles=10
  [Cognition] ICICIBANK: ticks=1758 | live_candles=10
  [Cognition] ITC: ticks=1828 | live_candles=10
  [Math] SBIN: ticks=2221 | live_candles=10
  [Math] BHARTIARTL: ticks=1880 | live_candles=10
  [Math] LT: ticks=1727 | live_candles=10
  [Math] HCLTECH: ticks=1014 | live_candles=10
  [Math] ASIANPAINT: ticks=971 | live_candles=10
  [Math] SUNPHARMA: ticks=1015 | live_candles=10
  [Math] TITAN: ticks=1303 | live_candles=10
  [Math] ULTRACEMCO: ticks=829 | live_candles=10
  [Math] NESTLEIND: ticks=687 | live_candles=10
  [Math] TECHM: ticks=1222 | live_candles=10
  [Math] POWERGRID: ticks=632 | live_candles=10
  [Math] ONGC: ticks=1230 | live_candles=10
  [Math] ADANIPORTS: ticks=1241 | live_candles=10
  [Math] DIVISLAB: ticks=442 | live_candles=10
  [Math] DRREDDY: ticks=701 | live_candles=10
  [Math] EICHERMOT: ticks=619 | live_candles=10
  [Math] JSWSTEEL: ticks=923 | live_candles=10
  [Math] M&M: ticks=1539 | live_candles=10
  [Math] TATACONSUM: ticks=701 | live_candles=10
  [Math] TATASTEEL: ticks=2023 | live_candles=10
  [Math] CIPLA: ticks=866 | live_candles=10
  [Math] HDFCLIFE: ticks=774 | live_candles=10
2026-06-05 13:55:42 [INFO] apscheduler.executors.default: Running job "Market Observation Loop (trigger: interval[0:15:00], next run at: 2026-06-05 14:10:42 IST)" (scheduled at 2026-06-05 13:55:42.460753+05:30)
2026-06-05 13:55:42 [INFO] reflection.observation_loop: 🔍 Running observation cycle...
2026-06-05 13:55:42 [INFO] core.state_manager: [BRIEFING] Loading from data/session_briefing.json...
2026-06-05 13:55:42 [INFO] core.state_manager: [BRIEFING] Loaded Valid: 8 approved + 22 watchlist (MORNING_SCREENER)
2026-06-05 13:55:42 [INFO] reflection.observation_loop: 📊 Observation recorded:
   Market: RANGING | Trend: WEAK
   Vol: LOW | Breakouts: LOW
   Reversals: LOW
2026-06-05 13:55:42 [INFO] apscheduler.executors.default: Job "Market Observation Loop (trigger: interval[0:15:00], next run at: 2026-06-05 14:10:42 IST)" executed successfully
2026-06-05 13:56:14 [INFO] core.state_manager: [BRIEFING] Loading from data/session_briefing.json...
2026-06-05 13:56:14 [INFO] core.state_manager: [BRIEFING] Loaded Valid: 8 approved + 22 watchlist (MORNING_SCREENER)
2026-06-05 13:56:48 [INFO] core.data_fetcher: 📡 Live feed | ticks received: 30/30 symbols | active=['RELIANCE', 'MARUTI', 'WIPRO', 'HEROMOTOCO', 'TCS', 'HDFCBANK', 'ICICIBANK', 'ITC']...
2026-06-05 13:57:00 [INFO] core.strategy: ─── Scan summary (30 subscribed) ───
  [Cognition] RELIANCE: ticks=2369 | live_candles=10
  [Cognition] MARUTI: ticks=1044 | live_candles=10
  [Cognition] WIPRO: ticks=1585 | live_candles=10
  [Cognition] HEROMOTOCO: ticks=1205 | live_candles=10
  [Cognition] TCS: ticks=2013 | live_candles=10
  [Cognition] HDFCBANK: ticks=2057 | live_candles=10
  [Cognition] ICICIBANK: ticks=1810 | live_candles=10
  [Cognition] ITC: ticks=1896 | live_candles=10
  [Math] SBIN: ticks=2293 | live_candles=10
  [Math] BHARTIARTL: ticks=1942 | live_candles=10
  [Math] LT: ticks=1787 | live_candles=10
  [Math] HCLTECH: ticks=1045 | live_candles=10
  [Math] ASIANPAINT: ticks=1006 | live_candles=10
  [Math] SUNPHARMA: ticks=1055 | live_candles=10
  [Math] TITAN: ticks=1333 | live_candles=10
  [Math] ULTRACEMCO: ticks=860 | live_candles=10
  [Math] NESTLEIND: ticks=714 | live_candles=10
  [Math] TECHM: ticks=1268 | live_candles=10
  [Math] POWERGRID: ticks=652 | live_candles=10
  [Math] ONGC: ticks=1264 | live_candles=10
  [Math] ADANIPORTS: ticks=1279 | live_candles=10
  [Math] DIVISLAB: ticks=452 | live_candles=10
  [Math] DRREDDY: ticks=728 | live_candles=10
  [Math] EICHERMOT: ticks=628 | live_candles=10
  [Math] JSWSTEEL: ticks=936 | live_candles=10
  [Math] M&M: ticks=1590 | live_candles=10
  [Math] TATACONSUM: ticks=722 | live_candles=10
  [Math] TATASTEEL: ticks=2090 | live_candles=10
  [Math] CIPLA: ticks=896 | live_candles=10
  [Math] HDFCLIFE: ticks=794 | live_candles=10
2026-06-05 13:57:16 [INFO] core.state_manager: [BRIEFING] Loading from data/session_briefing.json...
2026-06-05 13:57:16 [INFO] core.state_manager: [BRIEFING] Loaded Valid: 8 approved + 22 watchlist (MORNING_SCREENER)
2026-06-05 13:58:18 [INFO] core.state_manager: [BRIEFING] Loading from data/session_briefing.json...
2026-06-05 13:58:18 [INFO] core.state_manager: [BRIEFING] Loaded Valid: 8 approved + 22 watchlist (MORNING_SCREENER)
2026-06-05 13:58:33 [INFO] core.strategy: ─── Scan summary (30 subscribed) ───
  [Cognition] RELIANCE: ticks=2451 | live_candles=10
  [Cognition] MARUTI: ticks=1082 | live_candles=10
  [Cognition] WIPRO: ticks=1629 | live_candles=10
  [Cognition] HEROMOTOCO: ticks=1232 | live_candles=10
  [Cognition] TCS: ticks=2074 | live_candles=10
  [Cognition] HDFCBANK: ticks=2119 | live_candles=10
  [Cognition] ICICIBANK: ticks=1862 | live_candles=10
  [Cognition] ITC: ticks=1969 | live_candles=10
  [Math] SBIN: ticks=2378 | live_candles=10
  [Math] BHARTIARTL: ticks=1991 | live_candles=10
  [Math] LT: ticks=1845 | live_candles=10
  [Math] HCLTECH: ticks=1078 | live_candles=10
  [Math] ASIANPAINT: ticks=1049 | live_candles=10
  [Math] SUNPHARMA: ticks=1102 | live_candles=10
  [Math] TITAN: ticks=1390 | live_candles=10
  [Math] ULTRACEMCO: ticks=891 | live_candles=10
  [Math] NESTLEIND: ticks=738 | live_candles=10
  [Math] TECHM: ticks=1309 | live_candles=10
  [Math] POWERGRID: ticks=690 | live_candles=10
  [Math] ONGC: ticks=1309 | live_candles=10
  [Math] ADANIPORTS: ticks=1319 | live_candles=10
  [Math] DIVISLAB: ticks=469 | live_candles=10
  [Math] DRREDDY: ticks=761 | live_candles=10
  [Math] EICHERMOT: ticks=649 | live_candles=10
  [Math] JSWSTEEL: ticks=949 | live_candles=10
  [Math] M&M: ticks=1648 | live_candles=10
  [Math] TATACONSUM: ticks=745 | live_candles=10
  [Math] TATASTEEL: ticks=2154 | live_candles=10
  [Math] CIPLA: ticks=919 | live_candles=10
  [Math] HDFCLIFE: ticks=816 | live_candles=10
2026-06-05 13:58:48 [INFO] core.data_fetcher: 📡 Live feed | ticks received: 30/30 symbols | active=['RELIANCE', 'MARUTI', 'WIPRO', 'HEROMOTOCO', 'TCS', 'HDFCBANK', 'ICICIBANK', 'ITC']...
2026-06-05 13:59:19 [INFO] core.state_manager: [BRIEFING] Loading from data/session_briefing.json...
2026-06-05 13:59:19 [INFO] core.state_manager: [BRIEFING] Loaded Valid: 8 approved + 22 watchlist (MORNING_SCREENER)
2026-06-05 14:00:00 [INFO] core.data_fetcher: 🕯️ Candle closed: DRREDDY | 2026-06-05 13:55 | O:1281.20 H:1282.00 L:1280.50 C:1281.80 V:23709425.0
2026-06-05 14:00:00 [INFO] core.data_fetcher: 🕯️ Candle closed: WIPRO | 2026-06-05 13:55 | O:196.25 H:196.39 L:196.20 C:196.35 V:4201348801.0
2026-06-05 14:00:00 [INFO] core.data_fetcher: 🕯️ Candle closed: HCLTECH | 2026-06-05 13:55 | O:1148.50 H:1148.70 L:1147.80 C:1148.20 V:111947787.0
2026-06-05 14:00:00 [INFO] core.data_fetcher: 🕯️ Candle closed: HDFCLIFE | 2026-06-05 13:55 | O:580.35 H:580.55 L:580.10 C:580.55 V:166023143.0
2026-06-05 14:00:00 [INFO] core.data_fetcher: 🕯️ Candle closed: ITC | 2026-06-05 13:55 | O:279.65 H:279.90 L:279.60 C:279.85 V:1930472923.0
2026-06-05 14:00:00 [INFO] core.data_fetcher: 🕯️ Candle closed: CIPLA | 2026-06-05 13:55 | O:1401.30 H:1401.70 L:1400.70 C:1401.30 V:46089544.0
2026-06-05 14:00:00 [INFO] core.data_fetcher: 🕯️ Candle closed: TATASTEEL | 2026-06-05 13:55 | O:204.57 H:205.03 L:204.52 C:205.03 V:3762688137.0
2026-06-05 14:00:00 [INFO] core.data_fetcher: 🕯️ Candle closed: BHARTIARTL | 2026-06-05 13:55 | O:1795.60 H:1796.50 L:1795.00 C:1796.10 V:264768673.0
2026-06-05 14:00:00 [INFO] core.data_fetcher: 🕯️ Candle closed: RELIANCE | 2026-06-05 13:55 | O:1292.40 H:1292.50 L:1291.30 C:1291.80 V:2299238514.0
2026-06-05 14:00:00 [INFO] core.data_fetcher: 🕯️ Candle closed: ADANIPORTS | 2026-06-05 13:55 | O:1811.70 H:1814.00 L:1810.10 C:1813.70 V:118058164.0
2026-06-05 14:00:00 [INFO] core.data_fetcher: 🕯️ Candle closed: DIVISLAB | 2026-06-05 13:55 | O:6584.00 H:6590.00 L:6583.00 C:6590.00 V:5153609.0
2026-06-05 14:00:00 [INFO] core.data_fetcher: 🕯️ Candle closed: HEROMOTOCO | 2026-06-05 13:55 | O:4843.70 H:4846.80 L:4840.00 C:4845.50 V:40050721.0
2026-06-05 14:00:00 [INFO] core.data_fetcher: 🕯️ Candle closed: POWERGRID | 2026-06-05 13:55 | O:284.45 H:284.85 L:284.40 C:284.75 V:266191581.0
2026-06-05 14:00:01 [INFO] core.data_fetcher: 🕯️ Candle closed: M&M | 2026-06-05 13:55 | O:3034.80 H:3036.80 L:3032.90 C:3035.50 V:125426315.0
2026-06-05 14:00:01 [INFO] core.data_fetcher: 🕯️ Candle closed: JSWSTEEL | 2026-06-05 13:55 | O:1269.60 H:1270.00 L:1268.50 C:1270.00 V:35924349.0
2026-06-05 14:00:01 [INFO] core.data_fetcher: 🕯️ Candle closed: TATACONSUM | 2026-06-05 13:55 | O:1130.20 H:1131.70 L:1130.20 C:1131.40 V:34650589.0
2026-06-05 14:00:01 [INFO] core.data_fetcher: 🕯️ Candle closed: ASIANPAINT | 2026-06-05 13:55 | O:2688.50 H:2693.30 L:2688.50 C:2692.50 V:112672320.0
2026-06-05 14:00:01 [INFO] core.data_fetcher: 🕯️ Candle closed: SUNPHARMA | 2026-06-05 13:55 | O:1791.10 H:1792.70 L:1790.60 C:1792.00 V:127636655.0
2026-06-05 14:00:01 [INFO] core.data_fetcher: 🕯️ Candle closed: TECHM | 2026-06-05 13:55 | O:1472.70 H:1474.60 L:1472.10 C:1472.80 V:144566108.0
2026-06-05 14:00:01 [INFO] core.data_fetcher: 🕯️ Candle closed: SBIN | 2026-06-05 13:55 | O:973.45 H:974.95 L:972.70 C:974.70 V:3093181213.0
2026-06-05 14:00:01 [INFO] core.data_fetcher: 🕯️ Candle closed: ONGC | 2026-06-05 13:55 | O:264.65 H:264.70 L:264.60 C:264.65 V:344793564.0
2026-06-05 14:00:01 [INFO] core.data_fetcher: 🕯️ Candle closed: LT | 2026-06-05 13:55 | O:3944.20 H:3948.70 L:3940.70 C:3947.40 V:119124416.0
2026-06-05 14:00:01 [INFO] core.data_fetcher: 🕯️ Candle closed: NESTLEIND | 2026-06-05 13:55 | O:1375.50 H:1376.90 L:1374.70 C:1376.90 V:55600789.0
2026-06-05 14:00:01 [INFO] core.data_fetcher: 🕯️ Candle closed: TITAN | 2026-06-05 13:55 | O:4245.70 H:4256.00 L:4244.50 C:4256.00 V:90490427.0
2026-06-05 14:00:02 [INFO] core.data_fetcher: 🕯️ Candle closed: ICICIBANK | 2026-06-05 13:55 | O:1257.50 H:1259.50 L:1257.40 C:1259.40 V:953535661.0
2026-06-05 14:00:02 [INFO] core.data_fetcher: 🕯️ Candle closed: ULTRACEMCO | 2026-06-05 13:55 | O:10871.00 H:10880.00 L:10867.00 C:10879.00 V:20539521.0
2026-06-05 14:00:02 [INFO] core.data_fetcher: 🕯️ Candle closed: MARUTI | 2026-06-05 13:55 | O:13062.00 H:13077.00 L:13061.00 C:13070.00 V:16554714.0
2026-06-05 14:00:03 [INFO] core.data_fetcher: 🕯️ Candle closed: EICHERMOT | 2026-06-05 13:55 | O:7064.00 H:7072.00 L:7062.00 C:7067.50 V:13597735.0
2026-06-05 14:00:03 [INFO] core.data_fetcher: 🕯️ Candle closed: TCS | 2026-06-05 13:55 | O:2199.50 H:2200.00 L:2199.00 C:2200.00 V:446934462.0
2026-06-05 14:00:06 [INFO] core.strategy: ─── Scan summary (30 subscribed) ───
  [Cognition] RELIANCE: ticks=2535 | live_candles=11
  [Cognition] MARUTI: ticks=1118 | live_candles=11
  [Cognition] WIPRO: ticks=1690 | live_candles=11
  [Cognition] HEROMOTOCO: ticks=1261 | live_candles=11
  [Cognition] TCS: ticks=2127 | live_candles=11
  [Cognition] HDFCBANK: ticks=2176 | live_candles=10
  [Cognition] ICICIBANK: ticks=1916 | live_candles=11
  [Cognition] ITC: ticks=2029 | live_candles=11
  [Math] SBIN: ticks=2465 | live_candles=11
  [Math] BHARTIARTL: ticks=2037 | live_candles=11
  [Math] LT: ticks=1903 | live_candles=11
  [Math] HCLTECH: ticks=1117 | live_candles=11
  [Math] ASIANPAINT: ticks=1087 | live_candles=11
  [Math] SUNPHARMA: ticks=1148 | live_candles=11
  [Math] TITAN: ticks=1436 | live_candles=11
  [Math] ULTRACEMCO: ticks=927 | live_candles=11
  [Math] NESTLEIND: ticks=764 | live_candles=11
  [Math] TECHM: ticks=1359 | live_candles=11
  [Math] POWERGRID: ticks=717 | live_candles=11
  [Math] ONGC: ticks=1346 | live_candles=11
  [Math] ADANIPORTS: ticks=1359 | live_candles=11
  [Math] DIVISLAB: ticks=489 | live_candles=11
  [Math] DRREDDY: ticks=780 | live_candles=11
  [Math] EICHERMOT: ticks=671 | live_candles=11
  [Math] JSWSTEEL: ticks=966 | live_candles=11
  [Math] M&M: ticks=1702 | live_candles=11
  [Math] TATACONSUM: ticks=772 | live_candles=11
  [Math] TATASTEEL: ticks=2231 | live_candles=11
  [Math] CIPLA: ticks=946 | live_candles=11
  [Math] HDFCLIFE: ticks=838 | live_candles=11
2026-06-05 14:00:07 [INFO] core.data_fetcher: 🕯️ Candle closed: HDFCBANK | 2026-06-05 13:55 | O:747.60 H:748.00 L:747.25 C:748.00 V:2064175310.0
2026-06-05 14:00:21 [INFO] core.state_manager: [BRIEFING] Loading from data/session_briefing.json...
2026-06-05 14:00:21 [INFO] core.state_manager: [BRIEFING] Loaded Valid: 8 approved + 22 watchlist (MORNING_SCREENER)
2026-06-05 14:00:49 [INFO] core.data_fetcher: 📡 Live feed | ticks received: 30/30 symbols | active=['RELIANCE', 'MARUTI', 'WIPRO', 'HEROMOTOCO', 'TCS', 'HDFCBANK', 'ICICIBANK', 'ITC']...
2026-06-05 14:01:23 [INFO] core.state_manager: [BRIEFING] Loading from data/session_briefing.json...
2026-06-05 14:01:23 [INFO] core.state_manager: [BRIEFING] Loaded Valid: 8 approved + 22 watchlist (MORNING_SCREENER)
2026-06-05 14:01:38 [INFO] core.strategy: ─── Scan summary (30 subscribed) ───
  [Cognition] RELIANCE: ticks=2614 | live_candles=11
  [Cognition] MARUTI: ticks=1161 | live_candles=11
  [Cognition] WIPRO: ticks=1742 | live_candles=11
  [Cognition] HEROMOTOCO: ticks=1300 | live_candles=11
  [Cognition] TCS: ticks=2179 | live_candles=11
  [Cognition] HDFCBANK: ticks=2242 | live_candles=11
  [Cognition] ICICIBANK: ticks=1979 | live_candles=11
  [Cognition] ITC: ticks=2091 | live_candles=11
  [Math] SBIN: ticks=2556 | live_candles=11
  [Math] BHARTIARTL: ticks=2088 | live_candles=11
  [Math] LT: ticks=1970 | live_candles=11
  [Math] HCLTECH: ticks=1153 | live_candles=11
  [Math] ASIANPAINT: ticks=1137 | live_candles=11
  [Math] SUNPHARMA: ticks=1187 | live_candles=11
  [Math] TITAN: ticks=1476 | live_candles=11
  [Math] ULTRACEMCO: ticks=966 | live_candles=11
  [Math] NESTLEIND: ticks=803 | live_candles=11
  [Math] TECHM: ticks=1404 | live_candles=11
  [Math] POWERGRID: ticks=750 | live_candles=11
  [Math] ONGC: ticks=1385 | live_candles=11
  [Math] ADANIPORTS: ticks=1401 | live_candles=11
  [Math] DIVISLAB: ticks=495 | live_candles=11
  [Math] DRREDDY: ticks=806 | live_candles=11
  [Math] EICHERMOT: ticks=698 | live_candles=11
  [Math] JSWSTEEL: ticks=1012 | live_candles=11
  [Math] M&M: ticks=1779 | live_candles=11
  [Math] TATACONSUM: ticks=805 | live_candles=11
  [Math] TATASTEEL: ticks=2316 | live_candles=11
  [Math] CIPLA: ticks=983 | live_candles=11
  [Math] HDFCLIFE: ticks=872 | live_candles=11
2026-06-05 14:02:25 [INFO] core.state_manager: [BRIEFING] Loading from data/session_briefing.json...
2026-06-05 14:02:25 [INFO] core.state_manager: [BRIEFING] Loaded Valid: 8 approved + 22 watchlist (MORNING_SCREENER)
2026-06-05 14:02:49 [INFO] core.data_fetcher: 📡 Live feed | ticks received: 30/30 symbols | active=['RELIANCE', 'MARUTI', 'WIPRO', 'HEROMOTOCO', 'TCS', 'HDFCBANK', 'ICICIBANK', 'ITC']...
2026-06-05 14:03:11 [INFO] core.strategy: ─── Scan summary (30 subscribed) ───
  [Cognition] RELIANCE: ticks=2687 | live_candles=11
  [Cognition] MARUTI: ticks=1201 | live_candles=11
  [Cognition] WIPRO: ticks=1789 | live_candles=11
  [Cognition] HEROMOTOCO: ticks=1334 | live_candles=11
  [Cognition] TCS: ticks=2221 | live_candles=11
  [Cognition] HDFCBANK: ticks=2311 | live_candles=11
  [Cognition] ICICIBANK: ticks=2035 | live_candles=11
  [Cognition] ITC: ticks=2161 | live_candles=11
  [Math] SBIN: ticks=2654 | live_candles=11
  [Math] BHARTIARTL: ticks=2133 | live_candles=11
  [Math] LT: ticks=2010 | live_candles=11
  [Math] HCLTECH: ticks=1182 | live_candles=11
  [Math] ASIANPAINT: ticks=1177 | live_candles=11
  [Math] SUNPHARMA: ticks=1233 | live_candles=11
  [Math] TITAN: ticks=1529 | live_candles=11
  [Math] ULTRACEMCO: ticks=1000 | live_candles=11
  [Math] NESTLEIND: ticks=823 | live_candles=11
  [Math] TECHM: ticks=1453 | live_candles=11
  [Math] POWERGRID: ticks=767 | live_candles=11
  [Math] ONGC: ticks=1420 | live_candles=11
  [Math] ADANIPORTS: ticks=1437 | live_candles=11
  [Math] DIVISLAB: ticks=501 | live_candles=11
  [Math] DRREDDY: ticks=830 | live_candles=11
  [Math] EICHERMOT: ticks=715 | live_candles=11
  [Math] JSWSTEEL: ticks=1058 | live_candles=11
  [Math] M&M: ticks=1848 | live_candles=11
  [Math] TATACONSUM: ticks=831 | live_candles=11
  [Math] TATASTEEL: ticks=2392 | live_candles=11
  [Math] CIPLA: ticks=1013 | live_candles=11
  [Math] HDFCLIFE: ticks=892 | live_candles=11
2026-06-05 14:03:26 [INFO] core.state_manager: [BRIEFING] Loading from data/session_briefing.json...
2026-06-05 14:03:26 [INFO] core.state_manager: [BRIEFING] Loaded Valid: 8 approved + 22 watchlist (MORNING_SCREENER)
2026-06-05 14:04:28 [INFO] core.state_manager: [BRIEFING] Loading from data/session_briefing.json...
2026-06-05 14:04:28 [INFO] core.state_manager: [BRIEFING] Loaded Valid: 8 approved + 22 watchlist (MORNING_SCREENER)
2026-06-05 14:04:43 [INFO] core.strategy: ─── Scan summary (30 subscribed) ───
  [Cognition] RELIANCE: ticks=2768 | live_candles=11
  [Cognition] MARUTI: ticks=1235 | live_candles=11
  [Cognition] WIPRO: ticks=1844 | live_candles=11
  [Cognition] HEROMOTOCO: ticks=1376 | live_candles=11
  [Cognition] TCS: ticks=2270 | live_candles=11
  [Cognition] HDFCBANK: ticks=2387 | live_candles=11
  [Cognition] ICICIBANK: ticks=2091 | live_candles=11
  [Cognition] ITC: ticks=2232 | live_candles=11
  [Math] SBIN: ticks=2743 | live_candles=11
  [Math] BHARTIARTL: ticks=2178 | live_candles=11
  [Math] LT: ticks=2060 | live_candles=11
  [Math] HCLTECH: ticks=1220 | live_candles=11
  [Math] ASIANPAINT: ticks=1215 | live_candles=11
  [Math] SUNPHARMA: ticks=1278 | live_candles=11
  [Math] TITAN: ticks=1583 | live_candles=11
  [Math] ULTRACEMCO: ticks=1033 | live_candles=11
  [Math] NESTLEIND: ticks=850 | live_candles=11
  [Math] TECHM: ticks=1487 | live_candles=11
  [Math] POWERGRID: ticks=795 | live_candles=11
  [Math] ONGC: ticks=1464 | live_candles=11
  [Math] ADANIPORTS: ticks=1479 | live_candles=11
  [Math] DIVISLAB: ticks=516 | live_candles=11
  [Math] DRREDDY: ticks=859 | live_candles=11
  [Math] EICHERMOT: ticks=737 | live_candles=11
  [Math] JSWSTEEL: ticks=1105 | live_candles=11
  [Math] M&M: ticks=1905 | live_candles=11
  [Math] TATACONSUM: ticks=858 | live_candles=11
  [Math] TATASTEEL: ticks=2456 | live_candles=11
  [Math] CIPLA: ticks=1042 | live_candles=11
  [Math] HDFCLIFE: ticks=912 | live_candles=11
2026-06-05 14:04:49 [INFO] core.data_fetcher: 📡 Live feed | ticks received: 30/30 symbols | active=['RELIANCE', 'MARUTI', 'WIPRO', 'HEROMOTOCO', 'TCS', 'HDFCBANK', 'ICICIBANK', 'ITC']...
2026-06-05 14:05:00 [INFO] core.data_fetcher: 🕯️ Candle closed: TATASTEEL | 2026-06-05 14:00 | O:205.09 H:205.40 L:204.70 C:205.35 V:5186620922.0
2026-06-05 14:05:00 [INFO] core.data_fetcher: 🕯️ Candle closed: HDFCBANK | 2026-06-05 14:00 | O:748.05 H:748.35 L:746.90 C:747.50 V:2196282276.0
2026-06-05 14:05:00 [INFO] core.data_fetcher: 🕯️ Candle closed: TCS | 2026-06-05 14:00 | O:2199.80 H:2200.60 L:2199.50 C:2200.00 V:475583082.0
2026-06-05 14:05:00 [INFO] core.data_fetcher: 🕯️ Candle closed: BHARTIARTL | 2026-06-05 14:00 | O:1796.20 H:1798.00 L:1796.10 C:1797.90 V:266348637.0
2026-06-05 14:05:00 [INFO] core.data_fetcher: 🕯️ Candle closed: EICHERMOT | 2026-06-05 14:00 | O:7072.00 H:7072.00 L:7064.00 C:7066.00 V:19172695.0
2026-06-05 14:05:00 [INFO] core.data_fetcher: 🕯️ Candle closed: MARUTI | 2026-06-05 14:00 | O:13078.00 H:13079.00 L:13061.00 C:13068.00 V:20482284.0
2026-06-05 14:05:00 [INFO] core.data_fetcher: 🕯️ Candle closed: WIPRO | 2026-06-05 14:00 | O:196.39 H:196.78 L:196.24 C:196.78 V:4932263967.0
2026-06-05 14:05:00 [INFO] core.data_fetcher: 🕯️ Candle closed: HCLTECH | 2026-06-05 14:00 | O:1148.10 H:1149.80 L:1147.80 C:1149.20 V:117672224.0
2026-06-05 14:05:00 [INFO] core.data_fetcher: 🕯️ Candle closed: HDFCLIFE | 2026-06-05 14:00 | O:580.75 H:581.15 L:580.05 C:580.70 V:218315066.0
2026-06-05 14:05:00 [INFO] core.data_fetcher: 🕯️ Candle closed: M&M | 2026-06-05 14:00 | O:3036.00 H:3039.00 L:3035.30 C:3037.50 V:186791184.0
2026-06-05 14:05:00 [INFO] core.data_fetcher: 🕯️ Candle closed: HEROMOTOCO | 2026-06-05 14:00 | O:4845.90 H:4850.00 L:4840.60 C:4843.90 V:48645686.0
2026-06-05 14:05:01 [INFO] core.data_fetcher: 🕯️ Candle closed: JSWSTEEL | 2026-06-05 14:00 | O:1270.40 H:1271.50 L:1267.30 C:1269.50 V:137579307.0
2026-06-05 14:05:02 [INFO] core.data_fetcher: 🕯️ Candle closed: TATACONSUM | 2026-06-05 14:00 | O:1131.30 H:1131.80 L:1130.90 C:1131.20 V:50852608.0
2026-06-05 14:05:02 [INFO] core.data_fetcher: 🕯️ Candle closed: RELIANCE | 2026-06-05 14:00 | O:1291.70 H:1292.10 L:1291.00 C:1291.30 V:2616590382.0
2026-06-05 14:05:02 [INFO] core.data_fetcher: 🕯️ Candle closed: TECHM | 2026-06-05 14:00 | O:1473.10 H:1475.80 L:1472.50 C:1475.80 V:169226507.0
2026-06-05 14:05:02 [INFO] core.data_fetcher: 🕯️ Candle closed: ULTRACEMCO | 2026-06-05 14:00 | O:10883.00 H:10883.00 L:10869.00 C:10873.00 V:28753495.0
2026-06-05 14:05:02 [INFO] core.data_fetcher: 🕯️ Candle closed: SBIN | 2026-06-05 14:00 | O:974.80 H:975.60 L:972.50 C:973.75 V:4012323503.0
2026-06-05 14:05:02 [INFO] core.data_fetcher: 🕯️ Candle closed: ITC | 2026-06-05 14:00 | O:279.80 H:280.10 L:279.80 C:279.90 V:2095617603.0
2026-06-05 14:05:02 [INFO] core.data_fetcher: 🕯️ Candle closed: LT | 2026-06-05 14:00 | O:3948.20 H:3950.00 L:3945.10 C:3946.50 V:127852161.0
2026-06-05 14:05:02 [INFO] core.data_fetcher: 🕯️ Candle closed: NESTLEIND | 2026-06-05 14:00 | O:1376.60 H:1377.00 L:1376.10 C:1377.00 V:54380497.0
2026-06-05 14:05:02 [INFO] core.data_fetcher: 🕯️ Candle closed: POWERGRID | 2026-06-05 14:00 | O:284.80 H:284.90 L:284.40 C:284.40 V:314333488.0
2026-06-05 14:05:02 [INFO] core.data_fetcher: 🕯️ Candle closed: TITAN | 2026-06-05 14:00 | O:4254.50 H:4256.00 L:4251.00 C:4253.60 V:109961751.0
2026-06-05 14:05:02 [INFO] core.data_fetcher: 🕯️ Candle closed: CIPLA | 2026-06-05 14:00 | O:1401.40 H:1402.40 L:1400.40 C:1402.00 V:53432147.0
2026-06-05 14:05:03 [INFO] core.data_fetcher: 🕯️ Candle closed: ASIANPAINT | 2026-06-05 14:00 | O:2692.80 H:2696.80 L:2692.20 C:2693.50 V:109615524.0
2026-06-05 14:05:03 [INFO] core.data_fetcher: 🕯️ Candle closed: ONGC | 2026-06-05 14:00 | O:264.70 H:264.80 L:264.60 C:264.80 V:470148549.0
2026-06-05 14:05:04 [INFO] core.order_executor: 📈 TRAILING SL | WIPRO | ₹194.78 → ₹194.79
2026-06-05 14:05:05 [INFO] core.data_fetcher: 🕯️ Candle closed: ICICIBANK | 2026-06-05 14:00 | O:1259.80 H:1260.80 L:1258.90 C:1260.70 V:1028843324.0
2026-06-05 14:05:05 [INFO] core.data_fetcher: 🕯️ Candle closed: SUNPHARMA | 2026-06-05 14:00 | O:1792.10 H:1792.90 L:1790.30 C:1792.50 V:146264942.0
2026-06-05 14:05:06 [INFO] core.data_fetcher: 🕯️ Candle closed: ADANIPORTS | 2026-06-05 14:00 | O:1814.50 H:1816.60 L:1812.70 C:1816.50 V:120170124.0
2026-06-05 14:05:07 [INFO] core.data_fetcher: 🕯️ Candle closed: DRREDDY | 2026-06-05 14:00 | O:1282.10 H:1282.60 L:1281.00 C:1282.50 V:27554190.0
2026-06-05 14:05:14 [INFO] core.data_fetcher: 🕯️ Candle closed: DIVISLAB | 2026-06-05 14:00 | O:6587.50 H:6592.50 L:6585.00 C:6588.50 V:3542828.0
2026-06-05 14:05:30 [INFO] core.state_manager: [BRIEFING] Loading from data/session_briefing.json...
2026-06-05 14:05:30 [INFO] core.state_manager: [BRIEFING] Loaded Valid: 8 approved + 22 watchlist (MORNING_SCREENER)
2026-06-05 14:06:16 [INFO] core.strategy: ─── Scan summary (30 subscribed) ───
  [Cognition] RELIANCE: ticks=2827 | live_candles=12
  [Cognition] MARUTI: ticks=1269 | live_candles=12
  [Cognition] WIPRO: ticks=1899 | live_candles=12
  [Cognition] HEROMOTOCO: ticks=1417 | live_candles=12
  [Cognition] TCS: ticks=2338 | live_candles=12
  [Cognition] HDFCBANK: ticks=2460 | live_candles=12
  [Cognition] ICICIBANK: ticks=2140 | live_candles=12
  [Cognition] ITC: ticks=2297 | live_candles=12
  [Math] SBIN: ticks=2826 | live_candles=12
  [Math] BHARTIARTL: ticks=2241 | live_candles=12
  [Math] LT: ticks=2119 | live_candles=12
  [Math] HCLTECH: ticks=1253 | live_candles=12
  [Math] ASIANPAINT: ticks=1252 | live_candles=12
  [Math] SUNPHARMA: ticks=1319 | live_candles=12
  [Math] TITAN: ticks=1625 | live_candles=12
  [Math] ULTRACEMCO: ticks=1067 | live_candles=12
  [Math] NESTLEIND: ticks=883 | live_candles=12
  [Math] TECHM: ticks=1521 | live_candles=12
  [Math] POWERGRID: ticks=825 | live_candles=12
  [Math] ONGC: ticks=1503 | live_candles=12
  [Math] ADANIPORTS: ticks=1520 | live_candles=12
  [Math] DIVISLAB: ticks=530 | live_candles=12
  [Math] DRREDDY: ticks=884 | live_candles=12
  [Math] EICHERMOT: ticks=756 | live_candles=12
  [Math] JSWSTEEL: ticks=1128 | live_candles=12
  [Math] M&M: ticks=1958 | live_candles=12
  [Math] TATACONSUM: ticks=879 | live_candles=12
  [Math] TATASTEEL: ticks=2536 | live_candles=12
  [Math] CIPLA: ticks=1074 | live_candles=12
  [Math] HDFCLIFE: ticks=934 | live_candles=12
2026-06-05 14:06:32 [INFO] core.state_manager: [BRIEFING] Loading from data/session_briefing.json...
2026-06-05 14:06:32 [INFO] core.state_manager: [BRIEFING] Loaded Valid: 8 approved + 22 watchlist (MORNING_SCREENER)
2026-06-05 14:06:49 [INFO] core.data_fetcher: 📡 Live feed | ticks received: 30/30 symbols | active=['RELIANCE', 'MARUTI', 'WIPRO', 'HEROMOTOCO', 'TCS', 'HDFCBANK', 'ICICIBANK', 'ITC']...
2026-06-05 14:07:33 [INFO] core.state_manager: [BRIEFING] Loading from data/session_briefing.json...
2026-06-05 14:07:33 [INFO] core.state_manager: [BRIEFING] Loaded Valid: 8 approved + 22 watchlist (MORNING_SCREENER)
2026-06-05 14:07:49 [INFO] core.strategy: ─── Scan summary (30 subscribed) ───
  [Cognition] RELIANCE: ticks=2893 | live_candles=12
  [Cognition] MARUTI: ticks=1303 | live_candles=12
  [Cognition] WIPRO: ticks=1959 | live_candles=12
  [Cognition] HEROMOTOCO: ticks=1455 | live_candles=12
  [Cognition] TCS: ticks=2394 | live_candles=12
  [Cognition] HDFCBANK: ticks=2538 | live_candles=12
  [Cognition] ICICIBANK: ticks=2196 | live_candles=12
  [Cognition] ITC: ticks=2362 | live_candles=12
  [Math] SBIN: ticks=2896 | live_candles=12
  [Math] BHARTIARTL: ticks=2305 | live_candles=12
  [Math] LT: ticks=2175 | live_candles=12
  [Math] HCLTECH: ticks=1295 | live_candles=12
  [Math] ASIANPAINT: ticks=1283 | live_candles=12
  [Math] SUNPHARMA: ticks=1368 | live_candles=12
  [Math] TITAN: ticks=1670 | live_candles=12
  [Math] ULTRACEMCO: ticks=1097 | live_candles=12
  [Math] NESTLEIND: ticks=913 | live_candles=12
  [Math] TECHM: ticks=1562 | live_candles=12
  [Math] POWERGRID: ticks=853 | live_candles=12
  [Math] ONGC: ticks=1544 | live_candles=12
  [Math] ADANIPORTS: ticks=1558 | live_candles=12
  [Math] DIVISLAB: ticks=545 | live_candles=12
  [Math] DRREDDY: ticks=902 | live_candles=12
  [Math] EICHERMOT: ticks=777 | live_candles=12
  [Math] JSWSTEEL: ticks=1163 | live_candles=12
  [Math] M&M: ticks=2019 | live_candles=12
  [Math] TATACONSUM: ticks=910 | live_candles=12
  [Math] TATASTEEL: ticks=2620 | live_candles=12
  [Math] CIPLA: ticks=1104 | live_candles=12
  [Math] HDFCLIFE: ticks=956 | live_candles=12
2026-06-05 14:08:35 [INFO] core.state_manager: [BRIEFING] Loading from data/session_briefing.json...
2026-06-05 14:08:35 [INFO] core.state_manager: [BRIEFING] Loaded Valid: 8 approved + 22 watchlist (MORNING_SCREENER)
2026-06-05 14:08:50 [INFO] core.data_fetcher: 📡 Live feed | ticks received: 30/30 symbols | active=['RELIANCE', 'MARUTI', 'WIPRO', 'HEROMOTOCO', 'TCS', 'HDFCBANK', 'ICICIBANK', 'ITC']...
2026-06-05 14:09:06 [INFO] core.order_executor: 📈 TRAILING SL | WIPRO | ₹194.79 → ₹194.81
2026-06-05 14:09:22 [INFO] core.strategy: ─── Scan summary (30 subscribed) ───
  [Cognition] RELIANCE: ticks=2961 | live_candles=12
  [Cognition] MARUTI: ticks=1339 | live_candles=12
  [Cognition] WIPRO: ticks=2005 | live_candles=12
  [Cognition] HEROMOTOCO: ticks=1499 | live_candles=12
  [Cognition] TCS: ticks=2455 | live_candles=12
  [Cognition] HDFCBANK: ticks=2612 | live_candles=12
  [Cognition] ICICIBANK: ticks=2265 | live_candles=12
  [Cognition] ITC: ticks=2430 | live_candles=12
  [Math] SBIN: ticks=2977 | live_candles=12
  [Math] BHARTIARTL: ticks=2370 | live_candles=12
  [Math] LT: ticks=2248 | live_candles=12
  [Math] HCLTECH: ticks=1334 | live_candles=12
  [Math] ASIANPAINT: ticks=1331 | live_candles=12
  [Math] SUNPHARMA: ticks=1415 | live_candles=12
  [Math] TITAN: ticks=1719 | live_candles=12
  [Math] ULTRACEMCO: ticks=1128 | live_candles=12
  [Math] NESTLEIND: ticks=941 | live_candles=12
  [Math] TECHM: ticks=1602 | live_candles=12
  [Math] POWERGRID: ticks=880 | live_candles=12
  [Math] ONGC: ticks=1575 | live_candles=12
  [Math] ADANIPORTS: ticks=1587 | live_candles=12
  [Math] DIVISLAB: ticks=556 | live_candles=12
  [Math] DRREDDY: ticks=935 | live_candles=12
  [Math] EICHERMOT: ticks=797 | live_candles=12
  [Math] JSWSTEEL: ticks=1203 | live_candles=12
  [Math] M&M: ticks=2088 | live_candles=12
  [Math] TATACONSUM: ticks=932 | live_candles=12
  [Math] TATASTEEL: ticks=2682 | live_candles=12
  [Math] CIPLA: ticks=1133 | live_candles=12
  [Math] HDFCLIFE: ticks=976 | live_candles=12
2026-06-05 14:09:37 [INFO] core.state_manager: [BRIEFING] Loading from data/session_briefing.json...
2026-06-05 14:09:37 [INFO] core.state_manager: [BRIEFING] Loaded Valid: 8 approved + 22 watchlist (MORNING_SCREENER)
2026-06-05 14:10:00 [INFO] core.data_fetcher: 🕯️ Candle closed: ASIANPAINT | 2026-06-05 14:05 | O:2693.10 H:2695.00 L:2690.00 C:2690.70 V:98110140.0
2026-06-05 14:10:00 [INFO] core.data_fetcher: 🕯️ Candle closed: LT | 2026-06-05 14:05 | O:3946.90 H:3956.90 L:3946.90 C:3955.70 V:137765643.0
2026-06-05 14:10:00 [INFO] core.data_fetcher: 🕯️ Candle closed: ICICIBANK | 2026-06-05 14:05 | O:1260.80 H:1262.00 L:1260.10 C:1260.50 V:1044898230.0
2026-06-05 14:10:00 [INFO] core.data_fetcher: 🕯️ Candle closed: RELIANCE | 2026-06-05 14:05 | O:1291.60 H:1292.00 L:1291.10 C:1291.80 V:2245190041.0
2026-06-05 14:10:00 [INFO] core.data_fetcher: 🕯️ Candle closed: EICHERMOT | 2026-06-05 14:05 | O:7068.00 H:7072.00 L:7065.50 C:7066.00 V:15653825.0
2026-06-05 14:10:00 [INFO] core.data_fetcher: 🕯️ Candle closed: HDFCBANK | 2026-06-05 14:05 | O:747.75 H:747.75 L:746.60 C:746.90 V:2303843311.0
2026-06-05 14:10:00 [INFO] core.data_fetcher: 🕯️ Candle closed: TCS | 2026-06-05 14:05 | O:2200.40 H:2201.80 L:2199.30 C:2199.90 V:598884542.0
2026-06-05 14:10:00 [INFO] core.data_fetcher: 🕯️ Candle closed: SBIN | 2026-06-05 14:05 | O:973.70 H:974.35 L:973.10 C:974.00 V:3176532601.0
2026-06-05 14:10:00 [INFO] core.data_fetcher: 🕯️ Candle closed: M&M | 2026-06-05 14:05 | O:3036.50 H:3038.00 L:3035.10 C:3035.30 V:169634074.0
2026-06-05 14:10:00 [INFO] core.data_fetcher: 🕯️ Candle closed: TITAN | 2026-06-05 14:05 | O:4252.70 H:4254.10 L:4248.60 C:4251.70 V:106634349.0
2026-06-05 14:10:01 [INFO] core.data_fetcher: 🕯️ Candle closed: ONGC | 2026-06-05 14:05 | O:264.75 H:265.10 L:264.70 C:265.00 V:431611363.0
2026-06-05 14:10:01 [INFO] core.data_fetcher: 🕯️ Candle closed: ADANIPORTS | 2026-06-05 14:05 | O:1815.80 H:1817.70 L:1814.50 C:1814.70 V:97488624.0
2026-06-05 14:10:01 [INFO] core.data_fetcher: 🕯️ Candle closed: ITC | 2026-06-05 14:05 | O:279.85 H:280.40 L:279.80 C:280.20 V:2076445527.0
2026-06-05 14:10:01 [INFO] core.data_fetcher: 🕯️ Candle closed: TATACONSUM | 2026-06-05 14:05 | O:1131.10 H:1131.90 L:1130.60 C:1130.80 V:42974300.0
2026-06-05 14:10:01 [INFO] core.data_fetcher: 🕯️ Candle closed: SUNPHARMA | 2026-06-05 14:05 | O:1792.40 H:1793.50 L:1790.60 C:1791.90 V:163657564.0
2026-06-05 14:10:01 [INFO] core.data_fetcher: 🕯️ Candle closed: TECHM | 2026-06-05 14:05 | O:1475.50 H:1475.80 L:1472.60 C:1473.00 V:139738368.0
2026-06-05 14:10:01 [INFO] core.data_fetcher: 🕯️ Candle closed: DRREDDY | 2026-06-05 14:05 | O:1282.20 H:1284.80 L:1282.10 C:1283.00 V:24450376.0
2026-06-05 14:10:01 [INFO] core.data_fetcher: 🕯️ Candle closed: NESTLEIND | 2026-06-05 14:05 | O:1376.90 H:1378.10 L:1376.70 C:1377.00 V:63726417.0
2026-06-05 14:10:01 [INFO] core.data_fetcher: 🕯️ Candle closed: HEROMOTOCO | 2026-06-05 14:05 | O:4845.00 H:4850.00 L:4842.30 C:4846.80 V:47988110.0
2026-06-05 14:10:01 [INFO] core.data_fetcher: 🕯️ Candle closed: WIPRO | 2026-06-05 14:05 | O:196.71 H:196.78 L:196.62 C:196.73 V:4596852817.0
2026-06-05 14:10:01 [INFO] core.data_fetcher: 🕯️ Candle closed: POWERGRID | 2026-06-05 14:05 | O:284.45 H:285.05 L:284.40 C:285.05 V:368427074.0
2026-06-05 14:10:01 [INFO] core.data_fetcher: 🕯️ Candle closed: JSWSTEEL | 2026-06-05 14:05 | O:1269.40 H:1274.60 L:1268.50 C:1273.00 V:97505557.0
2026-06-05 14:10:02 [INFO] core.data_fetcher: 🕯️ Candle closed: CIPLA | 2026-06-05 14:05 | O:1402.50 H:1402.70 L:1400.60 C:1401.00 V:49870184.0
2026-06-05 14:10:02 [INFO] core.data_fetcher: 🕯️ Candle closed: BHARTIARTL | 2026-06-05 14:05 | O:1798.00 H:1798.60 L:1796.90 C:1796.90 V:296162109.0
2026-06-05 14:10:02 [INFO] core.data_fetcher: 🕯️ Candle closed: HCLTECH | 2026-06-05 14:05 | O:1148.70 H:1149.70 L:1148.50 C:1148.50 V:128902603.0
2026-06-05 14:10:02 [INFO] core.data_fetcher: 🕯️ Candle closed: TATASTEEL | 2026-06-05 14:05 | O:205.36 H:205.78 L:205.30 C:205.60 V:4803676029.0
2026-06-05 14:10:02 [INFO] core.data_fetcher: 🕯️ Candle closed: HDFCLIFE | 2026-06-05 14:05 | O:580.50 H:581.45 L:580.50 C:581.15 V:184125992.0
2026-06-05 14:10:03 [INFO] core.data_fetcher: 🕯️ Candle closed: MARUTI | 2026-06-05 14:05 | O:13070.00 H:13076.00 L:13065.00 C:13071.00 V:18197788.0
2026-06-05 14:10:05 [INFO] core.data_fetcher: 🕯️ Candle closed: ULTRACEMCO | 2026-06-05 14:05 | O:10872.00 H:10879.00 L:10868.00 C:10875.00 V:24553097.0
2026-06-05 14:10:06 [INFO] core.data_fetcher: 🕯️ Candle closed: DIVISLAB | 2026-06-05 14:05 | O:6589.00 H:6593.50 L:6586.00 C:6586.00 V:5887562.0
2026-06-05 14:10:33 [INFO] core.order_executor: 📈 TRAILING SL | WIPRO | ₹194.81 → ₹194.82
2026-06-05 14:10:39 [INFO] core.state_manager: [BRIEFING] Loading from data/session_briefing.json...
2026-06-05 14:10:39 [INFO] core.state_manager: [BRIEFING] Loaded Valid: 8 approved + 22 watchlist (MORNING_SCREENER)
2026-06-05 14:10:42 [INFO] apscheduler.executors.default: Running job "Market Observation Loop (trigger: interval[0:15:00], next run at: 2026-06-05 14:25:42 IST)" (scheduled at 2026-06-05 14:10:42.460753+05:30)
2026-06-05 14:10:42 [INFO] reflection.observation_loop: 🔍 Running observation cycle...
2026-06-05 14:10:42 [INFO] core.state_manager: [BRIEFING] Loading from data/session_briefing.json...
2026-06-05 14:10:42 [INFO] core.state_manager: [BRIEFING] Loaded Valid: 8 approved + 22 watchlist (MORNING_SCREENER)
2026-06-05 14:10:42 [INFO] reflection.observation_loop: 📊 Observation recorded:
   Market: RANGING | Trend: WEAK
   Vol: LOW | Breakouts: LOW
   Reversals: LOW
2026-06-05 14:10:42 [INFO] apscheduler.executors.default: Job "Market Observation Loop (trigger: interval[0:15:00], next run at: 2026-06-05 14:25:42 IST)" executed successfully
2026-06-05 14:10:50 [INFO] core.data_fetcher: 📡 Live feed | ticks received: 30/30 symbols | active=['RELIANCE', 'MARUTI', 'WIPRO', 'HEROMOTOCO', 'TCS', 'HDFCBANK', 'ICICIBANK', 'ITC']...
2026-06-05 14:10:54 [INFO] core.strategy: ─── Scan summary (30 subscribed) ───
  [Cognition] RELIANCE: ticks=3029 | live_candles=13
  [Cognition] MARUTI: ticks=1377 | live_candles=13
  [Cognition] WIPRO: ticks=2047 | live_candles=13
  [Cognition] HEROMOTOCO: ticks=1550 | live_candles=13
  [Cognition] TCS: ticks=2511 | live_candles=13
  [Cognition] HDFCBANK: ticks=2686 | live_candles=13
  [Cognition] ICICIBANK: ticks=2334 | live_candles=13
  [Cognition] ITC: ticks=2496 | live_candles=13
  [Math] SBIN: ticks=3059 | live_candles=13
  [Math] BHARTIARTL: ticks=2441 | live_candles=13
  [Math] LT: ticks=2307 | live_candles=13
  [Math] HCLTECH: ticks=1365 | live_candles=13
  [Math] ASIANPAINT: ticks=1367 | live_candles=13
  [Math] SUNPHARMA: ticks=1478 | live_candles=13
  [Math] TITAN: ticks=1770 | live_candles=13
  [Math] ULTRACEMCO: ticks=1156 | live_candles=13
  [Math] NESTLEIND: ticks=981 | live_candles=13
  [Math] TECHM: ticks=1648 | live_candles=13
  [Math] POWERGRID: ticks=922 | live_candles=13
  [Math] ONGC: ticks=1604 | live_candles=13
  [Math] ADANIPORTS: ticks=1630 | live_candles=13
  [Math] DIVISLAB: ticks=580 | live_candles=13
  [Math] DRREDDY: ticks=961 | live_candles=13
  [Math] EICHERMOT: ticks=815 | live_candles=13
  [Math] JSWSTEEL: ticks=1233 | live_candles=13
  [Math] M&M: ticks=2157 | live_candles=13
  [Math] TATACONSUM: ticks=958 | live_candles=13
  [Math] TATASTEEL: ticks=2742 | live_candles=13
  [Math] CIPLA: ticks=1161 | live_candles=13
  [Math] HDFCLIFE: ticks=1010 | live_candles=13
2026-06-05 14:11:40 [INFO] core.state_manager: [BRIEFING] Loading from data/session_briefing.json...
2026-06-05 14:11:40 [INFO] core.state_manager: [BRIEFING] Loaded Valid: 8 approved + 22 watchlist (MORNING_SCREENER)
2026-06-05 14:12:26 [INFO] core.strategy: ─── Scan summary (30 subscribed) ───
  [Cognition] RELIANCE: ticks=3110 | live_candles=13
  [Cognition] MARUTI: ticks=1418 | live_candles=13
  [Cognition] WIPRO: ticks=2092 | live_candles=13
  [Cognition] HEROMOTOCO: ticks=1597 | live_candles=13
  [Cognition] TCS: ticks=2553 | live_candles=13
  [Cognition] HDFCBANK: ticks=2744 | live_candles=13
  [Cognition] ICICIBANK: ticks=2396 | live_candles=13
  [Cognition] ITC: ticks=2554 | live_candles=13
  [Math] SBIN: ticks=3148 | live_candles=13
  [Math] BHARTIARTL: ticks=2508 | live_candles=13
  [Math] LT: ticks=2368 | live_candles=13
  [Math] HCLTECH: ticks=1394 | live_candles=13
  [Math] ASIANPAINT: ticks=1404 | live_candles=13
  [Math] SUNPHARMA: ticks=1530 | live_candles=13
  [Math] TITAN: ticks=1822 | live_candles=13
  [Math] ULTRACEMCO: ticks=1193 | live_candles=13
  [Math] NESTLEIND: ticks=1023 | live_candles=13
  [Math] TECHM: ticks=1682 | live_candles=13
  [Math] POWERGRID: ticks=965 | live_candles=13
  [Math] ONGC: ticks=1641 | live_candles=13
  [Math] ADANIPORTS: ticks=1680 | live_candles=13
  [Math] DIVISLAB: ticks=595 | live_candles=13
  [Math] DRREDDY: ticks=989 | live_candles=13
  [Math] EICHERMOT: ticks=841 | live_candles=13
  [Math] JSWSTEEL: ticks=1269 | live_candles=13
  [Math] M&M: ticks=2219 | live_candles=13
  [Math] TATACONSUM: ticks=987 | live_candles=13
  [Math] TATASTEEL: ticks=2810 | live_candles=13
  [Math] CIPLA: ticks=1183 | live_candles=13
  [Math] HDFCLIFE: ticks=1031 | live_candles=13
2026-06-05 14:12:41 [INFO] core.state_manager: [BRIEFING] Loading from data/session_briefing.json...
2026-06-05 14:12:41 [INFO] core.state_manager: [BRIEFING] Loaded Valid: 8 approved + 22 watchlist (MORNING_SCREENER)
2026-06-05 14:12:50 [INFO] core.data_fetcher: 📡 Live feed | ticks received: 30/30 symbols | active=['RELIANCE', 'MARUTI', 'WIPRO', 'HEROMOTOCO', 'TCS', 'HDFCBANK', 'ICICIBANK', 'ITC']...
2026-06-05 14:13:42 [INFO] core.state_manager: [BRIEFING] Loading from data/session_briefing.json...
2026-06-05 14:13:42 [INFO] core.state_manager: [BRIEFING] Loaded Valid: 8 approved + 22 watchlist (MORNING_SCREENER)
2026-06-05 14:13:57 [INFO] core.strategy: ─── Scan summary (30 subscribed) ───
  [Cognition] RELIANCE: ticks=3187 | live_candles=13
  [Cognition] MARUTI: ticks=1459 | live_candles=13
  [Cognition] WIPRO: ticks=2142 | live_candles=13
  [Cognition] HEROMOTOCO: ticks=1639 | live_candles=13
  [Cognition] TCS: ticks=2612 | live_candles=13
  [Cognition] HDFCBANK: ticks=2808 | live_candles=13
  [Cognition] ICICIBANK: ticks=2453 | live_candles=13
  [Cognition] ITC: ticks=2620 | live_candles=13
  [Math] SBIN: ticks=3237 | live_candles=13
  [Math] BHARTIARTL: ticks=2587 | live_candles=13
  [Math] LT: ticks=2442 | live_candles=13
  [Math] HCLTECH: ticks=1427 | live_candles=13
  [Math] ASIANPAINT: ticks=1443 | live_candles=13
  [Math] SUNPHARMA: ticks=1577 | live_candles=13
  [Math] TITAN: ticks=1886 | live_candles=13
  [Math] ULTRACEMCO: ticks=1225 | live_candles=13
  [Math] NESTLEIND: ticks=1065 | live_candles=13
  [Math] TECHM: ticks=1722 | live_candles=13
  [Math] POWERGRID: ticks=1005 | live_candles=13
  [Math] ONGC: ticks=1675 | live_candles=13
  [Math] ADANIPORTS: ticks=1718 | live_candles=13
  [Math] DIVISLAB: ticks=610 | live_candles=13
  [Math] DRREDDY: ticks=1015 | live_candles=13
  [Math] EICHERMOT: ticks=869 | live_candles=13
  [Math] JSWSTEEL: ticks=1308 | live_candles=13
  [Math] M&M: ticks=2284 | live_candles=13
  [Math] TATACONSUM: ticks=1021 | live_candles=13
  [Math] TATASTEEL: ticks=2894 | live_candles=13
  [Math] CIPLA: ticks=1210 | live_candles=13
  [Math] HDFCLIFE: ticks=1056 | live_candles=13
2026-06-05 14:14:43 [INFO] core.state_manager: [BRIEFING] Loading from data/session_briefing.json...
2026-06-05 14:14:43 [INFO] core.state_manager: [BRIEFING] Loaded Valid: 8 approved + 22 watchlist (MORNING_SCREENER)
2026-06-05 14:14:50 [INFO] core.data_fetcher: 📡 Live feed | ticks received: 30/30 symbols | active=['RELIANCE', 'MARUTI', 'WIPRO', 'HEROMOTOCO', 'TCS', 'HDFCBANK', 'ICICIBANK', 'ITC']...
2026-06-05 14:15:00 [INFO] core.data_fetcher: 🕯️ Candle closed: ULTRACEMCO | 2026-06-05 14:10 | O:10874.00 H:10887.00 L:10871.00 C:10882.00 V:25439468.0
2026-06-05 14:15:00 [INFO] core.data_fetcher: 🕯️ Candle closed: MARUTI | 2026-06-05 14:10 | O:13065.00 H:13075.00 L:13058.00 C:13061.00 V:21258942.0
2026-06-05 14:15:00 [INFO] core.data_fetcher: 🕯️ Candle closed: NESTLEIND | 2026-06-05 14:10 | O:1376.70 H:1377.50 L:1375.70 C:1376.40 V:59512850.0
2026-06-05 14:15:00 [INFO] core.data_fetcher: 🕯️ Candle closed: BHARTIARTL | 2026-06-05 14:10 | O:1797.20 H:1798.70 L:1794.80 C:1794.90 V:391542728.0
2026-06-05 14:15:00 [INFO] core.data_fetcher: 🕯️ Candle closed: ICICIBANK | 2026-06-05 14:10 | O:1260.40 H:1260.60 L:1258.60 C:1259.60 V:1097329630.0
2026-06-05 14:15:00 [INFO] core.data_fetcher: 🕯️ Candle closed: DRREDDY | 2026-06-05 14:10 | O:1282.40 H:1283.00 L:1281.60 C:1283.00 V:32207710.0
2026-06-05 14:15:00 [INFO] core.data_fetcher: 🕯️ Candle closed: M&M | 2026-06-05 14:10 | O:3035.20 H:3036.60 L:3032.80 C:3033.30 V:157711049.0
2026-06-05 14:15:00 [INFO] core.data_fetcher: 🕯️ Candle closed: LT | 2026-06-05 14:10 | O:3955.60 H:3957.70 L:3947.90 C:3951.00 V:131074840.0
2026-06-05 14:15:00 [INFO] core.data_fetcher: 🕯️ Candle closed: TITAN | 2026-06-05 14:10 | O:4251.80 H:4254.10 L:4247.70 C:4253.80 V:105193182.0
2026-06-05 14:15:01 [INFO] core.data_fetcher: 🕯️ Candle closed: EICHERMOT | 2026-06-05 14:10 | O:7066.50 H:7071.50 L:7065.00 C:7066.50 V:21938861.0
2026-06-05 14:15:01 [INFO] core.data_fetcher: 🕯️ Candle closed: ADANIPORTS | 2026-06-05 14:10 | O:1815.20 H:1817.60 L:1814.20 C:1816.60 V:121570255.0
2026-06-05 14:15:01 [INFO] core.data_fetcher: 🕯️ Candle closed: ASIANPAINT | 2026-06-05 14:10 | O:2690.20 H:2692.40 L:2689.20 C:2691.10 V:104545812.0
2026-06-05 14:15:01 [INFO] core.data_fetcher: 🕯️ Candle closed: JSWSTEEL | 2026-06-05 14:10 | O:1273.10 H:1274.20 L:1272.00 C:1274.10 V:119013035.0
2026-06-05 14:15:01 [INFO] core.data_fetcher: 🕯️ Candle closed: TATACONSUM | 2026-06-05 14:10 | O:1130.60 H:1131.50 L:1129.30 C:1131.50 V:46795056.0
2026-06-05 14:15:01 [INFO] core.data_fetcher: 🕯️ Candle closed: RELIANCE | 2026-06-05 14:10 | O:1291.70 H:1292.00 L:1291.10 C:1292.00 V:2577738805.0
2026-06-05 14:15:01 [INFO] core.data_fetcher: 🕯️ Candle closed: TATASTEEL | 2026-06-05 14:10 | O:205.61 H:205.80 L:205.42 C:205.80 V:4120419533.0
2026-06-05 14:15:01 [INFO] core.data_fetcher: 🕯️ Candle closed: SUNPHARMA | 2026-06-05 14:10 | O:1791.50 H:1792.00 L:1789.80 C:1791.20 V:177678492.0
2026-06-05 14:15:01 [INFO] core.data_fetcher: 🕯️ Candle closed: TCS | 2026-06-05 14:10 | O:2200.60 H:2201.00 L:2199.70 C:2200.00 V:447157085.0
2026-06-05 14:15:01 [INFO] core.data_fetcher: 🕯️ Candle closed: ONGC | 2026-06-05 14:10 | O:265.10 H:265.25 L:264.85 C:265.10 V:393944420.0
2026-06-05 14:15:01 [INFO] core.data_fetcher: 🕯️ Candle closed: ITC | 2026-06-05 14:10 | O:280.15 H:280.30 L:280.00 C:280.10 V:1992045379.0
2026-06-05 14:15:02 [INFO] core.data_fetcher: 🕯️ Candle closed: HCLTECH | 2026-06-05 14:10 | O:1148.90 H:1149.30 L:1148.10 C:1148.80 V:103753272.0
2026-06-05 14:15:03 [INFO] core.data_fetcher: 🕯️ Candle closed: SBIN | 2026-06-05 14:10 | O:973.85 H:974.25 L:971.70 C:971.85 V:3533232476.0
2026-06-05 14:15:03 [INFO] core.data_fetcher: 🕯️ Candle closed: POWERGRID | 2026-06-05 14:10 | O:285.00 H:285.20 L:284.65 C:284.70 V:430493437.0
2026-06-05 14:15:03 [INFO] core.data_fetcher: 🕯️ Candle closed: HDFCBANK | 2026-06-05 14:10 | O:746.75 H:747.00 L:746.20 C:746.50 V:2042433224.0
2026-06-05 14:15:04 [INFO] core.data_fetcher: 🕯️ Candle closed: CIPLA | 2026-06-05 14:10 | O:1401.10 H:1402.90 L:1401.00 C:1402.60 V:40292059.0
2026-06-05 14:15:04 [INFO] core.data_fetcher: 🕯️ Candle closed: HEROMOTOCO | 2026-06-05 14:10 | O:4846.50 H:4854.00 L:4844.00 C:4851.10 V:55786275.0
2026-06-05 14:15:05 [INFO] core.data_fetcher: 🕯️ Candle closed: WIPRO | 2026-06-05 14:10 | O:196.76 H:196.79 L:196.63 C:196.70 V:4076617831.0
2026-06-05 14:15:07 [INFO] core.data_fetcher: 🕯️ Candle closed: TECHM | 2026-06-05 14:10 | O:1472.90 H:1474.60 L:1470.50 C:1472.70 V:151121564.0
2026-06-05 14:15:10 [INFO] core.data_fetcher: 🕯️ Candle closed: DIVISLAB | 2026-06-05 14:10 | O:6587.00 H:6592.50 L:6584.50 C:6588.00 V:5654106.0
2026-06-05 14:15:11 [INFO] core.data_fetcher: 🕯️ Candle closed: HDFCLIFE | 2026-06-05 14:10 | O:581.20 H:581.25 L:580.40 C:580.75 V:220660814.0
2026-06-05 14:15:29 [INFO] core.strategy: ─── Scan summary (30 subscribed) ───
  [Cognition] RELIANCE: ticks=3261 | live_candles=14
  [Cognition] MARUTI: ticks=1505 | live_candles=14
  [Cognition] WIPRO: ticks=2194 | live_candles=14
  [Cognition] HEROMOTOCO: ticks=1673 | live_candles=14
  [Cognition] TCS: ticks=2678 | live_candles=14
  [Cognition] HDFCBANK: ticks=2871 | live_candles=14
  [Cognition] ICICIBANK: ticks=2514 | live_candles=14
  [Cognition] ITC: ticks=2683 | live_candles=14
  [Math] SBIN: ticks=3332 | live_candles=14
  [Math] BHARTIARTL: ticks=2661 | live_candles=14
  [Math] LT: ticks=2504 | live_candles=14
  [Math] HCLTECH: ticks=1456 | live_candles=14
  [Math] ASIANPAINT: ticks=1481 | live_candles=14
  [Math] SUNPHARMA: ticks=1622 | live_candles=14
  [Math] TITAN: ticks=1948 | live_candles=14
  [Math] ULTRACEMCO: ticks=1258 | live_candles=14
  [Math] NESTLEIND: ticks=1101 | live_candles=14
  [Math] TECHM: ticks=1765 | live_candles=14
  [Math] POWERGRID: ticks=1055 | live_candles=14
  [Math] ONGC: ticks=1715 | live_candles=14
  [Math] ADANIPORTS: ticks=1752 | live_candles=14
  [Math] DIVISLAB: ticks=627 | live_candles=14
  [Math] DRREDDY: ticks=1047 | live_candles=14
  [Math] EICHERMOT: ticks=895 | live_candles=14
  [Math] JSWSTEEL: ticks=1353 | live_candles=14
  [Math] M&M: ticks=2345 | live_candles=14
  [Math] TATACONSUM: ticks=1056 | live_candles=14
  [Math] TATASTEEL: ticks=2968 | live_candles=14
  [Math] CIPLA: ticks=1235 | live_candles=14
  [Math] HDFCLIFE: ticks=1077 | live_candles=14
2026-06-05 14:15:44 [INFO] core.state_manager: [BRIEFING] Loading from data/session_briefing.json...
2026-06-05 14:15:44 [INFO] core.state_manager: [BRIEFING] Loaded Valid: 8 approved + 22 watchlist (MORNING_SCREENER)
2026-06-05 14:16:46 [INFO] core.state_manager: [BRIEFING] Loading from data/session_briefing.json...
2026-06-05 14:16:46 [INFO] core.state_manager: [BRIEFING] Loaded Valid: 8 approved + 22 watchlist (MORNING_SCREENER)
2026-06-05 14:16:51 [INFO] core.data_fetcher: 📡 Live feed | ticks received: 30/30 symbols | active=['RELIANCE', 'MARUTI', 'WIPRO', 'HEROMOTOCO', 'TCS', 'HDFCBANK', 'ICICIBANK', 'ITC']...
2026-06-05 14:17:01 [INFO] core.strategy: ─── Scan summary (30 subscribed) ───
  [Cognition] RELIANCE: ticks=3334 | live_candles=14
  [Cognition] MARUTI: ticks=1542 | live_candles=14
  [Cognition] WIPRO: ticks=2269 | live_candles=14
  [Cognition] HEROMOTOCO: ticks=1707 | live_candles=14
  [Cognition] TCS: ticks=2730 | live_candles=14
  [Cognition] HDFCBANK: ticks=2945 | live_candles=14
  [Cognition] ICICIBANK: ticks=2575 | live_candles=14
  [Cognition] ITC: ticks=2746 | live_candles=14
  [Math] SBIN: ticks=3416 | live_candles=14
  [Math] BHARTIARTL: ticks=2737 | live_candles=14
  [Math] LT: ticks=2560 | live_candles=14
  [Math] HCLTECH: ticks=1486 | live_candles=14
  [Math] ASIANPAINT: ticks=1512 | live_candles=14
  [Math] SUNPHARMA: ticks=1668 | live_candles=14
  [Math] TITAN: ticks=1991 | live_candles=14
  [Math] ULTRACEMCO: ticks=1285 | live_candles=14
  [Math] NESTLEIND: ticks=1133 | live_candles=14
  [Math] TECHM: ticks=1814 | live_candles=14
  [Math] POWERGRID: ticks=1099 | live_candles=14
  [Math] ONGC: ticks=1745 | live_candles=14
  [Math] ADANIPORTS: ticks=1785 | live_candles=14
  [Math] DIVISLAB: ticks=635 | live_candles=14
  [Math] DRREDDY: ticks=1074 | live_candles=14
  [Math] EICHERMOT: ticks=917 | live_candles=14
  [Math] JSWSTEEL: ticks=1395 | live_candles=14
  [Math] M&M: ticks=2407 | live_candles=14
  [Math] TATACONSUM: ticks=1083 | live_candles=14
  [Math] TATASTEEL: ticks=3052 | live_candles=14
  [Math] CIPLA: ticks=1265 | live_candles=14
  [Math] HDFCLIFE: ticks=1104 | live_candles=14
2026-06-05 14:17:47 [INFO] core.state_manager: [BRIEFING] Loading from data/session_briefing.json...
2026-06-05 14:17:47 [INFO] core.state_manager: [BRIEFING] Loaded Valid: 8 approved + 22 watchlist (MORNING_SCREENER)
2026-06-05 14:18:33 [INFO] core.strategy: ─── Scan summary (30 subscribed) ───
  [Cognition] RELIANCE: ticks=3408 | live_candles=14
  [Cognition] MARUTI: ticks=1577 | live_candles=14
  [Cognition] WIPRO: ticks=2323 | live_candles=14
  [Cognition] HEROMOTOCO: ticks=1731 | live_candles=14
  [Cognition] TCS: ticks=2790 | live_candles=14
  [Cognition] HDFCBANK: ticks=3015 | live_candles=14
  [Cognition] ICICIBANK: ticks=2644 | live_candles=14
  [Cognition] ITC: ticks=2812 | live_candles=14
  [Math] SBIN: ticks=3491 | live_candles=14
  [Math] BHARTIARTL: ticks=2798 | live_candles=14
  [Math] LT: ticks=2617 | live_candles=14
  [Math] HCLTECH: ticks=1520 | live_candles=14
  [Math] ASIANPAINT: ticks=1555 | live_candles=14
  [Math] SUNPHARMA: ticks=1715 | live_candles=14
  [Math] TITAN: ticks=2036 | live_candles=14
  [Math] ULTRACEMCO: ticks=1324 | live_candles=14
  [Math] NESTLEIND: ticks=1165 | live_candles=14
  [Math] TECHM: ticks=1868 | live_candles=14
  [Math] POWERGRID: ticks=1147 | live_candles=14
  [Math] ONGC: ticks=1772 | live_candles=14
  [Math] ADANIPORTS: ticks=1832 | live_candles=14
  [Math] DIVISLAB: ticks=643 | live_candles=14
  [Math] DRREDDY: ticks=1105 | live_candles=14
  [Math] EICHERMOT: ticks=937 | live_candles=14
  [Math] JSWSTEEL: ticks=1423 | live_candles=14
  [Math] M&M: ticks=2462 | live_candles=14
  [Math] TATACONSUM: ticks=1106 | live_candles=14
  [Math] TATASTEEL: ticks=3122 | live_candles=14
  [Math] CIPLA: ticks=1298 | live_candles=14
  [Math] HDFCLIFE: ticks=1123 | live_candles=14
2026-06-05 14:18:48 [INFO] core.state_manager: [BRIEFING] Loading from data/session_briefing.json...
2026-06-05 14:18:48 [INFO] core.state_manager: [BRIEFING] Loaded Valid: 8 approved + 22 watchlist (MORNING_SCREENER)
2026-06-05 14:18:51 [INFO] core.data_fetcher: 📡 Live feed | ticks received: 30/30 symbols | active=['RELIANCE', 'MARUTI', 'WIPRO', 'HEROMOTOCO', 'TCS', 'HDFCBANK', 'ICICIBANK', 'ITC']...
2026-06-05 14:19:14 [INFO] core.order_executor: 📈 TRAILING SL | WIPRO | ₹194.82 → ₹194.83
2026-06-05 14:19:24 [INFO] core.order_executor: 📈 TRAILING SL | WIPRO | ₹194.83 → ₹194.86
2026-06-05 14:19:34 [INFO] core.order_executor: 📈 TRAILING SL | WIPRO | ₹194.86 → ₹194.87
2026-06-05 14:19:44 [INFO] core.order_executor: 📈 TRAILING SL | WIPRO | ₹194.87 → ₹194.93
2026-06-05 14:19:49 [INFO] core.state_manager: [BRIEFING] Loading from data/session_briefing.json...
2026-06-05 14:19:49 [INFO] core.state_manager: [BRIEFING] Loaded Valid: 8 approved + 22 watchlist (MORNING_SCREENER)
2026-06-05 14:20:00 [INFO] core.data_fetcher: 🕯️ Candle closed: TATASTEEL | 2026-06-05 14:15 | O:205.78 H:205.95 L:205.68 C:205.93 V:5199442737.0
2026-06-05 14:20:00 [INFO] core.data_fetcher: 🕯️ Candle closed: BHARTIARTL | 2026-06-05 14:15 | O:1795.00 H:1795.60 L:1791.50 C:1791.80 V:387679779.0
2026-06-05 14:20:00 [INFO] core.data_fetcher: 🕯️ Candle closed: RELIANCE | 2026-06-05 14:15 | O:1291.60 H:1292.00 L:1290.60 C:1291.50 V:2525687759.0
2026-06-05 14:20:00 [INFO] core.data_fetcher: 🕯️ Candle closed: DIVISLAB | 2026-06-05 14:15 | O:6587.50 H:6603.00 L:6586.00 C:6603.00 V:4591420.0
2026-06-05 14:20:00 [INFO] core.data_fetcher: 🕯️ Candle closed: TCS | 2026-06-05 14:15 | O:2199.90 H:2202.90 L:2199.80 C:2201.60 V:529505465.0
2026-06-05 14:20:00 [INFO] core.data_fetcher: 🕯️ Candle closed: TECHM | 2026-06-05 14:15 | O:1472.90 H:1476.00 L:1471.50 C:1474.10 V:175008785.0
2026-06-05 14:20:00 [INFO] core.data_fetcher: 🕯️ Candle closed: SBIN | 2026-06-05 14:15 | O:972.10 H:972.65 L:971.50 C:971.90 V:3377983836.0
2026-06-05 14:20:00 [INFO] core.data_fetcher: 🕯️ Candle closed: M&M | 2026-06-05 14:15 | O:3033.10 H:3034.10 L:3031.50 C:3033.50 V:167711639.0
2026-06-05 14:20:00 [INFO] core.data_fetcher: 🕯️ Candle closed: POWERGRID | 2026-06-05 14:15 | O:284.75 H:284.90 L:284.40 C:284.80 V:527216954.0
2026-06-05 14:20:00 [INFO] core.data_fetcher: 🕯️ Candle closed: LT | 2026-06-05 14:15 | O:3951.60 H:3952.20 L:3948.00 C:3950.00 V:122403304.0
2026-06-05 14:20:01 [INFO] core.data_fetcher: 🕯️ Candle closed: HDFCBANK | 2026-06-05 14:15 | O:746.45 H:746.50 L:745.40 C:745.90 V:2380854640.0
2026-06-05 14:20:01 [INFO] core.data_fetcher: 🕯️ Candle closed: ICICIBANK | 2026-06-05 14:15 | O:1259.50 H:1259.70 L:1257.00 C:1257.50 V:1233511480.0
2026-06-05 14:20:01 [INFO] core.data_fetcher: 🕯️ Candle closed: ADANIPORTS | 2026-06-05 14:15 | O:1816.90 H:1816.90 L:1814.00 C:1816.30 V:127463072.0
2026-06-05 14:20:01 [INFO] core.data_fetcher: 🕯️ Candle closed: WIPRO | 2026-06-05 14:15 | O:196.66 H:196.90 L:196.60 C:196.85 V:4929500907.0
2026-06-05 14:20:01 [INFO] core.data_fetcher: 🕯️ Candle closed: HEROMOTOCO | 2026-06-05 14:15 | O:4852.00 H:4853.00 L:4847.90 C:4849.70 V:43599194.0
2026-06-05 14:20:01 [INFO] core.data_fetcher: 🕯️ Candle closed: EICHERMOT | 2026-06-05 14:15 | O:7069.00 H:7069.50 L:7065.00 C:7067.50 V:17746210.0
2026-06-05 14:20:01 [INFO] core.data_fetcher: 🕯️ Candle closed: HCLTECH | 2026-06-05 14:15 | O:1148.50 H:1149.30 L:1148.00 C:1149.30 V:101776886.0
2026-06-05 14:20:02 [INFO] core.data_fetcher: 🕯️ Candle closed: TATACONSUM | 2026-06-05 14:15 | O:1131.30 H:1131.80 L:1131.20 C:1131.50 V:35963557.0
2026-06-05 14:20:02 [INFO] core.data_fetcher: 🕯️ Candle closed: CIPLA | 2026-06-05 14:15 | O:1402.50 H:1402.90 L:1400.90 C:1402.90 V:50127623.0
2026-06-05 14:20:02 [INFO] core.data_fetcher: 🕯️ Candle closed: SUNPHARMA | 2026-06-05 14:15 | O:1790.90 H:1791.30 L:1789.80 C:1791.30 V:155929636.0
2026-06-05 14:20:02 [INFO] core.data_fetcher: 🕯️ Candle closed: ONGC | 2026-06-05 14:15 | O:265.00 H:265.25 L:264.90 C:265.25 V:401655117.0
2026-06-05 14:20:02 [INFO] core.data_fetcher: 🕯️ Candle closed: ITC | 2026-06-05 14:15 | O:280.05 H:280.20 L:280.00 C:280.15 V:1989232572.0
2026-06-05 14:20:02 [INFO] core.data_fetcher: 🕯️ Candle closed: NESTLEIND | 2026-06-05 14:15 | O:1376.30 H:1376.40 L:1375.00 C:1375.50 V:60691941.0
2026-06-05 14:20:02 [INFO] core.data_fetcher: 🕯️ Candle closed: TITAN | 2026-06-05 14:15 | O:4252.60 H:4258.50 L:4252.30 C:4255.70 V:98918769.0
2026-06-05 14:20:02 [INFO] core.data_fetcher: 🕯️ Candle closed: HDFCLIFE | 2026-06-05 14:15 | O:580.70 H:580.75 L:579.20 C:579.60 V:192639984.0
2026-06-05 14:20:02 [INFO] core.data_fetcher: 🕯️ Candle closed: JSWSTEEL | 2026-06-05 14:15 | O:1274.20 H:1275.60 L:1273.00 C:1275.00 V:112946007.0
2026-06-05 14:20:03 [INFO] core.data_fetcher: 🕯️ Candle closed: ASIANPAINT | 2026-06-05 14:15 | O:2691.20 H:2691.50 L:2688.10 C:2690.00 V:98680807.0
2026-06-05 14:20:03 [INFO] core.data_fetcher: 🕯️ Candle closed: MARUTI | 2026-06-05 14:15 | O:13060.00 H:13067.00 L:13055.00 C:13065.00 V:21643624.0
2026-06-05 14:20:05 [INFO] core.strategy: ─── Scan summary (30 subscribed) ───
  [Cognition] RELIANCE: ticks=3471 | live_candles=15
  [Cognition] MARUTI: ticks=1612 | live_candles=15
  [Cognition] WIPRO: ticks=2367 | live_candles=15
  [Cognition] HEROMOTOCO: ticks=1778 | live_candles=15
  [Cognition] TCS: ticks=2846 | live_candles=15
  [Cognition] HDFCBANK: ticks=3081 | live_candles=15
  [Cognition] ICICIBANK: ticks=2713 | live_candles=15
  [Cognition] ITC: ticks=2877 | live_candles=15
  [Math] SBIN: ticks=3579 | live_candles=15
  [Math] BHARTIARTL: ticks=2858 | live_candles=15
  [Math] LT: ticks=2669 | live_candles=15
  [Math] HCLTECH: ticks=1553 | live_candles=15
  [Math] ASIANPAINT: ticks=1588 | live_candles=15
  [Math] SUNPHARMA: ticks=1756 | live_candles=15
  [Math] TITAN: ticks=2078 | live_candles=15
  [Math] ULTRACEMCO: ticks=1354 | live_candles=14
  [Math] NESTLEIND: ticks=1186 | live_candles=15
  [Math] TECHM: ticks=1906 | live_candles=15
  [Math] POWERGRID: ticks=1183 | live_candles=15
  [Math] ONGC: ticks=1811 | live_candles=15
  [Math] ADANIPORTS: ticks=1873 | live_candles=15
  [Math] DIVISLAB: ticks=673 | live_candles=15
  [Math] DRREDDY: ticks=1134 | live_candles=14
  [Math] EICHERMOT: ticks=956 | live_candles=15
  [Math] JSWSTEEL: ticks=1458 | live_candles=15
  [Math] M&M: ticks=2516 | live_candles=15
  [Math] TATACONSUM: ticks=1127 | live_candles=15
  [Math] TATASTEEL: ticks=3190 | live_candles=15
  [Math] CIPLA: ticks=1326 | live_candles=15
  [Math] HDFCLIFE: ticks=1148 | live_candles=15
2026-06-05 14:20:05 [INFO] core.data_fetcher: 🕯️ Candle closed: ULTRACEMCO | 2026-06-05 14:15 | O:10884.00 H:10885.00 L:10872.00 C:10881.00 V:26635672.0
2026-06-05 14:20:12 [INFO] core.data_fetcher: 🕯️ Candle closed: DRREDDY | 2026-06-05 14:15 | O:1282.60 H:1283.00 L:1282.00 C:1282.70 V:29890504.0
2026-06-05 14:20:50 [INFO] core.state_manager: [BRIEFING] Loading from data/session_briefing.json...
2026-06-05 14:20:50 [INFO] core.state_manager: [BRIEFING] Loaded Valid: 8 approved + 22 watchlist (MORNING_SCREENER)
2026-06-05 14:20:51 [INFO] core.data_fetcher: 📡 Live feed | ticks received: 30/30 symbols | active=['RELIANCE', 'MARUTI', 'WIPRO', 'HEROMOTOCO', 'TCS', 'HDFCBANK', 'ICICIBANK', 'ITC']...
2026-06-05 14:21:36 [INFO] core.strategy: ─── Scan summary (30 subscribed) ───
  [Cognition] RELIANCE: ticks=3538 | live_candles=15
  [Cognition] MARUTI: ticks=1651 | live_candles=15
  [Cognition] WIPRO: ticks=2423 | live_candles=15
  [Cognition] HEROMOTOCO: ticks=1826 | live_candles=15
  [Cognition] TCS: ticks=2903 | live_candles=15
  [Cognition] HDFCBANK: ticks=3155 | live_candles=15
  [Cognition] ICICIBANK: ticks=2777 | live_candles=15
  [Cognition] ITC: ticks=2935 | live_candles=15
  [Math] SBIN: ticks=3665 | live_candles=15
  [Math] BHARTIARTL: ticks=2938 | live_candles=15
  [Math] LT: ticks=2722 | live_candles=15
  [Math] HCLTECH: ticks=1586 | live_candles=15
  [Math] ASIANPAINT: ticks=1627 | live_candles=15
  [Math] SUNPHARMA: ticks=1799 | live_candles=15
  [Math] TITAN: ticks=2118 | live_candles=15
  [Math] ULTRACEMCO: ticks=1388 | live_candles=15
  [Math] NESTLEIND: ticks=1219 | live_candles=15
  [Math] TECHM: ticks=1948 | live_candles=15
  [Math] POWERGRID: ticks=1218 | live_candles=15
  [Math] ONGC: ticks=1843 | live_candles=15
  [Math] ADANIPORTS: ticks=1916 | live_candles=15
  [Math] DIVISLAB: ticks=708 | live_candles=15
  [Math] DRREDDY: ticks=1156 | live_candles=15
  [Math] EICHERMOT: ticks=978 | live_candles=15
  [Math] JSWSTEEL: ticks=1496 | live_candles=15
  [Math] M&M: ticks=2582 | live_candles=15
  [Math] TATACONSUM: ticks=1152 | live_candles=15
  [Math] TATASTEEL: ticks=3278 | live_candles=15
  [Math] CIPLA: ticks=1364 | live_candles=15
  [Math] HDFCLIFE: ticks=1190 | live_candles=15
2026-06-05 14:21:52 [INFO] core.state_manager: [BRIEFING] Loading from data/session_briefing.json...
2026-06-05 14:21:52 [INFO] core.state_manager: [BRIEFING] Loaded Valid: 8 approved + 22 watchlist (MORNING_SCREENER)
2026-06-05 14:21:57 [INFO] core.order_executor: 📈 TRAILING SL | WIPRO | ₹194.93 → ₹194.99
2026-06-05 14:22:23 [WARNING] core.data_fetcher: ⚠️ WebSocket closed: The Session has been Closed!
2026-06-05 14:22:23 [INFO] core.data_fetcher: Scheduling reconnect in 5s (attempt 1/10)
2026-06-05 14:22:23 [ERROR] core.data_fetcher: ❌ WebSocket error | type=WebSocketConnectionClosedException | msg=Connection to remote host was lost. | symbols=30 | attempt=1
Traceback (most recent call last):
  File "C:\Extra Programs\Files\AlcoSoft_Financial_Services\alco_env\lib\site-packages\websocket\_app.py", line 511, in setSock
    dispatcher.read(self.sock.sock, read, check)
  File "C:\Extra Programs\Files\AlcoSoft_Financial_Services\alco_env\lib\site-packages\websocket\_app.py", line 113, in read
    if not read_callback():
  File "C:\Extra Programs\Files\AlcoSoft_Financial_Services\alco_env\lib\site-packages\websocket\_app.py", line 535, in read
    raise e
  File "C:\Extra Programs\Files\AlcoSoft_Financial_Services\alco_env\lib\site-packages\websocket\_app.py", line 526, in read
    op_code, frame = self.sock.recv_data_frame(True)
  File "C:\Extra Programs\Files\AlcoSoft_Financial_Services\alco_env\lib\site-packages\websocket\_core.py", line 437, in recv_data_frame
    frame = self.recv_frame()
  File "C:\Extra Programs\Files\AlcoSoft_Financial_Services\alco_env\lib\site-packages\websocket\_core.py", line 478, in recv_frame
    return self.frame_buffer.recv_frame()
  File "C:\Extra Programs\Files\AlcoSoft_Financial_Services\alco_env\lib\site-packages\websocket\_abnf.py", line 363, in recv_frame
    self.recv_header()
  File "C:\Extra Programs\Files\AlcoSoft_Financial_Services\alco_env\lib\site-packages\websocket\_abnf.py", line 319, in recv_header
    header = self.recv_strict(2)
  File "C:\Extra Programs\Files\AlcoSoft_Financial_Services\alco_env\lib\site-packages\websocket\_abnf.py", line 398, in recv_strict
    bytes_ = self.recv(min(16384, shortage))
  File "C:\Extra Programs\Files\AlcoSoft_Financial_Services\alco_env\lib\site-packages\websocket\_core.py", line 563, in _recv
    return recv(self.sock, bufsize)
  File "C:\Extra Programs\Files\AlcoSoft_Financial_Services\alco_env\lib\site-packages\websocket\_socket.py", line 132, in recv
    raise WebSocketConnectionClosedException("Connection to remote host was lost.")
websocket._exceptions.WebSocketConnectionClosedException: Connection to remote host was lost.
2026-06-05 14:22:23 [INFO] core.data_fetcher: Scheduling reconnect in 5s (attempt 1/10)
2026-06-05 14:22:23 [WARNING] core.data_fetcher: ⚠️ WebSocket closed: The Session has been Closed!
2026-06-05 14:22:23 [INFO] core.data_fetcher: Scheduling reconnect in 5s (attempt 1/10)
2026-06-05 14:22:28 [INFO] core.data_fetcher: Reconnecting WebSocket...
2026-06-05 14:22:28 [INFO] core.data_fetcher: Starting live feed for 30 symbols: ['RELIANCE', 'MARUTI', 'WIPRO', 'HEROMOTOCO', 'TCS', 'HDFCBANK', 'ICICIBANK', 'ITC', 'SBIN', 'BHARTIARTL', 'LT', 'HCLTECH', 'ASIANPAINT', 'SUNPHARMA', 'TITAN', 'ULTRACEMCO', 'NESTLEIND', 'TECHM', 'POWERGRID', 'ONGC', 'ADANIPORTS', 'DIVISLAB', 'DRREDDY', 'EICHERMOT', 'JSWSTEEL', 'M&M', 'TATACONSUM', 'TATASTEEL', 'CIPLA', 'HDFCLIFE']
2026-06-05 14:22:28 [INFO] core.data_fetcher: Subscribing to 30 instruments...
2026-06-05 14:22:28 [INFO] core.data_fetcher: ✅ Subscribed to live feed: ['2885', '10999', '3787', '1348', '11536', '1333', '4963', '1660', '3045', '10604', '11483', '7229', '236', '3351', '3506', '11532', '17963', '13538', '14977', '2475', '15083', '10940', '881', '910', '11723', '2031', '3432', '3499', '694', '467']
2026-06-05 14:22:28 [INFO] core.data_fetcher: Reconnection successful.
2026-06-05 14:22:28 [WARNING] core.data_fetcher: ⚠️ WebSocket closed: The Session has been Closed!
2026-06-05 14:22:28 [INFO] core.data_fetcher: Scheduling reconnect in 5s (attempt 1/10)
2026-06-05 14:22:28 [ERROR] core.data_fetcher: ❌ WebSocket error | type=WebSocketAddressException | msg=[Errno 11001] getaddrinfo failed | symbols=30 | attempt=1
Traceback (most recent call last):
  File "C:\Extra Programs\Files\AlcoSoft_Financial_Services\alco_env\lib\site-packages\websocket\_http.py", line 176, in _get_addrinfo_list
    addrinfo_list = socket.getaddrinfo(
  File "C:\Users\RounakKR\AppData\Local\Programs\Python\Python310\lib\socket.py", line 955, in getaddrinfo
    for res in _socket.getaddrinfo(host, port, family, type, proto, flags):
socket.gaierror: [Errno 11001] getaddrinfo failed

During handling of the above exception, another exception occurred:

Traceback (most recent call last):
  File "C:\Extra Programs\Files\AlcoSoft_Financial_Services\alco_env\lib\site-packages\websocket\_app.py", line 484, in setSock
    self.sock.connect(
  File "C:\Extra Programs\Files\AlcoSoft_Financial_Services\alco_env\lib\site-packages\websocket\_core.py", line 256, in connect
    self.sock, addrs = connect(
  File "C:\Extra Programs\Files\AlcoSoft_Financial_Services\alco_env\lib\site-packages\websocket\_http.py", line 137, in connect
    addrinfo_list, need_tunnel, auth = _get_addrinfo_list(
  File "C:\Extra Programs\Files\AlcoSoft_Financial_Services\alco_env\lib\site-packages\websocket\_http.py", line 191, in _get_addrinfo_list
    raise WebSocketAddressException(e)
websocket._exceptions.WebSocketAddressException: [Errno 11001] getaddrinfo failed
2026-06-05 14:22:28 [INFO] core.data_fetcher: Scheduling reconnect in 5s (attempt 1/10)
2026-06-05 14:22:28 [WARNING] core.data_fetcher: ⚠️ WebSocket closed: The Session has been Closed!
2026-06-05 14:22:28 [INFO] core.data_fetcher: Scheduling reconnect in 5s (attempt 1/10)
2026-06-05 14:22:33 [INFO] core.data_fetcher: Reconnecting WebSocket...
2026-06-05 14:22:33 [INFO] core.data_fetcher: Starting live feed for 30 symbols: ['RELIANCE', 'MARUTI', 'WIPRO', 'HEROMOTOCO', 'TCS', 'HDFCBANK', 'ICICIBANK', 'ITC', 'SBIN', 'BHARTIARTL', 'LT', 'HCLTECH', 'ASIANPAINT', 'SUNPHARMA', 'TITAN', 'ULTRACEMCO', 'NESTLEIND', 'TECHM', 'POWERGRID', 'ONGC', 'ADANIPORTS', 'DIVISLAB', 'DRREDDY', 'EICHERMOT', 'JSWSTEEL', 'M&M', 'TATACONSUM', 'TATASTEEL', 'CIPLA', 'HDFCLIFE']
2026-06-05 14:22:33 [INFO] core.data_fetcher: Subscribing to 30 instruments...
2026-06-05 14:22:33 [INFO] core.data_fetcher: ✅ Subscribed to live feed: ['2885', '10999', '3787', '1348', '11536', '1333', '4963', '1660', '3045', '10604', '11483', '7229', '236', '3351', '3506', '11532', '17963', '13538', '14977', '2475', '15083', '10940', '881', '910', '11723', '2031', '3432', '3499', '694', '467']
2026-06-05 14:22:33 [INFO] core.data_fetcher: Reconnection successful.
2026-06-05 14:22:33 [INFO] core.data_fetcher: ✅ WebSocket connection opened.
2026-06-05 14:22:52 [INFO] core.data_fetcher: 📡 Live feed | ticks received: 30/30 symbols | active=['RELIANCE', 'MARUTI', 'WIPRO', 'HEROMOTOCO', 'TCS', 'HDFCBANK', 'ICICIBANK', 'ITC']...
2026-06-05 14:22:53 [INFO] core.state_manager: [BRIEFING] Loading from data/session_briefing.json...
2026-06-05 14:22:53 [INFO] core.state_manager: [BRIEFING] Loaded Valid: 8 approved + 22 watchlist (MORNING_SCREENER)
2026-06-05 14:23:08 [INFO] core.strategy: ─── Scan summary (30 subscribed) ───
  [Cognition] RELIANCE: ticks=27 | live_candles=15
  [Cognition] MARUTI: ticks=15 | live_candles=15
  [Cognition] WIPRO: ticks=19 | live_candles=15
  [Cognition] HEROMOTOCO: ticks=21 | live_candles=15
  [Cognition] TCS: ticks=24 | live_candles=15
  [Cognition] HDFCBANK: ticks=25 | live_candles=15
  [Cognition] ICICIBANK: ticks=29 | live_candles=15
  [Cognition] ITC: ticks=29 | live_candles=15
  [Math] SBIN: ticks=23 | live_candles=15
  [Math] BHARTIARTL: ticks=19 | live_candles=15
  [Math] LT: ticks=18 | live_candles=15
  [Math] HCLTECH: ticks=12 | live_candles=15
  [Math] ASIANPAINT: ticks=9 | live_candles=15
  [Math] SUNPHARMA: ticks=17 | live_candles=15
  [Math] TITAN: ticks=14 | live_candles=15
  [Math] ULTRACEMCO: ticks=9 | live_candles=15
  [Math] NESTLEIND: ticks=18 | live_candles=15
  [Math] TECHM: ticks=13 | live_candles=15
  [Math] POWERGRID: ticks=14 | live_candles=15
  [Math] ONGC: ticks=11 | live_candles=15
  [Math] ADANIPORTS: ticks=15 | live_candles=15
  [Math] DIVISLAB: ticks=10 | live_candles=15
  [Math] DRREDDY: ticks=9 | live_candles=15
  [Math] EICHERMOT: ticks=8 | live_candles=15
  [Math] JSWSTEEL: ticks=17 | live_candles=15
  [Math] M&M: ticks=25 | live_candles=15
  [Math] TATACONSUM: ticks=14 | live_candles=15
  [Math] TATASTEEL: ticks=28 | live_candles=15
  [Math] CIPLA: ticks=9 | live_candles=15
  [Math] HDFCLIFE: ticks=14 | live_candles=15
2026-06-05 14:23:54 [INFO] core.state_manager: [BRIEFING] Loading from data/session_briefing.json...
2026-06-05 14:23:54 [INFO] core.state_manager: [BRIEFING] Loaded Valid: 8 approved + 22 watchlist (MORNING_SCREENER)
2026-06-05 14:24:09 [INFO] core.order_executor: 📈 TRAILING SL | WIPRO | ₹194.99 → ₹195.2
2026-06-05 14:24:20 [INFO] core.order_executor: 📈 TRAILING SL | WIPRO | ₹195.2 → ₹195.22
2026-06-05 14:24:35 [INFO] core.order_executor: 📈 TRAILING SL | WIPRO | ₹195.22 → ₹195.27
2026-06-05 14:24:40 [INFO] core.strategy: ─── Scan summary (30 subscribed) ───
  [Cognition] RELIANCE: ticks=90 | live_candles=15
  [Cognition] MARUTI: ticks=49 | live_candles=15
  [Cognition] WIPRO: ticks=83 | live_candles=15
  [Cognition] HEROMOTOCO: ticks=53 | live_candles=15
  [Cognition] TCS: ticks=87 | live_candles=15
  [Cognition] HDFCBANK: ticks=93 | live_candles=15
  [Cognition] ICICIBANK: ticks=93 | live_candles=15
  [Cognition] ITC: ticks=92 | live_candles=15
  [Math] SBIN: ticks=80 | live_candles=15
  [Math] BHARTIARTL: ticks=91 | live_candles=15
  [Math] LT: ticks=75 | live_candles=15
  [Math] HCLTECH: ticks=52 | live_candles=15
  [Math] ASIANPAINT: ticks=40 | live_candles=15
  [Math] SUNPHARMA: ticks=69 | live_candles=15
  [Math] TITAN: ticks=61 | live_candles=15
  [Math] ULTRACEMCO: ticks=40 | live_candles=15
  [Math] NESTLEIND: ticks=69 | live_candles=15
  [Math] TECHM: ticks=57 | live_candles=15
  [Math] POWERGRID: ticks=56 | live_candles=15
  [Math] ONGC: ticks=39 | live_candles=15
  [Math] ADANIPORTS: ticks=58 | live_candles=15
  [Math] DIVISLAB: ticks=39 | live_candles=15
  [Math] DRREDDY: ticks=45 | live_candles=15
  [Math] EICHERMOT: ticks=28 | live_candles=15
  [Math] JSWSTEEL: ticks=50 | live_candles=15
  [Math] M&M: ticks=74 | live_candles=15
  [Math] TATACONSUM: ticks=33 | live_candles=15
  [Math] TATASTEEL: ticks=110 | live_candles=15
  [Math] CIPLA: ticks=34 | live_candles=15
  [Math] HDFCLIFE: ticks=39 | live_candles=15
2026-06-05 14:24:52 [INFO] core.data_fetcher: 📡 Live feed | ticks received: 30/30 symbols | active=['RELIANCE', 'MARUTI', 'WIPRO', 'HEROMOTOCO', 'TCS', 'HDFCBANK', 'ICICIBANK', 'ITC']...
2026-06-05 14:24:55 [INFO] core.state_manager: [BRIEFING] Loading from data/session_briefing.json...
2026-06-05 14:24:55 [INFO] core.state_manager: [BRIEFING] Loaded Valid: 8 approved + 22 watchlist (MORNING_SCREENER)
2026-06-05 14:25:00 [INFO] core.data_fetcher: 🕯️ Candle closed: ICICIBANK | 2026-06-05 14:20 | O:1257.40 H:1265.00 L:1250.00 C:1259.80 V:1109313710.0
2026-06-05 14:25:00 [INFO] core.data_fetcher: 🕯️ Candle closed: RELIANCE | 2026-06-05 14:20 | O:1291.80 H:1306.00 L:1288.00 C:1291.90 V:2326922245.0
2026-06-05 14:25:00 [INFO] core.data_fetcher: 🕯️ Candle closed: SUNPHARMA | 2026-06-05 14:20 | O:1791.20 H:1802.90 L:1781.40 C:1790.10 V:164843937.0
2026-06-05 14:25:00 [INFO] core.data_fetcher: 🕯️ Candle closed: DIVISLAB | 2026-06-05 14:20 | O:6599.00 H:6636.50 L:6567.00 C:6600.50 V:8717926.0
2026-06-05 14:25:00 [INFO] core.data_fetcher: 🕯️ Candle closed: TCS | 2026-06-05 14:20 | O:2201.40 H:2271.80 L:2198.10 C:2202.70 V:543647446.0
2026-06-05 14:25:00 [INFO] core.data_fetcher: 🕯️ Candle closed: TECHM | 2026-06-05 14:20 | O:1474.00 H:1524.00 L:1469.00 C:1475.60 V:162179824.0
2026-06-05 14:25:00 [INFO] core.data_fetcher: 🕯️ Candle closed: SBIN | 2026-06-05 14:20 | O:971.75 H:992.60 L:970.60 C:974.00 V:2829612820.0
2026-06-05 14:25:00 [INFO] core.data_fetcher: 🕯️ Candle closed: HDFCBANK | 2026-06-05 14:20 | O:745.85 H:758.70 L:745.35 C:746.40 V:2196110783.0
2026-06-05 14:25:00 [INFO] core.data_fetcher: 🕯️ Candle closed: ITC | 2026-06-05 14:20 | O:280.20 H:281.40 L:277.85 C:280.30 V:1817205983.0
2026-06-05 14:25:00 [INFO] core.data_fetcher: 🕯️ Candle closed: POWERGRID | 2026-06-05 14:20 | O:284.75 H:286.55 L:283.00 C:285.10 V:453578692.0
2026-06-05 14:25:01 [INFO] core.data_fetcher: 🕯️ Candle closed: TATASTEEL | 2026-06-05 14:20 | O:205.94 H:210.50 L:203.90 C:205.82 V:4987916977.0
2026-06-05 14:25:01 [INFO] core.data_fetcher: 🕯️ Candle closed: ADANIPORTS | 2026-06-05 14:20 | O:1815.90 H:1824.00 L:1796.70 C:1814.10 V:124296574.0
2026-06-05 14:25:01 [INFO] core.data_fetcher: 🕯️ Candle closed: ULTRACEMCO | 2026-06-05 14:20 | O:10882.00 H:11121.00 L:10846.00 C:10888.00 V:20411065.0
2026-06-05 14:25:01 [INFO] core.data_fetcher: 🕯️ Candle closed: HCLTECH | 2026-06-05 14:20 | O:1148.80 H:1182.50 L:1147.00 C:1149.40 V:98435423.0
2026-06-05 14:25:01 [INFO] core.data_fetcher: 🕯️ Candle closed: NESTLEIND | 2026-06-05 14:20 | O:1375.70 H:1386.90 L:1372.30 C:1376.90 V:71137659.0
2026-06-05 14:25:01 [INFO] core.data_fetcher: 🕯️ Candle closed: JSWSTEEL | 2026-06-05 14:20 | O:1275.50 H:1309.80 L:1266.50 C:1274.90 V:98044512.0
2026-06-05 14:25:02 [INFO] core.data_fetcher: 🕯️ Candle closed: CIPLA | 2026-06-05 14:20 | O:1403.00 H:1403.20 L:1382.00 C:1401.30 V:41983899.0
2026-06-05 14:25:02 [INFO] core.data_fetcher: 🕯️ Candle closed: BHARTIARTL | 2026-06-05 14:20 | O:1791.70 H:1827.80 L:1790.70 C:1791.80 V:360720327.0
2026-06-05 14:25:02 [INFO] core.data_fetcher: 🕯️ Candle closed: ASIANPAINT | 2026-06-05 14:20 | O:2689.90 H:2699.80 L:2665.00 C:2687.10 V:84850420.0
2026-06-05 14:25:02 [INFO] core.data_fetcher: 🕯️ Candle closed: MARUTI | 2026-06-05 14:20 | O:13062.00 H:13175.00 L:12915.00 C:13067.00 V:20701257.0
2026-06-05 14:25:02 [INFO] core.data_fetcher: 🕯️ Candle closed: HDFCLIFE | 2026-06-05 14:20 | O:579.55 H:590.00 L:577.10 C:578.60 V:249744550.0
2026-06-05 14:25:02 [INFO] core.data_fetcher: 🕯️ Candle closed: LT | 2026-06-05 14:20 | O:3950.20 H:3978.00 L:3923.90 C:3951.70 V:117192543.0
2026-06-05 14:25:02 [INFO] core.data_fetcher: 🕯️ Candle closed: DRREDDY | 2026-06-05 14:20 | O:1282.40 H:1285.50 L:1268.50 C:1285.40 V:21817264.0
2026-06-05 14:25:02 [INFO] core.data_fetcher: 🕯️ Candle closed: WIPRO | 2026-06-05 14:20 | O:196.89 H:197.29 L:188.15 C:197.20 V:4796014191.0
2026-06-05 14:25:02 [INFO] core.data_fetcher: 🕯️ Candle closed: HEROMOTOCO | 2026-06-05 14:20 | O:4849.50 H:4904.50 L:4791.10 C:4853.00 V:47921806.0
2026-06-05 14:25:03 [INFO] core.data_fetcher: 🕯️ Candle closed: M&M | 2026-06-05 14:20 | O:3034.10 H:3056.90 L:3012.70 C:3036.00 V:157168037.0
2026-06-05 14:25:03 [INFO] core.data_fetcher: 🕯️ Candle closed: TITAN | 2026-06-05 14:20 | O:4256.20 H:4289.00 L:4223.20 C:4255.60 V:83450385.0
2026-06-05 14:25:03 [INFO] core.data_fetcher: 🕯️ Candle closed: ONGC | 2026-06-05 14:20 | O:265.20 H:268.45 L:263.70 C:265.30 V:296149436.0
2026-06-05 14:25:04 [INFO] core.data_fetcher: 🕯️ Candle closed: EICHERMOT | 2026-06-05 14:20 | O:7068.50 H:7150.00 L:7029.00 C:7069.50 V:15842471.0
2026-06-05 14:25:07 [INFO] core.data_fetcher: 🕯️ Candle closed: TATACONSUM | 2026-06-05 14:20 | O:1131.40 H:1156.00 L:1129.10 C:1132.10 V:40275526.0
2026-06-05 14:25:42 [INFO] apscheduler.executors.default: Running job "Market Observation Loop (trigger: interval[0:15:00], next run at: 2026-06-05 14:40:42 IST)" (scheduled at 2026-06-05 14:25:42.460753+05:30)
2026-06-05 14:25:42 [INFO] reflection.observation_loop: 🔍 Running observation cycle...
2026-06-05 14:25:42 [INFO] core.state_manager: [BRIEFING] Loading from data/session_briefing.json...
2026-06-05 14:25:42 [INFO] core.state_manager: [BRIEFING] Loaded Valid: 8 approved + 22 watchlist (MORNING_SCREENER)
2026-06-05 14:25:42 [INFO] reflection.observation_loop: 📊 Observation recorded:
   Market: RANGING | Trend: WEAK
   Vol: LOW | Breakouts: LOW
   Reversals: LOW
2026-06-05 14:25:42 [INFO] apscheduler.executors.default: Job "Market Observation Loop (trigger: interval[0:15:00], next run at: 2026-06-05 14:40:42 IST)" executed successfully
2026-06-05 14:25:51 [INFO] core.order_executor: 📈 TRAILING SL | WIPRO | ₹195.27 → ₹195.33
2026-06-05 14:25:57 [INFO] core.state_manager: [BRIEFING] Loading from data/session_briefing.json...
2026-06-05 14:25:57 [INFO] core.state_manager: [BRIEFING] Loaded Valid: 8 approved + 22 watchlist (MORNING_SCREENER)
2026-06-05 14:26:02 [INFO] core.order_executor: 📈 TRAILING SL | WIPRO | ₹195.33 → ₹195.4
2026-06-05 14:26:07 [INFO] core.order_executor: 📈 TRAILING SL | WIPRO | ₹195.4 → ₹195.43
2026-06-05 14:26:12 [INFO] core.strategy: ─── Scan summary (30 subscribed) ───
  [Cognition] RELIANCE: ticks=146 | live_candles=16
  [Cognition] MARUTI: ticks=81 | live_candles=16
  [Cognition] WIPRO: ticks=155 | live_candles=16
  [Cognition] HEROMOTOCO: ticks=75 | live_candles=16
  [Cognition] TCS: ticks=156 | live_candles=16
  [Cognition] HDFCBANK: ticks=174 | live_candles=16
  [Cognition] ICICIBANK: ticks=143 | live_candles=16
  [Cognition] ITC: ticks=151 | live_candles=16
  [Math] SBIN: ticks=160 | live_candles=16
  [Math] BHARTIARTL: ticks=172 | live_candles=16
  [Math] LT: ticks=131 | live_candles=16
  [Math] HCLTECH: ticks=87 | live_candles=16
  [Math] ASIANPAINT: ticks=79 | live_candles=16
  [Math] SUNPHARMA: ticks=112 | live_candles=16
  [Math] TITAN: ticks=97 | live_candles=16
  [Math] ULTRACEMCO: ticks=70 | live_candles=16
  [Math] NESTLEIND: ticks=95 | live_candles=16
  [Math] TECHM: ticks=99 | live_candles=16
  [Math] POWERGRID: ticks=101 | live_candles=16
  [Math] ONGC: ticks=64 | live_candles=16
  [Math] ADANIPORTS: ticks=98 | live_candles=16
  [Math] DIVISLAB: ticks=63 | live_candles=16
  [Math] DRREDDY: ticks=80 | live_candles=16
  [Math] EICHERMOT: ticks=48 | live_candles=16
  [Math] JSWSTEEL: ticks=86 | live_candles=16
  [Math] M&M: ticks=126 | live_candles=16
  [Math] TATACONSUM: ticks=73 | live_candles=16
  [Math] TATASTEEL: ticks=184 | live_candles=16
  [Math] CIPLA: ticks=53 | live_candles=16
  [Math] HDFCLIFE: ticks=72 | live_candles=16
2026-06-05 14:26:48 [INFO] core.order_executor: 📈 TRAILING SL | WIPRO | ₹195.43 → ₹195.45
2026-06-05 14:26:52 [INFO] core.data_fetcher: 📡 Live feed | ticks received: 30/30 symbols | active=['RELIANCE', 'MARUTI', 'WIPRO', 'HEROMOTOCO', 'TCS', 'HDFCBANK', 'ICICIBANK', 'ITC']...
2026-06-05 14:26:58 [INFO] core.state_manager: [BRIEFING] Loading from data/session_briefing.json...
2026-06-05 14:26:58 [INFO] core.state_manager: [BRIEFING] Loaded Valid: 8 approved + 22 watchlist (MORNING_SCREENER)
2026-06-05 14:27:44 [INFO] core.strategy: ─── Scan summary (30 subscribed) ───
  [Cognition] RELIANCE: ticks=212 | live_candles=16
  [Cognition] MARUTI: ticks=122 | live_candles=16
  [Cognition] WIPRO: ticks=220 | live_candles=16
  [Cognition] HEROMOTOCO: ticks=101 | live_candles=16
  [Cognition] TCS: ticks=201 | live_candles=16
  [Cognition] HDFCBANK: ticks=254 | live_candles=16
  [Cognition] ICICIBANK: ticks=210 | live_candles=16
  [Cognition] ITC: ticks=218 | live_candles=16
  [Math] SBIN: ticks=238 | live_candles=16
  [Math] BHARTIARTL: ticks=239 | live_candles=16
  [Math] LT: ticks=199 | live_candles=16
  [Math] HCLTECH: ticks=127 | live_candles=16
  [Math] ASIANPAINT: ticks=95 | live_candles=16
  [Math] SUNPHARMA: ticks=173 | live_candles=16
  [Math] TITAN: ticks=138 | live_candles=16
  [Math] ULTRACEMCO: ticks=102 | live_candles=16
  [Math] NESTLEIND: ticks=130 | live_candles=16
  [Math] TECHM: ticks=150 | live_candles=16
  [Math] POWERGRID: ticks=136 | live_candles=16
  [Math] ONGC: ticks=97 | live_candles=16
  [Math] ADANIPORTS: ticks=147 | live_candles=16
  [Math] DIVISLAB: ticks=82 | live_candles=16
  [Math] DRREDDY: ticks=117 | live_candles=16
  [Math] EICHERMOT: ticks=72 | live_candles=16
  [Math] JSWSTEEL: ticks=126 | live_candles=16
  [Math] M&M: ticks=185 | live_candles=16
  [Math] TATACONSUM: ticks=96 | live_candles=16
  [Math] TATASTEEL: ticks=261 | live_candles=16
  [Math] CIPLA: ticks=75 | live_candles=16
  [Math] HDFCLIFE: ticks=96 | live_candles=16
2026-06-05 14:27:59 [INFO] core.state_manager: [BRIEFING] Loading from data/session_briefing.json...
2026-06-05 14:27:59 [INFO] core.state_manager: [BRIEFING] Loaded Valid: 8 approved + 22 watchlist (MORNING_SCREENER)
2026-06-05 14:28:35 [INFO] core.order_executor: 📈 TRAILING SL | JSWSTEEL | ₹1265.34 → ₹1265.62
2026-06-05 14:28:40 [INFO] core.order_executor: 📈 TRAILING SL | JSWSTEEL | ₹1265.62 → ₹1266.11
2026-06-05 14:28:45 [INFO] core.order_executor: 📈 TRAILING SL | JSWSTEEL | ₹1266.11 → ₹1266.31
2026-06-05 14:28:50 [INFO] core.order_executor: 📈 TRAILING SL | JSWSTEEL | ₹1266.31 → ₹1266.51
2026-06-05 14:28:52 [INFO] core.data_fetcher: 📡 Live feed | ticks received: 30/30 symbols | active=['RELIANCE', 'MARUTI', 'WIPRO', 'HEROMOTOCO', 'TCS', 'HDFCBANK', 'ICICIBANK', 'ITC']...
2026-06-05 14:29:00 [INFO] core.state_manager: [BRIEFING] Loading from data/session_briefing.json...
2026-06-05 14:29:00 [INFO] core.state_manager: [BRIEFING] Loaded Valid: 8 approved + 22 watchlist (MORNING_SCREENER)
2026-06-05 14:29:15 [INFO] core.strategy: ─── Scan summary (30 subscribed) ───
  [Cognition] RELIANCE: ticks=282 | live_candles=16
  [Cognition] MARUTI: ticks=159 | live_candles=16
  [Cognition] WIPRO: ticks=284 | live_candles=16
  [Cognition] HEROMOTOCO: ticks=147 | live_candles=16
  [Cognition] TCS: ticks=257 | live_candles=16
  [Cognition] HDFCBANK: ticks=340 | live_candles=16
  [Cognition] ICICIBANK: ticks=283 | live_candles=16
  [Cognition] ITC: ticks=282 | live_candles=16
  [Math] SBIN: ticks=326 | live_candles=16
  [Math] BHARTIARTL: ticks=318 | live_candles=16
  [Math] LT: ticks=270 | live_candles=16
  [Math] HCLTECH: ticks=159 | live_candles=16
  [Math] ASIANPAINT: ticks=130 | live_candles=16
  [Math] SUNPHARMA: ticks=218 | live_candles=16
  [Math] TITAN: ticks=187 | live_candles=16
  [Math] ULTRACEMCO: ticks=136 | live_candles=16
  [Math] NESTLEIND: ticks=169 | live_candles=16
  [Math] TECHM: ticks=202 | live_candles=16
  [Math] POWERGRID: ticks=176 | live_candles=16
  [Math] ONGC: ticks=123 | live_candles=16
  [Math] ADANIPORTS: ticks=194 | live_candles=16
  [Math] DIVISLAB: ticks=115 | live_candles=16
  [Math] DRREDDY: ticks=138 | live_candles=16
  [Math] EICHERMOT: ticks=95 | live_candles=16
  [Math] JSWSTEEL: ticks=182 | live_candles=16
  [Math] M&M: ticks=237 | live_candles=16
  [Math] TATACONSUM: ticks=121 | live_candles=16
  [Math] TATASTEEL: ticks=344 | live_candles=16
  [Math] CIPLA: ticks=112 | live_candles=16
  [Math] HDFCLIFE: ticks=126 | live_candles=16
2026-06-05 14:30:00 [INFO] core.data_fetcher: 🕯️ Candle closed: ICICIBANK | 2026-06-05 14:25 | O:1259.70 H:1261.90 L:1259.20 C:1260.40 V:1227243540.0
2026-06-05 14:30:00 [INFO] core.data_fetcher: 🕯️ Candle closed: HDFCBANK | 2026-06-05 14:25 | O:746.30 H:748.00 L:746.30 C:747.50 V:2697011748.0
2026-06-05 14:30:00 [INFO] core.data_fetcher: 🕯️ Candle closed: TCS | 2026-06-05 14:25 | O:2202.90 H:2203.90 L:2202.30 C:2203.90 V:554220886.0
2026-06-05 14:30:00 [INFO] core.data_fetcher: 🕯️ Candle closed: SBIN | 2026-06-05 14:25 | O:973.95 H:977.80 L:973.95 C:977.40 V:3801996249.0
2026-06-05 14:30:00 [INFO] core.data_fetcher: 🕯️ Candle closed: DRREDDY | 2026-06-05 14:25 | O:1285.50 H:1286.80 L:1285.00 C:1285.50 V:33627368.0
2026-06-05 14:30:00 [INFO] core.data_fetcher: 🕯️ Candle closed: MARUTI | 2026-06-05 14:25 | O:13064.00 H:13086.00 L:13064.00 C:13080.00 V:22470115.0
2026-06-05 14:30:00 [INFO] core.data_fetcher: 🕯️ Candle closed: M&M | 2026-06-05 14:25 | O:3035.50 H:3039.90 L:3035.20 C:3039.30 V:139900695.0
2026-06-05 14:30:00 [INFO] core.data_fetcher: 🕯️ Candle closed: CIPLA | 2026-06-05 14:25 | O:1401.40 H:1402.00 L:1398.80 C:1402.00 V:39809577.0
2026-06-05 14:30:00 [INFO] core.data_fetcher: 🕯️ Candle closed: SUNPHARMA | 2026-06-05 14:25 | O:1789.60 H:1791.00 L:1789.30 C:1790.40 V:199107823.0
2026-06-05 14:30:00 [INFO] core.data_fetcher: 🕯️ Candle closed: TECHM | 2026-06-05 14:25 | O:1475.40 H:1476.00 L:1467.90 C:1469.70 V:199176261.0
2026-06-05 14:30:00 [INFO] core.data_fetcher: 🕯️ Candle closed: ULTRACEMCO | 2026-06-05 14:25 | O:10887.00 H:10900.00 L:10884.00 C:10894.00 V:24727573.0
2026-06-05 14:30:00 [INFO] core.data_fetcher: 🕯️ Candle closed: HCLTECH | 2026-06-05 14:25 | O:1149.90 H:1150.60 L:1149.00 C:1149.50 V:92990649.0
2026-06-05 14:30:00 [INFO] core.data_fetcher: 🕯️ Candle closed: ITC | 2026-06-05 14:25 | O:280.25 H:280.40 L:280.20 C:280.35 V:1924378690.0
2026-06-05 14:30:00 [INFO] core.data_fetcher: 🕯️ Candle closed: LT | 2026-06-05 14:25 | O:3952.00 H:3956.00 L:3951.20 C:3954.80 V:135260939.0
2026-06-05 14:30:00 [INFO] core.data_fetcher: 🕯️ Candle closed: HEROMOTOCO | 2026-06-05 14:25 | O:4852.90 H:4858.00 L:4851.40 C:4852.00 V:53706573.0
2026-06-05 14:30:00 [INFO] core.data_fetcher: 🕯️ Candle closed: JSWSTEEL | 2026-06-05 14:25 | O:1274.50 H:1279.40 L:1274.50 C:1278.70 V:137700204.0
2026-06-05 14:30:00 [INFO] core.data_fetcher: 🕯️ Candle closed: ASIANPAINT | 2026-06-05 14:25 | O:2688.20 H:2691.50 L:2687.60 C:2691.00 V:64816560.0
2026-06-05 14:30:00 [INFO] core.data_fetcher: 🕯️ Candle closed: ONGC | 2026-06-05 14:25 | O:265.25 H:265.50 L:265.20 C:265.50 V:285094456.0
2026-06-05 14:30:01 [INFO] core.data_fetcher: 🕯️ Candle closed: TATASTEEL | 2026-06-05 14:25 | O:205.78 H:206.38 L:205.78 C:206.26 V:5450612399.0
2026-06-05 14:30:01 [INFO] core.data_fetcher: 🕯️ Candle closed: RELIANCE | 2026-06-05 14:25 | O:1292.00 H:1293.00 L:1291.70 C:1293.00 V:2507840946.0
2026-06-05 14:30:01 [INFO] core.data_fetcher: 🕯️ Candle closed: WIPRO | 2026-06-05 14:25 | O:197.19 H:197.43 L:197.08 C:197.18 V:6006580978.0
2026-06-05 14:30:01 [INFO] core.data_fetcher: 🕯️ Candle closed: HDFCLIFE | 2026-06-05 14:25 | O:578.55 H:578.95 L:578.20 C:578.60 V:201803410.0
2026-06-05 14:30:01 [INFO] core.data_fetcher: 🕯️ Candle closed: NESTLEIND | 2026-06-05 14:25 | O:1376.40 H:1379.30 L:1376.40 C:1379.30 V:69007107.0
2026-06-05 14:30:01 [INFO] core.state_manager: [BRIEFING] Loading from data/session_briefing.json...
2026-06-05 14:30:01 [INFO] core.state_manager: [BRIEFING] Loaded Valid: 8 approved + 22 watchlist (MORNING_SCREENER)
2026-06-05 14:30:02 [INFO] core.data_fetcher: 🕯️ Candle closed: BHARTIARTL | 2026-06-05 14:25 | O:1792.00 H:1794.30 L:1791.50 C:1794.00 V:414498269.0
2026-06-05 14:30:02 [INFO] core.data_fetcher: 🕯️ Candle closed: ADANIPORTS | 2026-06-05 14:25 | O:1813.70 H:1816.00 L:1813.00 C:1816.00 V:120583254.0
2026-06-05 14:30:02 [INFO] core.data_fetcher: 🕯️ Candle closed: POWERGRID | 2026-06-05 14:25 | O:285.05 H:285.50 L:285.05 C:285.30 V:522578307.0
2026-06-05 14:30:03 [INFO] core.data_fetcher: 🕯️ Candle closed: EICHERMOT | 2026-06-05 14:25 | O:7070.50 H:7078.00 L:7070.50 C:7074.50 V:17551670.0
2026-06-05 14:30:03 [INFO] core.data_fetcher: 🕯️ Candle closed: TITAN | 2026-06-05 14:25 | O:4255.50 H:4262.40 L:4255.00 C:4262.10 V:94422198.0
2026-06-05 14:30:04 [INFO] core.data_fetcher: 🕯️ Candle closed: DIVISLAB | 2026-06-05 14:25 | O:6602.00 H:6609.00 L:6601.50 C:6605.00 V:8780752.0
2026-06-05 14:30:07 [INFO] core.data_fetcher: 🕯️ Candle closed: TATACONSUM | 2026-06-05 14:25 | O:1132.00 H:1134.20 L:1132.00 C:1134.00 V:47834773.0
2026-06-05 14:30:22 [INFO] core.order_executor: 📈 TRAILING SL | WIPRO | ₹195.45 → ₹195.46
2026-06-05 14:30:27 [INFO] core.order_executor: 📈 TRAILING SL | WIPRO | ₹195.46 → ₹195.48
2026-06-05 14:30:32 [INFO] core.order_executor: 📈 TRAILING SL | WIPRO | ₹195.48 → ₹195.52
2026-06-05 14:30:37 [INFO] core.order_executor: 📈 TRAILING SL | WIPRO | ₹195.52 → ₹195.67
2026-06-05 14:30:42 [INFO] core.order_executor: 📈 TRAILING SL | WIPRO | ₹195.67 → ₹195.68
2026-06-05 14:30:47 [INFO] core.strategy: ─── Scan summary (30 subscribed) ───
  [Cognition] RELIANCE: ticks=342 | live_candles=17
  [Cognition] MARUTI: ticks=204 | live_candles=17
  [Cognition] WIPRO: ticks=342 | live_candles=17
  [Cognition] HEROMOTOCO: ticks=201 | live_candles=17
  [Cognition] TCS: ticks=309 | live_candles=17
  [Cognition] HDFCBANK: ticks=418 | live_candles=17
  [Cognition] ICICIBANK: ticks=355 | live_candles=17
  [Cognition] ITC: ticks=339 | live_candles=17
  [Math] SBIN: ticks=407 | live_candles=17
  [Math] BHARTIARTL: ticks=396 | live_candles=17
  [Math] LT: ticks=328 | live_candles=17
  [Math] HCLTECH: ticks=198 | live_candles=17
  [Math] ASIANPAINT: ticks=169 | live_candles=17
  [Math] SUNPHARMA: ticks=261 | live_candles=17
  [Math] TITAN: ticks=234 | live_candles=17
  [Math] ULTRACEMCO: ticks=172 | live_candles=17
  [Math] NESTLEIND: ticks=208 | live_candles=17
  [Math] TECHM: ticks=263 | live_candles=17
  [Math] POWERGRID: ticks=226 | live_candles=17
  [Math] ONGC: ticks=150 | live_candles=17
  [Math] ADANIPORTS: ticks=231 | live_candles=17
  [Math] DIVISLAB: ticks=138 | live_candles=17
  [Math] DRREDDY: ticks=173 | live_candles=17
  [Math] EICHERMOT: ticks=110 | live_candles=17
  [Math] JSWSTEEL: ticks=233 | live_candles=17
  [Math] M&M: ticks=285 | live_candles=17
  [Math] TATACONSUM: ticks=150 | live_candles=17
  [Math] TATASTEEL: ticks=418 | live_candles=17
  [Math] CIPLA: ticks=138 | live_candles=17
  [Math] HDFCLIFE: ticks=146 | live_candles=17
2026-06-05 14:30:52 [INFO] core.data_fetcher: 📡 Live feed | ticks received: 30/30 symbols | active=['RELIANCE', 'MARUTI', 'WIPRO', 'HEROMOTOCO', 'TCS', 'HDFCBANK', 'ICICIBANK', 'ITC']...
2026-06-05 14:30:58 [INFO] core.order_executor: 📈 TRAILING SL | WIPRO | ₹195.68 → ₹195.7
2026-06-05 14:31:03 [INFO] core.state_manager: [BRIEFING] Loading from data/session_briefing.json...
2026-06-05 14:31:03 [INFO] core.state_manager: [BRIEFING] Loaded Valid: 8 approved + 22 watchlist (MORNING_SCREENER)
2026-06-05 14:32:04 [INFO] core.state_manager: [BRIEFING] Loading from data/session_briefing.json...
2026-06-05 14:32:04 [INFO] core.state_manager: [BRIEFING] Loaded Valid: 8 approved + 22 watchlist (MORNING_SCREENER)
2026-06-05 14:32:14 [INFO] core.order_executor: 📈 TRAILING SL | JSWSTEEL | ₹1266.51 → ₹1266.61
2026-06-05 14:32:19 [INFO] core.strategy: ─── Scan summary (30 subscribed) ───
  [Cognition] RELIANCE: ticks=418 | live_candles=17
  [Cognition] MARUTI: ticks=248 | live_candles=17
  [Cognition] WIPRO: ticks=406 | live_candles=17
  [Cognition] HEROMOTOCO: ticks=249 | live_candles=17
  [Cognition] TCS: ticks=363 | live_candles=17
  [Cognition] HDFCBANK: ticks=485 | live_candles=17
  [Cognition] ICICIBANK: ticks=428 | live_candles=17
  [Cognition] ITC: ticks=404 | live_candles=17
  [Math] SBIN: ticks=469 | live_candles=17
  [Math] BHARTIARTL: ticks=449 | live_candles=17
  [Math] LT: ticks=389 | live_candles=17
  [Math] HCLTECH: ticks=234 | live_candles=17
  [Math] ASIANPAINT: ticks=221 | live_candles=17
  [Math] SUNPHARMA: ticks=309 | live_candles=17
  [Math] TITAN: ticks=283 | live_candles=17
  [Math] ULTRACEMCO: ticks=210 | live_candles=17
  [Math] NESTLEIND: ticks=248 | live_candles=17
  [Math] TECHM: ticks=317 | live_candles=17
  [Math] POWERGRID: ticks=263 | live_candles=17
  [Math] ONGC: ticks=182 | live_candles=17
  [Math] ADANIPORTS: ticks=280 | live_candles=17
  [Math] DIVISLAB: ticks=156 | live_candles=17
  [Math] DRREDDY: ticks=194 | live_candles=17
  [Math] EICHERMOT: ticks=137 | live_candles=17
  [Math] JSWSTEEL: ticks=265 | live_candles=17
  [Math] M&M: ticks=344 | live_candles=17
  [Math] TATACONSUM: ticks=186 | live_candles=17
  [Math] TATASTEEL: ticks=493 | live_candles=17
  [Math] CIPLA: ticks=156 | live_candles=17
  [Math] HDFCLIFE: ticks=180 | live_candles=17
2026-06-05 14:32:19 [INFO] core.order_executor: 📈 TRAILING SL | JSWSTEEL | ₹1266.61 → ₹1267.0
2026-06-05 14:32:52 [INFO] core.data_fetcher: 📡 Live feed | ticks received: 30/30 symbols | active=['RELIANCE', 'MARUTI', 'WIPRO', 'HEROMOTOCO', 'TCS', 'HDFCBANK', 'ICICIBANK', 'ITC']...
2026-06-05 14:33:05 [INFO] core.state_manager: [BRIEFING] Loading from data/session_briefing.json...
2026-06-05 14:33:05 [INFO] core.state_manager: [BRIEFING] Loaded Valid: 8 approved + 22 watchlist (MORNING_SCREENER)
2026-06-05 14:33:10 [INFO] core.order_executor: 📈 TRAILING SL | JSWSTEEL | ₹1267.0 → ₹1267.1
2026-06-05 14:33:15 [INFO] core.order_executor: 📈 TRAILING SL | JSWSTEEL | ₹1267.1 → ₹1267.2
2026-06-05 14:33:51 [INFO] core.strategy: ─── Scan summary (30 subscribed) ───
  [Cognition] RELIANCE: ticks=485 | live_candles=17
  [Cognition] MARUTI: ticks=287 | live_candles=17
  [Cognition] WIPRO: ticks=462 | live_candles=17
  [Cognition] HEROMOTOCO: ticks=288 | live_candles=17
  [Cognition] TCS: ticks=426 | live_candles=17
  [Cognition] HDFCBANK: ticks=566 | live_candles=17
  [Cognition] ICICIBANK: ticks=487 | live_candles=17
  [Cognition] ITC: ticks=463 | live_candles=17
  [Math] SBIN: ticks=539 | live_candles=17
  [Math] BHARTIARTL: ticks=519 | live_candles=17
  [Math] LT: ticks=449 | live_candles=17
  [Math] HCLTECH: ticks=269 | live_candles=17
  [Math] ASIANPAINT: ticks=255 | live_candles=17
  [Math] SUNPHARMA: ticks=348 | live_candles=17
  [Math] TITAN: ticks=337 | live_candles=17
  [Math] ULTRACEMCO: ticks=248 | live_candles=17
  [Math] NESTLEIND: ticks=277 | live_candles=17
  [Math] TECHM: ticks=380 | live_candles=17
  [Math] POWERGRID: ticks=305 | live_candles=17
  [Math] ONGC: ticks=220 | live_candles=17
  [Math] ADANIPORTS: ticks=340 | live_candles=17
  [Math] DIVISLAB: ticks=181 | live_candles=17
  [Math] DRREDDY: ticks=217 | live_candles=17
  [Math] EICHERMOT: ticks=156 | live_candles=17
  [Math] JSWSTEEL: ticks=308 | live_candles=17
  [Math] M&M: ticks=405 | live_candles=17
  [Math] TATACONSUM: ticks=223 | live_candles=17
  [Math] TATASTEEL: ticks=572 | live_candles=17
  [Math] CIPLA: ticks=183 | live_candles=17
  [Math] HDFCLIFE: ticks=204 | live_candles=17
2026-06-05 14:34:06 [INFO] core.state_manager: [BRIEFING] Loading from data/session_briefing.json...
2026-06-05 14:34:06 [INFO] core.state_manager: [BRIEFING] Loaded Valid: 8 approved + 22 watchlist (MORNING_SCREENER)
2026-06-05 14:34:52 [INFO] core.data_fetcher: 📡 Live feed | ticks received: 30/30 symbols | active=['RELIANCE', 'MARUTI', 'WIPRO', 'HEROMOTOCO', 'TCS', 'HDFCBANK', 'ICICIBANK', 'ITC']...
2026-06-05 14:35:00 [INFO] core.data_fetcher: 🕯️ Candle closed: ICICIBANK | 2026-06-05 14:30 | O:1260.50 H:1262.00 L:1260.50 C:1260.80 V:1233427651.0
2026-06-05 14:35:00 [INFO] core.data_fetcher: 🕯️ Candle closed: HDFCBANK | 2026-06-05 14:30 | O:747.45 H:748.00 L:746.10 C:746.10 V:2574531689.0
2026-06-05 14:35:00 [INFO] core.data_fetcher: 🕯️ Candle closed: WIPRO | 2026-06-05 14:30 | O:197.19 H:197.71 L:197.18 C:197.59 V:5392039356.0
2026-06-05 14:35:00 [INFO] core.data_fetcher: 🕯️ Candle closed: ITC | 2026-06-05 14:30 | O:280.40 H:280.60 L:280.35 C:280.45 V:1885423368.0
2026-06-05 14:35:00 [INFO] core.data_fetcher: 🕯️ Candle closed: M&M | 2026-06-05 14:30 | O:3039.20 H:3043.30 L:3039.20 C:3041.10 V:156606457.0
2026-06-05 14:35:00 [INFO] core.data_fetcher: 🕯️ Candle closed: HEROMOTOCO | 2026-06-05 14:30 | O:4852.10 H:4858.20 L:4846.70 C:4847.70 V:59436174.0
2026-06-05 14:35:00 [INFO] core.data_fetcher: 🕯️ Candle closed: TITAN | 2026-06-05 14:30 | O:4261.50 H:4263.10 L:4257.90 C:4260.00 V:109434003.0
2026-06-05 14:35:00 [INFO] core.data_fetcher: 🕯️ Candle closed: TATASTEEL | 2026-06-05 14:30 | O:206.25 H:206.49 L:206.15 C:206.27 V:5354316906.0
2026-06-05 14:35:00 [INFO] core.data_fetcher: 🕯️ Candle closed: BHARTIARTL | 2026-06-05 14:30 | O:1794.20 H:1795.60 L:1792.60 C:1794.50 V:376369189.0
2026-06-05 14:35:00 [INFO] core.data_fetcher: 🕯️ Candle closed: RELIANCE | 2026-06-05 14:30 | O:1293.10 H:1293.80 L:1292.50 C:1293.00 V:2634240079.0
2026-06-05 14:35:00 [INFO] core.data_fetcher: 🕯️ Candle closed: SBIN | 2026-06-05 14:30 | O:977.25 H:978.00 L:976.65 C:977.30 V:3041292245.0
2026-06-05 14:35:01 [INFO] core.data_fetcher: 🕯️ Candle closed: SUNPHARMA | 2026-06-05 14:30 | O:1790.60 H:1791.40 L:1789.40 C:1790.10 V:169117770.0
2026-06-05 14:35:01 [INFO] core.data_fetcher: 🕯️ Candle closed: TCS | 2026-06-05 14:30 | O:2203.60 H:2205.80 L:2203.10 C:2204.10 V:575890247.0
2026-06-05 14:35:01 [INFO] core.data_fetcher: 🕯️ Candle closed: TECHM | 2026-06-05 14:30 | O:1469.90 H:1472.50 L:1469.00 C:1470.60 V:251927193.0
2026-06-05 14:35:01 [INFO] core.data_fetcher: 🕯️ Candle closed: ONGC | 2026-06-05 14:30 | O:265.45 H:265.70 L:265.40 C:265.50 V:377839485.0
2026-06-05 14:35:01 [INFO] core.data_fetcher: 🕯️ Candle closed: HCLTECH | 2026-06-05 14:30 | O:1149.90 H:1151.00 L:1149.60 C:1150.60 V:131633561.0
2026-06-05 14:35:01 [INFO] core.data_fetcher: 🕯️ Candle closed: LT | 2026-06-05 14:30 | O:3954.40 H:3957.60 L:3952.50 C:3954.00 V:157681829.0
2026-06-05 14:35:01 [INFO] core.data_fetcher: 🕯️ Candle closed: TATACONSUM | 2026-06-05 14:30 | O:1133.80 H:1134.50 L:1132.80 C:1133.20 V:57665446.0
2026-06-05 14:35:02 [INFO] core.data_fetcher: 🕯️ Candle closed: CIPLA | 2026-06-05 14:30 | O:1401.80 H:1402.60 L:1401.10 C:1401.90 V:47448786.0
2026-06-05 14:35:02 [INFO] core.data_fetcher: 🕯️ Candle closed: ADANIPORTS | 2026-06-05 14:30 | O:1815.50 H:1822.00 L:1815.00 C:1818.00 V:177816755.0
2026-06-05 14:35:02 [INFO] core.data_fetcher: 🕯️ Candle closed: ASIANPAINT | 2026-06-05 14:30 | O:2691.20 H:2694.80 L:2690.90 C:2690.90 V:137204519.0
2026-06-05 14:35:02 [INFO] core.data_fetcher: 🕯️ Candle closed: ULTRACEMCO | 2026-06-05 14:30 | O:10895.00 H:10917.00 L:10890.00 C:10899.00 V:29894542.0
2026-06-05 14:35:02 [INFO] core.data_fetcher: 🕯️ Candle closed: DRREDDY | 2026-06-05 14:30 | O:1286.20 H:1286.30 L:1285.30 C:1285.50 V:26560502.0
2026-06-05 14:35:02 [INFO] core.data_fetcher: 🕯️ Candle closed: MARUTI | 2026-06-05 14:30 | O:13079.00 H:13097.00 L:13077.00 C:13084.00 V:24798693.0
2026-06-05 14:35:02 [INFO] core.data_fetcher: 🕯️ Candle closed: NESTLEIND | 2026-06-05 14:30 | O:1379.20 H:1380.60 L:1377.50 C:1378.10 V:70241127.0
2026-06-05 14:35:02 [INFO] core.data_fetcher: 🕯️ Candle closed: POWERGRID | 2026-06-05 14:30 | O:285.35 H:285.50 L:284.85 C:284.90 V:550762940.0
2026-06-05 14:35:02 [INFO] core.data_fetcher: 🕯️ Candle closed: JSWSTEEL | 2026-06-05 14:30 | O:1278.60 H:1280.30 L:1277.80 C:1278.40 V:119663425.0
2026-06-05 14:35:04 [INFO] core.data_fetcher: 🕯️ Candle closed: EICHERMOT | 2026-06-05 14:30 | O:7077.00 H:7079.00 L:7071.00 C:7072.00 V:18293240.0
2026-06-05 14:35:05 [INFO] core.data_fetcher: 🕯️ Candle closed: DIVISLAB | 2026-06-05 14:30 | O:6610.00 H:6620.00 L:6610.00 C:6619.00 V:9683808.0
2026-06-05 14:35:07 [INFO] core.data_fetcher: 🕯️ Candle closed: HDFCLIFE | 2026-06-05 14:30 | O:578.55 H:578.95 L:577.70 C:577.85 V:249552529.0
2026-06-05 14:35:08 [INFO] core.state_manager: [BRIEFING] Loading from data/session_briefing.json...
2026-06-05 14:35:08 [INFO] core.state_manager: [BRIEFING] Loaded Valid: 8 approved + 22 watchlist (MORNING_SCREENER)
2026-06-05 14:35:23 [INFO] core.strategy: ─── Scan summary (30 subscribed) ───
  [Cognition] RELIANCE: ticks=562 | live_candles=18
  [Cognition] MARUTI: ticks=324 | live_candles=18
  [Cognition] WIPRO: ticks=518 | live_candles=18
  [Cognition] HEROMOTOCO: ticks=337 | live_candles=18
  [Cognition] TCS: ticks=481 | live_candles=18
  [Cognition] HDFCBANK: ticks=645 | live_candles=18
  [Cognition] ICICIBANK: ticks=547 | live_candles=18
  [Cognition] ITC: ticks=514 | live_candles=18
  [Math] SBIN: ticks=595 | live_candles=18
  [Math] BHARTIARTL: ticks=579 | live_candles=18
  [Math] LT: ticks=523 | live_candles=18
  [Math] HCLTECH: ticks=313 | live_candles=18
  [Math] ASIANPAINT: ticks=307 | live_candles=18
  [Math] SUNPHARMA: ticks=401 | live_candles=18
  [Math] TITAN: ticks=385 | live_candles=18
  [Math] ULTRACEMCO: ticks=286 | live_candles=18
  [Math] NESTLEIND: ticks=316 | live_candles=18
  [Math] TECHM: ticks=433 | live_candles=18
  [Math] POWERGRID: ticks=351 | live_candles=18
  [Math] ONGC: ticks=248 | live_candles=18
  [Math] ADANIPORTS: ticks=398 | live_candles=18
  [Math] DIVISLAB: ticks=208 | live_candles=18
  [Math] DRREDDY: ticks=242 | live_candles=18
  [Math] EICHERMOT: ticks=181 | live_candles=18
  [Math] JSWSTEEL: ticks=355 | live_candles=18
  [Math] M&M: ticks=467 | live_candles=18
  [Math] TATACONSUM: ticks=253 | live_candles=18
  [Math] TATASTEEL: ticks=651 | live_candles=18
  [Math] CIPLA: ticks=208 | live_candles=18
  [Math] HDFCLIFE: ticks=237 | live_candles=18
2026-06-05 14:36:09 [INFO] core.state_manager: [BRIEFING] Loading from data/session_briefing.json...
2026-06-05 14:36:09 [INFO] core.state_manager: [BRIEFING] Loaded Valid: 8 approved + 22 watchlist (MORNING_SCREENER)
2026-06-05 14:36:52 [INFO] core.data_fetcher: 📡 Live feed | ticks received: 30/30 symbols | active=['RELIANCE', 'MARUTI', 'WIPRO', 'HEROMOTOCO', 'TCS', 'HDFCBANK', 'ICICIBANK', 'ITC']...
2026-06-05 14:36:55 [INFO] core.strategy: ─── Scan summary (30 subscribed) ───
  [Cognition] RELIANCE: ticks=635 | live_candles=18
  [Cognition] MARUTI: ticks=368 | live_candles=18
  [Cognition] WIPRO: ticks=577 | live_candles=18
  [Cognition] HEROMOTOCO: ticks=366 | live_candles=18
  [Cognition] TCS: ticks=539 | live_candles=18
  [Cognition] HDFCBANK: ticks=714 | live_candles=18
  [Cognition] ICICIBANK: ticks=613 | live_candles=18
  [Cognition] ITC: ticks=599 | live_candles=18
  [Math] SBIN: ticks=657 | live_candles=18
  [Math] BHARTIARTL: ticks=642 | live_candles=18
  [Math] LT: ticks=587 | live_candles=18
  [Math] HCLTECH: ticks=347 | live_candles=18
  [Math] ASIANPAINT: ticks=340 | live_candles=18
  [Math] SUNPHARMA: ticks=445 | live_candles=18
  [Math] TITAN: ticks=419 | live_candles=18
  [Math] ULTRACEMCO: ticks=317 | live_candles=18
  [Math] NESTLEIND: ticks=361 | live_candles=18
  [Math] TECHM: ticks=474 | live_candles=18
  [Math] POWERGRID: ticks=402 | live_candles=18
  [Math] ONGC: ticks=274 | live_candles=18
  [Math] ADANIPORTS: ticks=451 | live_candles=18
  [Math] DIVISLAB: ticks=228 | live_candles=18
  [Math] DRREDDY: ticks=266 | live_candles=18
  [Math] EICHERMOT: ticks=202 | live_candles=18
  [Math] JSWSTEEL: ticks=404 | live_candles=18
  [Math] M&M: ticks=525 | live_candles=18
  [Math] TATACONSUM: ticks=283 | live_candles=18
  [Math] TATASTEEL: ticks=740 | live_candles=18
  [Math] CIPLA: ticks=228 | live_candles=18
  [Math] HDFCLIFE: ticks=262 | live_candles=18
2026-06-05 14:37:10 [INFO] core.state_manager: [BRIEFING] Loading from data/session_briefing.json...
2026-06-05 14:37:10 [INFO] core.state_manager: [BRIEFING] Loaded Valid: 8 approved + 22 watchlist (MORNING_SCREENER)
2026-06-05 14:38:11 [INFO] core.state_manager: [BRIEFING] Loading from data/session_briefing.json...
2026-06-05 14:38:11 [INFO] core.state_manager: [BRIEFING] Loaded Valid: 8 approved + 22 watchlist (MORNING_SCREENER)
2026-06-05 14:38:26 [INFO] core.strategy: ─── Scan summary (30 subscribed) ───
  [Cognition] RELIANCE: ticks=702 | live_candles=18
  [Cognition] MARUTI: ticks=416 | live_candles=18
  [Cognition] WIPRO: ticks=630 | live_candles=18
  [Cognition] HEROMOTOCO: ticks=413 | live_candles=18
  [Cognition] TCS: ticks=604 | live_candles=18
  [Cognition] HDFCBANK: ticks=800 | live_candles=18
  [Cognition] ICICIBANK: ticks=678 | live_candles=18
  [Cognition] ITC: ticks=669 | live_candles=18
  [Math] SBIN: ticks=741 | live_candles=18
  [Math] BHARTIARTL: ticks=702 | live_candles=18
  [Math] LT: ticks=657 | live_candles=18
  [Math] HCLTECH: ticks=385 | live_candles=18
  [Math] ASIANPAINT: ticks=368 | live_candles=18
  [Math] SUNPHARMA: ticks=520 | live_candles=18
  [Math] TITAN: ticks=459 | live_candles=18
  [Math] ULTRACEMCO: ticks=354 | live_candles=18
  [Math] NESTLEIND: ticks=396 | live_candles=18
  [Math] TECHM: ticks=508 | live_candles=18
  [Math] POWERGRID: ticks=445 | live_candles=18
  [Math] ONGC: ticks=311 | live_candles=18
  [Math] ADANIPORTS: ticks=497 | live_candles=18
  [Math] DIVISLAB: ticks=257 | live_candles=18
  [Math] DRREDDY: ticks=296 | live_candles=18
  [Math] EICHERMOT: ticks=223 | live_candles=18
  [Math] JSWSTEEL: ticks=475 | live_candles=18
  [Math] M&M: ticks=592 | live_candles=18
  [Math] TATACONSUM: ticks=317 | live_candles=18
  [Math] TATASTEEL: ticks=831 | live_candles=18
  [Math] CIPLA: ticks=264 | live_candles=18
  [Math] HDFCLIFE: ticks=289 | live_candles=18
2026-06-05 14:38:52 [INFO] core.data_fetcher: 📡 Live feed | ticks received: 30/30 symbols | active=['RELIANCE', 'MARUTI', 'WIPRO', 'HEROMOTOCO', 'TCS', 'HDFCBANK', 'ICICIBANK', 'ITC']...
2026-06-05 14:39:12 [INFO] core.state_manager: [BRIEFING] Loading from data/session_briefing.json...
2026-06-05 14:39:12 [INFO] core.state_manager: [BRIEFING] Loaded Valid: 8 approved + 22 watchlist (MORNING_SCREENER)
2026-06-05 14:39:43 [INFO] core.order_executor: 📈 TRAILING SL | JSWSTEEL | ₹1267.2 → ₹1267.3
2026-06-05 14:39:58 [INFO] core.strategy: ─── Scan summary (30 subscribed) ───
  [Cognition] RELIANCE: ticks=764 | live_candles=18
  [Cognition] MARUTI: ticks=458 | live_candles=18
  [Cognition] WIPRO: ticks=697 | live_candles=18
  [Cognition] HEROMOTOCO: ticks=443 | live_candles=18
  [Cognition] TCS: ticks=670 | live_candles=18
  [Cognition] HDFCBANK: ticks=876 | live_candles=18
  [Cognition] ICICIBANK: ticks=740 | live_candles=18
  [Cognition] ITC: ticks=743 | live_candles=18
  [Math] SBIN: ticks=832 | live_candles=18
  [Math] BHARTIARTL: ticks=769 | live_candles=18
  [Math] LT: ticks=724 | live_candles=18
  [Math] HCLTECH: ticks=423 | live_candles=18
  [Math] ASIANPAINT: ticks=417 | live_candles=18
  [Math] SUNPHARMA: ticks=566 | live_candles=18
  [Math] TITAN: ticks=505 | live_candles=18
  [Math] ULTRACEMCO: ticks=380 | live_candles=18
  [Math] NESTLEIND: ticks=438 | live_candles=18
  [Math] TECHM: ticks=564 | live_candles=18
  [Math] POWERGRID: ticks=494 | live_candles=18
  [Math] ONGC: ticks=349 | live_candles=18
  [Math] ADANIPORTS: ticks=549 | live_candles=18
  [Math] DIVISLAB: ticks=286 | live_candles=18
  [Math] DRREDDY: ticks=327 | live_candles=18
  [Math] EICHERMOT: ticks=246 | live_candles=18
  [Math] JSWSTEEL: ticks=543 | live_candles=18
  [Math] M&M: ticks=661 | live_candles=18
  [Math] TATACONSUM: ticks=362 | live_candles=18
  [Math] TATASTEEL: ticks=922 | live_candles=18
  [Math] CIPLA: ticks=296 | live_candles=18
  [Math] HDFCLIFE: ticks=319 | live_candles=18
2026-06-05 14:40:00 [INFO] core.data_fetcher: 🕯️ Candle closed: TATACONSUM | 2026-06-05 14:35 | O:1133.00 H:1133.30 L:1130.10 C:1131.00 V:63607181.0
2026-06-05 14:40:00 [INFO] core.data_fetcher: 🕯️ Candle closed: ONGC | 2026-06-05 14:35 | O:265.40 H:265.60 L:265.10 C:265.55 V:389030168.0
2026-06-05 14:40:00 [INFO] core.data_fetcher: 🕯️ Candle closed: HDFCLIFE | 2026-06-05 14:35 | O:577.60 H:578.00 L:576.40 C:577.25 V:207530829.0
2026-06-05 14:40:00 [INFO] core.data_fetcher: 🕯️ Candle closed: POWERGRID | 2026-06-05 14:35 | O:285.00 H:285.25 L:284.65 C:285.15 V:595399598.0
2026-06-05 14:40:00 [INFO] core.data_fetcher: 🕯️ Candle closed: JSWSTEEL | 2026-06-05 14:35 | O:1278.80 H:1280.10 L:1276.00 C:1279.00 V:204144819.0
2026-06-05 14:40:00 [INFO] core.data_fetcher: 🕯️ Candle closed: CIPLA | 2026-06-05 14:35 | O:1401.80 H:1401.80 L:1400.00 C:1401.20 V:51567231.0
2026-06-05 14:40:00 [INFO] core.data_fetcher: 🕯️ Candle closed: TATASTEEL | 2026-06-05 14:35 | O:206.26 H:206.69 L:206.17 C:206.53 V:6704266018.0
2026-06-05 14:40:00 [INFO] core.data_fetcher: 🕯️ Candle closed: BHARTIARTL | 2026-06-05 14:35 | O:1794.40 H:1800.00 L:1793.70 C:1799.30 V:407000361.0
2026-06-05 14:40:00 [INFO] core.data_fetcher: 🕯️ Candle closed: ICICIBANK | 2026-06-05 14:35 | O:1260.90 H:1261.70 L:1260.00 C:1260.30 V:1210719753.0
2026-06-05 14:40:00 [INFO] core.data_fetcher: 🕯️ Candle closed: RELIANCE | 2026-06-05 14:35 | O:1292.90 H:1293.00 L:1291.10 C:1291.50 V:2685706238.0
2026-06-05 14:40:00 [INFO] core.data_fetcher: 🕯️ Candle closed: HDFCBANK | 2026-06-05 14:35 | O:746.15 H:746.95 L:744.65 C:745.60 V:2612819854.0
2026-06-05 14:40:00 [INFO] core.data_fetcher: 🕯️ Candle closed: DIVISLAB | 2026-06-05 14:35 | O:6619.50 H:6620.00 L:6606.50 C:6615.00 V:8685826.0
2026-06-05 14:40:00 [INFO] core.data_fetcher: 🕯️ Candle closed: TECHM | 2026-06-05 14:35 | O:1470.40 H:1470.90 L:1467.90 C:1469.10 V:192561231.0
2026-06-05 14:40:00 [INFO] core.data_fetcher: 🕯️ Candle closed: SBIN | 2026-06-05 14:35 | O:977.35 H:977.50 L:975.45 C:976.80 V:3577657807.0
2026-06-05 14:40:00 [INFO] core.data_fetcher: 🕯️ Candle closed: HCLTECH | 2026-06-05 14:35 | O:1150.20 H:1150.50 L:1148.00 C:1149.20 V:128830794.0
2026-06-05 14:40:00 [INFO] core.data_fetcher: 🕯️ Candle closed: ITC | 2026-06-05 14:35 | O:280.50 H:280.60 L:280.30 C:280.50 V:2467512275.0
2026-06-05 14:40:00 [INFO] core.data_fetcher: 🕯️ Candle closed: M&M | 2026-06-05 14:35 | O:3042.00 H:3042.20 L:3037.70 C:3039.80 V:190414257.0
2026-06-05 14:40:00 [INFO] core.data_fetcher: 🕯️ Candle closed: LT | 2026-06-05 14:35 | O:3953.90 H:3954.60 L:3948.00 C:3954.00 V:147568867.0
2026-06-05 14:40:00 [INFO] core.data_fetcher: 🕯️ Candle closed: HEROMOTOCO | 2026-06-05 14:35 | O:4849.70 H:4853.00 L:4845.60 C:4850.00 V:46217116.0
2026-06-05 14:40:00 [INFO] core.data_fetcher: 🕯️ Candle closed: TITAN | 2026-06-05 14:35 | O:4260.20 H:4261.10 L:4255.00 C:4258.00 V:96173563.0
2026-06-05 14:40:01 [INFO] core.data_fetcher: 🕯️ Candle closed: ULTRACEMCO | 2026-06-05 14:35 | O:10895.00 H:10909.00 L:10888.00 C:10899.00 V:26880707.0
2026-06-05 14:40:01 [INFO] core.data_fetcher: 🕯️ Candle closed: WIPRO | 2026-06-05 14:35 | O:197.57 H:197.58 L:197.17 C:197.45 V:5705408646.0
2026-06-05 14:40:01 [INFO] core.data_fetcher: 🕯️ Candle closed: NESTLEIND | 2026-06-05 14:35 | O:1378.30 H:1378.30 L:1375.50 C:1376.20 V:84959280.0
2026-06-05 14:40:02 [INFO] core.data_fetcher: 🕯️ Candle closed: ASIANPAINT | 2026-06-05 14:35 | O:2691.60 H:2693.50 L:2685.00 C:2692.00 V:108307172.0
2026-06-05 14:40:02 [INFO] core.data_fetcher: 🕯️ Candle closed: EICHERMOT | 2026-06-05 14:35 | O:7073.50 H:7077.00 L:7066.00 C:7070.50 V:18368096.0
2026-06-05 14:40:02 [INFO] core.data_fetcher: 🕯️ Candle closed: ADANIPORTS | 2026-06-05 14:35 | O:1818.10 H:1818.10 L:1813.70 C:1815.00 V:167306342.0
2026-06-05 14:40:02 [INFO] core.data_fetcher: 🕯️ Candle closed: TCS | 2026-06-05 14:35 | O:2204.00 H:2204.80 L:2200.90 C:2203.10 V:651526876.0
2026-06-05 14:40:02 [INFO] core.data_fetcher: 🕯️ Candle closed: DRREDDY | 2026-06-05 14:35 | O:1285.80 H:1286.10 L:1284.70 C:1286.00 V:32529386.0
2026-06-05 14:40:02 [INFO] core.data_fetcher: 🕯️ Candle closed: MARUTI | 2026-06-05 14:35 | O:13079.00 H:13095.00 L:13078.00 C:13088.00 V:26035914.0
2026-06-05 14:40:11 [INFO] core.data_fetcher: 🕯️ Candle closed: SUNPHARMA | 2026-06-05 14:35 | O:1789.50 H:1790.70 L:1789.10 C:1790.60 V:207554756.0
2026-06-05 14:40:13 [INFO] core.state_manager: [BRIEFING] Loading from data/session_briefing.json...
2026-06-05 14:40:13 [INFO] core.state_manager: [BRIEFING] Loaded Valid: 8 approved + 22 watchlist (MORNING_SCREENER)
2026-06-05 14:40:42 [INFO] apscheduler.executors.default: Running job "Market Observation Loop (trigger: interval[0:15:00], next run at: 2026-06-05 14:55:42 IST)" (scheduled at 2026-06-05 14:40:42.460753+05:30)
2026-06-05 14:40:42 [INFO] reflection.observation_loop: 🔍 Running observation cycle...
2026-06-05 14:40:42 [INFO] core.state_manager: [BRIEFING] Loading from data/session_briefing.json...
2026-06-05 14:40:42 [INFO] core.state_manager: [BRIEFING] Loaded Valid: 8 approved + 22 watchlist (MORNING_SCREENER)
2026-06-05 14:40:42 [INFO] reflection.observation_loop: 📊 Observation recorded:
   Market: RANGING | Trend: WEAK
   Vol: LOW | Breakouts: LOW
   Reversals: LOW
2026-06-05 14:40:42 [INFO] apscheduler.executors.default: Job "Market Observation Loop (trigger: interval[0:15:00], next run at: 2026-06-05 14:55:42 IST)" executed successfully
2026-06-05 14:40:53 [INFO] core.data_fetcher: 📡 Live feed | ticks received: 30/30 symbols | active=['RELIANCE', 'MARUTI', 'WIPRO', 'HEROMOTOCO', 'TCS', 'HDFCBANK', 'ICICIBANK', 'ITC']...
2026-06-05 14:41:09 [INFO] core.order_executor: 📈 TRAILING SL | JSWSTEEL | ₹1267.3 → ₹1267.6
2026-06-05 14:41:14 [INFO] core.state_manager: [BRIEFING] Loading from data/session_briefing.json...
2026-06-05 14:41:14 [INFO] core.state_manager: [BRIEFING] Loaded Valid: 8 approved + 22 watchlist (MORNING_SCREENER)
2026-06-05 14:41:30 [INFO] core.strategy: ─── Scan summary (30 subscribed) ───
  [Cognition] RELIANCE: ticks=835 | live_candles=19
  [Cognition] MARUTI: ticks=500 | live_candles=19
  [Cognition] WIPRO: ticks=758 | live_candles=19
  [Cognition] HEROMOTOCO: ticks=492 | live_candles=19
  [Cognition] TCS: ticks=726 | live_candles=19
  [Cognition] HDFCBANK: ticks=961 | live_candles=19
  [Cognition] ICICIBANK: ticks=805 | live_candles=19
  [Cognition] ITC: ticks=812 | live_candles=19
  [Math] SBIN: ticks=904 | live_candles=19
  [Math] BHARTIARTL: ticks=827 | live_candles=19
  [Math] LT: ticks=796 | live_candles=19
  [Math] HCLTECH: ticks=464 | live_candles=19
  [Math] ASIANPAINT: ticks=452 | live_candles=19
  [Math] SUNPHARMA: ticks=613 | live_candles=19
  [Math] TITAN: ticks=551 | live_candles=19
  [Math] ULTRACEMCO: ticks=405 | live_candles=19
  [Math] NESTLEIND: ticks=477 | live_candles=19
  [Math] TECHM: ticks=611 | live_candles=19
  [Math] POWERGRID: ticks=522 | live_candles=19
  [Math] ONGC: ticks=393 | live_candles=19
  [Math] ADANIPORTS: ticks=583 | live_candles=19
  [Math] DIVISLAB: ticks=309 | live_candles=19
  [Math] DRREDDY: ticks=363 | live_candles=19
  [Math] EICHERMOT: ticks=272 | live_candles=19
  [Math] JSWSTEEL: ticks=600 | live_candles=19
  [Math] M&M: ticks=711 | live_candles=19
  [Math] TATACONSUM: ticks=388 | live_candles=19
  [Math] TATASTEEL: ticks=1018 | live_candles=19
  [Math] CIPLA: ticks=329 | live_candles=19
  [Math] HDFCLIFE: ticks=344 | live_candles=19
2026-06-05 14:42:16 [INFO] core.state_manager: [BRIEFING] Loading from data/session_briefing.json...
2026-06-05 14:42:16 [INFO] core.state_manager: [BRIEFING] Loaded Valid: 8 approved + 22 watchlist (MORNING_SCREENER)
2026-06-05 14:42:53 [INFO] core.data_fetcher: 📡 Live feed | ticks received: 30/30 symbols | active=['RELIANCE', 'MARUTI', 'WIPRO', 'HEROMOTOCO', 'TCS', 'HDFCBANK', 'ICICIBANK', 'ITC']...
2026-06-05 14:43:02 [INFO] core.strategy: ─── Scan summary (30 subscribed) ───
  [Cognition] RELIANCE: ticks=895 | live_candles=19
  [Cognition] MARUTI: ticks=538 | live_candles=19
  [Cognition] WIPRO: ticks=822 | live_candles=19
  [Cognition] HEROMOTOCO: ticks=522 | live_candles=19
  [Cognition] TCS: ticks=791 | live_candles=19
  [Cognition] HDFCBANK: ticks=1048 | live_candles=19
  [Cognition] ICICIBANK: ticks=867 | live_candles=19
  [Cognition] ITC: ticks=878 | live_candles=19
  [Math] SBIN: ticks=960 | live_candles=19
  [Math] BHARTIARTL: ticks=869 | live_candles=19
  [Math] LT: ticks=851 | live_candles=19
  [Math] HCLTECH: ticks=504 | live_candles=19
  [Math] ASIANPAINT: ticks=494 | live_candles=19
  [Math] SUNPHARMA: ticks=662 | live_candles=19
  [Math] TITAN: ticks=605 | live_candles=19
  [Math] ULTRACEMCO: ticks=431 | live_candles=19
  [Math] NESTLEIND: ticks=517 | live_candles=19
  [Math] TECHM: ticks=654 | live_candles=19
  [Math] POWERGRID: ticks=545 | live_candles=19
  [Math] ONGC: ticks=430 | live_candles=19
  [Math] ADANIPORTS: ticks=632 | live_candles=19
  [Math] DIVISLAB: ticks=337 | live_candles=19
  [Math] DRREDDY: ticks=392 | live_candles=19
  [Math] EICHERMOT: ticks=310 | live_candles=19
  [Math] JSWSTEEL: ticks=639 | live_candles=19
  [Math] M&M: ticks=779 | live_candles=19
  [Math] TATACONSUM: ticks=435 | live_candles=19
  [Math] TATASTEEL: ticks=1095 | live_candles=19
  [Math] CIPLA: ticks=361 | live_candles=19
  [Math] HDFCLIFE: ticks=383 | live_candles=19
2026-06-05 14:43:07 [INFO] core.order_executor: 📈 TRAILING SL | JSWSTEEL | ₹1267.6 → ₹1267.99
2026-06-05 14:43:07 [INFO] core.order_executor: 📈 TRAILING SL | WIPRO | ₹195.7 → ₹195.72
2026-06-05 14:43:12 [INFO] core.order_executor: 📈 TRAILING SL | JSWSTEEL | ₹1267.99 → ₹1269.08
2026-06-05 14:43:17 [INFO] core.state_manager: [BRIEFING] Loading from data/session_briefing.json...
2026-06-05 14:43:17 [INFO] core.state_manager: [BRIEFING] Loaded Valid: 8 approved + 22 watchlist (MORNING_SCREENER)
2026-06-05 14:43:17 [INFO] core.order_executor: 📈 TRAILING SL | JSWSTEEL | ₹1269.08 → ₹1269.28
2026-06-05 14:43:17 [INFO] core.order_executor: 📈 TRAILING SL | WIPRO | ₹195.72 → ₹195.82
2026-06-05 14:43:17 [INFO] core.order_executor: 🎯 TARGET HIT | WIPRO | ₹197.8 ≥ Target ₹197.72
2026-06-05 14:43:17 [INFO] core.order_executor: 📋 [PAPER] SELL | WIPRO | Qty: 254 | @ ₹197.8 | Reason: TARGET
2026-06-05 14:43:17 [INFO] core.state_manager: Position closed: WIPRO | 197.8 | P&L: 518.16 | TARGET | price_source=ws_ltp
2026-06-05 14:43:17 [INFO] core.strategy: BUY SIGNAL TRIGGERED
Symbol: MARUTI
Price: 13111.0
Triggered Set: BUY_EMA_VOLUME_MOMENTUM
Set Side: BUY
Confidence: base=60.0 signal_x=1.0 weight_x=1.05 time=2:00-3:30@1.0 market_x=1.0 advisory_x=0.99 final=62.4 min=45.0
Satisfied:
- EMA 9/21 Crossover: Cross=True, Above_EMA50=True
- Volume Spike: LatestVol=14884092.0, AvgVol=18553170.85
- MACD positive: MACD=0.6076 > 0 ✓
Why: EMA 9/21 crossover with strong volume participation. MACD positive confirms bullish regime — prevents buying a dead-cat bounce where MACD is still negative.
2026-06-05 14:43:17 [INFO] core.order_executor: ✅ Quantity calculated | Price: ₹13111.0 | Qty: 3 | Deployed: ₹39333 | Limiting: Allocation-limited | Risk: 15sh | Alloc: 3sh | Lever: 4sh | Buying Power: ₹500177 | Margin Used: ₹0
2026-06-05 14:43:17 [INFO] core.order_executor: 📋 [PAPER] BUY | MARUTI | Qty: 3 | @ ₹13111.0 | SL: ₹13045.44 | Target: ₹13242.12
2026-06-05 14:43:17 [INFO] core.state_manager: Position saved: MARUTI x3 | Target: 13242.12 | SL: 13045.44
2026-06-05 14:43:22 [INFO] core.order_executor: 📈 TRAILING SL | JSWSTEEL | ₹1269.28 → ₹1270.57
2026-06-05 14:43:27 [INFO] core.order_executor: 📈 TRAILING SL | JSWSTEEL | ₹1270.57 → ₹1271.26
2026-06-05 14:43:32 [INFO] core.order_executor: 📈 TRAILING SL | JSWSTEEL | ₹1271.26 → ₹1271.36
2026-06-05 14:44:03 [INFO] core.order_executor: 📈 TRAILING SL | JSWSTEEL | ₹1271.36 → ₹1272.05
2026-06-05 14:44:03 [INFO] core.order_executor: 📈 TRAILING SL | DIVISLAB | ₹6554.56 → ₹6554.79
2026-06-05 14:44:03 [INFO] core.order_executor: 🎯 TARGET HIT | JSWSTEEL | ₹1284.9 ≥ Target ₹1284.42
2026-06-05 14:44:03 [INFO] core.order_executor: 📋 [PAPER] SELL | JSWSTEEL | Qty: 39 | @ ₹1284.9 | Reason: TARGET
2026-06-05 14:44:03 [INFO] core.state_manager: Position closed: JSWSTEEL | 1284.9 | P&L: 514.80 | TARGET | price_source=ws_ltp
2026-06-05 14:44:03 [INFO] core.strategy: BUY SIGNAL TRIGGERED
Symbol: TECHM
Price: 1476.2
Triggered Set: BUY_VWAP_REVERSAL
Set Side: BUY
Confidence: base=50.0 signal_x=1.0 weight_x=1.0 time=2:00-3:30@1.0 market_x=1.0 advisory_x=0.99 final=49.5 min=45.0
Satisfied:
- Price above VWAP: Close=1476.2 > VWAP=1473.72
- RSI recovering: RSI=53.1, recent_oversold=True, rising=True
- Bullish Reversal Candle: Bullish Harami
Why: Price reclaims VWAP while RSI recovers and bullish candle structure appears. VWAP is the most important intraday reference — reclaim = trend resumption. bullish_reversal_candle is the EVENT anchor preventing noise.
2026-06-05 14:44:03 [INFO] core.order_executor: ✅ Quantity calculated | Price: ₹1476.2 | Qty: 34 | Deployed: ₹50191 | Limiting: Allocation-limited | Risk: 136sh | Alloc: 34sh | Lever: 52sh | Buying Power: ₹502751 | Margin Used: ₹0
2026-06-05 14:44:03 [INFO] core.order_executor: 📋 [PAPER] BUY | TECHM | Qty: 34 | @ ₹1476.2 | SL: ₹1468.82 | Target: ₹1490.96
2026-06-05 14:44:03 [INFO] core.state_manager: Position saved: TECHM x34 | Target: 1490.96 | SL: 1468.82
2026-06-05 14:44:08 [INFO] core.order_executor: 📈 TRAILING SL | DIVISLAB | ₹6554.79 → ₹6557.27
2026-06-05 14:44:08 [INFO] core.order_executor: 📈 TRAILING SL | TITAN | ₹4224.17 → ₹4225.12
2026-06-05 14:44:18 [INFO] core.state_manager: [BRIEFING] Loading from data/session_briefing.json...
2026-06-05 14:44:18 [INFO] core.state_manager: [BRIEFING] Loaded Valid: 8 approved + 22 watchlist (MORNING_SCREENER)
2026-06-05 14:44:34 [INFO] core.strategy: ─── Scan summary (30 subscribed) ───
  [Cognition] RELIANCE: ticks=975 | live_candles=19
  [Cognition] MARUTI: ticks=609 | live_candles=19
  [Cognition] WIPRO: ticks=907 | live_candles=19
  [Cognition] HEROMOTOCO: ticks=581 | live_candles=19
  [Cognition] TCS: ticks=856 | live_candles=19
  [Cognition] HDFCBANK: ticks=1152 | live_candles=19
  [Cognition] ICICIBANK: ticks=947 | live_candles=19
  [Cognition] ITC: ticks=951 | live_candles=19
  [Math] SBIN: ticks=1060 | live_candles=19
  [Math] BHARTIARTL: ticks=953 | live_candles=19
  [Math] LT: ticks=931 | live_candles=19
  [Math] HCLTECH: ticks=551 | live_candles=19
  [Math] ASIANPAINT: ticks=563 | live_candles=19
  [Math] SUNPHARMA: ticks=712 | live_candles=19
  [Math] TITAN: ticks=656 | live_candles=19
  [Math] ULTRACEMCO: ticks=480 | live_candles=19
  [Math] NESTLEIND: ticks=561 | live_candles=19
  [Math] TECHM: ticks=720 | live_candles=19
  [Math] POWERGRID: ticks=587 | live_candles=19
  [Math] ONGC: ticks=477 | live_candles=19
  [Math] ADANIPORTS: ticks=698 | live_candles=19
  [Math] DIVISLAB: ticks=382 | live_candles=19
  [Math] DRREDDY: ticks=438 | live_candles=19
  [Math] EICHERMOT: ticks=356 | live_candles=19
  [Math] JSWSTEEL: ticks=691 | live_candles=19
  [Math] M&M: ticks=857 | live_candles=19
  [Math] TATACONSUM: ticks=487 | live_candles=19
  [Math] TATASTEEL: ticks=1172 | live_candles=19
  [Math] CIPLA: ticks=404 | live_candles=19
  [Math] HDFCLIFE: ticks=434 | live_candles=19
2026-06-05 14:44:53 [INFO] core.data_fetcher: 📡 Live feed | ticks received: 30/30 symbols | active=['RELIANCE', 'MARUTI', 'WIPRO', 'HEROMOTOCO', 'TCS', 'HDFCBANK', 'ICICIBANK', 'ITC']...
2026-06-05 14:45:00 [INFO] core.data_fetcher: 🕯️ Candle closed: JSWSTEEL | 2026-06-05 14:40 | O:1279.10 H:1285.00 L:1279.00 C:1284.90 V:155565164.0
2026-06-05 14:45:00 [INFO] core.data_fetcher: 🕯️ Candle closed: TATACONSUM | 2026-06-05 14:40 | O:1130.90 H:1133.90 L:1130.30 C:1132.90 V:76074020.0
2026-06-05 14:45:00 [INFO] core.data_fetcher: 🕯️ Candle closed: BHARTIARTL | 2026-06-05 14:40 | O:1799.70 H:1803.90 L:1798.90 C:1802.00 V:338584885.0
2026-06-05 14:45:00 [INFO] core.data_fetcher: 🕯️ Candle closed: ICICIBANK | 2026-06-05 14:40 | O:1260.10 H:1263.20 L:1259.80 C:1262.40 V:1207061724.0
2026-06-05 14:45:00 [INFO] core.data_fetcher: 🕯️ Candle closed: RELIANCE | 2026-06-05 14:40 | O:1291.40 H:1294.60 L:1291.00 C:1294.10 V:2670169621.0
2026-06-05 14:45:00 [INFO] core.data_fetcher: 🕯️ Candle closed: HDFCBANK | 2026-06-05 14:40 | O:745.80 H:748.35 L:745.15 C:747.85 V:3121234479.0
2026-06-05 14:45:00 [INFO] core.data_fetcher: 🕯️ Candle closed: SBIN | 2026-06-05 14:40 | O:976.60 H:979.80 L:976.50 C:979.60 V:3695501373.0
2026-06-05 14:45:00 [INFO] core.data_fetcher: 🕯️ Candle closed: ONGC | 2026-06-05 14:40 | O:265.50 H:265.90 L:265.40 C:265.70 V:530551615.0
2026-06-05 14:45:00 [INFO] core.data_fetcher: 🕯️ Candle closed: MARUTI | 2026-06-05 14:40 | O:13084.00 H:13129.00 L:13084.00 C:13115.00 V:30652440.0
2026-06-05 14:45:00 [INFO] core.data_fetcher: 🕯️ Candle closed: ITC | 2026-06-05 14:40 | O:280.40 H:281.00 L:280.40 C:281.00 V:2053717006.0
2026-06-05 14:45:00 [INFO] core.data_fetcher: 🕯️ Candle closed: M&M | 2026-06-05 14:40 | O:3040.10 H:3055.50 L:3039.80 C:3052.60 V:202009771.0
2026-06-05 14:45:00 [INFO] core.data_fetcher: 🕯️ Candle closed: LT | 2026-06-05 14:40 | O:3953.80 H:3961.50 L:3947.00 C:3957.10 V:162746439.0
2026-06-05 14:45:00 [INFO] core.data_fetcher: 🕯️ Candle closed: NESTLEIND | 2026-06-05 14:40 | O:1375.90 H:1379.70 L:1375.50 C:1379.70 V:85712706.0
2026-06-05 14:45:00 [INFO] core.data_fetcher: 🕯️ Candle closed: HEROMOTOCO | 2026-06-05 14:40 | O:4851.00 H:4862.00 L:4848.40 C:4857.20 V:58360408.0
2026-06-05 14:45:01 [INFO] core.data_fetcher: 🕯️ Candle closed: TATASTEEL | 2026-06-05 14:40 | O:206.51 H:207.10 L:206.25 C:207.01 V:6043561115.0
2026-06-05 14:45:01 [INFO] core.data_fetcher: 🕯️ Candle closed: SUNPHARMA | 2026-06-05 14:40 | O:1790.20 H:1794.30 L:1790.20 C:1794.30 V:194532418.0
2026-06-05 14:45:01 [INFO] core.data_fetcher: 🕯️ Candle closed: TCS | 2026-06-05 14:40 | O:2202.90 H:2207.10 L:2202.10 C:2205.00 V:662854712.0
2026-06-05 14:45:01 [INFO] core.data_fetcher: 🕯️ Candle closed: TECHM | 2026-06-05 14:40 | O:1469.30 H:1477.20 L:1468.80 C:1475.50 V:241344036.0
2026-06-05 14:45:01 [INFO] core.data_fetcher: 🕯️ Candle closed: CIPLA | 2026-06-05 14:40 | O:1401.10 H:1404.80 L:1400.90 C:1404.40 V:59656704.0
2026-06-05 14:45:01 [INFO] core.data_fetcher: 🕯️ Candle closed: ADANIPORTS | 2026-06-05 14:40 | O:1815.30 H:1821.90 L:1814.00 C:1820.90 V:154628684.0
2026-06-05 14:45:01 [INFO] core.data_fetcher: 🕯️ Candle closed: DRREDDY | 2026-06-05 14:40 | O:1286.10 H:1289.30 L:1285.50 C:1288.10 V:44781717.0
2026-06-05 14:45:02 [INFO] core.data_fetcher: 🕯️ Candle closed: EICHERMOT | 2026-06-05 14:40 | O:7072.00 H:7090.00 L:7068.50 C:7083.00 V:28329553.0
2026-06-05 14:45:02 [INFO] core.data_fetcher: 🕯️ Candle closed: ASIANPAINT | 2026-06-05 14:40 | O:2692.40 H:2696.80 L:2691.30 C:2696.10 V:137494162.0
2026-06-05 14:45:02 [INFO] core.data_fetcher: 🕯️ Candle closed: HDFCLIFE | 2026-06-05 14:40 | O:577.15 H:579.30 L:577.00 C:578.35 V:313919829.0
2026-06-05 14:45:02 [INFO] core.data_fetcher: 🕯️ Candle closed: TITAN | 2026-06-05 14:40 | O:4257.60 H:4268.90 L:4255.30 C:4265.40 V:120014997.0
2026-06-05 14:45:02 [INFO] core.data_fetcher: 🕯️ Candle closed: HCLTECH | 2026-06-05 14:40 | O:1148.90 H:1152.00 L:1148.50 C:1151.10 V:141655096.0
2026-06-05 14:45:03 [INFO] core.data_fetcher: 🕯️ Candle closed: WIPRO | 2026-06-05 14:40 | O:197.37 H:198.09 L:197.37 C:197.95 V:7055489336.0
2026-06-05 14:45:04 [INFO] core.data_fetcher: 🕯️ Candle closed: DIVISLAB | 2026-06-05 14:40 | O:6616.50 H:6623.50 L:6606.50 C:6621.50 V:10995375.0
2026-06-05 14:45:06 [INFO] core.data_fetcher: 🕯️ Candle closed: ULTRACEMCO | 2026-06-05 14:40 | O:10898.00 H:10942.00 L:10893.00 C:10936.00 V:27245670.0
2026-06-05 14:45:06 [INFO] core.data_fetcher: 🕯️ Candle closed: POWERGRID | 2026-06-05 14:40 | O:285.25 H:286.25 L:285.05 C:286.25 V:425246197.0
2026-06-05 14:45:19 [INFO] core.state_manager: [BRIEFING] Loading from data/session_briefing.json...
2026-06-05 14:45:19 [INFO] core.state_manager: [BRIEFING] Loaded Valid: 8 approved + 22 watchlist (MORNING_SCREENER)
2026-06-05 14:46:05 [INFO] core.strategy: ─── Scan summary (30 subscribed) ───
  [Cognition] RELIANCE: ticks=1058 | live_candles=20
  [Cognition] MARUTI: ticks=661 | live_candles=20
  [Cognition] WIPRO: ticks=968 | live_candles=20
  [Cognition] HEROMOTOCO: ticks=629 | live_candles=20
  [Cognition] TCS: ticks=908 | live_candles=20
  [Cognition] HDFCBANK: ticks=1232 | live_candles=20
  [Cognition] ICICIBANK: ticks=1026 | live_candles=20
  [Cognition] ITC: ticks=1027 | live_candles=20
  [Math] SBIN: ticks=1154 | live_candles=20
  [Math] BHARTIARTL: ticks=1021 | live_candles=20
  [Math] LT: ticks=986 | live_candles=20
  [Math] HCLTECH: ticks=587 | live_candles=20
  [Math] ASIANPAINT: ticks=611 | live_candles=20
  [Math] SUNPHARMA: ticks=769 | live_candles=20
  [Math] TITAN: ticks=700 | live_candles=20
  [Math] ULTRACEMCO: ticks=520 | live_candles=20
  [Math] NESTLEIND: ticks=601 | live_candles=20
  [Math] TECHM: ticks=772 | live_candles=20
  [Math] POWERGRID: ticks=617 | live_candles=20
  [Math] ONGC: ticks=514 | live_candles=20
  [Math] ADANIPORTS: ticks=762 | live_candles=20
  [Math] DIVISLAB: ticks=420 | live_candles=20
  [Math] DRREDDY: ticks=467 | live_candles=20
  [Math] EICHERMOT: ticks=389 | live_candles=20
  [Math] JSWSTEEL: ticks=734 | live_candles=20
  [Math] M&M: ticks=929 | live_candles=20
  [Math] TATACONSUM: ticks=534 | live_candles=20
  [Math] TATASTEEL: ticks=1239 | live_candles=20
  [Math] CIPLA: ticks=437 | live_candles=20
  [Math] HDFCLIFE: ticks=479 | live_candles=20
2026-06-05 14:46:20 [INFO] core.state_manager: [BRIEFING] Loading from data/session_briefing.json...
2026-06-05 14:46:20 [INFO] core.state_manager: [BRIEFING] Loaded Valid: 8 approved + 22 watchlist (MORNING_SCREENER)
2026-06-05 14:46:53 [INFO] core.data_fetcher: 📡 Live feed | ticks received: 30/30 symbols | active=['RELIANCE', 'MARUTI', 'WIPRO', 'HEROMOTOCO', 'TCS', 'HDFCBANK', 'ICICIBANK', 'ITC']...
2026-06-05 14:47:01 [INFO] core.order_executor: 📈 TRAILING SL | DIVISLAB | ₹6557.27 → ₹6557.76
2026-06-05 14:47:21 [INFO] core.state_manager: [BRIEFING] Loading from data/session_briefing.json...
2026-06-05 14:47:21 [INFO] core.state_manager: [BRIEFING] Loaded Valid: 8 approved + 22 watchlist (MORNING_SCREENER)
2026-06-05 14:47:36 [INFO] core.strategy: ─── Scan summary (30 subscribed) ───
  [Cognition] RELIANCE: ticks=1138 | live_candles=20
  [Cognition] MARUTI: ticks=706 | live_candles=20
  [Cognition] WIPRO: ticks=1032 | live_candles=20
  [Cognition] HEROMOTOCO: ticks=672 | live_candles=20
  [Cognition] TCS: ticks=977 | live_candles=20
  [Cognition] HDFCBANK: ticks=1306 | live_candles=20
  [Cognition] ICICIBANK: ticks=1091 | live_candles=20
  [Cognition] ITC: ticks=1087 | live_candles=20
  [Math] SBIN: ticks=1235 | live_candles=20
  [Math] BHARTIARTL: ticks=1100 | live_candles=20
  [Math] LT: ticks=1045 | live_candles=20
  [Math] HCLTECH: ticks=628 | live_candles=20
  [Math] ASIANPAINT: ticks=666 | live_candles=20
  [Math] SUNPHARMA: ticks=810 | live_candles=20
  [Math] TITAN: ticks=752 | live_candles=20
  [Math] ULTRACEMCO: ticks=570 | live_candles=20
  [Math] NESTLEIND: ticks=636 | live_candles=20
  [Math] TECHM: ticks=814 | live_candles=20
  [Math] POWERGRID: ticks=655 | live_candles=20
  [Math] ONGC: ticks=557 | live_candles=20
  [Math] ADANIPORTS: ticks=830 | live_candles=20
  [Math] DIVISLAB: ticks=448 | live_candles=20
  [Math] DRREDDY: ticks=502 | live_candles=20
  [Math] EICHERMOT: ticks=413 | live_candles=20
  [Math] JSWSTEEL: ticks=773 | live_candles=20
  [Math] M&M: ticks=998 | live_candles=20
  [Math] TATACONSUM: ticks=578 | live_candles=20
  [Math] TATASTEEL: ticks=1323 | live_candles=20
  [Math] CIPLA: ticks=469 | live_candles=20
  [Math] HDFCLIFE: ticks=511 | live_candles=20
2026-06-05 14:48:22 [INFO] core.state_manager: [BRIEFING] Loading from data/session_briefing.json...
2026-06-05 14:48:22 [INFO] core.state_manager: [BRIEFING] Loaded Valid: 8 approved + 22 watchlist (MORNING_SCREENER)
2026-06-05 14:48:53 [INFO] core.data_fetcher: 📡 Live feed | ticks received: 30/30 symbols | active=['RELIANCE', 'MARUTI', 'WIPRO', 'HEROMOTOCO', 'TCS', 'HDFCBANK', 'ICICIBANK', 'ITC']...
2026-06-05 14:49:08 [INFO] core.strategy: ─── Scan summary (30 subscribed) ───
  [Cognition] RELIANCE: ticks=1208 | live_candles=20
  [Cognition] MARUTI: ticks=744 | live_candles=20
  [Cognition] WIPRO: ticks=1090 | live_candles=20
  [Cognition] HEROMOTOCO: ticks=712 | live_candles=20
  [Cognition] TCS: ticks=1029 | live_candles=20
  [Cognition] HDFCBANK: ticks=1364 | live_candles=20
  [Cognition] ICICIBANK: ticks=1145 | live_candles=20
  [Cognition] ITC: ticks=1138 | live_candles=20
  [Math] SBIN: ticks=1318 | live_candles=20
  [Math] BHARTIARTL: ticks=1157 | live_candles=20
  [Math] LT: ticks=1096 | live_candles=20
  [Math] HCLTECH: ticks=672 | live_candles=20
  [Math] ASIANPAINT: ticks=710 | live_candles=20
  [Math] SUNPHARMA: ticks=856 | live_candles=20
  [Math] TITAN: ticks=784 | live_candles=20
  [Math] ULTRACEMCO: ticks=605 | live_candles=20
  [Math] NESTLEIND: ticks=664 | live_candles=20
  [Math] TECHM: ticks=851 | live_candles=20
  [Math] POWERGRID: ticks=679 | live_candles=20
  [Math] ONGC: ticks=589 | live_candles=20
  [Math] ADANIPORTS: ticks=883 | live_candles=20
  [Math] DIVISLAB: ticks=470 | live_candles=20
  [Math] DRREDDY: ticks=532 | live_candles=20
  [Math] EICHERMOT: ticks=430 | live_candles=20
  [Math] JSWSTEEL: ticks=813 | live_candles=20
  [Math] M&M: ticks=1058 | live_candles=20
  [Math] TATACONSUM: ticks=610 | live_candles=20
  [Math] TATASTEEL: ticks=1391 | live_candles=20
  [Math] CIPLA: ticks=492 | live_candles=20
  [Math] HDFCLIFE: ticks=532 | live_candles=20
2026-06-05 14:49:23 [INFO] core.state_manager: [BRIEFING] Loading from data/session_briefing.json...
2026-06-05 14:49:23 [INFO] core.state_manager: [BRIEFING] Loaded Valid: 8 approved + 22 watchlist (MORNING_SCREENER)
2026-06-05 14:50:00 [INFO] core.data_fetcher: 🕯️ Candle closed: CIPLA | 2026-06-05 14:45 | O:1404.30 H:1404.50 L:1401.50 C:1401.90 V:58818451.0
2026-06-05 14:50:00 [INFO] core.data_fetcher: 🕯️ Candle closed: TATASTEEL | 2026-06-05 14:45 | O:207.00 H:207.20 L:206.43 C:206.53 V:5232244550.0
2026-06-05 14:50:00 [INFO] core.data_fetcher: 🕯️ Candle closed: ICICIBANK | 2026-06-05 14:45 | O:1262.30 H:1263.90 L:1260.90 C:1261.10 V:1351169761.0
2026-06-05 14:50:00 [INFO] core.data_fetcher: 🕯️ Candle closed: RELIANCE | 2026-06-05 14:45 | O:1294.40 H:1295.40 L:1293.60 C:1293.90 V:2754629000.0
2026-06-05 14:50:00 [INFO] core.data_fetcher: 🕯️ Candle closed: HDFCBANK | 2026-06-05 14:45 | O:748.00 H:748.85 L:746.30 C:747.10 V:2808582386.0
2026-06-05 14:50:00 [INFO] core.data_fetcher: 🕯️ Candle closed: DIVISLAB | 2026-06-05 14:45 | O:6623.00 H:6624.00 L:6607.50 C:6609.50 V:10846741.0
2026-06-05 14:50:00 [INFO] core.data_fetcher: 🕯️ Candle closed: TCS | 2026-06-05 14:45 | O:2205.50 H:2206.90 L:2202.10 C:2202.90 V:580590394.0
2026-06-05 14:50:00 [INFO] core.data_fetcher: 🕯️ Candle closed: SBIN | 2026-06-05 14:45 | O:979.80 H:980.30 L:977.80 C:978.80 V:3906566416.0
2026-06-05 14:50:00 [INFO] core.data_fetcher: 🕯️ Candle closed: MARUTI | 2026-06-05 14:45 | O:13120.00 H:13124.00 L:13070.00 C:13080.00 V:25184153.0
2026-06-05 14:50:00 [INFO] core.data_fetcher: 🕯️ Candle closed: ITC | 2026-06-05 14:45 | O:280.95 H:281.00 L:280.50 C:280.50 V:1858232524.0
2026-06-05 14:50:00 [INFO] core.data_fetcher: 🕯️ Candle closed: POWERGRID | 2026-06-05 14:45 | O:286.15 H:286.55 L:285.50 C:285.85 V:476373103.0
2026-06-05 14:50:00 [INFO] core.data_fetcher: 🕯️ Candle closed: TITAN | 2026-06-05 14:45 | O:4266.40 H:4267.00 L:4255.00 C:4258.90 V:106432792.0
2026-06-05 14:50:00 [INFO] core.data_fetcher: 🕯️ Candle closed: M&M | 2026-06-05 14:45 | O:3052.70 H:3059.00 L:3051.10 C:3053.60 V:240209902.0
2026-06-05 14:50:00 [INFO] core.data_fetcher: 🕯️ Candle closed: ADANIPORTS | 2026-06-05 14:45 | O:1820.50 H:1824.00 L:1820.00 C:1820.20 V:217140608.0
2026-06-05 14:50:00 [INFO] core.data_fetcher: 🕯️ Candle closed: WIPRO | 2026-06-05 14:45 | O:197.94 H:198.10 L:197.55 C:197.75 V:5774904810.0
2026-06-05 14:50:00 [INFO] core.data_fetcher: 🕯️ Candle closed: NESTLEIND | 2026-06-05 14:45 | O:1379.40 H:1380.30 L:1377.80 C:1378.70 V:79587233.0
2026-06-05 14:50:00 [INFO] core.data_fetcher: 🕯️ Candle closed: HEROMOTOCO | 2026-06-05 14:45 | O:4857.30 H:4860.00 L:4842.50 C:4845.10 V:58665304.0
2026-06-05 14:50:02 [INFO] core.data_fetcher: 🕯️ Candle closed: BHARTIARTL | 2026-06-05 14:45 | O:1802.40 H:1803.00 L:1800.00 C:1800.40 V:457671265.0
2026-06-05 14:50:02 [INFO] core.data_fetcher: 🕯️ Candle closed: ASIANPAINT | 2026-06-05 14:45 | O:2696.90 H:2698.00 L:2693.20 C:2693.60 V:162427213.0
2026-06-05 14:50:02 [INFO] core.data_fetcher: 🕯️ Candle closed: TECHM | 2026-06-05 14:45 | O:1475.90 H:1479.60 L:1473.40 C:1475.10 V:188101553.0
2026-06-05 14:50:02 [INFO] core.data_fetcher: 🕯️ Candle closed: DRREDDY | 2026-06-05 14:45 | O:1288.80 H:1289.30 L:1283.30 C:1283.90 V:41166128.0
2026-06-05 14:50:02 [INFO] core.data_fetcher: 🕯️ Candle closed: JSWSTEEL | 2026-06-05 14:45 | O:1284.60 H:1286.00 L:1281.10 C:1282.20 V:154151041.0
2026-06-05 14:50:02 [INFO] core.data_fetcher: 🕯️ Candle closed: TATACONSUM | 2026-06-05 14:45 | O:1133.30 H:1133.90 L:1131.10 C:1131.40 V:65648955.0
2026-06-05 14:50:02 [INFO] core.data_fetcher: 🕯️ Candle closed: ULTRACEMCO | 2026-06-05 14:45 | O:10940.00 H:10969.00 L:10936.00 C:10947.00 V:36677317.0
2026-06-05 14:50:02 [INFO] core.data_fetcher: 🕯️ Candle closed: LT | 2026-06-05 14:45 | O:3957.00 H:3959.70 L:3948.00 C:3951.60 V:158219352.0
2026-06-05 14:50:02 [INFO] core.data_fetcher: 🕯️ Candle closed: HCLTECH | 2026-06-05 14:45 | O:1151.60 H:1152.40 L:1149.50 C:1149.90 V:150599973.0
2026-06-05 14:50:04 [INFO] core.data_fetcher: 🕯️ Candle closed: HDFCLIFE | 2026-06-05 14:45 | O:578.80 H:579.30 L:577.15 C:577.70 V:275046688.0
2026-06-05 14:50:04 [INFO] core.data_fetcher: 🕯️ Candle closed: EICHERMOT | 2026-06-05 14:45 | O:7085.50 H:7089.00 L:7072.00 C:7076.50 V:23464316.0
2026-06-05 14:50:04 [INFO] core.data_fetcher: 🕯️ Candle closed: ONGC | 2026-06-05 14:45 | O:265.60 H:265.80 L:265.00 C:265.05 V:545533720.0
2026-06-05 14:50:11 [INFO] core.data_fetcher: 🕯️ Candle closed: SUNPHARMA | 2026-06-05 14:45 | O:1794.40 H:1795.30 L:1790.70 C:1790.80 V:185539304.0
2026-06-05 14:50:24 [INFO] core.state_manager: [BRIEFING] Loading from data/session_briefing.json...
2026-06-05 14:50:24 [INFO] core.state_manager: [BRIEFING] Loaded Valid: 8 approved + 22 watchlist (MORNING_SCREENER)
2026-06-05 14:50:40 [INFO] core.strategy: ─── Scan summary (30 subscribed) ───
  [Cognition] RELIANCE: ticks=1272 | live_candles=21
  [Cognition] MARUTI: ticks=792 | live_candles=21
  [Cognition] WIPRO: ticks=1158 | live_candles=21
  [Cognition] HEROMOTOCO: ticks=769 | live_candles=21
  [Cognition] TCS: ticks=1091 | live_candles=21
  [Cognition] HDFCBANK: ticks=1451 | live_candles=21
  [Cognition] ICICIBANK: ticks=1224 | live_candles=21
  [Cognition] ITC: ticks=1210 | live_candles=21
  [Math] SBIN: ticks=1426 | live_candles=21
  [Math] BHARTIARTL: ticks=1227 | live_candles=21
  [Math] LT: ticks=1162 | live_candles=21
  [Math] HCLTECH: ticks=715 | live_candles=21
  [Math] ASIANPAINT: ticks=753 | live_candles=21
  [Math] SUNPHARMA: ticks=912 | live_candles=21
  [Math] TITAN: ticks=839 | live_candles=21
  [Math] ULTRACEMCO: ticks=644 | live_candles=21
  [Math] NESTLEIND: ticks=713 | live_candles=21
  [Math] TECHM: ticks=894 | live_candles=21
  [Math] POWERGRID: ticks=717 | live_candles=21
  [Math] ONGC: ticks=626 | live_candles=21
  [Math] ADANIPORTS: ticks=936 | live_candles=21
  [Math] DIVISLAB: ticks=511 | live_candles=21
  [Math] DRREDDY: ticks=577 | live_candles=21
  [Math] EICHERMOT: ticks=465 | live_candles=21
  [Math] JSWSTEEL: ticks=855 | live_candles=21
  [Math] M&M: ticks=1136 | live_candles=21
  [Math] TATACONSUM: ticks=651 | live_candles=21
  [Math] TATASTEEL: ticks=1474 | live_candles=21
  [Math] CIPLA: ticks=523 | live_candles=21
  [Math] HDFCLIFE: ticks=567 | live_candles=21
2026-06-05 14:50:54 [INFO] core.data_fetcher: 📡 Live feed | ticks received: 30/30 symbols | active=['RELIANCE', 'MARUTI', 'WIPRO', 'HEROMOTOCO', 'TCS', 'HDFCBANK', 'ICICIBANK', 'ITC']...
2026-06-05 14:51:26 [INFO] core.state_manager: [BRIEFING] Loading from data/session_briefing.json...
2026-06-05 14:51:26 [INFO] core.state_manager: [BRIEFING] Loaded Valid: 8 approved + 22 watchlist (MORNING_SCREENER)
2026-06-05 14:52:11 [INFO] core.strategy: ─── Scan summary (30 subscribed) ───
  [Cognition] RELIANCE: ticks=1342 | live_candles=21
  [Cognition] MARUTI: ticks=829 | live_candles=21
  [Cognition] WIPRO: ticks=1216 | live_candles=21
  [Cognition] HEROMOTOCO: ticks=806 | live_candles=21
  [Cognition] TCS: ticks=1148 | live_candles=21
  [Cognition] HDFCBANK: ticks=1529 | live_candles=21
  [Cognition] ICICIBANK: ticks=1289 | live_candles=21
  [Cognition] ITC: ticks=1279 | live_candles=21
  [Math] SBIN: ticks=1516 | live_candles=21
  [Math] BHARTIARTL: ticks=1286 | live_candles=21
  [Math] LT: ticks=1216 | live_candles=21
  [Math] HCLTECH: ticks=753 | live_candles=21
  [Math] ASIANPAINT: ticks=796 | live_candles=21
  [Math] SUNPHARMA: ticks=952 | live_candles=21
  [Math] TITAN: ticks=885 | live_candles=21
  [Math] ULTRACEMCO: ticks=679 | live_candles=21
  [Math] NESTLEIND: ticks=752 | live_candles=21
  [Math] TECHM: ticks=930 | live_candles=21
  [Math] POWERGRID: ticks=748 | live_candles=21
  [Math] ONGC: ticks=667 | live_candles=21
  [Math] ADANIPORTS: ticks=982 | live_candles=21
  [Math] DIVISLAB: ticks=543 | live_candles=21
  [Math] DRREDDY: ticks=613 | live_candles=21
  [Math] EICHERMOT: ticks=488 | live_candles=21
  [Math] JSWSTEEL: ticks=897 | live_candles=21
  [Math] M&M: ticks=1202 | live_candles=21
  [Math] TATACONSUM: ticks=682 | live_candles=21
  [Math] TATASTEEL: ticks=1549 | live_candles=21
  [Math] CIPLA: ticks=550 | live_candles=21
  [Math] HDFCLIFE: ticks=596 | live_candles=21
2026-06-05 14:52:27 [INFO] core.state_manager: [BRIEFING] Loading from data/session_briefing.json...
2026-06-05 14:52:27 [INFO] core.state_manager: [BRIEFING] Loaded Valid: 8 approved + 22 watchlist (MORNING_SCREENER)
2026-06-05 14:52:54 [INFO] core.data_fetcher: 📡 Live feed | ticks received: 30/30 symbols | active=['RELIANCE', 'MARUTI', 'WIPRO', 'HEROMOTOCO', 'TCS', 'HDFCBANK', 'ICICIBANK', 'ITC']...
2026-06-05 14:53:28 [INFO] core.state_manager: [BRIEFING] Loading from data/session_briefing.json...
2026-06-05 14:53:28 [INFO] core.state_manager: [BRIEFING] Loaded Valid: 8 approved + 22 watchlist (MORNING_SCREENER)
2026-06-05 14:53:43 [INFO] core.strategy: ─── Scan summary (30 subscribed) ───
  [Cognition] RELIANCE: ticks=1405 | live_candles=21
  [Cognition] MARUTI: ticks=865 | live_candles=21
  [Cognition] WIPRO: ticks=1272 | live_candles=21
  [Cognition] HEROMOTOCO: ticks=845 | live_candles=21
  [Cognition] TCS: ticks=1208 | live_candles=21
  [Cognition] HDFCBANK: ticks=1594 | live_candles=21
  [Cognition] ICICIBANK: ticks=1330 | live_candles=21
  [Cognition] ITC: ticks=1342 | live_candles=21
  [Math] SBIN: ticks=1592 | live_candles=21
  [Math] BHARTIARTL: ticks=1348 | live_candles=21
  [Math] LT: ticks=1270 | live_candles=21
  [Math] HCLTECH: ticks=787 | live_candles=21
  [Math] ASIANPAINT: ticks=836 | live_candles=21
  [Math] SUNPHARMA: ticks=984 | live_candles=21
  [Math] TITAN: ticks=921 | live_candles=21
  [Math] ULTRACEMCO: ticks=706 | live_candles=21
  [Math] NESTLEIND: ticks=795 | live_candles=21
  [Math] TECHM: ticks=963 | live_candles=21
  [Math] POWERGRID: ticks=770 | live_candles=21
  [Math] ONGC: ticks=703 | live_candles=21
  [Math] ADANIPORTS: ticks=1022 | live_candles=21
  [Math] DIVISLAB: ticks=568 | live_candles=21
  [Math] DRREDDY: ticks=647 | live_candles=21
  [Math] EICHERMOT: ticks=501 | live_candles=21
  [Math] JSWSTEEL: ticks=940 | live_candles=21
  [Math] M&M: ticks=1259 | live_candles=21
  [Math] TATACONSUM: ticks=710 | live_candles=21
  [Math] TATASTEEL: ticks=1614 | live_candles=21
  [Math] CIPLA: ticks=565 | live_candles=21
  [Math] HDFCLIFE: ticks=610 | live_candles=21
2026-06-05 14:54:29 [INFO] core.state_manager: [BRIEFING] Loading from data/session_briefing.json...
2026-06-05 14:54:29 [INFO] core.state_manager: [BRIEFING] Loaded Valid: 8 approved + 22 watchlist (MORNING_SCREENER)
2026-06-05 14:54:54 [INFO] core.data_fetcher: 📡 Live feed | ticks received: 30/30 symbols | active=['RELIANCE', 'MARUTI', 'WIPRO', 'HEROMOTOCO', 'TCS', 'HDFCBANK', 'ICICIBANK', 'ITC']...
2026-06-05 14:55:01 [INFO] core.data_fetcher: 🕯️ Candle closed: TATACONSUM | 2026-06-05 14:50 | O:1131.30 H:1132.80 L:1131.30 C:1132.50 V:61083634.0
2026-06-05 14:55:01 [INFO] core.data_fetcher: 🕯️ Candle closed: TATASTEEL | 2026-06-05 14:50 | O:206.60 H:207.00 L:206.56 C:206.91 V:5687796868.0
2026-06-05 14:55:01 [INFO] core.data_fetcher: 🕯️ Candle closed: ADANIPORTS | 2026-06-05 14:50 | O:1820.30 H:1822.80 L:1820.10 C:1822.00 V:170073431.0
2026-06-05 14:55:01 [INFO] core.data_fetcher: 🕯️ Candle closed: ASIANPAINT | 2026-06-05 14:50 | O:2693.50 H:2695.50 L:2692.40 C:2694.80 V:148933900.0
2026-06-05 14:55:01 [INFO] core.data_fetcher: 🕯️ Candle closed: SUNPHARMA | 2026-06-05 14:50 | O:1790.70 H:1792.60 L:1789.60 C:1789.60 V:145995330.0
2026-06-05 14:55:01 [INFO] core.data_fetcher: 🕯️ Candle closed: TCS | 2026-06-05 14:50 | O:2202.50 H:2205.00 L:2202.50 C:2204.20 V:641640397.0
2026-06-05 14:55:01 [INFO] core.data_fetcher: 🕯️ Candle closed: BHARTIARTL | 2026-06-05 14:50 | O:1800.20 H:1801.20 L:1800.00 C:1800.80 V:391726260.0
2026-06-05 14:55:01 [INFO] core.data_fetcher: 🕯️ Candle closed: ULTRACEMCO | 2026-06-05 14:50 | O:10943.00 H:10965.00 L:10943.00 C:10962.00 V:26344193.0
2026-06-05 14:55:01 [INFO] core.data_fetcher: 🕯️ Candle closed: SBIN | 2026-06-05 14:50 | O:978.90 H:979.85 L:978.40 C:979.00 V:3851909347.0
2026-06-05 14:55:01 [INFO] core.data_fetcher: 🕯️ Candle closed: MARUTI | 2026-06-05 14:50 | O:13077.00 H:13095.00 L:13070.00 C:13093.00 V:25430820.0
2026-06-05 14:55:01 [INFO] core.data_fetcher: 🕯️ Candle closed: WIPRO | 2026-06-05 14:50 | O:197.74 H:197.98 L:197.74 C:197.98 V:5244622169.0
2026-06-05 14:55:01 [INFO] core.data_fetcher: 🕯️ Candle closed: M&M | 2026-06-05 14:50 | O:3054.00 H:3055.90 L:3052.00 C:3055.30 V:222867806.0
2026-06-05 14:55:01 [INFO] core.data_fetcher: 🕯️ Candle closed: LT | 2026-06-05 14:50 | O:3950.40 H:3956.90 L:3950.10 C:3956.70 V:144749505.0
2026-06-05 14:55:01 [INFO] core.data_fetcher: 🕯️ Candle closed: HEROMOTOCO | 2026-06-05 14:50 | O:4845.20 H:4850.40 L:4845.00 C:4849.00 V:54267798.0
2026-06-05 14:55:01 [INFO] core.data_fetcher: 🕯️ Candle closed: EICHERMOT | 2026-06-05 14:50 | O:7078.00 H:7079.00 L:7070.00 C:7074.00 V:17079311.0
2026-06-05 14:55:01 [INFO] core.data_fetcher: 🕯️ Candle closed: HDFCBANK | 2026-06-05 14:50 | O:747.00 H:747.75 L:746.70 C:747.45 V:3159739586.0
2026-06-05 14:55:01 [INFO] core.data_fetcher: 🕯️ Candle closed: RELIANCE | 2026-06-05 14:50 | O:1294.00 H:1294.20 L:1292.30 C:1293.00 V:2598295230.0
2026-06-05 14:55:01 [INFO] core.data_fetcher: 🕯️ Candle closed: DRREDDY | 2026-06-05 14:50 | O:1283.70 H:1285.80 L:1283.00 C:1283.70 V:47089649.0
2026-06-05 14:55:01 [INFO] core.data_fetcher: 🕯️ Candle closed: ITC | 2026-06-05 14:50 | O:280.55 H:280.70 L:280.30 C:280.55 V:2165057338.0
2026-06-05 14:55:01 [INFO] core.data_fetcher: 🕯️ Candle closed: JSWSTEEL | 2026-06-05 14:50 | O:1283.00 H:1284.60 L:1282.40 C:1283.30 V:115189479.0
2026-06-05 14:55:01 [INFO] core.data_fetcher: 🕯️ Candle closed: TITAN | 2026-06-05 14:50 | O:4257.50 H:4262.60 L:4257.50 C:4262.00 V:112750007.0
2026-06-05 14:55:02 [INFO] core.data_fetcher: 🕯️ Candle closed: CIPLA | 2026-06-05 14:50 | O:1401.50 H:1402.90 L:1401.50 C:1402.50 V:51030523.0
2026-06-05 14:55:02 [INFO] core.data_fetcher: 🕯️ Candle closed: ICICIBANK | 2026-06-05 14:50 | O:1261.20 H:1262.30 L:1261.20 C:1261.90 V:1084546289.0
2026-06-05 14:55:02 [INFO] core.data_fetcher: 🕯️ Candle closed: TECHM | 2026-06-05 14:50 | O:1475.20 H:1480.20 L:1474.40 C:1479.20 V:164585830.0
2026-06-05 14:55:02 [INFO] core.data_fetcher: 🕯️ Candle closed: HCLTECH | 2026-06-05 14:50 | O:1150.50 H:1150.80 L:1149.50 C:1149.70 V:148770189.0
2026-06-05 14:55:02 [INFO] core.data_fetcher: 🕯️ Candle closed: HDFCLIFE | 2026-06-05 14:50 | O:577.80 H:578.25 L:577.40 C:578.00 V:245843246.0
2026-06-05 14:55:02 [INFO] core.data_fetcher: 🕯️ Candle closed: NESTLEIND | 2026-06-05 14:50 | O:1378.80 H:1380.00 L:1378.30 C:1379.20 V:87984693.0
2026-06-05 14:55:02 [INFO] core.data_fetcher: 🕯️ Candle closed: POWERGRID | 2026-06-05 14:50 | O:285.75 H:286.00 L:285.70 C:285.95 V:383081256.0
2026-06-05 14:55:02 [INFO] core.data_fetcher: 🕯️ Candle closed: ONGC | 2026-06-05 14:50 | O:265.10 H:265.15 L:264.60 C:264.70 V:564870874.0
2026-06-05 14:55:07 [INFO] core.data_fetcher: 🕯️ Candle closed: DIVISLAB | 2026-06-05 14:50 | O:6613.00 H:6619.00 L:6609.50 C:6616.00 V:10383805.0
2026-06-05 14:55:15 [INFO] core.strategy: ─── Scan summary (30 subscribed) ───
  [Cognition] RELIANCE: ticks=1478 | live_candles=22
  [Cognition] MARUTI: ticks=908 | live_candles=22
  [Cognition] WIPRO: ticks=1323 | live_candles=22
  [Cognition] HEROMOTOCO: ticks=884 | live_candles=22
  [Cognition] TCS: ticks=1265 | live_candles=22
  [Cognition] HDFCBANK: ticks=1668 | live_candles=22
  [Cognition] ICICIBANK: ticks=1391 | live_candles=22
  [Cognition] ITC: ticks=1415 | live_candles=22
  [Math] SBIN: ticks=1668 | live_candles=22
  [Math] BHARTIARTL: ticks=1397 | live_candles=22
  [Math] LT: ticks=1324 | live_candles=22
  [Math] HCLTECH: ticks=829 | live_candles=22
  [Math] ASIANPAINT: ticks=886 | live_candles=22
  [Math] SUNPHARMA: ticks=1017 | live_candles=22
  [Math] TITAN: ticks=953 | live_candles=22
  [Math] ULTRACEMCO: ticks=742 | live_candles=22
  [Math] NESTLEIND: ticks=828 | live_candles=22
  [Math] TECHM: ticks=998 | live_candles=22
  [Math] POWERGRID: ticks=793 | live_candles=22
  [Math] ONGC: ticks=748 | live_candles=22
  [Math] ADANIPORTS: ticks=1068 | live_candles=22
  [Math] DIVISLAB: ticks=594 | live_candles=22
  [Math] DRREDDY: ticks=683 | live_candles=22
  [Math] EICHERMOT: ticks=525 | live_candles=22
  [Math] JSWSTEEL: ticks=975 | live_candles=22
  [Math] M&M: ticks=1328 | live_candles=22
  [Math] TATACONSUM: ticks=746 | live_candles=22
  [Math] TATASTEEL: ticks=1684 | live_candles=22
  [Math] CIPLA: ticks=600 | live_candles=22
  [Math] HDFCLIFE: ticks=642 | live_candles=22
2026-06-05 14:55:31 [INFO] core.state_manager: [BRIEFING] Loading from data/session_briefing.json...
2026-06-05 14:55:31 [INFO] core.state_manager: [BRIEFING] Loaded Valid: 8 approved + 22 watchlist (MORNING_SCREENER)
2026-06-05 14:55:42 [INFO] apscheduler.executors.default: Running job "Market Observation Loop (trigger: interval[0:15:00], next run at: 2026-06-05 15:10:42 IST)" (scheduled at 2026-06-05 14:55:42.460753+05:30)
2026-06-05 14:55:42 [INFO] reflection.observation_loop: 🔍 Running observation cycle...
2026-06-05 14:55:42 [INFO] core.state_manager: [BRIEFING] Loading from data/session_briefing.json...
2026-06-05 14:55:42 [INFO] core.state_manager: [BRIEFING] Loaded Valid: 8 approved + 22 watchlist (MORNING_SCREENER)
2026-06-05 14:55:42 [INFO] reflection.observation_loop: 📊 Observation recorded:
   Market: BEARISH | Trend: WEAK
   Vol: LOW | Breakouts: LOW
   Reversals: LOW
2026-06-05 14:55:42 [INFO] apscheduler.executors.default: Job "Market Observation Loop (trigger: interval[0:15:00], next run at: 2026-06-05 15:10:42 IST)" executed successfully
2026-06-05 14:56:33 [INFO] core.state_manager: [BRIEFING] Loading from data/session_briefing.json...
2026-06-05 14:56:33 [INFO] core.state_manager: [BRIEFING] Loaded Valid: 8 approved + 22 watchlist (MORNING_SCREENER)
2026-06-05 14:56:48 [INFO] core.strategy: ─── Scan summary (30 subscribed) ───
  [Cognition] RELIANCE: ticks=1539 | live_candles=22
  [Cognition] MARUTI: ticks=953 | live_candles=22
  [Cognition] WIPRO: ticks=1376 | live_candles=22
  [Cognition] HEROMOTOCO: ticks=919 | live_candles=22
  [Cognition] TCS: ticks=1315 | live_candles=22
  [Cognition] HDFCBANK: ticks=1742 | live_candles=22
  [Cognition] ICICIBANK: ticks=1455 | live_candles=22
  [Cognition] ITC: ticks=1485 | live_candles=22
  [Math] SBIN: ticks=1749 | live_candles=22
  [Math] BHARTIARTL: ticks=1482 | live_candles=22
  [Math] LT: ticks=1410 | live_candles=22
  [Math] HCLTECH: ticks=871 | live_candles=22
  [Math] ASIANPAINT: ticks=927 | live_candles=22
  [Math] SUNPHARMA: ticks=1070 | live_candles=22
  [Math] TITAN: ticks=1004 | live_candles=22
  [Math] ULTRACEMCO: ticks=777 | live_candles=22
  [Math] NESTLEIND: ticks=866 | live_candles=22
  [Math] TECHM: ticks=1037 | live_candles=22
  [Math] POWERGRID: ticks=819 | live_candles=22
  [Math] ONGC: ticks=784 | live_candles=22
  [Math] ADANIPORTS: ticks=1117 | live_candles=22
  [Math] DIVISLAB: ticks=609 | live_candles=22
  [Math] DRREDDY: ticks=718 | live_candles=22
  [Math] EICHERMOT: ticks=549 | live_candles=22
  [Math] JSWSTEEL: ticks=1008 | live_candles=22
  [Math] M&M: ticks=1393 | live_candles=22
  [Math] TATACONSUM: ticks=768 | live_candles=22
  [Math] TATASTEEL: ticks=1751 | live_candles=22
  [Math] CIPLA: ticks=625 | live_candles=22
  [Math] HDFCLIFE: ticks=662 | live_candles=22
2026-06-05 14:56:54 [INFO] core.data_fetcher: 📡 Live feed | ticks received: 30/30 symbols | active=['RELIANCE', 'MARUTI', 'WIPRO', 'HEROMOTOCO', 'TCS', 'HDFCBANK', 'ICICIBANK', 'ITC']...
2026-06-05 14:57:34 [INFO] core.state_manager: [BRIEFING] Loading from data/session_briefing.json...
2026-06-05 14:57:34 [INFO] core.state_manager: [BRIEFING] Loaded Valid: 8 approved + 22 watchlist (MORNING_SCREENER)
2026-06-05 14:58:20 [INFO] core.strategy: ─── Scan summary (30 subscribed) ───
  [Cognition] RELIANCE: ticks=1612 | live_candles=22
  [Cognition] MARUTI: ticks=993 | live_candles=22
  [Cognition] WIPRO: ticks=1440 | live_candles=22
  [Cognition] HEROMOTOCO: ticks=972 | live_candles=22
  [Cognition] TCS: ticks=1371 | live_candles=22
  [Cognition] HDFCBANK: ticks=1814 | live_candles=22
  [Cognition] ICICIBANK: ticks=1531 | live_candles=22
  [Cognition] ITC: ticks=1548 | live_candles=22
  [Math] SBIN: ticks=1835 | live_candles=22
  [Math] BHARTIARTL: ticks=1550 | live_candles=22
  [Math] LT: ticks=1465 | live_candles=22
  [Math] HCLTECH: ticks=910 | live_candles=22
  [Math] ASIANPAINT: ticks=992 | live_candles=22
  [Math] SUNPHARMA: ticks=1115 | live_candles=22
  [Math] TITAN: ticks=1078 | live_candles=22
  [Math] ULTRACEMCO: ticks=811 | live_candles=22
  [Math] NESTLEIND: ticks=920 | live_candles=22
  [Math] TECHM: ticks=1084 | live_candles=22
  [Math] POWERGRID: ticks=853 | live_candles=22
  [Math] ONGC: ticks=825 | live_candles=22
  [Math] ADANIPORTS: ticks=1166 | live_candles=22
  [Math] DIVISLAB: ticks=637 | live_candles=22
  [Math] DRREDDY: ticks=773 | live_candles=22
  [Math] EICHERMOT: ticks=583 | live_candles=22
  [Math] JSWSTEEL: ticks=1049 | live_candles=22
  [Math] M&M: ticks=1460 | live_candles=22
  [Math] TATACONSUM: ticks=811 | live_candles=22
  [Math] TATASTEEL: ticks=1817 | live_candles=22
  [Math] CIPLA: ticks=655 | live_candles=22
  [Math] HDFCLIFE: ticks=688 | live_candles=22
2026-06-05 14:58:35 [INFO] core.state_manager: [BRIEFING] Loading from data/session_briefing.json...
2026-06-05 14:58:35 [INFO] core.state_manager: [BRIEFING] Loaded Valid: 8 approved + 22 watchlist (MORNING_SCREENER)
2026-06-05 14:58:54 [INFO] core.data_fetcher: 📡 Live feed | ticks received: 30/30 symbols | active=['RELIANCE', 'MARUTI', 'WIPRO', 'HEROMOTOCO', 'TCS', 'HDFCBANK', 'ICICIBANK', 'ITC']...
2026-06-05 14:59:36 [INFO] core.state_manager: [BRIEFING] Loading from data/session_briefing.json...
2026-06-05 14:59:36 [INFO] core.state_manager: [BRIEFING] Loaded Valid: 8 approved + 22 watchlist (MORNING_SCREENER)
2026-06-05 14:59:51 [INFO] core.strategy: ─── Scan summary (30 subscribed) ───
  [Cognition] RELIANCE: ticks=1682 | live_candles=22
  [Cognition] MARUTI: ticks=1042 | live_candles=22
  [Cognition] WIPRO: ticks=1492 | live_candles=22
  [Cognition] HEROMOTOCO: ticks=1026 | live_candles=22
  [Cognition] TCS: ticks=1421 | live_candles=22
  [Cognition] HDFCBANK: ticks=1883 | live_candles=22
  [Cognition] ICICIBANK: ticks=1599 | live_candles=22
  [Cognition] ITC: ticks=1613 | live_candles=22
  [Math] SBIN: ticks=1908 | live_candles=22
  [Math] BHARTIARTL: ticks=1622 | live_candles=22
  [Math] LT: ticks=1529 | live_candles=22
  [Math] HCLTECH: ticks=956 | live_candles=22
  [Math] ASIANPAINT: ticks=1048 | live_candles=22
  [Math] SUNPHARMA: ticks=1188 | live_candles=22
  [Math] TITAN: ticks=1128 | live_candles=22
  [Math] ULTRACEMCO: ticks=851 | live_candles=22
  [Math] NESTLEIND: ticks=973 | live_candles=22
  [Math] TECHM: ticks=1123 | live_candles=22
  [Math] POWERGRID: ticks=895 | live_candles=22
  [Math] ONGC: ticks=877 | live_candles=22
  [Math] ADANIPORTS: ticks=1210 | live_candles=22
  [Math] DIVISLAB: ticks=665 | live_candles=22
  [Math] DRREDDY: ticks=819 | live_candles=22
  [Math] EICHERMOT: ticks=612 | live_candles=22
  [Math] JSWSTEEL: ticks=1098 | live_candles=22
  [Math] M&M: ticks=1529 | live_candles=22
  [Math] TATACONSUM: ticks=875 | live_candles=22
  [Math] TATASTEEL: ticks=1899 | live_candles=22
  [Math] CIPLA: ticks=698 | live_candles=22
  [Math] HDFCLIFE: ticks=722 | live_candles=22
2026-06-05 15:00:01 [INFO] core.data_fetcher: 🕯️ Candle closed: TATACONSUM | 2026-06-05 14:55 | O:1132.40 H:1132.70 L:1130.10 C:1130.10 V:80186550.0
2026-06-05 15:00:01 [INFO] core.data_fetcher: 🕯️ Candle closed: BHARTIARTL | 2026-06-05 14:55 | O:1800.60 H:1801.00 L:1797.30 C:1798.20 V:409716193.0
2026-06-05 15:00:01 [INFO] core.data_fetcher: 🕯️ Candle closed: RELIANCE | 2026-06-05 14:55 | O:1292.90 H:1293.00 L:1291.00 C:1291.20 V:2662420410.0
2026-06-05 15:00:01 [INFO] core.data_fetcher: 🕯️ Candle closed: SBIN | 2026-06-05 14:55 | O:978.85 H:979.25 L:977.30 C:978.75 V:3823576410.0
2026-06-05 15:00:01 [INFO] core.data_fetcher: 🕯️ Candle closed: MARUTI | 2026-06-05 14:55 | O:13088.00 H:13097.00 L:13076.00 C:13089.00 V:27413029.0
2026-06-05 15:00:01 [INFO] core.data_fetcher: 🕯️ Candle closed: NESTLEIND | 2026-06-05 14:55 | O:1379.00 H:1380.80 L:1378.80 C:1379.90 V:104374192.0
2026-06-05 15:00:01 [INFO] core.data_fetcher: 🕯️ Candle closed: HEROMOTOCO | 2026-06-05 14:55 | O:4849.30 H:4849.40 L:4842.70 C:4844.00 V:63914062.0
2026-06-05 15:00:01 [INFO] core.data_fetcher: 🕯️ Candle closed: TATASTEEL | 2026-06-05 14:55 | O:206.89 H:206.91 L:206.41 C:206.51 V:5884287269.0
2026-06-05 15:00:01 [INFO] core.data_fetcher: 🕯️ Candle closed: ICICIBANK | 2026-06-05 14:55 | O:1262.00 H:1262.40 L:1259.50 C:1260.30 V:1350368187.0
2026-06-05 15:00:01 [INFO] core.data_fetcher: 🕯️ Candle closed: EICHERMOT | 2026-06-05 14:55 | O:7071.50 H:7075.00 L:7063.50 C:7069.00 V:27383889.0
2026-06-05 15:00:01 [INFO] core.data_fetcher: 🕯️ Candle closed: ADANIPORTS | 2026-06-05 14:55 | O:1821.40 H:1822.00 L:1818.20 C:1819.90 V:143885259.0
2026-06-05 15:00:01 [INFO] core.data_fetcher: 🕯️ Candle closed: ASIANPAINT | 2026-06-05 14:55 | O:2694.00 H:2695.90 L:2691.30 C:2692.60 V:151356283.0
2026-06-05 15:00:01 [INFO] core.data_fetcher: 🕯️ Candle closed: SUNPHARMA | 2026-06-05 14:55 | O:1790.20 H:1791.20 L:1789.30 C:1790.00 V:225971058.0
2026-06-05 15:00:01 [INFO] core.data_fetcher: 🕯️ Candle closed: TCS | 2026-06-05 14:55 | O:2204.00 H:2204.90 L:2202.70 C:2202.90 V:593358198.0
2026-06-05 15:00:01 [INFO] core.data_fetcher: 🕯️ Candle closed: TECHM | 2026-06-05 14:55 | O:1479.10 H:1481.20 L:1478.00 C:1479.50 V:175565101.0
2026-06-05 15:00:01 [INFO] core.data_fetcher: 🕯️ Candle closed: WIPRO | 2026-06-05 14:55 | O:197.99 H:198.05 L:197.84 C:198.02 V:5676216980.0
2026-06-05 15:00:01 [INFO] core.data_fetcher: 🕯️ Candle closed: DRREDDY | 2026-06-05 14:55 | O:1284.30 H:1284.30 L:1278.80 C:1279.20 V:54145399.0
2026-06-05 15:00:01 [INFO] core.data_fetcher: 🕯️ Candle closed: HCLTECH | 2026-06-05 14:55 | O:1150.20 H:1150.80 L:1149.00 C:1150.00 V:144240653.0
2026-06-05 15:00:01 [INFO] core.data_fetcher: 🕯️ Candle closed: HDFCLIFE | 2026-06-05 14:55 | O:577.90 H:578.60 L:576.10 C:576.35 V:243676516.0
2026-06-05 15:00:01 [INFO] core.data_fetcher: 🕯️ Candle closed: M&M | 2026-06-05 14:55 | O:3054.80 H:3055.40 L:3046.90 C:3048.00 V:215810218.0
2026-06-05 15:00:01 [INFO] core.data_fetcher: 🕯️ Candle closed: LT | 2026-06-05 14:55 | O:3957.00 H:3957.20 L:3947.00 C:3948.20 V:179287467.0
2026-06-05 15:00:01 [INFO] core.data_fetcher: 🕯️ Candle closed: JSWSTEEL | 2026-06-05 14:55 | O:1283.40 H:1283.60 L:1280.30 C:1282.00 V:116669872.0
2026-06-05 15:00:01 [INFO] core.data_fetcher: 🕯️ Candle closed: DIVISLAB | 2026-06-05 14:55 | O:6611.00 H:6622.00 L:6605.00 C:6618.00 V:8285696.0
2026-06-05 15:00:01 [INFO] core.data_fetcher: 🕯️ Candle closed: ULTRACEMCO | 2026-06-05 14:55 | O:10965.00 H:10965.00 L:10906.00 C:10909.00 V:33819721.0
2026-06-05 15:00:01 [INFO] core.data_fetcher: 🕯️ Candle closed: ONGC | 2026-06-05 14:55 | O:264.80 H:264.90 L:264.45 C:264.65 V:634953078.0
2026-06-05 15:00:01 [INFO] core.data_fetcher: 🕯️ Candle closed: ITC | 2026-06-05 14:55 | O:280.45 H:280.60 L:280.15 C:280.35 V:1962800725.0
2026-06-05 15:00:01 [INFO] core.data_fetcher: 🕯️ Candle closed: TITAN | 2026-06-05 14:55 | O:4261.50 H:4261.90 L:4253.00 C:4260.10 V:149011361.0
2026-06-05 15:00:02 [INFO] core.data_fetcher: 🕯️ Candle closed: CIPLA | 2026-06-05 14:55 | O:1402.40 H:1403.00 L:1400.00 C:1400.50 V:55181518.0
2026-06-05 15:00:02 [INFO] core.data_fetcher: 🕯️ Candle closed: HDFCBANK | 2026-06-05 14:55 | O:747.20 H:747.70 L:746.45 C:746.60 V:2823126938.0
2026-06-05 15:00:02 [INFO] core.data_fetcher: 🕯️ Candle closed: POWERGRID | 2026-06-05 14:55 | O:285.85 H:286.00 L:285.55 C:285.80 V:463961374.0
2026-06-05 15:00:36 [INFO] core.state_manager: [BRIEFING] Loading from data/session_briefing.json...
2026-06-05 15:00:36 [INFO] core.state_manager: [BRIEFING] Loaded Valid: 8 approved + 22 watchlist (MORNING_SCREENER)
2026-06-05 15:00:54 [INFO] core.data_fetcher: 📡 Live feed | ticks received: 30/30 symbols | active=['RELIANCE', 'MARUTI', 'WIPRO', 'HEROMOTOCO', 'TCS', 'HDFCBANK', 'ICICIBANK', 'ITC']...
2026-06-05 15:01:22 [INFO] core.strategy: ─── Scan summary (30 subscribed) ───
  [Cognition] RELIANCE: ticks=1739 | live_candles=23
  [Cognition] MARUTI: ticks=1106 | live_candles=23
  [Cognition] WIPRO: ticks=1567 | live_candles=23
  [Cognition] HEROMOTOCO: ticks=1106 | live_candles=23
  [Cognition] TCS: ticks=1489 | live_candles=23
  [Cognition] HDFCBANK: ticks=1956 | live_candles=23
  [Cognition] ICICIBANK: ticks=1675 | live_candles=23
  [Cognition] ITC: ticks=1685 | live_candles=23
  [Math] SBIN: ticks=1995 | live_candles=23
  [Math] BHARTIARTL: ticks=1710 | live_candles=23
  [Math] LT: ticks=1608 | live_candles=23
  [Math] HCLTECH: ticks=1025 | live_candles=23
  [Math] ASIANPAINT: ticks=1122 | live_candles=23
  [Math] SUNPHARMA: ticks=1269 | live_candles=23
  [Math] TITAN: ticks=1196 | live_candles=23
  [Math] ULTRACEMCO: ticks=893 | live_candles=23
  [Math] NESTLEIND: ticks=1044 | live_candles=23
  [Math] TECHM: ticks=1189 | live_candles=23
  [Math] POWERGRID: ticks=950 | live_candles=23
  [Math] ONGC: ticks=928 | live_candles=23
  [Math] ADANIPORTS: ticks=1281 | live_candles=23
  [Math] DIVISLAB: ticks=702 | live_candles=23
  [Math] DRREDDY: ticks=887 | live_candles=23
  [Math] EICHERMOT: ticks=671 | live_candles=23
  [Math] JSWSTEEL: ticks=1176 | live_candles=23
  [Math] M&M: ticks=1615 | live_candles=23
  [Math] TATACONSUM: ticks=946 | live_candles=23
  [Math] TATASTEEL: ticks=1982 | live_candles=23
  [Math] CIPLA: ticks=765 | live_candles=23
  [Math] HDFCLIFE: ticks=773 | live_candles=23
2026-06-05 15:01:37 [INFO] core.state_manager: [BRIEFING] Loading from data/session_briefing.json...
2026-06-05 15:01:37 [INFO] core.state_manager: [BRIEFING] Loaded Valid: 8 approved + 22 watchlist (MORNING_SCREENER)
2026-06-05 15:02:08 [WARNING] core.order_executor: 🔴 STOPLOSS HIT | HEROMOTOCO | ₹4826.3 ≤ ₹4826.65
2026-06-05 15:02:08 [INFO] core.order_executor: 📋 [PAPER] SELL | HEROMOTOCO | Qty: 10 | @ ₹4826.3 | Reason: STOPLOSS
2026-06-05 15:02:08 [INFO] core.state_manager: Position closed: HEROMOTOCO | 4826.3 | P&L: -246.00 | STOPLOSS | price_source=ws_ltp
2026-06-05 15:02:38 [INFO] core.state_manager: [BRIEFING] Loading from data/session_briefing.json...
2026-06-05 15:02:38 [INFO] core.state_manager: [BRIEFING] Loaded Valid: 8 approved + 22 watchlist (MORNING_SCREENER)
2026-06-05 15:02:53 [INFO] core.strategy: ─── Scan summary (30 subscribed) ───
  [Cognition] RELIANCE: ticks=1815 | live_candles=23
  [Cognition] MARUTI: ticks=1164 | live_candles=23
  [Cognition] WIPRO: ticks=1658 | live_candles=23
  [Cognition] HEROMOTOCO: ticks=1174 | live_candles=23
  [Cognition] TCS: ticks=1571 | live_candles=23
  [Cognition] HDFCBANK: ticks=2030 | live_candles=23
  [Cognition] ICICIBANK: ticks=1747 | live_candles=23
  [Cognition] ITC: ticks=1753 | live_candles=23
  [Math] SBIN: ticks=2085 | live_candles=23
  [Math] BHARTIARTL: ticks=1790 | live_candles=23
  [Math] LT: ticks=1678 | live_candles=23
  [Math] HCLTECH: ticks=1085 | live_candles=23
  [Math] ASIANPAINT: ticks=1208 | live_candles=23
  [Math] SUNPHARMA: ticks=1354 | live_candles=23
  [Math] TITAN: ticks=1271 | live_candles=23
  [Math] ULTRACEMCO: ticks=941 | live_candles=23
  [Math] NESTLEIND: ticks=1102 | live_candles=23
  [Math] TECHM: ticks=1241 | live_candles=23
  [Math] POWERGRID: ticks=996 | live_candles=23
  [Math] ONGC: ticks=992 | live_candles=23
  [Math] ADANIPORTS: ticks=1348 | live_candles=23
  [Math] DIVISLAB: ticks=738 | live_candles=23
  [Math] DRREDDY: ticks=950 | live_candles=23
  [Math] EICHERMOT: ticks=730 | live_candles=23
  [Math] JSWSTEEL: ticks=1229 | live_candles=23
  [Math] M&M: ticks=1689 | live_candles=23
  [Math] TATACONSUM: ticks=1014 | live_candles=23
  [Math] TATASTEEL: ticks=2057 | live_candles=23
  [Math] CIPLA: ticks=817 | live_candles=23
  [Math] HDFCLIFE: ticks=815 | live_candles=23
2026-06-05 15:02:54 [INFO] core.data_fetcher: 📡 Live feed | ticks received: 30/30 symbols | active=['RELIANCE', 'MARUTI', 'WIPRO', 'HEROMOTOCO', 'TCS', 'HDFCBANK', 'ICICIBANK', 'ITC']...
2026-06-05 15:03:39 [INFO] core.state_manager: [BRIEFING] Loading from data/session_briefing.json...
2026-06-05 15:03:39 [INFO] core.state_manager: [BRIEFING] Loaded Valid: 8 approved + 22 watchlist (MORNING_SCREENER)
2026-06-05 15:04:25 [INFO] core.strategy: ─── Scan summary (30 subscribed) ───
  [Cognition] RELIANCE: ticks=1881 | live_candles=23
  [Cognition] MARUTI: ticks=1217 | live_candles=23
  [Cognition] WIPRO: ticks=1738 | live_candles=23
  [Cognition] HEROMOTOCO: ticks=1240 | live_candles=23
  [Cognition] TCS: ticks=1641 | live_candles=23
  [Cognition] HDFCBANK: ticks=2108 | live_candles=23
  [Cognition] ICICIBANK: ticks=1828 | live_candles=23
  [Cognition] ITC: ticks=1822 | live_candles=23
  [Math] SBIN: ticks=2173 | live_candles=23
  [Math] BHARTIARTL: ticks=1863 | live_candles=23
  [Math] LT: ticks=1760 | live_candles=23
  [Math] HCLTECH: ticks=1144 | live_candles=23
  [Math] ASIANPAINT: ticks=1268 | live_candles=23
  [Math] SUNPHARMA: ticks=1427 | live_candles=23
  [Math] TITAN: ticks=1329 | live_candles=23
  [Math] ULTRACEMCO: ticks=978 | live_candles=23
  [Math] NESTLEIND: ticks=1156 | live_candles=23
  [Math] TECHM: ticks=1301 | live_candles=23
  [Math] POWERGRID: ticks=1054 | live_candles=23
  [Math] ONGC: ticks=1049 | live_candles=23
  [Math] ADANIPORTS: ticks=1411 | live_candles=23
  [Math] DIVISLAB: ticks=774 | live_candles=23
  [Math] DRREDDY: ticks=1010 | live_candles=23
  [Math] EICHERMOT: ticks=781 | live_candles=23
  [Math] JSWSTEEL: ticks=1271 | live_candles=23
  [Math] M&M: ticks=1768 | live_candles=23
  [Math] TATACONSUM: ticks=1068 | live_candles=23
  [Math] TATASTEEL: ticks=2134 | live_candles=23
  [Math] CIPLA: ticks=867 | live_candles=23
  [Math] HDFCLIFE: ticks=871 | live_candles=23
2026-06-05 15:04:40 [INFO] core.state_manager: [BRIEFING] Loading from data/session_briefing.json...
2026-06-05 15:04:40 [INFO] core.state_manager: [BRIEFING] Loaded Valid: 8 approved + 22 watchlist (MORNING_SCREENER)
2026-06-05 15:04:45 [INFO] core.order_executor: 📈 TRAILING SL | DIVISLAB | ₹6557.76 → ₹6558.75
2026-06-05 15:04:45 [INFO] core.order_executor: 📈 TRAILING SL | TECHM | ₹1468.82 → ₹1468.96
2026-06-05 15:04:54 [INFO] core.data_fetcher: 📡 Live feed | ticks received: 30/30 symbols | active=['RELIANCE', 'MARUTI', 'WIPRO', 'HEROMOTOCO', 'TCS', 'HDFCBANK', 'ICICIBANK', 'ITC']...
2026-06-05 15:05:00 [INFO] core.data_fetcher: 🕯️ Candle closed: CIPLA | 2026-06-05 15:00 | O:1400.30 H:1401.10 L:1396.70 C:1397.50 V:116943885.0
2026-06-05 15:05:00 [INFO] core.data_fetcher: 🕯️ Candle closed: TATASTEEL | 2026-06-05 15:00 | O:206.55 H:206.70 L:206.39 C:206.50 V:5887696351.0
2026-06-05 15:05:00 [INFO] core.data_fetcher: 🕯️ Candle closed: BHARTIARTL | 2026-06-05 15:00 | O:1798.40 H:1799.20 L:1795.40 C:1796.20 V:591366832.0
2026-06-05 15:05:00 [INFO] core.data_fetcher: 🕯️ Candle closed: ICICIBANK | 2026-06-05 15:00 | O:1260.40 H:1263.10 L:1258.40 C:1262.20 V:1594270791.0
2026-06-05 15:05:00 [INFO] core.data_fetcher: 🕯️ Candle closed: EICHERMOT | 2026-06-05 15:00 | O:7070.50 H:7074.00 L:7061.50 C:7072.50 V:48925771.0
2026-06-05 15:05:00 [INFO] core.data_fetcher: 🕯️ Candle closed: HDFCBANK | 2026-06-05 15:00 | O:747.05 H:747.10 L:745.45 C:746.45 V:3390302620.0
2026-06-05 15:05:00 [INFO] core.data_fetcher: 🕯️ Candle closed: ADANIPORTS | 2026-06-05 15:00 | O:1820.10 H:1824.00 L:1818.00 C:1824.00 V:236026168.0
2026-06-05 15:05:00 [INFO] core.data_fetcher: 🕯️ Candle closed: ASIANPAINT | 2026-06-05 15:00 | O:2693.00 H:2694.30 L:2688.00 C:2689.00 V:237258659.0
2026-06-05 15:05:00 [INFO] core.data_fetcher: 🕯️ Candle closed: TCS | 2026-06-05 15:00 | O:2203.10 H:2203.10 L:2200.00 C:2201.50 V:723758698.0
2026-06-05 15:05:00 [INFO] core.data_fetcher: 🕯️ Candle closed: SBIN | 2026-06-05 15:00 | O:978.85 H:979.00 L:976.35 C:978.55 V:3842965473.0
2026-06-05 15:05:00 [INFO] core.data_fetcher: 🕯️ Candle closed: DRREDDY | 2026-06-05 15:00 | O:1279.80 H:1280.10 L:1273.50 C:1274.70 V:89770976.0
2026-06-05 15:05:00 [INFO] core.data_fetcher: 🕯️ Candle closed: HCLTECH | 2026-06-05 15:00 | O:1150.20 H:1152.40 L:1148.40 C:1152.10 V:248060956.0
2026-06-05 15:05:00 [INFO] core.data_fetcher: 🕯️ Candle closed: ITC | 2026-06-05 15:00 | O:280.40 H:280.65 L:280.10 C:280.65 V:2439337554.0
2026-06-05 15:05:00 [INFO] core.data_fetcher: 🕯️ Candle closed: M&M | 2026-06-05 15:00 | O:3048.90 H:3049.20 L:3041.00 C:3048.60 V:271845002.0
2026-06-05 15:05:00 [INFO] core.data_fetcher: 🕯️ Candle closed: LT | 2026-06-05 15:00 | O:3949.00 H:3950.00 L:3941.00 C:3947.90 V:221450417.0
2026-06-05 15:05:00 [INFO] core.data_fetcher: 🕯️ Candle closed: NESTLEIND | 2026-06-05 15:00 | O:1379.60 H:1382.70 L:1378.30 C:1381.90 V:152035726.0
2026-06-05 15:05:00 [INFO] core.data_fetcher: 🕯️ Candle closed: HEROMOTOCO | 2026-06-05 15:00 | O:4845.30 H:4845.30 L:4826.30 C:4832.70 V:105040365.0
2026-06-05 15:05:00 [INFO] core.data_fetcher: 🕯️ Candle closed: POWERGRID | 2026-06-05 15:00 | O:285.70 H:285.75 L:285.15 C:285.60 V:758603778.0
2026-06-05 15:05:00 [INFO] core.order_executor: 📈 TRAILING SL | TECHM | ₹1468.96 → ₹1469.16
2026-06-05 15:05:00 [INFO] core.data_fetcher: 🕯️ Candle closed: RELIANCE | 2026-06-05 15:00 | O:1291.10 H:1291.70 L:1289.60 C:1289.60 V:2322526206.0
2026-06-05 15:05:00 [INFO] core.data_fetcher: 🕯️ Candle closed: TECHM | 2026-06-05 15:00 | O:1479.60 H:1484.20 L:1478.00 C:1484.00 V:259033661.0
2026-06-05 15:05:00 [INFO] core.data_fetcher: 🕯️ Candle closed: ULTRACEMCO | 2026-06-05 15:00 | O:10910.00 H:10925.00 L:10895.00 C:10920.00 V:34217174.0
2026-06-05 15:05:00 [INFO] core.data_fetcher: 🕯️ Candle closed: ONGC | 2026-06-05 15:00 | O:264.75 H:264.95 L:264.35 C:264.80 V:785155296.0
2026-06-05 15:05:00 [INFO] core.data_fetcher: 🕯️ Candle closed: HDFCLIFE | 2026-06-05 15:00 | O:576.40 H:576.50 L:575.50 C:576.00 V:428215274.0
2026-06-05 15:05:00 [INFO] core.data_fetcher: 🕯️ Candle closed: TITAN | 2026-06-05 15:00 | O:4260.30 H:4264.00 L:4255.00 C:4260.90 V:182078023.0
2026-06-05 15:05:00 [INFO] core.data_fetcher: 🕯️ Candle closed: JSWSTEEL | 2026-06-05 15:00 | O:1282.20 H:1284.90 L:1280.10 C:1284.20 V:219297590.0
2026-06-05 15:05:01 [INFO] core.data_fetcher: 🕯️ Candle closed: WIPRO | 2026-06-05 15:00 | O:198.00 H:198.44 L:197.54 C:198.40 V:7389113201.0
2026-06-05 15:05:01 [INFO] core.data_fetcher: 🕯️ Candle closed: TATACONSUM | 2026-06-05 15:00 | O:1130.50 H:1130.90 L:1129.30 C:1130.60 V:97476778.0
2026-06-05 15:05:02 [INFO] core.data_fetcher: 🕯️ Candle closed: MARUTI | 2026-06-05 15:00 | O:13091.00 H:13093.00 L:13049.00 C:13067.00 V:40972985.0
2026-06-05 15:05:02 [INFO] core.data_fetcher: 🕯️ Candle closed: DIVISLAB | 2026-06-05 15:00 | O:6622.00 H:6625.00 L:6610.00 C:6623.00 V:15366288.0
2026-06-05 15:05:04 [INFO] core.data_fetcher: 🕯️ Candle closed: SUNPHARMA | 2026-06-05 15:00 | O:1789.60 H:1790.30 L:1779.00 C:1780.70 V:312586466.0
2026-06-05 15:05:41 [INFO] core.state_manager: [BRIEFING] Loading from data/session_briefing.json...
2026-06-05 15:05:41 [INFO] core.state_manager: [BRIEFING] Loaded Valid: 8 approved + 22 watchlist (MORNING_SCREENER)
2026-06-05 15:05:56 [INFO] core.strategy: ─── Scan summary (30 subscribed) ───
  [Cognition] RELIANCE: ticks=1958 | live_candles=24
  [Cognition] MARUTI: ticks=1287 | live_candles=24
  [Cognition] WIPRO: ticks=1815 | live_candles=24
  [Cognition] HEROMOTOCO: ticks=1305 | live_candles=24
  [Cognition] TCS: ticks=1723 | live_candles=24
  [Cognition] HDFCBANK: ticks=2194 | live_candles=24
  [Cognition] ICICIBANK: ticks=1907 | live_candles=24
  [Cognition] ITC: ticks=1901 | live_candles=24
  [Math] SBIN: ticks=2260 | live_candles=24
  [Math] BHARTIARTL: ticks=1945 | live_candles=24
  [Math] LT: ticks=1833 | live_candles=24
  [Math] HCLTECH: ticks=1218 | live_candles=24
  [Math] ASIANPAINT: ticks=1330 | live_candles=24
  [Math] SUNPHARMA: ticks=1507 | live_candles=24
  [Math] TITAN: ticks=1395 | live_candles=24
  [Math] ULTRACEMCO: ticks=1025 | live_candles=24
  [Math] NESTLEIND: ticks=1213 | live_candles=24
  [Math] TECHM: ticks=1361 | live_candles=24
  [Math] POWERGRID: ticks=1100 | live_candles=24
  [Math] ONGC: ticks=1104 | live_candles=24
  [Math] ADANIPORTS: ticks=1484 | live_candles=24
  [Math] DIVISLAB: ticks=807 | live_candles=24
  [Math] DRREDDY: ticks=1064 | live_candles=24
  [Math] EICHERMOT: ticks=835 | live_candles=24
  [Math] JSWSTEEL: ticks=1332 | live_candles=24
  [Math] M&M: ticks=1859 | live_candles=24
  [Math] TATACONSUM: ticks=1124 | live_candles=24
  [Math] TATASTEEL: ticks=2215 | live_candles=24
  [Math] CIPLA: ticks=932 | live_candles=24
  [Math] HDFCLIFE: ticks=903 | live_candles=24
2026-06-05 15:06:41 [INFO] core.state_manager: [BRIEFING] Loading from data/session_briefing.json...
2026-06-05 15:06:41 [INFO] core.state_manager: [BRIEFING] Loaded Valid: 8 approved + 22 watchlist (MORNING_SCREENER)
2026-06-05 15:06:55 [INFO] core.data_fetcher: 📡 Live feed | ticks received: 30/30 symbols | active=['RELIANCE', 'MARUTI', 'WIPRO', 'HEROMOTOCO', 'TCS', 'HDFCBANK', 'ICICIBANK', 'ITC']...
2026-06-05 15:07:27 [INFO] core.strategy: ─── Scan summary (30 subscribed) ───
  [Cognition] RELIANCE: ticks=2026 | live_candles=24
  [Cognition] MARUTI: ticks=1347 | live_candles=24
  [Cognition] WIPRO: ticks=1885 | live_candles=24
  [Cognition] HEROMOTOCO: ticks=1356 | live_candles=24
  [Cognition] TCS: ticks=1785 | live_candles=24
  [Cognition] HDFCBANK: ticks=2282 | live_candles=24
  [Cognition] ICICIBANK: ticks=1976 | live_candles=24
  [Cognition] ITC: ticks=1968 | live_candles=24
  [Math] SBIN: ticks=2344 | live_candles=24
  [Math] BHARTIARTL: ticks=2031 | live_candles=24
  [Math] LT: ticks=1906 | live_candles=24
  [Math] HCLTECH: ticks=1277 | live_candles=24
  [Math] ASIANPAINT: ticks=1401 | live_candles=24
  [Math] SUNPHARMA: ticks=1590 | live_candles=24
  [Math] TITAN: ticks=1461 | live_candles=24
  [Math] ULTRACEMCO: ticks=1070 | live_candles=24
  [Math] NESTLEIND: ticks=1283 | live_candles=24
  [Math] TECHM: ticks=1416 | live_candles=24
  [Math] POWERGRID: ticks=1155 | live_candles=24
  [Math] ONGC: ticks=1162 | live_candles=24
  [Math] ADANIPORTS: ticks=1554 | live_candles=24
  [Math] DIVISLAB: ticks=847 | live_candles=24
  [Math] DRREDDY: ticks=1114 | live_candles=24
  [Math] EICHERMOT: ticks=892 | live_candles=24
  [Math] JSWSTEEL: ticks=1378 | live_candles=24
  [Math] M&M: ticks=1950 | live_candles=24
  [Math] TATACONSUM: ticks=1193 | live_candles=24
  [Math] TATASTEEL: ticks=2288 | live_candles=24
  [Math] CIPLA: ticks=976 | live_candles=24
  [Math] HDFCLIFE: ticks=957 | live_candles=24
2026-06-05 15:07:42 [INFO] core.state_manager: [BRIEFING] Loading from data/session_briefing.json...
2026-06-05 15:07:42 [INFO] core.state_manager: [BRIEFING] Loaded Valid: 8 approved + 22 watchlist (MORNING_SCREENER)
2026-06-05 15:07:47 [INFO] core.order_executor: 📈 TRAILING SL | TECHM | ₹1469.16 → ₹1469.36
2026-06-05 15:08:43 [INFO] core.state_manager: [BRIEFING] Loading from data/session_briefing.json...
2026-06-05 15:08:43 [INFO] core.state_manager: [BRIEFING] Loaded Valid: 8 approved + 22 watchlist (MORNING_SCREENER)
2026-06-05 15:08:55 [INFO] core.data_fetcher: 📡 Live feed | ticks received: 30/30 symbols | active=['RELIANCE', 'MARUTI', 'WIPRO', 'HEROMOTOCO', 'TCS', 'HDFCBANK', 'ICICIBANK', 'ITC']...
2026-06-05 15:08:58 [INFO] core.strategy: ─── Scan summary (30 subscribed) ───
  [Cognition] RELIANCE: ticks=2098 | live_candles=24
  [Cognition] MARUTI: ticks=1398 | live_candles=24
  [Cognition] WIPRO: ticks=1965 | live_candles=24
  [Cognition] HEROMOTOCO: ticks=1417 | live_candles=24
  [Cognition] TCS: ticks=1854 | live_candles=24
  [Cognition] HDFCBANK: ticks=2363 | live_candles=24
  [Cognition] ICICIBANK: ticks=2058 | live_candles=24
  [Cognition] ITC: ticks=2044 | live_candles=24
  [Math] SBIN: ticks=2438 | live_candles=24
  [Math] BHARTIARTL: ticks=2105 | live_candles=24
  [Math] LT: ticks=1977 | live_candles=24
  [Math] HCLTECH: ticks=1351 | live_candles=24
  [Math] ASIANPAINT: ticks=1465 | live_candles=24
  [Math] SUNPHARMA: ticks=1672 | live_candles=24
  [Math] TITAN: ticks=1515 | live_candles=24
  [Math] ULTRACEMCO: ticks=1112 | live_candles=24
  [Math] NESTLEIND: ticks=1346 | live_candles=24
  [Math] TECHM: ticks=1478 | live_candles=24
  [Math] POWERGRID: ticks=1200 | live_candles=24
  [Math] ONGC: ticks=1226 | live_candles=24
  [Math] ADANIPORTS: ticks=1621 | live_candles=24
  [Math] DIVISLAB: ticks=884 | live_candles=24
  [Math] DRREDDY: ticks=1172 | live_candles=24
  [Math] EICHERMOT: ticks=940 | live_candles=24
  [Math] JSWSTEEL: ticks=1435 | live_candles=24
  [Math] M&M: ticks=2031 | live_candles=24
  [Math] TATACONSUM: ticks=1268 | live_candles=24
  [Math] TATASTEEL: ticks=2364 | live_candles=24
  [Math] CIPLA: ticks=1014 | live_candles=24
  [Math] HDFCLIFE: ticks=1008 | live_candles=24
2026-06-05 15:09:24 [INFO] core.order_executor: 📈 TRAILING SL | DIVISLAB | ₹6558.75 → ₹6559.24
2026-06-05 15:09:29 [INFO] core.order_executor: 📈 TRAILING SL | DIVISLAB | ₹6559.24 → ₹6559.74
2026-06-05 15:09:44 [INFO] core.state_manager: [BRIEFING] Loading from data/session_briefing.json...
2026-06-05 15:09:44 [INFO] core.state_manager: [BRIEFING] Loaded Valid: 8 approved + 22 watchlist (MORNING_SCREENER)
2026-06-05 15:09:44 [INFO] core.order_executor: 📈 TRAILING SL | DIVISLAB | ₹6559.74 → ₹6560.73
2026-06-05 15:09:49 [INFO] core.order_executor: 📈 TRAILING SL | DIVISLAB | ₹6560.73 → ₹6561.23
2026-06-05 15:10:00 [INFO] core.data_fetcher: 🕯️ Candle closed: CIPLA | 2026-06-05 15:05 | O:1397.20 H:1399.40 L:1397.20 C:1399.20 V:93570975.0
2026-06-05 15:10:00 [INFO] core.data_fetcher: 🕯️ Candle closed: TATASTEEL | 2026-06-05 15:05 | O:206.51 H:206.74 L:206.48 C:206.61 V:6503613669.0
2026-06-05 15:10:00 [INFO] core.data_fetcher: 🕯️ Candle closed: RELIANCE | 2026-06-05 15:05 | O:1289.50 H:1290.20 L:1289.40 C:1290.00 V:2861673201.0
2026-06-05 15:10:00 [INFO] core.data_fetcher: 🕯️ Candle closed: HDFCBANK | 2026-06-05 15:05 | O:746.35 H:747.30 L:745.75 C:746.85 V:3678619672.0
2026-06-05 15:10:00 [INFO] core.data_fetcher: 🕯️ Candle closed: ADANIPORTS | 2026-06-05 15:05 | O:1823.60 H:1824.90 L:1823.20 C:1824.40 V:253605972.0
2026-06-05 15:10:00 [INFO] core.data_fetcher: 🕯️ Candle closed: DIVISLAB | 2026-06-05 15:05 | O:6625.00 H:6627.50 L:6618.50 C:6626.50 V:15271064.0
2026-06-05 15:10:00 [INFO] core.data_fetcher: 🕯️ Candle closed: ULTRACEMCO | 2026-06-05 15:05 | O:10922.00 H:10925.00 L:10916.00 C:10924.00 V:41037523.0
2026-06-05 15:10:00 [INFO] core.data_fetcher: 🕯️ Candle closed: SBIN | 2026-06-05 15:05 | O:978.70 H:978.95 L:977.50 C:978.25 V:4335722662.0
2026-06-05 15:10:00 [INFO] core.data_fetcher: 🕯️ Candle closed: DRREDDY | 2026-06-05 15:05 | O:1275.10 H:1276.40 L:1274.60 C:1276.20 V:82326162.0
2026-06-05 15:10:00 [INFO] core.data_fetcher: 🕯️ Candle closed: MARUTI | 2026-06-05 15:05 | O:13071.00 H:13074.00 L:13054.00 C:13060.00 V:45075908.0
2026-06-05 15:10:00 [INFO] core.data_fetcher: 🕯️ Candle closed: WIPRO | 2026-06-05 15:05 | O:198.41 H:198.58 L:198.18 C:198.43 V:7767914324.0
2026-06-05 15:10:00 [INFO] core.data_fetcher: 🕯️ Candle closed: HCLTECH | 2026-06-05 15:05 | O:1152.30 H:1155.70 L:1151.80 C:1155.50 V:265159755.0
2026-06-05 15:10:00 [INFO] core.data_fetcher: 🕯️ Candle closed: HDFCLIFE | 2026-06-05 15:05 | O:576.10 H:576.20 L:575.00 C:575.25 V:430143063.0
2026-06-05 15:10:00 [INFO] core.data_fetcher: 🕯️ Candle closed: ITC | 2026-06-05 15:05 | O:280.60 H:280.85 L:280.20 C:280.25 V:2531177778.0
2026-06-05 15:10:00 [INFO] core.data_fetcher: 🕯️ Candle closed: NESTLEIND | 2026-06-05 15:05 | O:1382.00 H:1384.30 L:1381.90 C:1383.90 V:167811190.0
2026-06-05 15:10:00 [INFO] core.data_fetcher: 🕯️ Candle closed: POWERGRID | 2026-06-05 15:05 | O:285.70 H:285.75 L:285.35 C:285.70 V:761609496.0
2026-06-05 15:10:00 [INFO] core.data_fetcher: 🕯️ Candle closed: TITAN | 2026-06-05 15:05 | O:4261.00 H:4263.00 L:4260.00 C:4260.10 V:176933014.0
2026-06-05 15:10:00 [INFO] core.data_fetcher: 🕯️ Candle closed: JSWSTEEL | 2026-06-05 15:05 | O:1283.70 H:1285.60 L:1283.10 C:1284.20 V:184743632.0
2026-06-05 15:10:00 [INFO] core.data_fetcher: 🕯️ Candle closed: SUNPHARMA | 2026-06-05 15:05 | O:1780.00 H:1781.50 L:1779.20 C:1781.20 V:356536186.0
2026-06-05 15:10:01 [INFO] core.data_fetcher: 🕯️ Candle closed: TATACONSUM | 2026-06-05 15:05 | O:1130.50 H:1132.40 L:1130.40 C:1131.60 V:138929131.0
2026-06-05 15:10:01 [INFO] core.data_fetcher: 🕯️ Candle closed: EICHERMOT | 2026-06-05 15:05 | O:7071.50 H:7073.50 L:7066.50 C:7070.00 V:45058440.0
2026-06-05 15:10:01 [INFO] core.data_fetcher: 🕯️ Candle closed: ONGC | 2026-06-05 15:05 | O:264.90 H:265.00 L:264.60 C:264.90 V:892231452.0
2026-06-05 15:10:01 [INFO] core.data_fetcher: 🕯️ Candle closed: M&M | 2026-06-05 15:05 | O:3048.10 H:3049.90 L:3040.00 C:3040.60 V:314760117.0
2026-06-05 15:10:01 [INFO] core.data_fetcher: 🕯️ Candle closed: TCS | 2026-06-05 15:05 | O:2202.00 H:2202.00 L:2200.00 C:2200.50 V:748960235.0
2026-06-05 15:10:01 [INFO] core.data_fetcher: 🕯️ Candle closed: TECHM | 2026-06-05 15:05 | O:1483.70 H:1484.40 L:1482.60 C:1483.80 V:290340990.0
2026-06-05 15:10:01 [INFO] core.data_fetcher: 🕯️ Candle closed: LT | 2026-06-05 15:05 | O:3946.40 H:3950.80 L:3945.20 C:3949.10 V:231321908.0
2026-06-05 15:10:02 [INFO] core.data_fetcher: 🕯️ Candle closed: BHARTIARTL | 2026-06-05 15:05 | O:1796.30 H:1797.90 L:1795.00 C:1797.70 V:606924323.0
2026-06-05 15:10:02 [INFO] core.data_fetcher: 🕯️ Candle closed: ASIANPAINT | 2026-06-05 15:05 | O:2688.80 H:2689.00 L:2686.30 C:2687.10 V:213028880.0
2026-06-05 15:10:02 [INFO] core.data_fetcher: 🕯️ Candle closed: HEROMOTOCO | 2026-06-05 15:05 | O:4832.10 H:4836.60 L:4829.00 C:4836.60 V:89650851.0
2026-06-05 15:10:03 [INFO] core.data_fetcher: 🕯️ Candle closed: ICICIBANK | 2026-06-05 15:05 | O:1262.30 H:1263.90 L:1262.30 C:1263.10 V:1757513041.0
2026-06-05 15:10:04 [INFO] core.order_executor: 📈 TRAILING SL | TECHM | ₹1469.36 → ₹1469.46
2026-06-05 15:10:29 [INFO] core.strategy: ─── Scan summary (30 subscribed) ───
  [Cognition] RELIANCE: ticks=2172 | live_candles=25
  [Cognition] MARUTI: ticks=1469 | live_candles=25
  [Cognition] WIPRO: ticks=2045 | live_candles=25
  [Cognition] HEROMOTOCO: ticks=1487 | live_candles=25
  [Cognition] TCS: ticks=1917 | live_candles=25
  [Cognition] HDFCBANK: ticks=2436 | live_candles=25
  [Cognition] ICICIBANK: ticks=2133 | live_candles=25
  [Cognition] ITC: ticks=2117 | live_candles=25
  [Math] SBIN: ticks=2523 | live_candles=25
  [Math] BHARTIARTL: ticks=2168 | live_candles=25
  [Math] LT: ticks=2058 | live_candles=25
  [Math] HCLTECH: ticks=1426 | live_candles=25
  [Math] ASIANPAINT: ticks=1518 | live_candles=25
  [Math] SUNPHARMA: ticks=1743 | live_candles=25
  [Math] TITAN: ticks=1580 | live_candles=25
  [Math] ULTRACEMCO: ticks=1152 | live_candles=25
  [Math] NESTLEIND: ticks=1422 | live_candles=25
  [Math] TECHM: ticks=1544 | live_candles=25
  [Math] POWERGRID: ticks=1245 | live_candles=25
  [Math] ONGC: ticks=1273 | live_candles=25
  [Math] ADANIPORTS: ticks=1688 | live_candles=25
  [Math] DIVISLAB: ticks=920 | live_candles=25
  [Math] DRREDDY: ticks=1232 | live_candles=25
  [Math] EICHERMOT: ticks=1004 | live_candles=25
  [Math] JSWSTEEL: ticks=1491 | live_candles=25
  [Math] M&M: ticks=2120 | live_candles=25
  [Math] TATACONSUM: ticks=1348 | live_candles=25
  [Math] TATASTEEL: ticks=2456 | live_candles=25
  [Math] CIPLA: ticks=1067 | live_candles=25
  [Math] HDFCLIFE: ticks=1070 | live_candles=25
2026-06-05 15:10:42 [INFO] apscheduler.executors.default: Running job "Market Observation Loop (trigger: interval[0:15:00], next run at: 2026-06-05 15:25:42 IST)" (scheduled at 2026-06-05 15:10:42.460753+05:30)
2026-06-05 15:10:42 [INFO] reflection.observation_loop: 🔍 Running observation cycle...
2026-06-05 15:10:42 [INFO] core.state_manager: [BRIEFING] Loading from data/session_briefing.json...
2026-06-05 15:10:42 [INFO] core.state_manager: [BRIEFING] Loaded Valid: 8 approved + 22 watchlist (MORNING_SCREENER)
2026-06-05 15:10:42 [INFO] reflection.observation_loop: 📊 Observation recorded:
   Market: BEARISH | Trend: WEAK
   Vol: LOW | Breakouts: LOW
   Reversals: LOW
2026-06-05 15:10:42 [INFO] apscheduler.executors.default: Job "Market Observation Loop (trigger: interval[0:15:00], next run at: 2026-06-05 15:25:42 IST)" executed successfully
2026-06-05 15:10:45 [INFO] core.state_manager: [BRIEFING] Loading from data/session_briefing.json...
2026-06-05 15:10:45 [INFO] core.state_manager: [BRIEFING] Loaded Valid: 8 approved + 22 watchlist (MORNING_SCREENER)
2026-06-05 15:10:55 [INFO] core.data_fetcher: 📡 Live feed | ticks received: 30/30 symbols | active=['RELIANCE', 'MARUTI', 'WIPRO', 'HEROMOTOCO', 'TCS', 'HDFCBANK', 'ICICIBANK', 'ITC']...
2026-06-05 15:11:46 [INFO] core.state_manager: [BRIEFING] Loading from data/session_briefing.json...
2026-06-05 15:11:46 [INFO] core.state_manager: [BRIEFING] Loaded Valid: 8 approved + 22 watchlist (MORNING_SCREENER)
2026-06-05 15:12:01 [INFO] core.strategy: ─── Scan summary (30 subscribed) ───
  [Cognition] RELIANCE: ticks=2263 | live_candles=25
  [Cognition] MARUTI: ticks=1539 | live_candles=25
  [Cognition] WIPRO: ticks=2113 | live_candles=25
  [Cognition] HEROMOTOCO: ticks=1542 | live_candles=25
  [Cognition] TCS: ticks=1976 | live_candles=25
  [Cognition] HDFCBANK: ticks=2512 | live_candles=25
  [Cognition] ICICIBANK: ticks=2216 | live_candles=25
  [Cognition] ITC: ticks=2181 | live_candles=25
  [Math] SBIN: ticks=2604 | live_candles=25
  [Math] BHARTIARTL: ticks=2247 | live_candles=25
  [Math] LT: ticks=2136 | live_candles=25
  [Math] HCLTECH: ticks=1499 | live_candles=25
  [Math] ASIANPAINT: ticks=1599 | live_candles=25
  [Math] SUNPHARMA: ticks=1819 | live_candles=25
  [Math] TITAN: ticks=1641 | live_candles=25
  [Math] ULTRACEMCO: ticks=1201 | live_candles=25
  [Math] NESTLEIND: ticks=1476 | live_candles=25
  [Math] TECHM: ticks=1611 | live_candles=25
  [Math] POWERGRID: ticks=1296 | live_candles=25
  [Math] ONGC: ticks=1323 | live_candles=25
  [Math] ADANIPORTS: ticks=1753 | live_candles=25
  [Math] DIVISLAB: ticks=953 | live_candles=25
  [Math] DRREDDY: ticks=1294 | live_candles=25
  [Math] EICHERMOT: ticks=1072 | live_candles=25
  [Math] JSWSTEEL: ticks=1556 | live_candles=25
  [Math] M&M: ticks=2189 | live_candles=25
  [Math] TATACONSUM: ticks=1414 | live_candles=25
  [Math] TATASTEEL: ticks=2535 | live_candles=25
  [Math] CIPLA: ticks=1118 | live_candles=25
  [Math] HDFCLIFE: ticks=1131 | live_candles=25
2026-06-05 15:12:46 [INFO] core.state_manager: [BRIEFING] Loading from data/session_briefing.json...
2026-06-05 15:12:46 [INFO] core.state_manager: [BRIEFING] Loaded Valid: 8 approved + 22 watchlist (MORNING_SCREENER)
2026-06-05 15:12:56 [INFO] core.data_fetcher: 📡 Live feed | ticks received: 30/30 symbols | active=['RELIANCE', 'MARUTI', 'WIPRO', 'HEROMOTOCO', 'TCS', 'HDFCBANK', 'ICICIBANK', 'ITC']...
2026-06-05 15:13:02 [INFO] core.order_executor: 📈 TRAILING SL | TECHM | ₹1469.46 → ₹1469.65
2026-06-05 15:13:12 [INFO] core.order_executor: 📈 TRAILING SL | TECHM | ₹1469.65 → ₹1469.85
2026-06-05 15:13:17 [INFO] core.order_executor: 📈 TRAILING SL | TECHM | ₹1469.85 → ₹1470.05
2026-06-05 15:13:27 [INFO] core.order_executor: 📈 TRAILING SL | DIVISLAB | ₹6561.23 → ₹6562.22
2026-06-05 15:13:32 [INFO] core.strategy: ─── Scan summary (30 subscribed) ───
  [Cognition] RELIANCE: ticks=2350 | live_candles=25
  [Cognition] MARUTI: ticks=1591 | live_candles=25
  [Cognition] WIPRO: ticks=2186 | live_candles=25
  [Cognition] HEROMOTOCO: ticks=1600 | live_candles=25
  [Cognition] TCS: ticks=2046 | live_candles=25
  [Cognition] HDFCBANK: ticks=2621 | live_candles=25
  [Cognition] ICICIBANK: ticks=2298 | live_candles=25
  [Cognition] ITC: ticks=2257 | live_candles=25
  [Math] SBIN: ticks=2678 | live_candles=25
  [Math] BHARTIARTL: ticks=2313 | live_candles=25
  [Math] LT: ticks=2223 | live_candles=25
  [Math] HCLTECH: ticks=1583 | live_candles=25
  [Math] ASIANPAINT: ticks=1647 | live_candles=25
  [Math] SUNPHARMA: ticks=1882 | live_candles=25
  [Math] TITAN: ticks=1702 | live_candles=25
  [Math] ULTRACEMCO: ticks=1254 | live_candles=25
  [Math] NESTLEIND: ticks=1539 | live_candles=25
  [Math] TECHM: ticks=1660 | live_candles=25
  [Math] POWERGRID: ticks=1343 | live_candles=25
  [Math] ONGC: ticks=1384 | live_candles=25
  [Math] ADANIPORTS: ticks=1821 | live_candles=25
  [Math] DIVISLAB: ticks=997 | live_candles=25
  [Math] DRREDDY: ticks=1345 | live_candles=25
  [Math] EICHERMOT: ticks=1137 | live_candles=25
  [Math] JSWSTEEL: ticks=1608 | live_candles=25
  [Math] M&M: ticks=2263 | live_candles=25
  [Math] TATACONSUM: ticks=1471 | live_candles=25
  [Math] TATASTEEL: ticks=2619 | live_candles=25
  [Math] CIPLA: ticks=1176 | live_candles=25
  [Math] HDFCLIFE: ticks=1167 | live_candles=25
2026-06-05 15:13:47 [INFO] core.state_manager: [BRIEFING] Loading from data/session_briefing.json...
2026-06-05 15:13:47 [INFO] core.state_manager: [BRIEFING] Loaded Valid: 8 approved + 22 watchlist (MORNING_SCREENER)
2026-06-05 15:13:52 [INFO] core.order_executor: 📈 TRAILING SL | DIVISLAB | ₹6562.22 → ₹6562.71
2026-06-05 15:14:48 [INFO] core.state_manager: [BRIEFING] Loading from data/session_briefing.json...
2026-06-05 15:14:48 [INFO] core.state_manager: [BRIEFING] Loaded Valid: 8 approved + 22 watchlist (MORNING_SCREENER)
2026-06-05 15:14:56 [INFO] core.data_fetcher: 📡 Live feed | ticks received: 30/30 symbols | active=['RELIANCE', 'MARUTI', 'WIPRO', 'HEROMOTOCO', 'TCS', 'HDFCBANK', 'ICICIBANK', 'ITC']...
2026-06-05 15:15:00 [INFO] apscheduler.executors.default: Running job "Emergency Squareoff (trigger: cron[hour='15', minute='15'], next run at: 2026-06-06 15:15:00 IST)" (scheduled at 2026-06-05 15:15:00+05:30)
2026-06-05 15:15:00 [INFO] AlcoSoft: 
============================================================
2026-06-05 15:15:00 [INFO] AlcoSoft: ⏰ 15:15 PM - EMERGENCY SQUAREOFF
2026-06-05 15:15:00 [INFO] AlcoSoft: ============================================================
2026-06-05 15:15:00 [INFO] AlcoSoft: 
2026-06-05 15:15:00 [INFO] AlcoSoft: BEFORE SQUAREOFF:
2026-06-05 15:15:00 [INFO] AlcoSoft:   Positions Open: 9
2026-06-05 15:15:00 [INFO] AlcoSoft:     1. ASIANPAINT - 18 qty
2026-06-05 15:15:00 [INFO] AlcoSoft:     2. ICICIBANK - 39 qty
2026-06-05 15:15:00 [INFO] AlcoSoft:     3. ADANIPORTS - 27 qty
2026-06-05 15:15:00 [INFO] AlcoSoft:     4. TCS - 22 qty
2026-06-05 15:15:00 [INFO] AlcoSoft:     5. DIVISLAB - 7 qty
2026-06-05 15:15:00 [INFO] AlcoSoft:     6. TITAN - 11 qty
2026-06-05 15:15:00 [INFO] AlcoSoft:     7. NESTLEIND - 36 qty
2026-06-05 15:15:00 [INFO] AlcoSoft:     8. MARUTI - 3 qty
2026-06-05 15:15:00 [INFO] AlcoSoft:     9. TECHM - 34 qty
2026-06-05 15:15:00 [INFO] AlcoSoft:   Daily P&L: ₹304.1600000000078
2026-06-05 15:15:00 [INFO] AlcoSoft: 
2026-06-05 15:15:00 [INFO] AlcoSoft: EXECUTING SQUAREOFF...
2026-06-05 15:15:00 [ERROR] AlcoSoft: ❌ Emergency squareoff FAILED: squareoff_all_intraday() got an unexpected keyword argument 'reason'
Traceback (most recent call last):
  File "C:\Extra Programs\Files\AlcoSoft_Financial_Services\main.py", line 411, in run_emergency_squareoff
    result = squareoff_all_intraday(reason="SCHEDULED_MARKET_CLOSE")
TypeError: squareoff_all_intraday() got an unexpected keyword argument 'reason'
2026-06-05 15:15:00 [INFO] apscheduler.executors.default: Job "Emergency Squareoff (trigger: cron[hour='15', minute='15'], next run at: 2026-06-06 15:15:00 IST)" executed successfully
2026-06-05 15:15:00 [INFO] core.data_fetcher: 🕯️ Candle closed: CIPLA | 2026-06-05 15:10 | O:1399.10 H:1399.70 L:1397.80 C:1398.60 V:126962571.0
2026-06-05 15:15:00 [INFO] core.data_fetcher: 🕯️ Candle closed: BHARTIARTL | 2026-06-05 15:10 | O:1797.80 H:1798.40 L:1797.00 C:1798.10 V:580970996.0
2026-06-05 15:15:00 [INFO] core.data_fetcher: 🕯️ Candle closed: ICICIBANK | 2026-06-05 15:10 | O:1263.20 H:1263.20 L:1262.20 C:1262.30 V:1671978746.0
2026-06-05 15:15:00 [INFO] core.data_fetcher: 🕯️ Candle closed: EICHERMOT | 2026-06-05 15:10 | O:7068.50 H:7071.50 L:7065.00 C:7070.50 V:54057406.0
2026-06-05 15:15:00 [INFO] core.data_fetcher: 🕯️ Candle closed: ASIANPAINT | 2026-06-05 15:10 | O:2687.30 H:2689.00 L:2686.60 C:2686.80 V:235690765.0
2026-06-05 15:15:00 [INFO] core.data_fetcher: 🕯️ Candle closed: TECHM | 2026-06-05 15:10 | O:1483.70 H:1485.00 L:1480.80 C:1483.80 V:315601642.0
2026-06-05 15:15:00 [INFO] core.data_fetcher: 🕯️ Candle closed: HCLTECH | 2026-06-05 15:10 | O:1155.40 H:1156.60 L:1155.10 C:1156.00 V:295424299.0
2026-06-05 15:15:00 [INFO] core.data_fetcher: 🕯️ Candle closed: HDFCLIFE | 2026-06-05 15:10 | O:575.05 H:575.35 L:574.70 C:575.05 V:411157020.0
2026-06-05 15:15:00 [INFO] core.data_fetcher: 🕯️ Candle closed: ITC | 2026-06-05 15:10 | O:280.30 H:280.60 L:280.30 C:280.40 V:2118466951.0
2026-06-05 15:15:00 [INFO] core.data_fetcher: 🕯️ Candle closed: TITAN | 2026-06-05 15:10 | O:4260.00 H:4262.00 L:4259.80 C:4260.10 V:191350179.0
2026-06-05 15:15:00 [INFO] core.data_fetcher: 🕯️ Candle closed: JSWSTEEL | 2026-06-05 15:10 | O:1284.00 H:1284.80 L:1282.80 C:1284.20 V:189832834.0
2026-06-05 15:15:01 [INFO] core.data_fetcher: 🕯️ Candle closed: TATASTEEL | 2026-06-05 15:10 | O:206.60 H:206.75 L:206.45 C:206.62 V:7003455191.0
2026-06-05 15:15:01 [INFO] core.data_fetcher: 🕯️ Candle closed: RELIANCE | 2026-06-05 15:10 | O:1289.90 H:1292.00 L:1289.80 C:1291.60 V:3505904251.0
2026-06-05 15:15:01 [INFO] core.data_fetcher: 🕯️ Candle closed: SUNPHARMA | 2026-06-05 15:10 | O:1781.00 H:1783.10 L:1779.50 C:1781.90 V:361482056.0
2026-06-05 15:15:01 [INFO] core.data_fetcher: 🕯️ Candle closed: TCS | 2026-06-05 15:10 | O:2200.20 H:2201.50 L:2200.00 C:2201.10 V:686231972.0
2026-06-05 15:15:01 [INFO] core.data_fetcher: 🕯️ Candle closed: SBIN | 2026-06-05 15:10 | O:978.40 H:978.60 L:977.25 C:977.70 V:4099382942.0
2026-06-05 15:15:01 [INFO] core.data_fetcher: 🕯️ Candle closed: DRREDDY | 2026-06-05 15:10 | O:1276.30 H:1276.70 L:1275.00 C:1276.10 V:90490939.0
2026-06-05 15:15:01 [INFO] core.data_fetcher: 🕯️ Candle closed: WIPRO | 2026-06-05 15:10 | O:198.45 H:198.85 L:198.27 C:198.79 V:7843438634.0
2026-06-05 15:15:01 [INFO] core.data_fetcher: 🕯️ Candle closed: LT | 2026-06-05 15:10 | O:3949.40 H:3949.70 L:3945.00 C:3948.70 V:247271008.0
2026-06-05 15:15:01 [INFO] core.data_fetcher: 🕯️ Candle closed: TATACONSUM | 2026-06-05 15:10 | O:1131.50 H:1132.30 L:1131.00 C:1131.60 V:138435223.0
2026-06-05 15:15:01 [INFO] core.data_fetcher: 🕯️ Candle closed: HDFCBANK | 2026-06-05 15:10 | O:746.90 H:747.95 L:746.50 C:747.30 V:4086246544.0
2026-06-05 15:15:01 [INFO] core.data_fetcher: 🕯️ Candle closed: ADANIPORTS | 2026-06-05 15:10 | O:1824.10 H:1824.20 L:1821.00 C:1822.90 V:267241151.0
2026-06-05 15:15:01 [INFO] core.data_fetcher: 🕯️ Candle closed: ONGC | 2026-06-05 15:10 | O:264.85 H:265.05 L:264.80 C:264.90 V:857547881.0
2026-06-05 15:15:01 [INFO] core.data_fetcher: 🕯️ Candle closed: NESTLEIND | 2026-06-05 15:10 | O:1383.50 H:1384.30 L:1382.00 C:1382.90 V:167821421.0
2026-06-05 15:15:01 [INFO] core.data_fetcher: 🕯️ Candle closed: M&M | 2026-06-05 15:10 | O:3041.10 H:3041.10 L:3037.30 C:3038.10 V:264690766.0
2026-06-05 15:15:02 [INFO] core.data_fetcher: 🕯️ Candle closed: ULTRACEMCO | 2026-06-05 15:10 | O:10923.00 H:10925.00 L:10915.00 C:10918.00 V:46825411.0
2026-06-05 15:15:02 [INFO] core.data_fetcher: 🕯️ Candle closed: POWERGRID | 2026-06-05 15:10 | O:285.60 H:286.00 L:285.55 C:285.80 V:692955598.0
2026-06-05 15:15:02 [INFO] core.data_fetcher: 🕯️ Candle closed: DIVISLAB | 2026-06-05 15:10 | O:6628.00 H:6629.00 L:6621.00 C:6627.50 V:19076531.0
2026-06-05 15:15:02 [INFO] core.data_fetcher: 🕯️ Candle closed: HEROMOTOCO | 2026-06-05 15:10 | O:4835.90 H:4839.90 L:4831.60 C:4836.80 V:89545536.0
2026-06-05 15:15:03 [INFO] core.data_fetcher: 🕯️ Candle closed: MARUTI | 2026-06-05 15:10 | O:13057.00 H:13065.00 L:13050.00 C:13055.00 V:43542121.0
2026-06-05 15:15:03 [INFO] core.strategy: ─── Scan summary (30 subscribed) ───
  [Cognition] RELIANCE: ticks=2423 | live_candles=26
  [Cognition] MARUTI: ticks=1653 | live_candles=26
  [Cognition] WIPRO: ticks=2265 | live_candles=26
  [Cognition] HEROMOTOCO: ticks=1673 | live_candles=26
  [Cognition] TCS: ticks=2107 | live_candles=26
  [Cognition] HDFCBANK: ticks=2708 | live_candles=26
  [Cognition] ICICIBANK: ticks=2371 | live_candles=26
  [Cognition] ITC: ticks=2323 | live_candles=26
  [Math] SBIN: ticks=2770 | live_candles=26
  [Math] BHARTIARTL: ticks=2389 | live_candles=26
  [Math] LT: ticks=2313 | live_candles=26
  [Math] HCLTECH: ticks=1647 | live_candles=26
  [Math] ASIANPAINT: ticks=1704 | live_candles=26
  [Math] SUNPHARMA: ticks=1955 | live_candles=26
  [Math] TITAN: ticks=1771 | live_candles=26
  [Math] ULTRACEMCO: ticks=1305 | live_candles=26
  [Math] NESTLEIND: ticks=1603 | live_candles=26
  [Math] TECHM: ticks=1730 | live_candles=26
  [Math] POWERGRID: ticks=1383 | live_candles=26
  [Math] ONGC: ticks=1439 | live_candles=26
  [Math] ADANIPORTS: ticks=1889 | live_candles=26
  [Math] DIVISLAB: ticks=1041 | live_candles=26
  [Math] DRREDDY: ticks=1418 | live_candles=26
  [Math] EICHERMOT: ticks=1212 | live_candles=26
  [Math] JSWSTEEL: ticks=1656 | live_candles=26
  [Math] M&M: ticks=2330 | live_candles=26
  [Math] TATACONSUM: ticks=1540 | live_candles=26
  [Math] TATASTEEL: ticks=2695 | live_candles=26
  [Math] CIPLA: ticks=1244 | live_candles=26
  [Math] HDFCLIFE: ticks=1209 | live_candles=26
2026-06-05 15:15:03 [INFO] core.order_executor: 📈 TRAILING SL | DIVISLAB | ₹6562.71 → ₹6563.7
2026-06-05 15:15:03 [WARNING] core.state_manager: Trading session state set to LIQUIDATING | entries_enabled=False | reason=EOD_SQUAREOFF_STARTED
2026-06-05 15:15:03 [WARNING] core.order_executor: ⏰ 3:15 PM — Squaring off 9 position(s).
2026-06-05 15:15:03 [INFO] core.order_executor: 📋 [PAPER] SELL | ASIANPAINT | Qty: 18 | @ ₹2686.9 | Reason: SQUAREOFF
2026-06-05 15:15:03 [INFO] core.state_manager: Position closed: ASIANPAINT | 2686.9 | P&L: -216.00 | SQUAREOFF | price_source=ws_ltp
2026-06-05 15:15:03 [INFO] core.order_executor: 📋 [PAPER] SELL | ICICIBANK | Qty: 39 | @ ₹1262.5 | Reason: SQUAREOFF
2026-06-05 15:15:03 [INFO] core.state_manager: Position closed: ICICIBANK | 1262.5 | P&L: 58.50 | SQUAREOFF | price_source=ws_ltp
2026-06-05 15:15:03 [INFO] core.order_executor: 📋 [PAPER] SELL | ADANIPORTS | Qty: 27 | @ ₹1823.0 | Reason: SQUAREOFF
2026-06-05 15:15:03 [INFO] core.state_manager: Position closed: ADANIPORTS | 1823.0 | P&L: 197.10 | SQUAREOFF | price_source=ws_ltp
2026-06-05 15:15:04 [INFO] core.order_executor: 📋 [PAPER] SELL | TCS | Qty: 22 | @ ₹2201.1 | Reason: SQUAREOFF
2026-06-05 15:15:04 [INFO] core.state_manager: Position closed: TCS | 2201.1 | P&L: 24.20 | SQUAREOFF | price_source=ws_ltp
2026-06-05 15:15:04 [INFO] core.order_executor: 📋 [PAPER] SELL | DIVISLAB | Qty: 7 | @ ₹6630.0 | Reason: SQUAREOFF
2026-06-05 15:15:04 [INFO] core.state_manager: Position closed: DIVISLAB | 6630.0 | P&L: 297.50 | SQUAREOFF | price_source=ws_ltp
2026-06-05 15:15:04 [INFO] core.order_executor: 📋 [PAPER] SELL | TITAN | Qty: 11 | @ ₹4260.2 | Reason: SQUAREOFF
2026-06-05 15:15:04 [INFO] core.state_manager: Position closed: TITAN | 4260.2 | P&L: 162.80 | SQUAREOFF | price_source=ws_ltp
2026-06-05 15:15:04 [INFO] core.order_executor: 📋 [PAPER] SELL | NESTLEIND | Qty: 36 | @ ₹1383.2 | Reason: SQUAREOFF
2026-06-05 15:15:04 [INFO] core.state_manager: Position closed: NESTLEIND | 1383.2 | P&L: 180.00 | SQUAREOFF | price_source=ws_ltp
2026-06-05 15:15:04 [INFO] core.order_executor: 📋 [PAPER] SELL | MARUTI | Qty: 3 | @ ₹13050.0 | Reason: SQUAREOFF
2026-06-05 15:15:04 [INFO] core.state_manager: Position closed: MARUTI | 13050.0 | P&L: -183.00 | SQUAREOFF | price_source=ws_ltp
2026-06-05 15:15:04 [INFO] core.order_executor: 📋 [PAPER] SELL | TECHM | Qty: 34 | @ ₹1484.6 | Reason: SQUAREOFF
2026-06-05 15:15:04 [INFO] core.state_manager: Position closed: TECHM | 1484.6 | P&L: 285.60 | SQUAREOFF | price_source=ws_ltp
2026-06-05 15:15:04 [WARNING] core.state_manager: Trading session state set to FLAT_LOCKED | entries_enabled=False | reason=EOD_SQUAREOFF_COMPLETE
2026-06-05 15:15:04 [WARNING] core.strategy: Entries disabled by session state FLAT_LOCKED (EOD_SQUAREOFF_COMPLETE). Exit checks continue; BUY scan skipped.
2026-06-05 15:15:09 [WARNING] core.strategy: Entries disabled by session state FLAT_LOCKED (EOD_SQUAREOFF_COMPLETE). Exit checks continue; BUY scan skipped.
2026-06-05 15:15:14 [WARNING] core.strategy: Entries disabled by session state FLAT_LOCKED (EOD_SQUAREOFF_COMPLETE). Exit checks continue; BUY scan skipped.
2026-06-05 15:15:19 [WARNING] core.strategy: Entries disabled by session state FLAT_LOCKED (EOD_SQUAREOFF_COMPLETE). Exit checks continue; BUY scan skipped.
2026-06-05 15:15:24 [WARNING] core.strategy: Entries disabled by session state FLAT_LOCKED (EOD_SQUAREOFF_COMPLETE). Exit checks continue; BUY scan skipped.
2026-06-05 15:15:29 [WARNING] core.strategy: Entries disabled by session state FLAT_LOCKED (EOD_SQUAREOFF_COMPLETE). Exit checks continue; BUY scan skipped.
2026-06-05 15:15:34 [WARNING] core.strategy: Entries disabled by session state FLAT_LOCKED (EOD_SQUAREOFF_COMPLETE). Exit checks continue; BUY scan skipped.
2026-06-05 15:15:39 [WARNING] core.strategy: Entries disabled by session state FLAT_LOCKED (EOD_SQUAREOFF_COMPLETE). Exit checks continue; BUY scan skipped.
2026-06-05 15:15:44 [WARNING] core.strategy: Entries disabled by session state FLAT_LOCKED (EOD_SQUAREOFF_COMPLETE). Exit checks continue; BUY scan skipped.
2026-06-05 15:15:49 [INFO] core.state_manager: [BRIEFING] Loading from data/session_briefing.json...
2026-06-05 15:15:49 [INFO] core.state_manager: [BRIEFING] Loaded Valid: 8 approved + 22 watchlist (MORNING_SCREENER)
2026-06-05 15:15:49 [WARNING] core.strategy: Entries disabled by session state FLAT_LOCKED (EOD_SQUAREOFF_COMPLETE). Exit checks continue; BUY scan skipped.
2026-06-05 15:15:54 [WARNING] core.strategy: Entries disabled by session state FLAT_LOCKED (EOD_SQUAREOFF_COMPLETE). Exit checks continue; BUY scan skipped.
2026-06-05 15:15:59 [WARNING] core.strategy: Entries disabled by session state FLAT_LOCKED (EOD_SQUAREOFF_COMPLETE). Exit checks continue; BUY scan skipped.
2026-06-05 15:16:04 [WARNING] core.strategy: Entries disabled by session state FLAT_LOCKED (EOD_SQUAREOFF_COMPLETE). Exit checks continue; BUY scan skipped.
2026-06-05 15:16:09 [WARNING] core.strategy: Entries disabled by session state FLAT_LOCKED (EOD_SQUAREOFF_COMPLETE). Exit checks continue; BUY scan skipped.
2026-06-05 15:16:14 [WARNING] core.strategy: Entries disabled by session state FLAT_LOCKED (EOD_SQUAREOFF_COMPLETE). Exit checks continue; BUY scan skipped.
2026-06-05 15:16:19 [WARNING] core.strategy: Entries disabled by session state FLAT_LOCKED (EOD_SQUAREOFF_COMPLETE). Exit checks continue; BUY scan skipped.
2026-06-05 15:16:24 [WARNING] core.strategy: Entries disabled by session state FLAT_LOCKED (EOD_SQUAREOFF_COMPLETE). Exit checks continue; BUY scan skipped.
2026-06-05 15:16:29 [WARNING] core.strategy: Entries disabled by session state FLAT_LOCKED (EOD_SQUAREOFF_COMPLETE). Exit checks continue; BUY scan skipped.
2026-06-05 15:16:34 [INFO] core.strategy: ─── Scan summary (30 subscribed) ───
  [Cognition] RELIANCE: ticks=2496 | live_candles=26
  [Cognition] MARUTI: ticks=1719 | live_candles=26
  [Cognition] WIPRO: ticks=2361 | live_candles=26
  [Cognition] HEROMOTOCO: ticks=1749 | live_candles=26
  [Cognition] TCS: ticks=2189 | live_candles=26
  [Cognition] HDFCBANK: ticks=2793 | live_candles=26
  [Cognition] ICICIBANK: ticks=2449 | live_candles=26
  [Cognition] ITC: ticks=2395 | live_candles=26
  [Math] SBIN: ticks=2857 | live_candles=26
  [Math] BHARTIARTL: ticks=2476 | live_candles=26
  [Math] LT: ticks=2396 | live_candles=26
  [Math] HCLTECH: ticks=1725 | live_candles=26
  [Math] ASIANPAINT: ticks=1774 | live_candles=26
  [Math] SUNPHARMA: ticks=2034 | live_candles=26
  [Math] TITAN: ticks=1826 | live_candles=26
  [Math] ULTRACEMCO: ticks=1361 | live_candles=26
  [Math] NESTLEIND: ticks=1656 | live_candles=26
  [Math] TECHM: ticks=1806 | live_candles=26
  [Math] POWERGRID: ticks=1448 | live_candles=26
  [Math] ONGC: ticks=1494 | live_candles=26
  [Math] ADANIPORTS: ticks=1966 | live_candles=26
  [Math] DIVISLAB: ticks=1084 | live_candles=26
  [Math] DRREDDY: ticks=1488 | live_candles=26
  [Math] EICHERMOT: ticks=1276 | live_candles=26
  [Math] JSWSTEEL: ticks=1719 | live_candles=26
  [Math] M&M: ticks=2400 | live_candles=26
  [Math] TATACONSUM: ticks=1611 | live_candles=26
  [Math] TATASTEEL: ticks=2788 | live_candles=26
  [Math] CIPLA: ticks=1312 | live_candles=26
  [Math] HDFCLIFE: ticks=1264 | live_candles=26
2026-06-05 15:16:34 [WARNING] core.strategy: Entries disabled by session state FLAT_LOCKED (EOD_SQUAREOFF_COMPLETE). Exit checks continue; BUY scan skipped.
2026-06-05 15:16:39 [WARNING] core.strategy: Entries disabled by session state FLAT_LOCKED (EOD_SQUAREOFF_COMPLETE). Exit checks continue; BUY scan skipped.
2026-06-05 15:16:44 [WARNING] core.strategy: Entries disabled by session state FLAT_LOCKED (EOD_SQUAREOFF_COMPLETE). Exit checks continue; BUY scan skipped.
2026-06-05 15:16:49 [INFO] core.state_manager: [BRIEFING] Loading from data/session_briefing.json...
2026-06-05 15:16:49 [INFO] core.state_manager: [BRIEFING] Loaded Valid: 8 approved + 22 watchlist (MORNING_SCREENER)
2026-06-05 15:16:49 [WARNING] core.strategy: Entries disabled by session state FLAT_LOCKED (EOD_SQUAREOFF_COMPLETE). Exit checks continue; BUY scan skipped.
2026-06-05 15:16:54 [WARNING] core.strategy: Entries disabled by session state FLAT_LOCKED (EOD_SQUAREOFF_COMPLETE). Exit checks continue; BUY scan skipped.
2026-06-05 15:16:57 [INFO] core.data_fetcher: 📡 Live feed | ticks received: 30/30 symbols | active=['RELIANCE', 'MARUTI', 'WIPRO', 'HEROMOTOCO', 'TCS', 'HDFCBANK', 'ICICIBANK', 'ITC']...
2026-06-05 15:16:59 [WARNING] core.strategy: Entries disabled by session state FLAT_LOCKED (EOD_SQUAREOFF_COMPLETE). Exit checks continue; BUY scan skipped.
2026-06-05 15:17:04 [WARNING] core.strategy: Entries disabled by session state FLAT_LOCKED (EOD_SQUAREOFF_COMPLETE). Exit checks continue; BUY scan skipped.
2026-06-05 15:17:09 [WARNING] core.strategy: Entries disabled by session state FLAT_LOCKED (EOD_SQUAREOFF_COMPLETE). Exit checks continue; BUY scan skipped.
2026-06-05 15:17:14 [WARNING] core.strategy: Entries disabled by session state FLAT_LOCKED (EOD_SQUAREOFF_COMPLETE). Exit checks continue; BUY scan skipped.
2026-06-05 15:17:19 [WARNING] core.strategy: Entries disabled by session state FLAT_LOCKED (EOD_SQUAREOFF_COMPLETE). Exit checks continue; BUY scan skipped.
2026-06-05 15:17:24 [WARNING] core.strategy: Entries disabled by session state FLAT_LOCKED (EOD_SQUAREOFF_COMPLETE). Exit checks continue; BUY scan skipped.
2026-06-05 15:17:29 [WARNING] core.strategy: Entries disabled by session state FLAT_LOCKED (EOD_SQUAREOFF_COMPLETE). Exit checks continue; BUY scan skipped.
2026-06-05 15:17:34 [WARNING] core.strategy: Entries disabled by session state FLAT_LOCKED (EOD_SQUAREOFF_COMPLETE). Exit checks continue; BUY scan skipped.
2026-06-05 15:17:39 [WARNING] core.strategy: Entries disabled by session state FLAT_LOCKED (EOD_SQUAREOFF_COMPLETE). Exit checks continue; BUY scan skipped.
2026-06-05 15:17:44 [WARNING] core.strategy: Entries disabled by session state FLAT_LOCKED (EOD_SQUAREOFF_COMPLETE). Exit checks continue; BUY scan skipped.
2026-06-05 15:18:39 [WARNING] core.data_fetcher: ⚠️ WebSocket closed: The Session has been Closed!
2026-06-05 15:18:39 [INFO] core.data_fetcher: Scheduling reconnect in 5s (attempt 1/10)
2026-06-05 15:18:39 [ERROR] core.data_fetcher: ❌ WebSocket error | type=WebSocketConnectionClosedException | msg=Connection to remote host was lost. | symbols=30 | attempt=1
Traceback (most recent call last):
  File "C:\Extra Programs\Files\AlcoSoft_Financial_Services\alco_env\lib\site-packages\websocket\_app.py", line 511, in setSock
    dispatcher.read(self.sock.sock, read, check)
  File "C:\Extra Programs\Files\AlcoSoft_Financial_Services\alco_env\lib\site-packages\websocket\_app.py", line 113, in read
    if not read_callback():
  File "C:\Extra Programs\Files\AlcoSoft_Financial_Services\alco_env\lib\site-packages\websocket\_app.py", line 535, in read
    raise e
  File "C:\Extra Programs\Files\AlcoSoft_Financial_Services\alco_env\lib\site-packages\websocket\_app.py", line 526, in read
    op_code, frame = self.sock.recv_data_frame(True)
  File "C:\Extra Programs\Files\AlcoSoft_Financial_Services\alco_env\lib\site-packages\websocket\_core.py", line 437, in recv_data_frame
    frame = self.recv_frame()
  File "C:\Extra Programs\Files\AlcoSoft_Financial_Services\alco_env\lib\site-packages\websocket\_core.py", line 478, in recv_frame
    return self.frame_buffer.recv_frame()
  File "C:\Extra Programs\Files\AlcoSoft_Financial_Services\alco_env\lib\site-packages\websocket\_abnf.py", line 363, in recv_frame
    self.recv_header()
  File "C:\Extra Programs\Files\AlcoSoft_Financial_Services\alco_env\lib\site-packages\websocket\_abnf.py", line 319, in recv_header
    header = self.recv_strict(2)
  File "C:\Extra Programs\Files\AlcoSoft_Financial_Services\alco_env\lib\site-packages\websocket\_abnf.py", line 398, in recv_strict
    bytes_ = self.recv(min(16384, shortage))
  File "C:\Extra Programs\Files\AlcoSoft_Financial_Services\alco_env\lib\site-packages\websocket\_core.py", line 563, in _recv
    return recv(self.sock, bufsize)
  File "C:\Extra Programs\Files\AlcoSoft_Financial_Services\alco_env\lib\site-packages\websocket\_socket.py", line 132, in recv
    raise WebSocketConnectionClosedException("Connection to remote host was lost.")
websocket._exceptions.WebSocketConnectionClosedException: Connection to remote host was lost.
2026-06-05 15:18:39 [INFO] core.data_fetcher: Scheduling reconnect in 5s (attempt 1/10)
2026-06-05 15:18:39 [WARNING] core.data_fetcher: ⚠️ WebSocket closed: The Session has been Closed!
2026-06-05 15:18:39 [INFO] core.data_fetcher: Scheduling reconnect in 5s (attempt 1/10)
2026-06-05 15:18:43 [INFO] core.state_manager: [BRIEFING] Loading from data/session_briefing.json...
2026-06-05 15:18:43 [INFO] core.state_manager: [BRIEFING] Loaded Valid: 8 approved + 22 watchlist (MORNING_SCREENER)
2026-06-05 15:18:43 [INFO] core.strategy: ─── Scan summary (30 subscribed) ───
  [Cognition] RELIANCE: ticks=2550 | live_candles=26
  [Cognition] MARUTI: ticks=1759 | live_candles=26
  [Cognition] WIPRO: ticks=2412 | live_candles=26
  [Cognition] HEROMOTOCO: ticks=1790 | live_candles=26
  [Cognition] TCS: ticks=2232 | live_candles=26
  [Cognition] HDFCBANK: ticks=2865 | live_candles=26
  [Cognition] ICICIBANK: ticks=2508 | live_candles=26
  [Cognition] ITC: ticks=2446 | live_candles=26
  [Math] SBIN: ticks=2926 | live_candles=26
  [Math] BHARTIARTL: ticks=2529 | live_candles=26
  [Math] LT: ticks=2450 | live_candles=26
  [Math] HCLTECH: ticks=1766 | live_candles=26
  [Math] ASIANPAINT: ticks=1836 | live_candles=26
  [Math] SUNPHARMA: ticks=2090 | live_candles=26
  [Math] TITAN: ticks=1874 | live_candles=26
  [Math] ULTRACEMCO: ticks=1400 | live_candles=26
  [Math] NESTLEIND: ticks=1706 | live_candles=26
  [Math] TECHM: ticks=1850 | live_candles=26
  [Math] POWERGRID: ticks=1490 | live_candles=26
  [Math] ONGC: ticks=1542 | live_candles=26
  [Math] ADANIPORTS: ticks=2026 | live_candles=26
  [Math] DIVISLAB: ticks=1114 | live_candles=26
  [Math] DRREDDY: ticks=1535 | live_candles=26
  [Math] EICHERMOT: ticks=1326 | live_candles=26
  [Math] JSWSTEEL: ticks=1756 | live_candles=26
  [Math] M&M: ticks=2456 | live_candles=26
  [Math] TATACONSUM: ticks=1645 | live_candles=26
  [Math] TATASTEEL: ticks=2850 | live_candles=26
  [Math] CIPLA: ticks=1354 | live_candles=26
  [Math] HDFCLIFE: ticks=1294 | live_candles=26
2026-06-05 15:18:43 [WARNING] core.strategy: Entries disabled by session state FLAT_LOCKED (EOD_SQUAREOFF_COMPLETE). Exit checks continue; BUY scan skipped.
2026-06-05 15:18:44 [INFO] core.data_fetcher: Reconnecting WebSocket...
2026-06-05 15:18:44 [INFO] core.data_fetcher: Starting live feed for 30 symbols: ['RELIANCE', 'MARUTI', 'WIPRO', 'HEROMOTOCO', 'TCS', 'HDFCBANK', 'ICICIBANK', 'ITC', 'SBIN', 'BHARTIARTL', 'LT', 'HCLTECH', 'ASIANPAINT', 'SUNPHARMA', 'TITAN', 'ULTRACEMCO', 'NESTLEIND', 'TECHM', 'POWERGRID', 'ONGC', 'ADANIPORTS', 'DIVISLAB', 'DRREDDY', 'EICHERMOT', 'JSWSTEEL', 'M&M', 'TATACONSUM', 'TATASTEEL', 'CIPLA', 'HDFCLIFE']
2026-06-05 15:18:44 [INFO] core.data_fetcher: Subscribing to 30 instruments...
2026-06-05 15:18:44 [INFO] core.data_fetcher: ✅ Subscribed to live feed: ['2885', '10999', '3787', '1348', '11536', '1333', '4963', '1660', '3045', '10604', '11483', '7229', '236', '3351', '3506', '11532', '17963', '13538', '14977', '2475', '15083', '10940', '881', '910', '11723', '2031', '3432', '3499', '694', '467']
2026-06-05 15:18:44 [INFO] core.data_fetcher: Reconnection successful.
2026-06-05 15:18:45 [INFO] core.data_fetcher: ✅ WebSocket connection opened.
2026-06-05 15:18:48 [WARNING] core.strategy: Entries disabled by session state FLAT_LOCKED (EOD_SQUAREOFF_COMPLETE). Exit checks continue; BUY scan skipped.
2026-06-05 15:18:53 [WARNING] core.strategy: Entries disabled by session state FLAT_LOCKED (EOD_SQUAREOFF_COMPLETE). Exit checks continue; BUY scan skipped.
2026-06-05 15:18:57 [INFO] core.data_fetcher: 📡 Live feed | ticks received: 30/30 symbols | active=['RELIANCE', 'MARUTI', 'WIPRO', 'HEROMOTOCO', 'TCS', 'HDFCBANK', 'ICICIBANK', 'ITC']...
2026-06-05 15:18:58 [WARNING] core.strategy: Entries disabled by session state FLAT_LOCKED (EOD_SQUAREOFF_COMPLETE). Exit checks continue; BUY scan skipped.
2026-06-05 15:19:03 [WARNING] core.strategy: Entries disabled by session state FLAT_LOCKED (EOD_SQUAREOFF_COMPLETE). Exit checks continue; BUY scan skipped.
2026-06-05 15:19:08 [WARNING] core.strategy: Entries disabled by session state FLAT_LOCKED (EOD_SQUAREOFF_COMPLETE). Exit checks continue; BUY scan skipped.
2026-06-05 15:19:13 [WARNING] core.strategy: Entries disabled by session state FLAT_LOCKED (EOD_SQUAREOFF_COMPLETE). Exit checks continue; BUY scan skipped.
2026-06-05 15:19:18 [WARNING] core.strategy: Entries disabled by session state FLAT_LOCKED (EOD_SQUAREOFF_COMPLETE). Exit checks continue; BUY scan skipped.
2026-06-05 15:19:23 [WARNING] core.strategy: Entries disabled by session state FLAT_LOCKED (EOD_SQUAREOFF_COMPLETE). Exit checks continue; BUY scan skipped.
2026-06-05 15:19:28 [WARNING] core.strategy: Entries disabled by session state FLAT_LOCKED (EOD_SQUAREOFF_COMPLETE). Exit checks continue; BUY scan skipped.
2026-06-05 15:19:33 [WARNING] core.strategy: Entries disabled by session state FLAT_LOCKED (EOD_SQUAREOFF_COMPLETE). Exit checks continue; BUY scan skipped.
2026-06-05 15:19:38 [WARNING] core.strategy: Entries disabled by session state FLAT_LOCKED (EOD_SQUAREOFF_COMPLETE). Exit checks continue; BUY scan skipped.
2026-06-05 15:19:43 [INFO] core.state_manager: [BRIEFING] Loading from data/session_briefing.json...
2026-06-05 15:19:43 [INFO] core.state_manager: [BRIEFING] Loaded Valid: 8 approved + 22 watchlist (MORNING_SCREENER)
2026-06-05 15:19:43 [WARNING] core.strategy: Entries disabled by session state FLAT_LOCKED (EOD_SQUAREOFF_COMPLETE). Exit checks continue; BUY scan skipped.
2026-06-05 15:19:48 [WARNING] core.strategy: Entries disabled by session state FLAT_LOCKED (EOD_SQUAREOFF_COMPLETE). Exit checks continue; BUY scan skipped.
2026-06-05 15:19:53 [WARNING] core.strategy: Entries disabled by session state FLAT_LOCKED (EOD_SQUAREOFF_COMPLETE). Exit checks continue; BUY scan skipped.
2026-06-05 15:19:58 [WARNING] core.strategy: Entries disabled by session state FLAT_LOCKED (EOD_SQUAREOFF_COMPLETE). Exit checks continue; BUY scan skipped.
2026-06-05 15:20:00 [INFO] core.data_fetcher: 🕯️ Candle closed: CIPLA | 2026-06-05 15:15 | O:1399.00 H:1404.80 L:1382.00 C:1401.70 V:102918508.0
2026-06-05 15:20:00 [INFO] core.data_fetcher: 🕯️ Candle closed: BHARTIARTL | 2026-06-05 15:15 | O:1798.20 H:1827.80 L:1790.70 C:1800.00 V:482366744.0
2026-06-05 15:20:00 [INFO] core.data_fetcher: 🕯️ Candle closed: HDFCBANK | 2026-06-05 15:15 | O:747.45 H:758.70 L:744.65 C:747.70 V:3302573547.0
2026-06-05 15:20:00 [INFO] core.data_fetcher: 🕯️ Candle closed: WIPRO | 2026-06-05 15:15 | O:198.84 H:199.00 L:188.15 C:198.80 V:7269166292.0
2026-06-05 15:20:00 [INFO] core.data_fetcher: 🕯️ Candle closed: M&M | 2026-06-05 15:15 | O:3037.90 H:3059.00 L:3012.70 C:3035.60 V:236829785.0
2026-06-05 15:20:00 [INFO] core.data_fetcher: 🕯️ Candle closed: LT | 2026-06-05 15:15 | O:3949.40 H:3978.00 L:3923.90 C:3954.70 V:185971086.0
2026-06-05 15:20:00 [INFO] core.data_fetcher: 🕯️ Candle closed: NESTLEIND | 2026-06-05 15:15 | O:1383.20 H:1386.90 L:1372.30 C:1383.20 V:123820704.0
2026-06-05 15:20:00 [INFO] core.data_fetcher: 🕯️ Candle closed: TATASTEEL | 2026-06-05 15:15 | O:206.65 H:210.50 L:203.90 C:207.07 V:5920608625.0
2026-06-05 15:20:00 [INFO] core.data_fetcher: 🕯️ Candle closed: RELIANCE | 2026-06-05 15:15 | O:1291.80 H:1306.00 L:1288.00 C:1291.40 V:2563254493.0
2026-06-05 15:20:00 [INFO] core.data_fetcher: 🕯️ Candle closed: EICHERMOT | 2026-06-05 15:15 | O:7069.50 H:7150.00 L:7029.00 C:7068.50 V:44863868.0
2026-06-05 15:20:00 [INFO] core.data_fetcher: 🕯️ Candle closed: ADANIPORTS | 2026-06-05 15:15 | O:1823.20 H:1825.00 L:1796.70 C:1824.40 V:226375512.0
2026-06-05 15:20:00 [INFO] core.data_fetcher: 🕯️ Candle closed: ASIANPAINT | 2026-06-05 15:15 | O:2686.90 H:2699.80 L:2665.00 C:2687.60 V:197978943.0
2026-06-05 15:20:00 [INFO] core.data_fetcher: 🕯️ Candle closed: SUNPHARMA | 2026-06-05 15:15 | O:1782.00 H:1802.90 L:1779.00 C:1782.40 V:331040712.0
2026-06-05 15:20:00 [INFO] core.data_fetcher: 🕯️ Candle closed: DIVISLAB | 2026-06-05 15:15 | O:6630.00 H:6636.50 L:6567.00 C:6632.00 V:15610812.0
2026-06-05 15:20:00 [INFO] core.data_fetcher: 🕯️ Candle closed: TCS | 2026-06-05 15:15 | O:2201.20 H:2271.80 L:2198.10 C:2200.10 V:639611727.0
2026-06-05 15:20:00 [INFO] core.data_fetcher: 🕯️ Candle closed: ULTRACEMCO | 2026-06-05 15:15 | O:10920.00 H:11121.00 L:10846.00 C:10914.00 V:40542019.0
2026-06-05 15:20:00 [INFO] core.data_fetcher: 🕯️ Candle closed: DRREDDY | 2026-06-05 15:15 | O:1276.00 H:1289.40 L:1268.50 C:1277.40 V:76158479.0
2026-06-05 15:20:00 [INFO] core.data_fetcher: 🕯️ Candle closed: HDFCLIFE | 2026-06-05 15:15 | O:575.10 H:590.00 L:574.50 C:575.10 V:348860059.0
2026-06-05 15:20:00 [INFO] core.data_fetcher: 🕯️ Candle closed: ITC | 2026-06-05 15:15 | O:280.50 H:281.40 L:277.85 C:280.80 V:2097953836.0
2026-06-05 15:20:00 [INFO] core.data_fetcher: 🕯️ Candle closed: JSWSTEEL | 2026-06-05 15:15 | O:1284.10 H:1309.80 L:1266.50 C:1284.90 V:174525854.0
2026-06-05 15:20:01 [INFO] core.data_fetcher: 🕯️ Candle closed: TATACONSUM | 2026-06-05 15:15 | O:1131.70 H:1156.00 L:1129.10 C:1130.70 V:97402541.0
2026-06-05 15:20:01 [INFO] core.data_fetcher: 🕯️ Candle closed: ICICIBANK | 2026-06-05 15:15 | O:1262.40 H:1265.00 L:1250.00 C:1262.30 V:1358366745.0
2026-06-05 15:20:01 [INFO] core.data_fetcher: 🕯️ Candle closed: SBIN | 2026-06-05 15:15 | O:977.95 H:992.60 L:970.60 C:977.75 V:3617849975.0
2026-06-05 15:20:01 [INFO] core.data_fetcher: 🕯️ Candle closed: MARUTI | 2026-06-05 15:15 | O:13050.00 H:13175.00 L:12915.00 C:13053.00 V:34877544.0
2026-06-05 15:20:01 [INFO] core.data_fetcher: 🕯️ Candle closed: HCLTECH | 2026-06-05 15:15 | O:1155.80 H:1182.50 L:1147.00 C:1155.90 V:261362279.0
2026-06-05 15:20:01 [INFO] core.data_fetcher: 🕯️ Candle closed: HEROMOTOCO | 2026-06-05 15:15 | O:4836.90 H:4904.50 L:4791.10 C:4836.90 V:75698963.0
2026-06-05 15:20:01 [INFO] core.data_fetcher: 🕯️ Candle closed: TITAN | 2026-06-05 15:15 | O:4260.50 H:4289.00 L:4223.20 C:4260.10 V:147111208.0
2026-06-05 15:20:02 [INFO] core.data_fetcher: 🕯️ Candle closed: TECHM | 2026-06-05 15:15 | O:1483.90 H:1524.00 L:1467.90 C:1484.30 V:277330183.0
2026-06-05 15:20:03 [INFO] core.data_fetcher: 🕯️ Candle closed: ONGC | 2026-06-05 15:15 | O:264.95 H:268.45 L:263.70 C:264.85 V:813378155.0
2026-06-05 15:20:03 [WARNING] core.strategy: Entries disabled by session state FLAT_LOCKED (EOD_SQUAREOFF_COMPLETE). Exit checks continue; BUY scan skipped.
2026-06-05 15:20:09 [WARNING] core.strategy: Entries disabled by session state FLAT_LOCKED (EOD_SQUAREOFF_COMPLETE). Exit checks continue; BUY scan skipped.
2026-06-05 15:20:10 [INFO] core.data_fetcher: 🕯️ Candle closed: POWERGRID | 2026-06-05 15:15 | O:285.85 H:286.55 L:283.00 C:286.00 V:764692314.0
2026-06-05 15:20:14 [INFO] core.strategy: ─── Scan summary (30 subscribed) ───
  [Cognition] RELIANCE: ticks=72 | live_candles=27
  [Cognition] MARUTI: ticks=59 | live_candles=27
  [Cognition] WIPRO: ticks=79 | live_candles=27
  [Cognition] HEROMOTOCO: ticks=43 | live_candles=27
  [Cognition] TCS: ticks=63 | live_candles=27
  [Cognition] HDFCBANK: ticks=81 | live_candles=27
  [Cognition] ICICIBANK: ticks=61 | live_candles=27
  [Cognition] ITC: ticks=76 | live_candles=27
  [Math] SBIN: ticks=75 | live_candles=27
  [Math] BHARTIARTL: ticks=75 | live_candles=27
  [Math] LT: ticks=74 | live_candles=27
  [Math] HCLTECH: ticks=81 | live_candles=27
  [Math] ASIANPAINT: ticks=79 | live_candles=27
  [Math] SUNPHARMA: ticks=76 | live_candles=27
  [Math] TITAN: ticks=56 | live_candles=27
  [Math] ULTRACEMCO: ticks=50 | live_candles=27
  [Math] NESTLEIND: ticks=53 | live_candles=27
  [Math] TECHM: ticks=61 | live_candles=27
  [Math] POWERGRID: ticks=44 | live_candles=27
  [Math] ONGC: ticks=54 | live_candles=27
  [Math] ADANIPORTS: ticks=64 | live_candles=27
  [Math] DIVISLAB: ticks=38 | live_candles=27
  [Math] DRREDDY: ticks=59 | live_candles=27
  [Math] EICHERMOT: ticks=48 | live_candles=27
  [Math] JSWSTEEL: ticks=57 | live_candles=27
  [Math] M&M: ticks=74 | live_candles=27
  [Math] TATACONSUM: ticks=60 | live_candles=27
  [Math] TATASTEEL: ticks=68 | live_candles=27
  [Math] CIPLA: ticks=58 | live_candles=27
  [Math] HDFCLIFE: ticks=39 | live_candles=27
2026-06-05 15:20:14 [WARNING] core.strategy: Entries disabled by session state FLAT_LOCKED (EOD_SQUAREOFF_COMPLETE). Exit checks continue; BUY scan skipped.
2026-06-05 15:20:19 [WARNING] core.strategy: Entries disabled by session state FLAT_LOCKED (EOD_SQUAREOFF_COMPLETE). Exit checks continue; BUY scan skipped.
2026-06-05 15:20:24 [WARNING] core.strategy: Entries disabled by session state FLAT_LOCKED (EOD_SQUAREOFF_COMPLETE). Exit checks continue; BUY scan skipped.
2026-06-05 15:20:29 [WARNING] core.strategy: Entries disabled by session state FLAT_LOCKED (EOD_SQUAREOFF_COMPLETE). Exit checks continue; BUY scan skipped.
2026-06-05 15:20:34 [WARNING] core.strategy: Entries disabled by session state FLAT_LOCKED (EOD_SQUAREOFF_COMPLETE). Exit checks continue; BUY scan skipped.
2026-06-05 15:20:39 [WARNING] core.strategy: Entries disabled by session state FLAT_LOCKED (EOD_SQUAREOFF_COMPLETE). Exit checks continue; BUY scan skipped.
2026-06-05 15:20:44 [INFO] core.state_manager: [BRIEFING] Loading from data/session_briefing.json...
2026-06-05 15:20:44 [INFO] core.state_manager: [BRIEFING] Loaded Valid: 8 approved + 22 watchlist (MORNING_SCREENER)
2026-06-05 15:20:44 [WARNING] core.strategy: Entries disabled by session state FLAT_LOCKED (EOD_SQUAREOFF_COMPLETE). Exit checks continue; BUY scan skipped.
2026-06-05 15:20:49 [WARNING] core.strategy: Entries disabled by session state FLAT_LOCKED (EOD_SQUAREOFF_COMPLETE). Exit checks continue; BUY scan skipped.
2026-06-05 15:20:54 [WARNING] core.strategy: Entries disabled by session state FLAT_LOCKED (EOD_SQUAREOFF_COMPLETE). Exit checks continue; BUY scan skipped.
2026-06-05 15:20:57 [INFO] core.data_fetcher: 📡 Live feed | ticks received: 30/30 symbols | active=['RELIANCE', 'MARUTI', 'WIPRO', 'HEROMOTOCO', 'TCS', 'HDFCBANK', 'ICICIBANK', 'ITC']...
2026-06-05 15:20:59 [WARNING] core.strategy: Entries disabled by session state FLAT_LOCKED (EOD_SQUAREOFF_COMPLETE). Exit checks continue; BUY scan skipped.
2026-06-05 15:21:04 [WARNING] core.strategy: Entries disabled by session state FLAT_LOCKED (EOD_SQUAREOFF_COMPLETE). Exit checks continue; BUY scan skipped.
2026-06-05 15:21:09 [WARNING] core.strategy: Entries disabled by session state FLAT_LOCKED (EOD_SQUAREOFF_COMPLETE). Exit checks continue; BUY scan skipped.
2026-06-05 15:21:14 [WARNING] core.strategy: Entries disabled by session state FLAT_LOCKED (EOD_SQUAREOFF_COMPLETE). Exit checks continue; BUY scan skipped.
2026-06-05 15:21:19 [WARNING] core.strategy: Entries disabled by session state FLAT_LOCKED (EOD_SQUAREOFF_COMPLETE). Exit checks continue; BUY scan skipped.
2026-06-05 15:21:24 [WARNING] core.strategy: Entries disabled by session state FLAT_LOCKED (EOD_SQUAREOFF_COMPLETE). Exit checks continue; BUY scan skipped.
2026-06-05 15:21:27 [WARNING] core.data_fetcher: ⚠️ WebSocket closed: The Session has been Closed!
2026-06-05 15:21:27 [INFO] core.data_fetcher: Scheduling reconnect in 5s (attempt 1/10)
2026-06-05 15:21:27 [ERROR] core.data_fetcher: ❌ WebSocket error | type=WebSocketConnectionClosedException | msg=Connection to remote host was lost. | symbols=30 | attempt=1
Traceback (most recent call last):
  File "C:\Extra Programs\Files\AlcoSoft_Financial_Services\alco_env\lib\site-packages\websocket\_app.py", line 511, in setSock
    dispatcher.read(self.sock.sock, read, check)
  File "C:\Extra Programs\Files\AlcoSoft_Financial_Services\alco_env\lib\site-packages\websocket\_app.py", line 113, in read
    if not read_callback():
  File "C:\Extra Programs\Files\AlcoSoft_Financial_Services\alco_env\lib\site-packages\websocket\_app.py", line 535, in read
    raise e
  File "C:\Extra Programs\Files\AlcoSoft_Financial_Services\alco_env\lib\site-packages\websocket\_app.py", line 526, in read
    op_code, frame = self.sock.recv_data_frame(True)
  File "C:\Extra Programs\Files\AlcoSoft_Financial_Services\alco_env\lib\site-packages\websocket\_core.py", line 437, in recv_data_frame
    frame = self.recv_frame()
  File "C:\Extra Programs\Files\AlcoSoft_Financial_Services\alco_env\lib\site-packages\websocket\_core.py", line 478, in recv_frame
    return self.frame_buffer.recv_frame()
  File "C:\Extra Programs\Files\AlcoSoft_Financial_Services\alco_env\lib\site-packages\websocket\_abnf.py", line 363, in recv_frame
    self.recv_header()
  File "C:\Extra Programs\Files\AlcoSoft_Financial_Services\alco_env\lib\site-packages\websocket\_abnf.py", line 319, in recv_header
    header = self.recv_strict(2)
  File "C:\Extra Programs\Files\AlcoSoft_Financial_Services\alco_env\lib\site-packages\websocket\_abnf.py", line 398, in recv_strict
    bytes_ = self.recv(min(16384, shortage))
  File "C:\Extra Programs\Files\AlcoSoft_Financial_Services\alco_env\lib\site-packages\websocket\_core.py", line 563, in _recv
    return recv(self.sock, bufsize)
  File "C:\Extra Programs\Files\AlcoSoft_Financial_Services\alco_env\lib\site-packages\websocket\_socket.py", line 132, in recv
    raise WebSocketConnectionClosedException("Connection to remote host was lost.")
websocket._exceptions.WebSocketConnectionClosedException: Connection to remote host was lost.
2026-06-05 15:21:27 [INFO] core.data_fetcher: Scheduling reconnect in 5s (attempt 1/10)
2026-06-05 15:21:27 [WARNING] core.data_fetcher: ⚠️ WebSocket closed: The Session has been Closed!
2026-06-05 15:21:27 [INFO] core.data_fetcher: Scheduling reconnect in 5s (attempt 1/10)
2026-06-05 15:21:29 [WARNING] core.strategy: Entries disabled by session state FLAT_LOCKED (EOD_SQUAREOFF_COMPLETE). Exit checks continue; BUY scan skipped.
2026-06-05 15:21:32 [INFO] core.data_fetcher: Reconnecting WebSocket...
2026-06-05 15:21:32 [INFO] core.data_fetcher: Starting live feed for 30 symbols: ['RELIANCE', 'MARUTI', 'WIPRO', 'HEROMOTOCO', 'TCS', 'HDFCBANK', 'ICICIBANK', 'ITC', 'SBIN', 'BHARTIARTL', 'LT', 'HCLTECH', 'ASIANPAINT', 'SUNPHARMA', 'TITAN', 'ULTRACEMCO', 'NESTLEIND', 'TECHM', 'POWERGRID', 'ONGC', 'ADANIPORTS', 'DIVISLAB', 'DRREDDY', 'EICHERMOT', 'JSWSTEEL', 'M&M', 'TATACONSUM', 'TATASTEEL', 'CIPLA', 'HDFCLIFE']
2026-06-05 15:21:32 [INFO] core.data_fetcher: Subscribing to 30 instruments...
2026-06-05 15:21:32 [INFO] core.data_fetcher: ✅ Subscribed to live feed: ['2885', '10999', '3787', '1348', '11536', '1333', '4963', '1660', '3045', '10604', '11483', '7229', '236', '3351', '3506', '11532', '17963', '13538', '14977', '2475', '15083', '10940', '881', '910', '11723', '2031', '3432', '3499', '694', '467']
2026-06-05 15:21:32 [INFO] core.data_fetcher: Reconnection successful.
2026-06-05 15:21:33 [INFO] core.data_fetcher: ✅ WebSocket connection opened.
2026-06-05 15:21:34 [WARNING] core.strategy: Entries disabled by session state FLAT_LOCKED (EOD_SQUAREOFF_COMPLETE). Exit checks continue; BUY scan skipped.
2026-06-05 15:21:39 [WARNING] core.strategy: Entries disabled by session state FLAT_LOCKED (EOD_SQUAREOFF_COMPLETE). Exit checks continue; BUY scan skipped.
2026-06-05 15:21:44 [INFO] core.state_manager: [BRIEFING] Loading from data/session_briefing.json...
2026-06-05 15:21:44 [INFO] core.state_manager: [BRIEFING] Loaded Valid: 8 approved + 22 watchlist (MORNING_SCREENER)
2026-06-05 15:21:44 [INFO] core.strategy: ─── Scan summary (30 subscribed) ───
  [Cognition] RELIANCE: ticks=11 | live_candles=27
  [Cognition] MARUTI: ticks=7 | live_candles=27
  [Cognition] WIPRO: ticks=7 | live_candles=27
  [Cognition] HEROMOTOCO: ticks=11 | live_candles=27
  [Cognition] TCS: ticks=7 | live_candles=27
  [Cognition] HDFCBANK: ticks=9 | live_candles=27
  [Cognition] ICICIBANK: ticks=9 | live_candles=27
  [Cognition] ITC: ticks=7 | live_candles=27
  [Math] SBIN: ticks=9 | live_candles=27
  [Math] BHARTIARTL: ticks=7 | live_candles=27
  [Math] LT: ticks=10 | live_candles=27
  [Math] HCLTECH: ticks=8 | live_candles=27
  [Math] ASIANPAINT: ticks=11 | live_candles=27
  [Math] SUNPHARMA: ticks=9 | live_candles=27
  [Math] TITAN: ticks=13 | live_candles=27
  [Math] ULTRACEMCO: ticks=8 | live_candles=27
  [Math] NESTLEIND: ticks=9 | live_candles=27
  [Math] TECHM: ticks=8 | live_candles=27
  [Math] POWERGRID: ticks=8 | live_candles=27
  [Math] ONGC: ticks=5 | live_candles=27
  [Math] ADANIPORTS: ticks=8 | live_candles=27
  [Math] DIVISLAB: ticks=5 | live_candles=27
  [Math] DRREDDY: ticks=6 | live_candles=27
  [Math] EICHERMOT: ticks=9 | live_candles=27
  [Math] JSWSTEEL: ticks=11 | live_candles=27
  [Math] M&M: ticks=9 | live_candles=27
  [Math] TATACONSUM: ticks=9 | live_candles=27
  [Math] TATASTEEL: ticks=7 | live_candles=27
  [Math] CIPLA: ticks=7 | live_candles=27
  [Math] HDFCLIFE: ticks=8 | live_candles=27
2026-06-05 15:21:44 [WARNING] core.strategy: Entries disabled by session state FLAT_LOCKED (EOD_SQUAREOFF_COMPLETE). Exit checks continue; BUY scan skipped.
2026-06-05 15:21:49 [WARNING] core.strategy: Entries disabled by session state FLAT_LOCKED (EOD_SQUAREOFF_COMPLETE). Exit checks continue; BUY scan skipped.
2026-06-05 15:21:54 [WARNING] core.strategy: Entries disabled by session state FLAT_LOCKED (EOD_SQUAREOFF_COMPLETE). Exit checks continue; BUY scan skipped.
2026-06-05 15:21:59 [WARNING] core.strategy: Entries disabled by session state FLAT_LOCKED (EOD_SQUAREOFF_COMPLETE). Exit checks continue; BUY scan skipped.
2026-06-05 15:22:04 [WARNING] core.strategy: Entries disabled by session state FLAT_LOCKED (EOD_SQUAREOFF_COMPLETE). Exit checks continue; BUY scan skipped.
2026-06-05 15:22:09 [WARNING] core.strategy: Entries disabled by session state FLAT_LOCKED (EOD_SQUAREOFF_COMPLETE). Exit checks continue; BUY scan skipped.
2026-06-05 15:22:14 [WARNING] core.strategy: Entries disabled by session state FLAT_LOCKED (EOD_SQUAREOFF_COMPLETE). Exit checks continue; BUY scan skipped.
2026-06-05 15:22:19 [WARNING] core.strategy: Entries disabled by session state FLAT_LOCKED (EOD_SQUAREOFF_COMPLETE). Exit checks continue; BUY scan skipped.
2026-06-05 15:22:24 [WARNING] core.strategy: Entries disabled by session state FLAT_LOCKED (EOD_SQUAREOFF_COMPLETE). Exit checks continue; BUY scan skipped.
2026-06-05 15:22:29 [WARNING] core.strategy: Entries disabled by session state FLAT_LOCKED (EOD_SQUAREOFF_COMPLETE). Exit checks continue; BUY scan skipped.
2026-06-05 15:22:34 [WARNING] core.strategy: Entries disabled by session state FLAT_LOCKED (EOD_SQUAREOFF_COMPLETE). Exit checks continue; BUY scan skipped.
2026-06-05 15:22:39 [WARNING] core.strategy: Entries disabled by session state FLAT_LOCKED (EOD_SQUAREOFF_COMPLETE). Exit checks continue; BUY scan skipped.
2026-06-05 15:22:44 [INFO] core.state_manager: [BRIEFING] Loading from data/session_briefing.json...
2026-06-05 15:22:44 [INFO] core.state_manager: [BRIEFING] Loaded Valid: 8 approved + 22 watchlist (MORNING_SCREENER)
2026-06-05 15:22:44 [WARNING] core.strategy: Entries disabled by session state FLAT_LOCKED (EOD_SQUAREOFF_COMPLETE). Exit checks continue; BUY scan skipped.
2026-06-05 15:22:49 [WARNING] core.strategy: Entries disabled by session state FLAT_LOCKED (EOD_SQUAREOFF_COMPLETE). Exit checks continue; BUY scan skipped.
2026-06-05 15:22:54 [WARNING] core.strategy: Entries disabled by session state FLAT_LOCKED (EOD_SQUAREOFF_COMPLETE). Exit checks continue; BUY scan skipped.
2026-06-05 15:22:57 [INFO] core.data_fetcher: 📡 Live feed | ticks received: 30/30 symbols | active=['RELIANCE', 'MARUTI', 'WIPRO', 'HEROMOTOCO', 'TCS', 'HDFCBANK', 'ICICIBANK', 'ITC']...
2026-06-05 15:22:59 [WARNING] core.strategy: Entries disabled by session state FLAT_LOCKED (EOD_SQUAREOFF_COMPLETE). Exit checks continue; BUY scan skipped.
2026-06-05 15:23:04 [WARNING] core.strategy: Entries disabled by session state FLAT_LOCKED (EOD_SQUAREOFF_COMPLETE). Exit checks continue; BUY scan skipped.
2026-06-05 15:23:09 [WARNING] core.strategy: Entries disabled by session state FLAT_LOCKED (EOD_SQUAREOFF_COMPLETE). Exit checks continue; BUY scan skipped.
2026-06-05 15:23:14 [INFO] core.strategy: ─── Scan summary (30 subscribed) ───
  [Cognition] RELIANCE: ticks=77 | live_candles=27
  [Cognition] MARUTI: ticks=78 | live_candles=27
  [Cognition] WIPRO: ticks=86 | live_candles=27
  [Cognition] HEROMOTOCO: ticks=80 | live_candles=27
  [Cognition] TCS: ticks=78 | live_candles=27
  [Cognition] HDFCBANK: ticks=93 | live_candles=27
  [Cognition] ICICIBANK: ticks=76 | live_candles=27
  [Cognition] ITC: ticks=86 | live_candles=27
  [Math] SBIN: ticks=88 | live_candles=27
  [Math] BHARTIARTL: ticks=69 | live_candles=27
  [Math] LT: ticks=82 | live_candles=27
  [Math] HCLTECH: ticks=82 | live_candles=27
  [Math] ASIANPAINT: ticks=67 | live_candles=27
  [Math] SUNPHARMA: ticks=87 | live_candles=27
  [Math] TITAN: ticks=81 | live_candles=27
  [Math] ULTRACEMCO: ticks=50 | live_candles=27
  [Math] NESTLEIND: ticks=78 | live_candles=27
  [Math] TECHM: ticks=76 | live_candles=27
  [Math] POWERGRID: ticks=68 | live_candles=27
  [Math] ONGC: ticks=82 | live_candles=27
  [Math] ADANIPORTS: ticks=74 | live_candles=27
  [Math] DIVISLAB: ticks=46 | live_candles=27
  [Math] DRREDDY: ticks=73 | live_candles=27
  [Math] EICHERMOT: ticks=85 | live_candles=27
  [Math] JSWSTEEL: ticks=69 | live_candles=27
  [Math] M&M: ticks=78 | live_candles=27
  [Math] TATACONSUM: ticks=66 | live_candles=27
  [Math] TATASTEEL: ticks=79 | live_candles=27
  [Math] CIPLA: ticks=88 | live_candles=27
  [Math] HDFCLIFE: ticks=51 | live_candles=27
2026-06-05 15:23:14 [WARNING] core.strategy: Entries disabled by session state FLAT_LOCKED (EOD_SQUAREOFF_COMPLETE). Exit checks continue; BUY scan skipped.
2026-06-05 15:23:19 [WARNING] core.strategy: Entries disabled by session state FLAT_LOCKED (EOD_SQUAREOFF_COMPLETE). Exit checks continue; BUY scan skipped.
2026-06-05 15:23:24 [WARNING] core.strategy: Entries disabled by session state FLAT_LOCKED (EOD_SQUAREOFF_COMPLETE). Exit checks continue; BUY scan skipped.
2026-06-05 15:23:29 [WARNING] core.strategy: Entries disabled by session state FLAT_LOCKED (EOD_SQUAREOFF_COMPLETE). Exit checks continue; BUY scan skipped.
2026-06-05 15:23:34 [WARNING] core.strategy: Entries disabled by session state FLAT_LOCKED (EOD_SQUAREOFF_COMPLETE). Exit checks continue; BUY scan skipped.
2026-06-05 15:23:40 [WARNING] core.strategy: Entries disabled by session state FLAT_LOCKED (EOD_SQUAREOFF_COMPLETE). Exit checks continue; BUY scan skipped.
2026-06-05 15:23:45 [INFO] core.state_manager: [BRIEFING] Loading from data/session_briefing.json...
2026-06-05 15:23:45 [INFO] core.state_manager: [BRIEFING] Loaded Valid: 8 approved + 22 watchlist (MORNING_SCREENER)
2026-06-05 15:23:45 [WARNING] core.strategy: Entries disabled by session state FLAT_LOCKED (EOD_SQUAREOFF_COMPLETE). Exit checks continue; BUY scan skipped.
2026-06-05 15:23:49 [INFO] AlcoSoft: Shutdown signal received. Stopping gracefully...
2026-06-05 15:23:50 [INFO] core.strategy: Strategy loop stopped.
2026-06-05 15:23:50 [INFO] AlcoSoft: Running cleanup...
2026-06-05 15:23:50 [INFO] AlcoSoft: Scheduler stopped.
2026-06-05 15:23:50 [INFO] core.state_manager: [BRIEFING] Loading from data/session_briefing.json...
2026-06-05 15:23:50 [INFO] core.state_manager: [BRIEFING] Loaded Valid: 8 approved + 22 watchlist (MORNING_SCREENER)
2026-06-05 15:23:50 [INFO] core.data_fetcher: Live feed stopped.
2026-06-05 15:23:50 [INFO] AlcoSoft: Live feed stopped.
2026-06-05 15:23:50 [INFO] core.kotak_client: Kotak session logged out cleanly.
2026-06-05 15:23:50 [INFO] AlcoSoft: Kotak session closed.
2026-06-05 15:23:50 [INFO] AlcoSoft: AlcoSoft shutdown complete. Goodbye.
2026-06-05 15:23:50 [INFO] apscheduler.scheduler: Scheduler has been shut down
