2026-06-10 09:36:55 [INFO] reflection.reflection_statistics: ✅ Reflection statistics database initialized
2026-06-10 09:36:55 [INFO] AlcoSoft: =======================================================
2026-06-10 09:36:55 [INFO] AlcoSoft:   ALCOSOFT FINANCIAL SERVICES — SYSTEM STARTING
2026-06-10 09:36:55 [INFO] AlcoSoft:   Mode: LIVE | Strategy: INTRADAY
2026-06-10 09:36:55 [INFO] AlcoSoft: =======================================================
2026-06-10 09:36:55 [INFO] AlcoSoft: [0/6] Initializing database...
2026-06-10 09:36:55 [INFO] core.state_manager: Database initialized.
2026-06-10 09:36:55 [INFO] AlcoSoft: [0.5/6] Initializing daily capital tracking...
2026-06-10 09:36:55 [INFO] AlcoSoft: [1/6] Running preflight health checks...
2026-06-10 09:36:55 [INFO] core.health_monitor: 🔍 Running preflight health checks...
2026-06-10 09:36:55 [INFO] core.health_monitor: ✅ API Credentials: All API keys configured
2026-06-10 09:36:55 [INFO] core.kotak_client: Initializing Kotak Neo session...
2026-06-10 09:36:55 [INFO] core.kotak_client: TOTP generated: 937514
2026-06-10 09:36:55 [INFO] core.kotak_client: TOTP login response: {'data': {'token': 'eyJhbGciOiJSUzI1NiIsInR5cCI6IkpXVCJ9.eyJqdGkiOiIzMzc1NWQ3NC02MzhkLTRiZTUtOGMxOC01ODk3MWIzNWRkNjUiLCJpc3MiOiJsb2dpbi1zZXJ2aWNlIiwic3ViIjoiZDZiODIzNzgtNDMzMy00OTcyLTk2ZTgtOTllOWYwMzE0N2MwIiwidWNjIjoiWEQxNkYiLCJuYXAiOiIiLCJ5Y2UiOiJlWVxcNiAvKjU9dFx1MDAwNlx1MDAwYlx1MDAwNHVcdTAwMDBcdTAwMTBiIiwiY2F0ZWdvcmlzYXRpb24iOiIiLCJzY29wZSI6WyJWaWV3Il0sImV4cCI6MTc4MTExNjIwMCwiaWF0IjoxNzgxMDY0NDE1LCJmZXRjaGNhY2hpbmdydWxlIjowfQ.LfUze9C6GI5f9nxzDi0a94TCD_lDIuqEvCKmOcIPvWbH9-EB-hWtYdYSMM0whMBd2ESS1KRUY88SuSzumrOXkgJVYByN6QRow2hCesPbxJ3Z3Po5uMGhlwEHbE8w-mjhzGv7Scjbivho-6x40oi-SjICUXLIrx1W8TADA1WhICTyNGg6FlpXapo6vCpc9ZLdmPdzMTdyRIVuE6ockkF9l-crludaE1-kwEdcXudFNdI4vbehTwKj1EDm8eibyohhp0urRBD8D1R04M7XsNVCTJs1dhHxRihdmxGOHHmKa_acoEzPRdGB63kky3_vN9wcZAjCo3JLVJTo-XSNG49dQg', 'sid': 'c58fc0bf-9fe9-4139-b323-14e44038c493', 'rid': '24028c3e-9b6c-4189-a4e2-d41f429a24e3', 'hsServerId': '', 'isUserPwdExpired': False, 'ucc': 'XD16F', 'greetingName': 'MANOJ', 'isTrialAccount': False, 'dataCenter': 'E41', 'derivativesRiskDisclosure': 'Risk Disclosure on Derivatives\n\nAs per a SEBI study dated 25 Jan 2023- \n• 9 out of 10 individual traders in equity Futures and Options Segment, incurred net losses.\n• On an average, loss makers registered net trading loss close to Rs.50,000.\n• Over and above the net trading losses incurred, loss makers expended an additional 28% of net trading losses as transaction costs.\n• Those making net trading profits, incurred between 15% to 50% of such profits as transaction cost.\n\nFor more information please check out : https://www.sebi.gov.in/reports-and-statistics/research/jan-2023/study-analysis-of-profit-and-loss-of-individual-traders-dealing-in-equity-fando-segment_67525.html', 'mfAccess': 1, 'dataCenterMap': None, 'dormancyStatus': 'A', 'asbaStatus': '', 'clientType': 'RI', 'isNRI': False, 'kId': 'ADDPR4621C', 'kType': 'View', 'status': 'success', 'incRange': 0, 'incUpdFlag': '', 'clientGroup': '', 'kraStatus': '', 'rcFlag': 0}}
2026-06-10 09:36:55 [INFO] core.kotak_client: 🔍 TOTP login data keys: ['token', 'sid', 'rid', 'hsServerId', 'isUserPwdExpired', 'ucc', 'greetingName', 'isTrialAccount', 'dataCenter', 'derivativesRiskDisclosure', 'mfAccess', 'dataCenterMap', 'dormancyStatus', 'asbaStatus', 'clientType', 'isNRI', 'kId', 'kType', 'status', 'incRange', 'incUpdFlag', 'clientGroup', 'kraStatus', 'rcFlag']
2026-06-10 09:36:57 [INFO] core.kotak_client: MPIN validation response: {'data': {'token': 'eyJhbGciOiJSUzI1NiIsInR5cCI6IkpXVCJ9.eyJqdGkiOiI4YmIwYTc4Ny0zNTEwLTQyYzItOWE4MS1jNDRlYmFkMDEwOGMiLCJpc3MiOiJsb2dpbi1zZXJ2aWNlIiwic3ViIjoiZDZiODIzNzgtNDMzMy00OTcyLTk2ZTgtOTllOWYwMzE0N2MwIiwidWNjIjoiWEQxNkYiLCJuYXAiOiIiLCJ5Y2UiOiJlWVxcNiAvKjU9dFx1MDAwNlx1MDAwYlx1MDAwNHVcdTAwMDBcdTAwMTBiIiwiY2F0ZWdvcmlzYXRpb24iOiIiLCJzY29wZSI6WyJUcmFkZSJdLCJleHAiOjE3ODExMTYyMDAsImlhdCI6MTc4MTA2NDQxNywiZmV0Y2hjYWNoaW5ncnVsZSI6MH0.FAvDrTuPVn9FxOoqPAP65PLoAWi8iijWJmhy-k5eYyC3O8DnFJDwL1jnfjt3rBwoFmVKFdpVSRykfeK0_1ttVMQygJncmZ0EX3gEHo7g9mZY86rRvdqYyW2kEM4c1zmMVSRbzB2axFqn9vkoH6mM8PRpC9viDGSM78fxUITD1b5OX-xyfGIprToKF32v_K6AVJlvyu_Q4LljKS6zNy09DtHlO12wKh-VZ8SaYJgN8JpK2_0L2ybNtrDldVt6R0RUpW4qMaoDYMTsuJ2tl-NPW2Y9Vb4NlgrvObMZVGfIc6MOwIK9EsuBsOTMQLxO8ymxcutLzhxJ0hi-xLze1f7ggA', 'sid': 'e49b550c-ee0f-432c-92c3-ccdcf265eeaa', 'rid': '24028c3e-9b6c-4189-a4e2-d41f429a24e3', 'baseUrl': 'https://e41.kotaksecurities.com', 'hsServerId': '', 'isUserPwdExpired': False, 'ucc': 'XD16F', 'greetingName': 'MANOJ', 'isTrialAccount': False, 'dataCenter': 'E41', 'derivativesRiskDisclosure': 'Risk Disclosure on Derivatives\n\nAs per a SEBI study dated 25 Jan 2023- \n• 9 out of 10 individual traders in equity Futures and Options Segment, incurred net losses.\n• On an average, loss makers registered net trading loss close to Rs.50,000.\n• Over and above the net trading losses incurred, loss makers expended an additional 28% of net trading losses as transaction costs.\n• Those making net trading profits, incurred between 15% to 50% of such profits as transaction cost.\n\nFor more information please check out : https://www.sebi.gov.in/reports-and-statistics/research/jan-2023/study-analysis-of-profit-and-loss-of-individual-traders-dealing-in-equity-fando-segment_67525.html', 'mfAccess': 1, 'dataCenterMap': None, 'dormancyStatus': 'A', 'asbaStatus': '', 'clientType': 'RI', 'isNRI': False, 'kId': 'ADDPR4621C', 'kType': 'Trade', 'status': 'success', 'incRange': 0, 'incUpdFlag': '', 'clientGroup': '', 'kraStatus': '', 'rcFlag': 0}}
2026-06-10 09:36:57 [INFO] core.kotak_client: 🔍 MPIN response data keys: ['token', 'sid', 'rid', 'baseUrl', 'hsServerId', 'isUserPwdExpired', 'ucc', 'greetingName', 'isTrialAccount', 'dataCenter', 'derivativesRiskDisclosure', 'mfAccess', 'dataCenterMap', 'dormancyStatus', 'asbaStatus', 'clientType', 'isNRI', 'kId', 'kType', 'status', 'incRange', 'incUpdFlag', 'clientGroup', 'kraStatus', 'rcFlag']
2026-06-10 09:36:57 [INFO] core.kotak_client: ✅ NeoAPI configuration.edit_token & edit_sid SET (confirmed)
2026-06-10 09:36:57 [INFO] core.kotak_client: ✅ Trade token verified (kType=Trade) | sid present | baseUrl set
2026-06-10 09:36:57 [INFO] core.kotak_client: ✅ Kotak Neo session established successfully.
2026-06-10 09:36:58 [INFO] core.health_monitor: ✅ Broker Connection: Connected
2026-06-10 09:36:58 [INFO] core.health_monitor: ✅ Database: DB OK (0 open positions)
2026-06-10 09:36:58 [INFO] core.state_manager: [BRIEFING] Loading from data/session_briefing.json...
2026-06-10 09:36:58 [INFO] core.state_manager: [BRIEFING] Loaded Valid: 8 approved + 22 watchlist (MORNING_SCREENER)
2026-06-10 09:36:58 [INFO] core.state_manager: [BRIEFING] Validation PASSED: 8 approved + 22 watchlist (MORNING_SCREENER)
2026-06-10 09:36:58 [INFO] core.health_monitor: ✅ Trading Briefing: Briefing OK (8 cognition, 22 watchlist, 30 total)
2026-06-10 09:36:58 [INFO] core.health_monitor: ✅ Live Feed: Feed not started yet (starts after briefing load)
2026-06-10 09:36:58 [INFO] core.health_monitor: ✅ Market Hours: Market is OPEN
2026-06-10 09:36:58 [INFO] core.health_monitor: ✅ Available Capital: Capital ₹4740
2026-06-10 09:36:58 [INFO] core.health_monitor: ✅ Daily Loss Limit: Daily loss OK
2026-06-10 09:36:58 [INFO] core.health_monitor: 
======================================================================
SYSTEM HEALTH REPORT — 2026-06-10T09:36:55.846211
======================================================================

✅ PASSED (8):
   • API Credentials
   • Broker Connection
   • Database
   • Trading Briefing
   • Live Feed
   • Market Hours
   • Available Capital
   • Daily Loss Limit

======================================================================

2026-06-10 09:36:58 [INFO] AlcoSoft: [2/6] Checking for previous state...
2026-06-10 09:36:58 [INFO] core.state_manager: [BRIEFING] Loading from data/session_briefing.json...
2026-06-10 09:36:58 [INFO] core.state_manager: [BRIEFING] Loaded Valid: 8 approved + 22 watchlist (MORNING_SCREENER)
2026-06-10 09:36:58 [INFO] core.state_manager: No open positions found. Clean startup.
2026-06-10 09:36:58 [INFO] AlcoSoft: [3/6] Connecting to Kotak Neo...
2026-06-10 09:36:58 [INFO] AlcoSoft: ✅ Kotak session established successfully.
2026-06-10 09:36:58 [INFO] AlcoSoft: [3b/6] Reconciling broker vs local positions...
2026-06-10 09:36:58 [WARNING] core.broker_reconciliation: 🔍 BROKER POSITIONS RAW RESPONSE: {'stat': 'ok', 'stCode': 200, 'data': [{'actId': 'XD16F', 'brdLtQty': 1, 'cfBuyAmt': '0.00', 'cfSellAmt': '0.00', 'cfBuyQty': '0', 'cfSellQty': '0', 'exSeg': 'nse_cm', 'buyAmt': '3528.40', 'sellAmt': '3530.00', 'flBuyQty': '2', 'flSellQty': '2', 'prod': 'MIS', 'series': 'EQ', 'tok': '21808', 'trdSym': 'SBILIFE-EQ', 'optTp': '- ', 'stkPrc': '0.00', 'type': 'NA', 'sym': 'SBILIFE', 'sqrFlg': 'Y', 'posFlg': 'true', 'lotSz': '1', 'multiplier': '1', 'precision': '2', 'prcNum': '1', 'prcDen': '1', 'hsUpTm': '2026/06/10 09:34:46', 'expDt': 'NA', 'exp': '--', 'genNum': '1', 'genDen': '1', 'dscQty': '', 'upldPrc': '0.00', 'updRecvTm': 1781064286180980811}]}
2026-06-10 09:36:58 [WARNING] core.broker_reconciliation:    Data structure: <class 'list'>
2026-06-10 09:36:58 [WARNING] core.broker_reconciliation:    First row keys: ['actId', 'brdLtQty', 'cfBuyAmt', 'cfSellAmt', 'cfBuyQty', 'cfSellQty', 'exSeg', 'buyAmt', 'sellAmt', 'flBuyQty', 'flSellQty', 'prod', 'series', 'tok', 'trdSym', 'optTp', 'stkPrc', 'type', 'sym', 'sqrFlg', 'posFlg', 'lotSz', 'multiplier', 'precision', 'prcNum', 'prcDen', 'hsUpTm', 'expDt', 'exp', 'genNum', 'genDen', 'dscQty', 'upldPrc', 'updRecvTm']
2026-06-10 09:36:58 [WARNING] core.broker_reconciliation:    Parsed positions: 0 | Details: {}
2026-06-10 09:36:58 [INFO] core.broker_reconciliation: Broker reconciliation OK | 0 position(s) matched
2026-06-10 09:36:58 [INFO] AlcoSoft: [3c/6] Validating capital allocation configuration...
2026-06-10 09:36:58 [INFO] core.order_executor: ✅ Allocation configuration valid
2026-06-10 09:36:58 [INFO] AlcoSoft: ✅ Capital allocation configuration valid
2026-06-10 09:36:58 [INFO] AlcoSoft: [4/6] Checking today's morning screener briefing...
2026-06-10 09:36:58 [INFO] core.state_manager: [BRIEFING] Loading from data/session_briefing.json...
2026-06-10 09:36:58 [INFO] core.state_manager: [BRIEFING] Loaded Valid: 8 approved + 22 watchlist (MORNING_SCREENER)
2026-06-10 09:36:58 [INFO] core.state_manager: [BRIEFING] Validation PASSED: 8 approved + 22 watchlist (MORNING_SCREENER)
2026-06-10 09:36:58 [INFO] AlcoSoft: [4/6] Skipping screener: today's MORNING_SCREENER briefing exists (8 approved + 22 watchlist).
2026-06-10 09:36:58 [INFO] AlcoSoft: [5/6] Loading and validating briefing for trading...
2026-06-10 09:36:58 [INFO] core.state_manager: [BRIEFING] Loading from data/session_briefing.json...
2026-06-10 09:36:58 [INFO] core.state_manager: [BRIEFING] Loaded Valid: 8 approved + 22 watchlist (MORNING_SCREENER)
2026-06-10 09:36:58 [INFO] core.state_manager: [BRIEFING] Validation PASSED: 8 approved + 22 watchlist (MORNING_SCREENER)
2026-06-10 09:36:58 [INFO] core.state_manager: [BRIEFING] Safety gate PASSED: Ready for trading
2026-06-10 09:36:58 [INFO] core.state_manager: [BRIEFING] Validation PASSED: 8 approved + 22 watchlist (MORNING_SCREENER)
2026-06-10 09:36:58 [INFO] AlcoSoft: [BRIEFING] Validated ✅
2026-06-10 09:36:58 [INFO] AlcoSoft: [BRIEFING] Subscribing live feed: 30 symbols (8 cognition + 22 watchlist)
2026-06-10 09:36:58 [INFO] core.data_fetcher: Starting live feed for 30 symbols: ['SUNPHARMA', 'DIVISLAB', 'TATASTEEL', 'SBIN', 'TITAN', 'RELIANCE', 'NTPC', 'HDFCLIFE', 'ICICIBANK', 'APOLLOHOSP', 'TCS', 'HDFCBANK', 'INFY', 'HINDUNILVR', 'ITC', 'BHARTIARTL', 'LT', 'HCLTECH', 'MARUTI', 'WIPRO', 'NESTLEIND', 'BAJAJFINSV', 'DRREDDY', 'EICHERMOT', 'HEROMOTOCO', 'HINDALCO', 'JSWSTEEL', 'M&M', 'SBILIFE', 'TATACONSUM']
2026-06-10 09:36:58 [INFO] core.data_fetcher: Subscribing to 30 instruments...
2026-06-10 09:36:58 [INFO] core.data_fetcher: ✅ Subscribed to live feed: ['3351', '10940', '3499', '3045', '3506', '2885', '11630', '467', '4963', '157', '11536', '1333', '1594', '1394', '1660', '10604', '11483', '7229', '10999', '3787', '17963', '16675', '881', '910', '1348', '1363', '11723', '2031', '21808', '3432']
2026-06-10 09:36:58 [INFO] core.state_manager: [BRIEFING] Saving to data/session_briefing.json...
2026-06-10 09:36:58 [INFO] core.state_manager: [BRIEFING] Saved and verified: data/session_briefing.json
2026-06-10 09:36:58 [INFO] core.state_manager: [BRIEFING]   - Approved: 8
2026-06-10 09:36:58 [INFO] core.state_manager: [BRIEFING]   - Watchlist: 22
2026-06-10 09:36:58 [INFO] AlcoSoft: [BRIEFING] Saved
2026-06-10 09:36:58 [INFO] AlcoSoft: Live feed active for 30 symbols.
2026-06-10 09:36:58 [INFO] AlcoSoft:   Cognition picks : ['SUNPHARMA', 'DIVISLAB', 'TATASTEEL', 'SBIN', 'TITAN', 'RELIANCE', 'NTPC', 'HDFCLIFE']
2026-06-10 09:36:58 [INFO] AlcoSoft:   Math watchlist : ['ICICIBANK', 'APOLLOHOSP', 'TCS', 'HDFCBANK', 'INFY', 'HINDUNILVR', 'ITC', 'BHARTIARTL', 'LT', 'HCLTECH', 'MARUTI', 'WIPRO', 'NESTLEIND', 'BAJAJFINSV', 'DRREDDY', 'EICHERMOT', 'HEROMOTOCO', 'HINDALCO', 'JSWSTEEL', 'M&M', 'SBILIFE', 'TATACONSUM']
2026-06-10 09:36:58 [INFO] AlcoSoft: [6/6] Verifying live feed...
2026-06-10 09:36:58 [INFO] core.data_fetcher: ✅ WebSocket connection opened.
2026-06-10 09:36:58 [INFO] core.data_fetcher: 📡 Live feed | ticks received: 10/30 symbols | active=['SUNPHARMA', 'DIVISLAB', 'TATASTEEL', 'SBIN', 'TITAN', 'RELIANCE', 'NTPC', 'HDFCLIFE']...
2026-06-10 09:36:58 [WARNING] core.data_fetcher: 📡 No ticks yet for: ['TCS', 'HDFCBANK', 'INFY', 'HINDUNILVR', 'ITC', 'BHARTIARTL', 'LT', 'HCLTECH', 'MARUTI', 'WIPRO']...
2026-06-10 09:37:01 [INFO] AlcoSoft: ✅ Live feed: Ticks flowing (61 total); building candles (3+ needed for health OK)
2026-06-10 09:37:01 [INFO] AlcoSoft: ✅ System startup complete. Trading ready.
2026-06-10 09:37:01 [INFO] apscheduler.scheduler: Adding job tentatively -- it will be properly scheduled when the scheduler starts
2026-06-10 09:37:01 [INFO] apscheduler.scheduler: Adding job tentatively -- it will be properly scheduled when the scheduler starts
2026-06-10 09:37:01 [INFO] apscheduler.scheduler: Adding job tentatively -- it will be properly scheduled when the scheduler starts
2026-06-10 09:37:01 [INFO] apscheduler.scheduler: Adding job tentatively -- it will be properly scheduled when the scheduler starts
2026-06-10 09:37:01 [INFO] apscheduler.scheduler: Adding job tentatively -- it will be properly scheduled when the scheduler starts
2026-06-10 09:37:01 [INFO] apscheduler.scheduler: Added job "Morning Stock Screener" to job store "default"
2026-06-10 09:37:01 [INFO] apscheduler.scheduler: Added job "Market Observation Loop" to job store "default"
2026-06-10 09:37:01 [INFO] apscheduler.scheduler: Added job "Emergency Squareoff" to job store "default"
2026-06-10 09:37:01 [INFO] apscheduler.scheduler: Added job "Owl Alpha Reflection" to job store "default"
2026-06-10 09:37:01 [INFO] apscheduler.scheduler: Added job "End-of-Day Report" to job store "default"
2026-06-10 09:37:01 [INFO] apscheduler.scheduler: Scheduler started
2026-06-10 09:37:01 [INFO] AlcoSoft: Scheduler started:
   08:45 AM - Morning screener
   Every 15 min - Observation loop
   15:15 PM - Emergency squareoff (before close)
   15:30 PM - Market close report
   15:35 PM - Reflection cycle
2026-06-10 09:37:01 [INFO] AlcoSoft: Starting strategy loop. Press Ctrl+C to shutdown safely.
2026-06-10 09:37:01 [INFO] core.strategy: ⚡ Strategy loop started | Mode: INTRADAY | Lookback: 3 candles | Buy sets: 10 | Sell sets: 6 | Buy gate: 1+ completed live WS candles | Config: strategy_sets.json
2026-06-10 09:37:01 [INFO] core.state_manager: [BRIEFING] Loading from data/session_briefing.json...
2026-06-10 09:37:01 [INFO] core.state_manager: [BRIEFING] Loaded Valid: 8 approved + 22 watchlist (MORNING_SCREENER)
2026-06-10 09:37:01 [INFO] core.strategy: ─── Scan summary (30 subscribed) ───
  [Cognition] SUNPHARMA: ticks=2 | live_candles=1
  [Cognition] DIVISLAB: ticks=1 | live_candles=1
  [Cognition] TATASTEEL: ticks=2 | live_candles=1
  [Cognition] SBIN: ticks=4 | live_candles=1
  [Cognition] TITAN: ticks=3 | live_candles=1
  [Cognition] RELIANCE: ticks=4 | live_candles=1
  [Cognition] NTPC: ticks=4 | live_candles=1
  [Cognition] HDFCLIFE: ticks=2 | live_candles=1
  [Math] ICICIBANK: ticks=2 | live_candles=1
  [Math] APOLLOHOSP: ticks=2 | live_candles=1
  [Math] TCS: ticks=2 | live_candles=1
  [Math] HDFCBANK: ticks=2 | live_candles=1
  [Math] INFY: ticks=1 | live_candles=1
  [Math] HINDUNILVR: ticks=2 | live_candles=1
  [Math] ITC: ticks=3 | live_candles=1
  [Math] BHARTIARTL: ticks=3 | live_candles=1
  [Math] LT: ticks=2 | live_candles=1
  [Math] HCLTECH: ticks=2 | live_candles=1
  [Math] MARUTI: ticks=1 | live_candles=1
  [Math] WIPRO: ticks=2 | live_candles=1
  [Math] NESTLEIND: ticks=1 | live_candles=1
  [Math] BAJAJFINSV: ticks=2 | live_candles=1
  [Math] DRREDDY: ticks=1 | live_candles=1
  [Math] EICHERMOT: ticks=1 | live_candles=1
  [Math] HEROMOTOCO: ticks=1 | live_candles=1
  [Math] HINDALCO: ticks=3 | live_candles=1
  [Math] JSWSTEEL: ticks=1 | live_candles=1
  [Math] M&M: ticks=2 | live_candles=1
  [Math] SBILIFE: ticks=1 | live_candles=1
  [Math] TATACONSUM: ticks=2 | live_candles=1
2026-06-10 09:38:02 [INFO] core.state_manager: [BRIEFING] Loading from data/session_briefing.json...
2026-06-10 09:38:02 [INFO] core.state_manager: [BRIEFING] Loaded Valid: 8 approved + 22 watchlist (MORNING_SCREENER)
2026-06-10 09:38:33 [INFO] core.strategy: ─── Scan summary (30 subscribed) ───
  [Cognition] SUNPHARMA: ticks=30 | live_candles=1
  [Cognition] DIVISLAB: ticks=27 | live_candles=1
  [Cognition] TATASTEEL: ticks=57 | live_candles=1
  [Cognition] SBIN: ticks=96 | live_candles=1
  [Cognition] TITAN: ticks=51 | live_candles=1
  [Cognition] RELIANCE: ticks=93 | live_candles=1
  [Cognition] NTPC: ticks=76 | live_candles=1
  [Cognition] HDFCLIFE: ticks=24 | live_candles=1
  [Math] ICICIBANK: ticks=57 | live_candles=1
  [Math] APOLLOHOSP: ticks=22 | live_candles=1
  [Math] TCS: ticks=56 | live_candles=1
  [Math] HDFCBANK: ticks=58 | live_candles=1
  [Math] INFY: ticks=51 | live_candles=1
  [Math] HINDUNILVR: ticks=62 | live_candles=1
  [Math] ITC: ticks=81 | live_candles=1
  [Math] BHARTIARTL: ticks=79 | live_candles=1
  [Math] LT: ticks=46 | live_candles=1
  [Math] HCLTECH: ticks=32 | live_candles=1
  [Math] MARUTI: ticks=14 | live_candles=1
  [Math] WIPRO: ticks=69 | live_candles=1
  [Math] NESTLEIND: ticks=71 | live_candles=1
  [Math] BAJAJFINSV: ticks=30 | live_candles=1
  [Math] DRREDDY: ticks=19 | live_candles=1
  [Math] EICHERMOT: ticks=28 | live_candles=1
  [Math] HEROMOTOCO: ticks=70 | live_candles=1
  [Math] HINDALCO: ticks=84 | live_candles=1
  [Math] JSWSTEEL: ticks=14 | live_candles=1
  [Math] M&M: ticks=53 | live_candles=1
  [Math] SBILIFE: ticks=17 | live_candles=1
  [Math] TATACONSUM: ticks=34 | live_candles=1
2026-06-10 09:38:58 [INFO] core.data_fetcher: 📡 Live feed | ticks received: 30/30 symbols | active=['SUNPHARMA', 'DIVISLAB', 'TATASTEEL', 'SBIN', 'TITAN', 'RELIANCE', 'NTPC', 'HDFCLIFE']...
2026-06-10 09:39:03 [INFO] core.state_manager: [BRIEFING] Loading from data/session_briefing.json...
2026-06-10 09:39:03 [INFO] core.state_manager: [BRIEFING] Loaded Valid: 8 approved + 22 watchlist (MORNING_SCREENER)
2026-06-10 09:40:00 [INFO] core.data_fetcher: 🕯️ Candle closed: HINDUNILVR | 2026-06-10 09:35 | O:2182.20 H:2186.00 L:2181.20 C:2183.40 V:23604.0
2026-06-10 09:40:00 [INFO] core.data_fetcher: 🕯️ Candle closed: BHARTIARTL | 2026-06-10 09:35 | O:1790.80 H:1792.80 L:1790.70 C:1792.20 V:50011.0
2026-06-10 09:40:00 [INFO] core.data_fetcher: 🕯️ Candle closed: HDFCBANK | 2026-06-10 09:35 | O:740.50 H:740.95 L:739.70 C:739.75 V:480045.0
2026-06-10 09:40:00 [INFO] core.data_fetcher: 🕯️ Candle closed: NTPC | 2026-06-10 09:35 | O:353.45 H:354.05 L:353.20 C:354.05 V:79718.0
2026-06-10 09:40:00 [INFO] core.data_fetcher: 🕯️ Candle closed: WIPRO | 2026-06-10 09:35 | O:181.10 H:181.16 L:180.76 C:180.82 V:397936.0
2026-06-10 09:40:00 [INFO] core.data_fetcher: 🕯️ Candle closed: ITC | 2026-06-10 09:35 | O:281.75 H:282.05 L:281.50 C:281.55 V:84601.0
2026-06-10 09:40:00 [INFO] core.data_fetcher: 🕯️ Candle closed: HINDALCO | 2026-06-10 09:35 | O:1045.40 H:1046.70 L:1043.50 C:1043.60 V:71733.0
2026-06-10 09:40:00 [INFO] core.data_fetcher: 🕯️ Candle closed: M&M | 2026-06-10 09:35 | O:2984.20 H:2985.60 L:2980.50 C:2983.10 V:17748.0
2026-06-10 09:40:00 [INFO] core.data_fetcher: 🕯️ Candle closed: NESTLEIND | 2026-06-10 09:35 | O:1443.20 H:1448.70 L:1443.20 C:1444.50 V:44038.0
2026-06-10 09:40:00 [INFO] core.data_fetcher: 🕯️ Candle closed: HEROMOTOCO | 2026-06-10 09:35 | O:4946.50 H:4959.40 L:4939.20 C:4944.70 V:11958.0
2026-06-10 09:40:00 [INFO] core.data_fetcher: 🕯️ Candle closed: TATACONSUM | 2026-06-10 09:35 | O:1124.90 H:1125.60 L:1123.20 C:1125.50 V:9175.0
2026-06-10 09:40:00 [INFO] core.data_fetcher: 🕯️ Candle closed: ICICIBANK | 2026-06-10 09:35 | O:1286.10 H:1287.50 L:1286.00 C:1286.00 V:228212.0
2026-06-10 09:40:00 [INFO] core.data_fetcher: 🕯️ Candle closed: RELIANCE | 2026-06-10 09:35 | O:1295.70 H:1295.90 L:1292.70 C:1293.60 V:129322.0
2026-06-10 09:40:00 [INFO] core.data_fetcher: 🕯️ Candle closed: SUNPHARMA | 2026-06-10 09:35 | O:1777.20 H:1780.50 L:1776.80 C:1779.20 V:9778.0
2026-06-10 09:40:00 [INFO] core.data_fetcher: 🕯️ Candle closed: APOLLOHOSP | 2026-06-10 09:35 | O:8589.00 H:8593.50 L:8584.00 C:8592.00 V:2747.0
2026-06-10 09:40:00 [INFO] core.data_fetcher: 🕯️ Candle closed: INFY | 2026-06-10 09:35 | O:1162.40 H:1163.30 L:1160.40 C:1161.40 V:91270.0
2026-06-10 09:40:01 [INFO] core.data_fetcher: 🕯️ Candle closed: TATASTEEL | 2026-06-10 09:35 | O:202.50 H:202.63 L:202.42 C:202.46 V:102336.0
2026-06-10 09:40:01 [INFO] core.data_fetcher: 🕯️ Candle closed: EICHERMOT | 2026-06-10 09:35 | O:7206.50 H:7229.00 L:7206.50 C:7226.00 V:1592.0
2026-06-10 09:40:01 [INFO] core.data_fetcher: 🕯️ Candle closed: TCS | 2026-06-10 09:35 | O:2168.40 H:2169.00 L:2166.70 C:2166.70 V:14686.0
2026-06-10 09:40:01 [INFO] core.data_fetcher: 🕯️ Candle closed: JSWSTEEL | 2026-06-10 09:35 | O:1261.20 H:1262.00 L:1260.60 C:1261.90 V:7033.0
2026-06-10 09:40:02 [INFO] core.data_fetcher: 🕯️ Candle closed: MARUTI | 2026-06-10 09:35 | O:13114.00 H:13120.00 L:13105.00 C:13111.00 V:712.0
2026-06-10 09:40:02 [INFO] core.data_fetcher: 🕯️ Candle closed: DRREDDY | 2026-06-10 09:35 | O:1275.00 H:1275.00 L:1273.10 C:1273.60 V:44533.0
2026-06-10 09:40:02 [INFO] core.data_fetcher: 🕯️ Candle closed: LT | 2026-06-10 09:35 | O:3900.00 H:3906.10 L:3900.00 C:3905.10 V:4826.0
2026-06-10 09:40:03 [INFO] core.data_fetcher: 🕯️ Candle closed: SBIN | 2026-06-10 09:35 | O:1009.35 H:1011.75 L:1009.25 C:1011.35 V:228826.0
2026-06-10 09:40:03 [INFO] core.data_fetcher: 🕯️ Candle closed: HCLTECH | 2026-06-10 09:35 | O:1144.70 H:1145.50 L:1144.10 C:1144.10 V:8858.0
2026-06-10 09:40:03 [INFO] core.data_fetcher: 🕯️ Candle closed: TITAN | 2026-06-10 09:35 | O:4100.00 H:4100.80 L:4092.40 C:4093.80 V:9513.0
2026-06-10 09:40:04 [INFO] core.state_manager: [BRIEFING] Loading from data/session_briefing.json...
2026-06-10 09:40:04 [INFO] core.state_manager: [BRIEFING] Loaded Valid: 8 approved + 22 watchlist (MORNING_SCREENER)
2026-06-10 09:40:04 [INFO] core.strategy: ─── Scan summary (30 subscribed) ───
  [Cognition] SUNPHARMA: ticks=67 | live_candles=2
  [Cognition] DIVISLAB: ticks=47 | live_candles=1
  [Cognition] TATASTEEL: ticks=117 | live_candles=2
  [Cognition] SBIN: ticks=174 | live_candles=2
  [Cognition] TITAN: ticks=100 | live_candles=2
  [Cognition] RELIANCE: ticks=174 | live_candles=2
  [Cognition] NTPC: ticks=146 | live_candles=2
  [Cognition] HDFCLIFE: ticks=37 | live_candles=1
  [Math] ICICIBANK: ticks=123 | live_candles=2
  [Math] APOLLOHOSP: ticks=45 | live_candles=2
  [Math] TCS: ticks=127 | live_candles=2
  [Math] HDFCBANK: ticks=114 | live_candles=2
  [Math] INFY: ticks=112 | live_candles=2
  [Math] HINDUNILVR: ticks=121 | live_candles=2
  [Math] ITC: ticks=158 | live_candles=2
  [Math] BHARTIARTL: ticks=142 | live_candles=2
  [Math] LT: ticks=88 | live_candles=2
  [Math] HCLTECH: ticks=55 | live_candles=2
  [Math] MARUTI: ticks=36 | live_candles=2
  [Math] WIPRO: ticks=143 | live_candles=2
  [Math] NESTLEIND: ticks=130 | live_candles=2
  [Math] BAJAJFINSV: ticks=59 | live_candles=1
  [Math] DRREDDY: ticks=33 | live_candles=2
  [Math] EICHERMOT: ticks=62 | live_candles=2
  [Math] HEROMOTOCO: ticks=131 | live_candles=2
  [Math] HINDALCO: ticks=157 | live_candles=2
  [Math] JSWSTEEL: ticks=34 | live_candles=2
  [Math] M&M: ticks=102 | live_candles=2
  [Math] SBILIFE: ticks=29 | live_candles=1
  [Math] TATACONSUM: ticks=65 | live_candles=2
2026-06-10 09:40:08 [INFO] core.data_fetcher: 🕯️ Candle closed: BAJAJFINSV | 2026-06-10 09:35 | O:1690.20 H:1692.00 L:1690.20 C:1691.50 V:3077.0
2026-06-10 09:40:12 [INFO] core.data_fetcher: 🕯️ Candle closed: DIVISLAB | 2026-06-10 09:35 | O:6756.50 H:6765.00 L:6752.50 C:6762.50 V:3615.0
2026-06-10 09:40:18 [INFO] core.data_fetcher: 🕯️ Candle closed: HDFCLIFE | 2026-06-10 09:35 | O:564.65 H:565.00 L:564.45 C:564.90 V:24215.0
2026-06-10 09:40:21 [INFO] core.data_fetcher: 🕯️ Candle closed: SBILIFE | 2026-06-10 09:35 | O:1765.00 H:1766.00 L:1764.90 C:1765.60 V:3465.0
2026-06-10 09:40:58 [INFO] core.data_fetcher: 📡 Live feed | ticks received: 30/30 symbols | active=['SUNPHARMA', 'DIVISLAB', 'TATASTEEL', 'SBIN', 'TITAN', 'RELIANCE', 'NTPC', 'HDFCLIFE']...
2026-06-10 09:41:05 [INFO] core.state_manager: [BRIEFING] Loading from data/session_briefing.json...
2026-06-10 09:41:05 [INFO] core.state_manager: [BRIEFING] Loaded Valid: 8 approved + 22 watchlist (MORNING_SCREENER)
2026-06-10 09:41:35 [INFO] core.strategy: ─── Scan summary (30 subscribed) ───
  [Cognition] SUNPHARMA: ticks=102 | live_candles=2
  [Cognition] DIVISLAB: ticks=69 | live_candles=2
  [Cognition] TATASTEEL: ticks=194 | live_candles=2
  [Cognition] SBIN: ticks=262 | live_candles=2
  [Cognition] TITAN: ticks=139 | live_candles=2
  [Cognition] RELIANCE: ticks=276 | live_candles=2
  [Cognition] NTPC: ticks=212 | live_candles=2
  [Cognition] HDFCLIFE: ticks=50 | live_candles=2
  [Math] ICICIBANK: ticks=174 | live_candles=2
  [Math] APOLLOHOSP: ticks=81 | live_candles=2
  [Math] TCS: ticks=202 | live_candles=2
  [Math] HDFCBANK: ticks=182 | live_candles=2
  [Math] INFY: ticks=189 | live_candles=2
  [Math] HINDUNILVR: ticks=214 | live_candles=2
  [Math] ITC: ticks=235 | live_candles=2
  [Math] BHARTIARTL: ticks=229 | live_candles=2
  [Math] LT: ticks=124 | live_candles=2
  [Math] HCLTECH: ticks=93 | live_candles=2
  [Math] MARUTI: ticks=63 | live_candles=2
  [Math] WIPRO: ticks=217 | live_candles=2
  [Math] NESTLEIND: ticks=198 | live_candles=2
  [Math] BAJAJFINSV: ticks=95 | live_candles=2
  [Math] DRREDDY: ticks=47 | live_candles=2
  [Math] EICHERMOT: ticks=110 | live_candles=2
  [Math] HEROMOTOCO: ticks=199 | live_candles=2
  [Math] HINDALCO: ticks=249 | live_candles=2
  [Math] JSWSTEEL: ticks=57 | live_candles=2
  [Math] M&M: ticks=148 | live_candles=2
  [Math] SBILIFE: ticks=42 | live_candles=2
  [Math] TATACONSUM: ticks=102 | live_candles=2
2026-06-10 09:42:06 [INFO] core.state_manager: [BRIEFING] Loading from data/session_briefing.json...
2026-06-10 09:42:06 [INFO] core.state_manager: [BRIEFING] Loaded Valid: 8 approved + 22 watchlist (MORNING_SCREENER)
2026-06-10 09:42:59 [INFO] core.data_fetcher: 📡 Live feed | ticks received: 30/30 symbols | active=['SUNPHARMA', 'DIVISLAB', 'TATASTEEL', 'SBIN', 'TITAN', 'RELIANCE', 'NTPC', 'HDFCLIFE']...
2026-06-10 09:43:06 [INFO] core.state_manager: [BRIEFING] Loading from data/session_briefing.json...
2026-06-10 09:43:06 [INFO] core.state_manager: [BRIEFING] Loaded Valid: 8 approved + 22 watchlist (MORNING_SCREENER)
2026-06-10 09:43:06 [INFO] core.strategy: ─── Scan summary (30 subscribed) ───
  [Cognition] SUNPHARMA: ticks=140 | live_candles=2
  [Cognition] DIVISLAB: ticks=93 | live_candles=2
  [Cognition] TATASTEEL: ticks=258 | live_candles=2
  [Cognition] SBIN: ticks=332 | live_candles=2
  [Cognition] TITAN: ticks=169 | live_candles=2
  [Cognition] RELIANCE: ticks=354 | live_candles=2
  [Cognition] NTPC: ticks=274 | live_candles=2
  [Cognition] HDFCLIFE: ticks=70 | live_candles=2
  [Math] ICICIBANK: ticks=227 | live_candles=2
  [Math] APOLLOHOSP: ticks=98 | live_candles=2
  [Math] TCS: ticks=278 | live_candles=2
  [Math] HDFCBANK: ticks=243 | live_candles=2
  [Math] INFY: ticks=257 | live_candles=2
  [Math] HINDUNILVR: ticks=289 | live_candles=2
  [Math] ITC: ticks=321 | live_candles=2
  [Math] BHARTIARTL: ticks=314 | live_candles=2
  [Math] LT: ticks=150 | live_candles=2
  [Math] HCLTECH: ticks=113 | live_candles=2
  [Math] MARUTI: ticks=91 | live_candles=2
  [Math] WIPRO: ticks=271 | live_candles=2
  [Math] NESTLEIND: ticks=261 | live_candles=2
  [Math] BAJAJFINSV: ticks=126 | live_candles=2
  [Math] DRREDDY: ticks=57 | live_candles=2
  [Math] EICHERMOT: ticks=139 | live_candles=2
  [Math] HEROMOTOCO: ticks=246 | live_candles=2
  [Math] HINDALCO: ticks=336 | live_candles=2
  [Math] JSWSTEEL: ticks=88 | live_candles=2
  [Math] M&M: ticks=192 | live_candles=2
  [Math] SBILIFE: ticks=54 | live_candles=2
  [Math] TATACONSUM: ticks=140 | live_candles=2
2026-06-10 09:44:07 [INFO] core.state_manager: [BRIEFING] Loading from data/session_briefing.json...
2026-06-10 09:44:07 [INFO] core.state_manager: [BRIEFING] Loaded Valid: 8 approved + 22 watchlist (MORNING_SCREENER)
2026-06-10 09:44:38 [INFO] core.strategy: ─── Scan summary (30 subscribed) ───
  [Cognition] SUNPHARMA: ticks=168 | live_candles=2
  [Cognition] DIVISLAB: ticks=113 | live_candles=2
  [Cognition] TATASTEEL: ticks=323 | live_candles=2
  [Cognition] SBIN: ticks=419 | live_candles=2
  [Cognition] TITAN: ticks=204 | live_candles=2
  [Cognition] RELIANCE: ticks=425 | live_candles=2
  [Cognition] NTPC: ticks=337 | live_candles=2
  [Cognition] HDFCLIFE: ticks=86 | live_candles=2
  [Math] ICICIBANK: ticks=284 | live_candles=2
  [Math] APOLLOHOSP: ticks=162 | live_candles=2
  [Math] TCS: ticks=342 | live_candles=2
  [Math] HDFCBANK: ticks=303 | live_candles=2
  [Math] INFY: ticks=306 | live_candles=2
  [Math] HINDUNILVR: ticks=364 | live_candles=2
  [Math] ITC: ticks=385 | live_candles=2
  [Math] BHARTIARTL: ticks=394 | live_candles=2
  [Math] LT: ticks=181 | live_candles=2
  [Math] HCLTECH: ticks=133 | live_candles=2
  [Math] MARUTI: ticks=113 | live_candles=2
  [Math] WIPRO: ticks=337 | live_candles=2
  [Math] NESTLEIND: ticks=322 | live_candles=2
  [Math] BAJAJFINSV: ticks=147 | live_candles=2
  [Math] DRREDDY: ticks=73 | live_candles=2
  [Math] EICHERMOT: ticks=170 | live_candles=2
  [Math] HEROMOTOCO: ticks=306 | live_candles=2
  [Math] HINDALCO: ticks=406 | live_candles=2
  [Math] JSWSTEEL: ticks=108 | live_candles=2
  [Math] M&M: ticks=246 | live_candles=2
  [Math] SBILIFE: ticks=82 | live_candles=2
  [Math] TATACONSUM: ticks=179 | live_candles=2
2026-06-10 09:44:59 [INFO] core.data_fetcher: 📡 Live feed | ticks received: 30/30 symbols | active=['SUNPHARMA', 'DIVISLAB', 'TATASTEEL', 'SBIN', 'TITAN', 'RELIANCE', 'NTPC', 'HDFCLIFE']...
2026-06-10 09:45:00 [INFO] core.data_fetcher: 🕯️ Candle closed: BHARTIARTL | 2026-06-10 09:40 | O:1791.50 H:1792.80 L:1790.20 C:1790.20 V:151967.0
2026-06-10 09:45:00 [INFO] core.data_fetcher: 🕯️ Candle closed: SBIN | 2026-06-10 09:40 | O:1011.65 H:1011.80 L:1009.35 C:1010.35 V:228748.0
2026-06-10 09:45:00 [INFO] core.data_fetcher: 🕯️ Candle closed: WIPRO | 2026-06-10 09:40 | O:180.80 H:181.19 L:180.70 C:180.85 V:317989.0
2026-06-10 09:45:00 [INFO] core.data_fetcher: 🕯️ Candle closed: NESTLEIND | 2026-06-10 09:40 | O:1444.90 H:1449.30 L:1444.50 C:1448.70 V:63752.0
2026-06-10 09:45:00 [INFO] core.data_fetcher: 🕯️ Candle closed: HINDUNILVR | 2026-06-10 09:40 | O:2182.70 H:2191.40 L:2182.40 C:2190.20 V:64509.0
2026-06-10 09:45:00 [INFO] core.data_fetcher: 🕯️ Candle closed: TATACONSUM | 2026-06-10 09:40 | O:1125.30 H:1127.90 L:1124.90 C:1127.20 V:24914.0
2026-06-10 09:45:00 [INFO] core.data_fetcher: 🕯️ Candle closed: SBILIFE | 2026-06-10 09:40 | O:1765.40 H:1771.90 L:1765.00 C:1771.10 V:5571.0
2026-06-10 09:45:00 [INFO] core.data_fetcher: 🕯️ Candle closed: NTPC | 2026-06-10 09:40 | O:353.90 H:354.35 L:353.35 C:354.10 V:166904.0
2026-06-10 09:45:00 [INFO] core.data_fetcher: 🕯️ Candle closed: DRREDDY | 2026-06-10 09:40 | O:1273.80 H:1275.00 L:1272.20 C:1275.00 V:7641.0
2026-06-10 09:45:00 [INFO] core.data_fetcher: 🕯️ Candle closed: ITC | 2026-06-10 09:40 | O:281.60 H:282.50 L:281.50 C:282.20 V:143182.0
2026-06-10 09:45:00 [INFO] core.data_fetcher: 🕯️ Candle closed: HEROMOTOCO | 2026-06-10 09:40 | O:4942.30 H:4964.00 L:4940.00 C:4962.10 V:14528.0
2026-06-10 09:45:01 [INFO] core.data_fetcher: 🕯️ Candle closed: TITAN | 2026-06-10 09:40 | O:4094.20 H:4099.10 L:4092.30 C:4097.70 V:6187.0
2026-06-10 09:45:01 [INFO] core.data_fetcher: 🕯️ Candle closed: SUNPHARMA | 2026-06-10 09:40 | O:1779.10 H:1779.10 L:1775.00 C:1775.10 V:16268.0
2026-06-10 09:45:01 [INFO] core.strategy: ✅ SBIN — Yahoo chart fetched 307 5m candles (attempt 1)
2026-06-10 09:45:01 [INFO] core.data_fetcher: 🕯️ Candle closed: APOLLOHOSP | 2026-06-10 09:40 | O:8593.00 H:8613.00 L:8587.00 C:8613.00 V:15287.0
2026-06-10 09:45:01 [INFO] core.strategy: 📦 SBIN — Combined: 304 yfinance + 3 WebSocket = 307 total candles (dropped 2 duplicate Yahoo candles at stitch boundary)
2026-06-10 09:45:01 [INFO] core.data_fetcher: 🕯️ Candle closed: DIVISLAB | 2026-06-10 09:40 | O:6762.00 H:6778.50 L:6759.50 C:6777.00 V:3643.0
2026-06-10 09:45:01 [INFO] core.data_fetcher: 🕯️ Candle closed: RELIANCE | 2026-06-10 09:40 | O:1293.40 H:1295.60 L:1292.80 C:1294.30 V:172430.0
2026-06-10 09:45:01 [INFO] core.strategy: ✅ TITAN — Yahoo chart fetched 307 5m candles (attempt 1)
2026-06-10 09:45:01 [INFO] core.strategy: 📦 TITAN — Combined: 304 yfinance + 3 WebSocket = 307 total candles (dropped 2 duplicate Yahoo candles at stitch boundary)
2026-06-10 09:45:01 [INFO] core.data_fetcher: 🕯️ Candle closed: EICHERMOT | 2026-06-10 09:40 | O:7224.50 H:7255.00 L:7221.50 C:7239.00 V:5125.0
2026-06-10 09:45:01 [INFO] core.data_fetcher: 🕯️ Candle closed: TCS | 2026-06-10 09:40 | O:2167.40 H:2172.00 L:2165.50 C:2171.00 V:47031.0
2026-06-10 09:45:01 [INFO] core.data_fetcher: 🕯️ Candle closed: LT | 2026-06-10 09:40 | O:3906.00 H:3912.40 L:3905.00 C:3910.90 V:8017.0
2026-06-10 09:45:01 [INFO] core.data_fetcher: 🕯️ Candle closed: BAJAJFINSV | 2026-06-10 09:40 | O:1691.40 H:1693.00 L:1689.80 C:1691.20 V:6167.0
2026-06-10 09:45:01 [INFO] core.strategy: ✅ RELIANCE — Yahoo chart fetched 306 5m candles (attempt 1)
2026-06-10 09:45:01 [INFO] core.strategy: 📦 RELIANCE — Combined: 304 yfinance + 3 WebSocket = 307 total candles (dropped 2 duplicate Yahoo candles at stitch boundary)
2026-06-10 09:45:02 [INFO] core.strategy: ✅ NTPC — Yahoo chart fetched 307 5m candles (attempt 1)
2026-06-10 09:45:02 [INFO] core.strategy: 📦 NTPC — Combined: 304 yfinance + 3 WebSocket = 307 total candles (dropped 2 duplicate Yahoo candles at stitch boundary)
2026-06-10 09:45:02 [INFO] core.data_fetcher: 🕯️ Candle closed: M&M | 2026-06-10 09:40 | O:2982.60 H:2988.30 L:2981.80 C:2984.60 V:168553.0
2026-06-10 09:45:02 [INFO] core.strategy: ✅ APOLLOHOSP — Yahoo chart fetched 306 5m candles (attempt 1)
2026-06-10 09:45:02 [INFO] core.strategy: 📦 APOLLOHOSP — Combined: 304 yfinance + 3 WebSocket = 307 total candles (dropped 2 duplicate Yahoo candles at stitch boundary)
2026-06-10 09:45:02 [INFO] core.strategy: ✅ TCS — Yahoo chart fetched 306 5m candles (attempt 1)
2026-06-10 09:45:02 [INFO] core.strategy: 📦 TCS — Combined: 304 yfinance + 3 WebSocket = 307 total candles (dropped 2 duplicate Yahoo candles at stitch boundary)
2026-06-10 09:45:02 [INFO] core.strategy: ✅ HINDUNILVR — Yahoo chart fetched 306 5m candles (attempt 1)
2026-06-10 09:45:02 [INFO] core.data_fetcher: 🕯️ Candle closed: HDFCBANK | 2026-06-10 09:40 | O:739.70 H:740.15 L:738.50 C:740.00 V:722417.0
2026-06-10 09:45:02 [INFO] core.strategy: 📦 HINDUNILVR — Combined: 304 yfinance + 3 WebSocket = 307 total candles (dropped 2 duplicate Yahoo candles at stitch boundary)
2026-06-10 09:45:02 [INFO] core.data_fetcher: 🕯️ Candle closed: INFY | 2026-06-10 09:40 | O:1161.10 H:1166.80 L:1160.20 C:1165.30 V:189419.0
2026-06-10 09:45:02 [INFO] core.strategy: ✅ ITC — Yahoo chart fetched 307 5m candles (attempt 1)
2026-06-10 09:45:02 [INFO] core.strategy: 📦 ITC — Combined: 304 yfinance + 3 WebSocket = 307 total candles (dropped 2 duplicate Yahoo candles at stitch boundary)
2026-06-10 09:45:03 [INFO] core.strategy: ✅ BHARTIARTL — Yahoo chart fetched 306 5m candles (attempt 1)
2026-06-10 09:45:03 [INFO] core.strategy: 📦 BHARTIARTL — Combined: 304 yfinance + 3 WebSocket = 307 total candles (dropped 2 duplicate Yahoo candles at stitch boundary)
2026-06-10 09:45:03 [INFO] core.data_fetcher: 🕯️ Candle closed: ICICIBANK | 2026-06-10 09:40 | O:1286.10 H:1288.00 L:1286.10 C:1287.60 V:309944.0
2026-06-10 09:45:03 [INFO] core.data_fetcher: 🕯️ Candle closed: TATASTEEL | 2026-06-10 09:40 | O:202.47 H:202.50 L:202.20 C:202.46 V:232468.0
2026-06-10 09:45:03 [INFO] core.strategy: ✅ LT — Yahoo chart fetched 307 5m candles (attempt 1)
2026-06-10 09:45:03 [INFO] core.strategy: 📦 LT — Combined: 304 yfinance + 3 WebSocket = 307 total candles (dropped 2 duplicate Yahoo candles at stitch boundary)
2026-06-10 09:45:03 [INFO] core.strategy: ✅ WIPRO — Yahoo chart fetched 306 5m candles (attempt 1)
2026-06-10 09:45:03 [INFO] core.strategy: 📦 WIPRO — Combined: 304 yfinance + 3 WebSocket = 307 total candles (dropped 2 duplicate Yahoo candles at stitch boundary)
2026-06-10 09:45:03 [INFO] core.data_fetcher: 🕯️ Candle closed: HINDALCO | 2026-06-10 09:40 | O:1043.50 H:1044.00 L:1040.70 C:1041.90 V:96540.0
2026-06-10 09:45:03 [INFO] core.strategy: ✅ NESTLEIND — Yahoo chart fetched 307 5m candles (attempt 1)
2026-06-10 09:45:03 [INFO] core.strategy: 📦 NESTLEIND — Combined: 304 yfinance + 3 WebSocket = 307 total candles (dropped 2 duplicate Yahoo candles at stitch boundary)
2026-06-10 09:45:04 [INFO] core.strategy: ✅ BAJAJFINSV — Yahoo chart fetched 306 5m candles (attempt 1)
2026-06-10 09:45:04 [INFO] core.strategy: 📦 BAJAJFINSV — Combined: 304 yfinance + 3 WebSocket = 307 total candles (dropped 2 duplicate Yahoo candles at stitch boundary)
2026-06-10 09:45:04 [INFO] core.strategy: ✅ DRREDDY — Yahoo chart fetched 307 5m candles (attempt 1)
2026-06-10 09:45:04 [INFO] core.strategy: 📦 DRREDDY — Combined: 304 yfinance + 3 WebSocket = 307 total candles (dropped 2 duplicate Yahoo candles at stitch boundary)
2026-06-10 09:45:04 [INFO] core.strategy: ✅ EICHERMOT — Yahoo chart fetched 307 5m candles (attempt 1)
2026-06-10 09:45:04 [INFO] core.strategy: 📦 EICHERMOT — Combined: 304 yfinance + 3 WebSocket = 307 total candles (dropped 2 duplicate Yahoo candles at stitch boundary)
2026-06-10 09:45:04 [INFO] core.strategy: ✅ HEROMOTOCO — Yahoo chart fetched 306 5m candles (attempt 1)
2026-06-10 09:45:04 [INFO] core.strategy: 📦 HEROMOTOCO — Combined: 304 yfinance + 3 WebSocket = 307 total candles (dropped 2 duplicate Yahoo candles at stitch boundary)
2026-06-10 09:45:04 [INFO] core.strategy: ✅ HINDALCO — Yahoo chart fetched 306 5m candles (attempt 1)
2026-06-10 09:45:04 [INFO] core.strategy: 📦 HINDALCO — Combined: 304 yfinance + 3 WebSocket = 307 total candles (dropped 2 duplicate Yahoo candles at stitch boundary)
2026-06-10 09:45:05 [INFO] core.strategy: ✅ M&M — Yahoo chart fetched 306 5m candles (attempt 1)
2026-06-10 09:45:05 [INFO] core.strategy: 📦 M&M — Combined: 304 yfinance + 3 WebSocket = 307 total candles (dropped 2 duplicate Yahoo candles at stitch boundary)
2026-06-10 09:45:05 [INFO] core.strategy: ✅ SBILIFE — Yahoo chart fetched 307 5m candles (attempt 1)
2026-06-10 09:45:05 [INFO] core.strategy: 📦 SBILIFE — Combined: 304 yfinance + 3 WebSocket = 307 total candles (dropped 2 duplicate Yahoo candles at stitch boundary)
2026-06-10 09:45:05 [INFO] core.strategy: ✅ TATACONSUM — Yahoo chart fetched 306 5m candles (attempt 1)
2026-06-10 09:45:05 [INFO] core.strategy: 📦 TATACONSUM — Combined: 304 yfinance + 3 WebSocket = 307 total candles (dropped 2 duplicate Yahoo candles at stitch boundary)
2026-06-10 09:45:05 [INFO] core.data_fetcher: 🕯️ Candle closed: MARUTI | 2026-06-10 09:40 | O:13114.00 H:13145.00 L:13111.00 C:13134.00 V:3290.0
2026-06-10 09:45:07 [INFO] core.data_fetcher: 🕯️ Candle closed: HCLTECH | 2026-06-10 09:40 | O:1144.00 H:1145.00 L:1143.00 C:1144.40 V:19675.0
2026-06-10 09:45:07 [INFO] core.strategy: ✅ SUNPHARMA — Yahoo chart fetched 306 5m candles (attempt 1)
2026-06-10 09:45:07 [INFO] core.strategy: 📦 SUNPHARMA — Combined: 304 yfinance + 3 WebSocket = 307 total candles (dropped 2 duplicate Yahoo candles at stitch boundary)
2026-06-10 09:45:07 [INFO] core.strategy: ✅ DIVISLAB — Yahoo chart fetched 306 5m candles (attempt 1)
2026-06-10 09:45:07 [INFO] core.strategy: 📦 DIVISLAB — Combined: 304 yfinance + 3 WebSocket = 307 total candles (dropped 2 duplicate Yahoo candles at stitch boundary)
2026-06-10 09:45:08 [INFO] core.strategy: ✅ TATASTEEL — Yahoo chart fetched 306 5m candles (attempt 1)
2026-06-10 09:45:08 [INFO] core.strategy: 📦 TATASTEEL — Combined: 304 yfinance + 3 WebSocket = 307 total candles (dropped 2 duplicate Yahoo candles at stitch boundary)
2026-06-10 09:45:08 [INFO] core.strategy: ✅ ICICIBANK — Yahoo chart fetched 306 5m candles (attempt 1)
2026-06-10 09:45:08 [INFO] core.strategy: 📦 ICICIBANK — Combined: 304 yfinance + 3 WebSocket = 307 total candles (dropped 2 duplicate Yahoo candles at stitch boundary)
2026-06-10 09:45:08 [INFO] core.strategy: ✅ HDFCBANK — Yahoo chart fetched 306 5m candles (attempt 1)
2026-06-10 09:45:08 [INFO] core.strategy: 📦 HDFCBANK — Combined: 304 yfinance + 3 WebSocket = 307 total candles (dropped 2 duplicate Yahoo candles at stitch boundary)
2026-06-10 09:45:09 [INFO] core.strategy: ✅ INFY — Yahoo chart fetched 306 5m candles (attempt 1)
2026-06-10 09:45:09 [INFO] core.strategy: 📦 INFY — Combined: 304 yfinance + 3 WebSocket = 307 total candles (dropped 2 duplicate Yahoo candles at stitch boundary)
2026-06-10 09:45:09 [INFO] core.strategy: ✅ HCLTECH — Yahoo chart fetched 306 5m candles (attempt 1)
2026-06-10 09:45:09 [INFO] core.strategy: 📦 HCLTECH — Combined: 304 yfinance + 3 WebSocket = 307 total candles (dropped 2 duplicate Yahoo candles at stitch boundary)
2026-06-10 09:45:09 [INFO] core.strategy: ✅ MARUTI — Yahoo chart fetched 306 5m candles (attempt 1)
2026-06-10 09:45:09 [INFO] core.strategy: 📦 MARUTI — Combined: 304 yfinance + 3 WebSocket = 307 total candles (dropped 2 duplicate Yahoo candles at stitch boundary)
2026-06-10 09:45:12 [INFO] core.state_manager: [BRIEFING] Loading from data/session_briefing.json...
2026-06-10 09:45:12 [INFO] core.state_manager: [BRIEFING] Loaded Valid: 8 approved + 22 watchlist (MORNING_SCREENER)
2026-06-10 09:45:18 [INFO] core.data_fetcher: 🕯️ Candle closed: JSWSTEEL | 2026-06-10 09:40 | O:1262.10 H:1262.30 L:1260.30 C:1262.00 V:13249.0
2026-06-10 09:45:19 [INFO] core.strategy: ✅ JSWSTEEL — Yahoo chart fetched 306 5m candles (attempt 1)
2026-06-10 09:45:19 [INFO] core.strategy: 📦 JSWSTEEL — Combined: 304 yfinance + 3 WebSocket = 307 total candles (dropped 2 duplicate Yahoo candles at stitch boundary)
2026-06-10 09:45:40 [INFO] core.data_fetcher: 🕯️ Candle closed: HDFCLIFE | 2026-06-10 09:40 | O:564.95 H:565.00 L:563.85 C:564.00 V:22937.0
2026-06-10 09:45:41 [INFO] core.strategy: BUY SIGNAL TRIGGERED
Symbol: NTPC
Price: 354.3
Triggered Set: BUY_RSI_35_SUPPORT_BOUNCE
Set Side: BUY
Confidence: base=70.0 signal_x=1.0 weight_x=1.1 time=9:15-10:00@1.0 market_x=1.0 advisory_x=0.99 final=76.2 min=35.0
Satisfied:
- RSI Crosses 35 Up: RSI=37.0, Crossed=True
- Two Green Candles: G1=True, G2=True
Why: Custom strategy: RSI crosses 35 from below, confirmed by two back-to-back green candles acting as support.
2026-06-10 09:45:41 [INFO] core.token_validator: 🔐 Pre-Order Token Check | State: VALID | Info: {'status': 'VALID', 'scope': ['Trade'], 'ucc': 'XD16F', 'expires_at': '2026-06-11T00:00:00', 'issued_at': '2026-06-10T09:36:57', 'seconds_until_expiry': 51259, 'created_seconds_ago': 524}
2026-06-10 09:45:41 [INFO] core.token_validator: ✅ Token ready for order — proceeding
2026-06-10 09:45:41 [INFO] core.order_executor: 📊 Margin Discovery [NTPC]: ₹70.86/share (5.0x) [Source: API (client.margin_required)]
2026-06-10 09:45:41 [INFO] core.order_executor: ✅ Quantity calculated | NTPC | Price: ₹354.3 | Qty: 13 | Margin Blocked: ₹921 | Limiting: allocation | Free Margin Left: ₹3819
2026-06-10 09:45:41 [INFO] core.order_executor: 📋 Preparing B order | Symbol: NTPC-EQ | Qty: 13 | Price: ₹354.3
2026-06-10 09:45:41 [INFO] core.token_validator: 🔐 Pre-Order Token Check | State: VALID | Info: {'status': 'VALID', 'scope': ['Trade'], 'ucc': 'XD16F', 'expires_at': '2026-06-11T00:00:00', 'issued_at': '2026-06-10T09:36:57', 'seconds_until_expiry': 51259, 'created_seconds_ago': 524}
2026-06-10 09:45:41 [INFO] core.token_validator: ✅ Token ready for order — proceeding
2026-06-10 09:45:41 [INFO] core.token_validator: ✅ Trade token + sid confirmed and set on client (scope=['Trade'])
2026-06-10 09:45:41 [INFO] core.order_executor: 📋 PRE-ORDER CONFIG DUMP (ATTEMPT 1/2) | host=PROD | access_token=eyJhbGciOiJSUzI1NiIs... | edit_token=eyJhbGciOiJSUzI1NiIs... | tokens_match=True | edit_sid=e49b550c-ee0f-432c-92c3-ccdcf265eeaa | serverId=24028c3e-9b6c-4189-a4e2-d41f429a24e3 | base_url=https://e41.kotaksecurities.com
2026-06-10 09:45:42 [INFO] core.order_executor: ✅ Order placed (attempt 1/2) | Order ID: 260610000082143
2026-06-10 09:45:42 [INFO] core.order_executor: ✅ BUY order placed: 260610000082143 | Qty: 13
2026-06-10 09:45:42 [INFO] core.order_verifier: 📤 Order recorded: 260610000082143 (NTPC)
2026-06-10 09:45:42 [INFO] core.order_verifier: ✅ Order 260610000082143 verified as COMPLETE
2026-06-10 09:45:42 [INFO] core.order_executor: ✅ BUY verified on broker | Symbol: NTPC | Qty: 13 | Product: MIS | SL: ₹352.53
2026-06-10 09:45:44 [INFO] core.order_executor: 🔄 Placing broker SL for NTPC | Qty: 13 | Trigger: ₹352.53 | Trading symbol: NTPC-EQ
2026-06-10 09:45:44 [INFO] core.order_executor: 🔄 [SL] Starting SL order placement | Symbol: NTPC-EQ | Qty: 13 | Software SL: ₹352.53 | Broker Trigger: ₹349.0 | Broker Limit: ₹348.85
2026-06-10 09:45:44 [INFO] core.order_executor: 📋 SL ORDER KWARGS (WILL SEND TO KOTAK):
2026-06-10 09:45:44 [INFO] core.order_executor:     exchange_segment     = nse_cm
2026-06-10 09:45:44 [INFO] core.order_executor:     product              = MIS
2026-06-10 09:45:44 [INFO] core.order_executor:     price                = 348.85
2026-06-10 09:45:44 [INFO] core.order_executor:     order_type           = SL
2026-06-10 09:45:44 [INFO] core.order_executor:     quantity             = 13
2026-06-10 09:45:44 [INFO] core.order_executor:     validity             = DAY
2026-06-10 09:45:44 [INFO] core.order_executor:     trading_symbol       = NTPC-EQ
2026-06-10 09:45:44 [INFO] core.order_executor:     transaction_type     = S
2026-06-10 09:45:44 [INFO] core.order_executor:     amo                  = NO
2026-06-10 09:45:44 [INFO] core.order_executor:     disclosed_quantity   = 0
2026-06-10 09:45:44 [INFO] core.order_executor:     market_protection    = 0
2026-06-10 09:45:44 [INFO] core.order_executor:     pf                   = N
2026-06-10 09:45:44 [INFO] core.order_executor:     trigger_price        = 349.0
2026-06-10 09:45:44 [INFO] core.order_executor:    ℹ️ If Kotak rejects: Try exchange_segment='NSE' instead of 'nse_cm'
2026-06-10 09:45:44 [INFO] core.order_executor:    ℹ️ If Kotak rejects: Check if product 'MIS' supports SL orders (try 'CNC' if 'MIS' rejected)
2026-06-10 09:45:44 [INFO] core.token_validator: ✅ Trade token + sid confirmed and set on client (scope=['Trade'])
2026-06-10 09:45:44 [INFO] core.order_executor: 📋 PRE-ORDER CONFIG DUMP (SL-M) | host=PROD | access_token=SET | edit_token=SET | edit_sid=e49b550c-ee0f-432c-92c3-ccdcf265eeaa | serverId=24028c3e-9b6c-4189-a4e2-d41f429a24e3 | base_url=https://e41.kotaksecurities.com
2026-06-10 09:45:44 [INFO] core.order_executor: 🛡️ Broker SL placed | NTPC | Qty: 13 | Trigger: ₹352.53 | OrderID: 260610000082199 (attempt 1/3)
2026-06-10 09:45:47 [INFO] core.order_executor: ✅ [LIVE] BUY | NTPC | Qty: 13 | @ ₹354.3 | SL: ₹352.53 | Target: ₹356.95 | Broker SL: ✅ 260610000082199
2026-06-10 09:45:47 [INFO] core.audit_logger: [AUDIT] ORDER_PLACED: {'symbol': 'NTPC', 'side': 'BUY', 'quantity': 13, 'price': 354.3, 'order_id': '260610000082143', 'stop_loss': 352.53, 'target': 356.95}
2026-06-10 09:45:47 [INFO] core.state_manager: Position saved: NTPC x13 | Target: 356.95 | SL: 352.53
2026-06-10 09:45:48 [INFO] core.strategy: ✅ HDFCLIFE — Yahoo chart fetched 306 5m candles (attempt 1)
2026-06-10 09:45:48 [INFO] core.strategy: 📦 HDFCLIFE — Combined: 304 yfinance + 3 WebSocket = 307 total candles (dropped 2 duplicate Yahoo candles at stitch boundary)
2026-06-10 09:46:10 [INFO] core.strategy: ─── Scan summary (30 subscribed) ───
  [Cognition] SUNPHARMA: ticks=207 | live_candles=3
  [Cognition] DIVISLAB: ticks=151 | live_candles=3
  [Cognition] TATASTEEL: ticks=387 | live_candles=3
  [Cognition] SBIN: ticks=473 | live_candles=3
  [Cognition] TITAN: ticks=237 | live_candles=3
  [Cognition] RELIANCE: ticks=489 | live_candles=3
  [Cognition] NTPC: ticks=407 | live_candles=3
  [Cognition] HDFCLIFE: ticks=98 | live_candles=3
  [Math] ICICIBANK: ticks=339 | live_candles=3
  [Math] APOLLOHOSP: ticks=208 | live_candles=3
  [Math] TCS: ticks=419 | live_candles=3
  [Math] HDFCBANK: ticks=363 | live_candles=3
  [Math] INFY: ticks=364 | live_candles=3
  [Math] HINDUNILVR: ticks=456 | live_candles=3
  [Math] ITC: ticks=460 | live_candles=3
  [Math] BHARTIARTL: ticks=462 | live_candles=3
  [Math] LT: ticks=224 | live_candles=3
  [Math] HCLTECH: ticks=170 | live_candles=3
  [Math] MARUTI: ticks=135 | live_candles=3
  [Math] WIPRO: ticks=410 | live_candles=3
  [Math] NESTLEIND: ticks=380 | live_candles=3
  [Math] BAJAJFINSV: ticks=174 | live_candles=3
  [Math] DRREDDY: ticks=82 | live_candles=3
  [Math] EICHERMOT: ticks=195 | live_candles=3
  [Math] HEROMOTOCO: ticks=354 | live_candles=3
  [Math] HINDALCO: ticks=463 | live_candles=3
  [Math] JSWSTEEL: ticks=126 | live_candles=3
  [Math] M&M: ticks=304 | live_candles=3
  [Math] SBILIFE: ticks=105 | live_candles=3
  [Math] TATACONSUM: ticks=214 | live_candles=3
2026-06-10 09:46:13 [INFO] core.state_manager: [BRIEFING] Loading from data/session_briefing.json...
2026-06-10 09:46:13 [INFO] core.state_manager: [BRIEFING] Loaded Valid: 8 approved + 22 watchlist (MORNING_SCREENER)
2026-06-10 09:46:59 [INFO] core.data_fetcher: 📡 Live feed | ticks received: 30/30 symbols | active=['SUNPHARMA', 'DIVISLAB', 'TATASTEEL', 'SBIN', 'TITAN', 'RELIANCE', 'NTPC', 'HDFCLIFE']...
2026-06-10 09:47:14 [INFO] core.state_manager: [BRIEFING] Loading from data/session_briefing.json...
2026-06-10 09:47:14 [INFO] core.state_manager: [BRIEFING] Loaded Valid: 8 approved + 22 watchlist (MORNING_SCREENER)
2026-06-10 09:47:43 [INFO] core.strategy: ─── Scan summary (30 subscribed) ───
  [Cognition] SUNPHARMA: ticks=237 | live_candles=3
  [Cognition] DIVISLAB: ticks=182 | live_candles=3
  [Cognition] TATASTEEL: ticks=461 | live_candles=3
  [Cognition] SBIN: ticks=547 | live_candles=3
  [Cognition] TITAN: ticks=275 | live_candles=3
  [Cognition] RELIANCE: ticks=581 | live_candles=3
  [Cognition] NTPC: ticks=461 | live_candles=3
  [Cognition] HDFCLIFE: ticks=116 | live_candles=3
  [Math] ICICIBANK: ticks=414 | live_candles=3
  [Math] APOLLOHOSP: ticks=260 | live_candles=3
  [Math] TCS: ticks=492 | live_candles=3
  [Math] HDFCBANK: ticks=423 | live_candles=3
  [Math] INFY: ticks=451 | live_candles=3
  [Math] HINDUNILVR: ticks=543 | live_candles=3
  [Math] ITC: ticks=535 | live_candles=3
  [Math] BHARTIARTL: ticks=530 | live_candles=3
  [Math] LT: ticks=283 | live_candles=3
  [Math] HCLTECH: ticks=202 | live_candles=3
  [Math] MARUTI: ticks=155 | live_candles=3
  [Math] WIPRO: ticks=464 | live_candles=3
  [Math] NESTLEIND: ticks=439 | live_candles=3
  [Math] BAJAJFINSV: ticks=207 | live_candles=3
  [Math] DRREDDY: ticks=99 | live_candles=3
  [Math] EICHERMOT: ticks=227 | live_candles=3
  [Math] HEROMOTOCO: ticks=405 | live_candles=3
  [Math] HINDALCO: ticks=519 | live_candles=3
  [Math] JSWSTEEL: ticks=136 | live_candles=3
  [Math] M&M: ticks=352 | live_candles=3
  [Math] SBILIFE: ticks=123 | live_candles=3
  [Math] TATACONSUM: ticks=251 | live_candles=3
2026-06-10 09:48:15 [INFO] core.state_manager: [BRIEFING] Loading from data/session_briefing.json...
2026-06-10 09:48:15 [INFO] core.state_manager: [BRIEFING] Loaded Valid: 8 approved + 22 watchlist (MORNING_SCREENER)
2026-06-10 09:48:59 [INFO] core.data_fetcher: 📡 Live feed | ticks received: 30/30 symbols | active=['SUNPHARMA', 'DIVISLAB', 'TATASTEEL', 'SBIN', 'TITAN', 'RELIANCE', 'NTPC', 'HDFCLIFE']...
2026-06-10 09:49:16 [INFO] core.state_manager: [BRIEFING] Loading from data/session_briefing.json...
2026-06-10 09:49:16 [INFO] core.state_manager: [BRIEFING] Loaded Valid: 8 approved + 22 watchlist (MORNING_SCREENER)
2026-06-10 09:49:16 [INFO] core.strategy: ─── Scan summary (30 subscribed) ───
  [Cognition] SUNPHARMA: ticks=264 | live_candles=3
  [Cognition] DIVISLAB: ticks=203 | live_candles=3
  [Cognition] TATASTEEL: ticks=525 | live_candles=3
  [Cognition] SBIN: ticks=631 | live_candles=3
  [Cognition] TITAN: ticks=314 | live_candles=3
  [Cognition] RELIANCE: ticks=677 | live_candles=3
  [Cognition] NTPC: ticks=524 | live_candles=3
  [Cognition] HDFCLIFE: ticks=126 | live_candles=3
  [Math] ICICIBANK: ticks=480 | live_candles=3
  [Math] APOLLOHOSP: ticks=306 | live_candles=3
  [Math] TCS: ticks=563 | live_candles=3
  [Math] HDFCBANK: ticks=483 | live_candles=3
  [Math] INFY: ticks=513 | live_candles=3
  [Math] HINDUNILVR: ticks=629 | live_candles=3
  [Math] ITC: ticks=604 | live_candles=3
  [Math] BHARTIARTL: ticks=607 | live_candles=3
  [Math] LT: ticks=330 | live_candles=3
  [Math] HCLTECH: ticks=233 | live_candles=3
  [Math] MARUTI: ticks=164 | live_candles=3
  [Math] WIPRO: ticks=513 | live_candles=3
  [Math] NESTLEIND: ticks=494 | live_candles=3
  [Math] BAJAJFINSV: ticks=238 | live_candles=3
  [Math] DRREDDY: ticks=109 | live_candles=3
  [Math] EICHERMOT: ticks=245 | live_candles=3
  [Math] HEROMOTOCO: ticks=463 | live_candles=3
  [Math] HINDALCO: ticks=575 | live_candles=3
  [Math] JSWSTEEL: ticks=145 | live_candles=3
  [Math] M&M: ticks=403 | live_candles=3
  [Math] SBILIFE: ticks=135 | live_candles=3
  [Math] TATACONSUM: ticks=277 | live_candles=3
2026-06-10 09:50:00 [INFO] core.data_fetcher: 🕯️ Candle closed: TATASTEEL | 2026-06-10 09:45 | O:202.45 H:202.78 L:202.38 C:202.68 V:257094.0
2026-06-10 09:50:00 [INFO] core.data_fetcher: 🕯️ Candle closed: ICICIBANK | 2026-06-10 09:45 | O:1287.50 H:1289.90 L:1286.30 C:1289.50 V:510455.0
2026-06-10 09:50:00 [INFO] core.data_fetcher: 🕯️ Candle closed: RELIANCE | 2026-06-10 09:45 | O:1294.20 H:1299.80 L:1294.20 C:1298.10 V:342524.0
2026-06-10 09:50:00 [INFO] core.data_fetcher: 🕯️ Candle closed: BHARTIARTL | 2026-06-10 09:45 | O:1791.00 H:1793.90 L:1790.00 C:1790.90 V:96814.0
2026-06-10 09:50:00 [INFO] core.data_fetcher: 🕯️ Candle closed: SBILIFE | 2026-06-10 09:45 | O:1771.00 H:1774.00 L:1768.60 C:1771.60 V:7152.0
2026-06-10 09:50:00 [INFO] core.data_fetcher: 🕯️ Candle closed: SBIN | 2026-06-10 09:45 | O:1010.30 H:1010.95 L:1008.50 C:1009.05 V:250213.0
2026-06-10 09:50:00 [INFO] core.data_fetcher: 🕯️ Candle closed: ITC | 2026-06-10 09:45 | O:282.10 H:282.80 L:282.00 C:282.65 V:223327.0
2026-06-10 09:50:00 [INFO] core.data_fetcher: 🕯️ Candle closed: M&M | 2026-06-10 09:45 | O:2984.30 H:2985.30 L:2980.00 C:2982.00 V:50481.0
2026-06-10 09:50:00 [INFO] core.data_fetcher: 🕯️ Candle closed: HDFCLIFE | 2026-06-10 09:45 | O:563.95 H:564.45 L:563.85 C:564.45 V:17173.0
2026-06-10 09:50:00 [INFO] core.data_fetcher: 🕯️ Candle closed: JSWSTEEL | 2026-06-10 09:45 | O:1262.20 H:1262.40 L:1260.40 C:1262.00 V:5947.0
2026-06-10 09:50:00 [INFO] core.data_fetcher: 🕯️ Candle closed: HINDUNILVR | 2026-06-10 09:45 | O:2190.50 H:2199.80 L:2190.00 C:2199.10 V:95171.0
2026-06-10 09:50:00 [INFO] core.data_fetcher: 🕯️ Candle closed: EICHERMOT | 2026-06-10 09:45 | O:7238.00 H:7258.00 L:7234.00 C:7255.50 V:3976.0
2026-06-10 09:50:00 [INFO] core.data_fetcher: 🕯️ Candle closed: APOLLOHOSP | 2026-06-10 09:45 | O:8613.50 H:8624.00 L:8610.00 C:8622.00 V:14898.0
2026-06-10 09:50:00 [INFO] core.data_fetcher: 🕯️ Candle closed: HDFCBANK | 2026-06-10 09:45 | O:740.05 H:740.40 L:738.55 C:739.40 V:1164089.0
2026-06-10 09:50:00 [INFO] core.data_fetcher: 🕯️ Candle closed: WIPRO | 2026-06-10 09:45 | O:180.90 H:181.40 L:180.75 C:181.35 V:273686.0
2026-06-10 09:50:00 [INFO] core.data_fetcher: 🕯️ Candle closed: NESTLEIND | 2026-06-10 09:45 | O:1448.20 H:1451.00 L:1446.80 C:1449.00 V:57354.0
2026-06-10 09:50:00 [INFO] core.data_fetcher: 🕯️ Candle closed: HEROMOTOCO | 2026-06-10 09:45 | O:4960.40 H:4985.00 L:4950.10 C:4980.80 V:30164.0
2026-06-10 09:50:01 [INFO] core.data_fetcher: 🕯️ Candle closed: INFY | 2026-06-10 09:45 | O:1165.20 H:1169.40 L:1165.00 C:1168.00 V:278789.0
2026-06-10 09:50:01 [INFO] core.data_fetcher: 🕯️ Candle closed: DIVISLAB | 2026-06-10 09:45 | O:6776.50 H:6782.50 L:6768.50 C:6771.00 V:5204.0
2026-06-10 09:50:01 [INFO] core.data_fetcher: 🕯️ Candle closed: HCLTECH | 2026-06-10 09:45 | O:1144.30 H:1149.80 L:1143.50 C:1148.90 V:25336.0
2026-06-10 09:50:01 [INFO] core.data_fetcher: 🕯️ Candle closed: HINDALCO | 2026-06-10 09:45 | O:1042.20 H:1043.50 L:1041.10 C:1042.40 V:57162.0
2026-06-10 09:50:01 [INFO] core.data_fetcher: 🕯️ Candle closed: TITAN | 2026-06-10 09:45 | O:4094.90 H:4109.00 L:4094.30 C:4106.00 V:8014.0
2026-06-10 09:50:01 [INFO] core.data_fetcher: 🕯️ Candle closed: DRREDDY | 2026-06-10 09:45 | O:1274.90 H:1276.90 L:1274.90 C:1275.40 V:46094.0
2026-06-10 09:50:01 [INFO] core.data_fetcher: 🕯️ Candle closed: BAJAJFINSV | 2026-06-10 09:45 | O:1691.50 H:1693.60 L:1691.00 C:1692.30 V:4205.0
2026-06-10 09:50:02 [INFO] core.data_fetcher: 🕯️ Candle closed: TATACONSUM | 2026-06-10 09:45 | O:1127.70 H:1130.30 L:1124.80 C:1130.00 V:72504.0
2026-06-10 09:50:02 [INFO] core.data_fetcher: 🕯️ Candle closed: SUNPHARMA | 2026-06-10 09:45 | O:1775.30 H:1777.40 L:1775.30 C:1776.70 V:10445.0
2026-06-10 09:50:02 [INFO] core.data_fetcher: 🕯️ Candle closed: NTPC | 2026-06-10 09:45 | O:354.25 H:354.90 L:353.70 C:354.50 V:359130.0
2026-06-10 09:50:02 [INFO] core.data_fetcher: 🕯️ Candle closed: TCS | 2026-06-10 09:45 | O:2171.30 H:2176.90 L:2170.50 C:2174.00 V:60778.0
2026-06-10 09:50:03 [INFO] core.data_fetcher: 🕯️ Candle closed: LT | 2026-06-10 09:45 | O:3910.80 H:3917.90 L:3910.00 C:3916.20 V:14916.0
2026-06-10 09:50:04 [INFO] core.data_fetcher: 🕯️ Candle closed: MARUTI | 2026-06-10 09:45 | O:13135.00 H:13135.00 L:13120.00 C:13129.00 V:1668.0
2026-06-10 09:50:18 [INFO] core.state_manager: [BRIEFING] Loading from data/session_briefing.json...
2026-06-10 09:50:18 [INFO] core.state_manager: [BRIEFING] Loaded Valid: 8 approved + 22 watchlist (MORNING_SCREENER)
2026-06-10 09:50:47 [INFO] core.strategy: ─── Scan summary (30 subscribed) ───
  [Cognition] SUNPHARMA: ticks=294 | live_candles=4
  [Cognition] DIVISLAB: ticks=224 | live_candles=4
  [Cognition] TATASTEEL: ticks=587 | live_candles=4
  [Cognition] SBIN: ticks=717 | live_candles=4
  [Cognition] TITAN: ticks=337 | live_candles=4
  [Cognition] RELIANCE: ticks=773 | live_candles=4
  [Cognition] NTPC: ticks=581 | live_candles=4
  [Cognition] HDFCLIFE: ticks=146 | live_candles=4
  [Math] ICICIBANK: ticks=543 | live_candles=4
  [Math] APOLLOHOSP: ticks=352 | live_candles=4
  [Math] TCS: ticks=637 | live_candles=4
  [Math] HDFCBANK: ticks=547 | live_candles=4
  [Math] INFY: ticks=601 | live_candles=4
  [Math] HINDUNILVR: ticks=707 | live_candles=4
  [Math] ITC: ticks=672 | live_candles=4
  [Math] BHARTIARTL: ticks=671 | live_candles=4
  [Math] LT: ticks=360 | live_candles=4
  [Math] HCLTECH: ticks=271 | live_candles=4
  [Math] MARUTI: ticks=181 | live_candles=4
  [Math] WIPRO: ticks=572 | live_candles=4
  [Math] NESTLEIND: ticks=542 | live_candles=4
  [Math] BAJAJFINSV: ticks=270 | live_candles=4
  [Math] DRREDDY: ticks=118 | live_candles=4
  [Math] EICHERMOT: ticks=283 | live_candles=4
  [Math] HEROMOTOCO: ticks=522 | live_candles=4
  [Math] HINDALCO: ticks=624 | live_candles=4
  [Math] JSWSTEEL: ticks=160 | live_candles=4
  [Math] M&M: ticks=471 | live_candles=4
  [Math] SBILIFE: ticks=151 | live_candles=4
  [Math] TATACONSUM: ticks=336 | live_candles=4
2026-06-10 09:50:59 [INFO] core.data_fetcher: 📡 Live feed | ticks received: 30/30 symbols | active=['SUNPHARMA', 'DIVISLAB', 'TATASTEEL', 'SBIN', 'TITAN', 'RELIANCE', 'NTPC', 'HDFCLIFE']...
2026-06-10 09:51:19 [INFO] core.state_manager: [BRIEFING] Loading from data/session_briefing.json...
2026-06-10 09:51:19 [INFO] core.state_manager: [BRIEFING] Loaded Valid: 8 approved + 22 watchlist (MORNING_SCREENER)
2026-06-10 09:52:01 [INFO] apscheduler.executors.default: Running job "Market Observation Loop (trigger: interval[0:15:00], next run at: 2026-06-10 10:07:01 IST)" (scheduled at 2026-06-10 09:52:01.484149+05:30)
2026-06-10 09:52:01 [INFO] reflection.observation_loop: 🔍 Running observation cycle...
2026-06-10 09:52:01 [INFO] core.state_manager: [BRIEFING] Loading from data/session_briefing.json...
2026-06-10 09:52:01 [INFO] core.state_manager: [BRIEFING] Loaded Valid: 8 approved + 22 watchlist (MORNING_SCREENER)
2026-06-10 09:52:01 [INFO] reflection.observation_loop: 📊 Observation recorded:
   Market: RANGING | Trend: WEAK
   Vol: LOW | Breakouts: LOW
   Reversals: LOW
2026-06-10 09:52:01 [INFO] apscheduler.executors.default: Job "Market Observation Loop (trigger: interval[0:15:00], next run at: 2026-06-10 10:07:01 IST)" executed successfully
2026-06-10 09:52:19 [INFO] core.strategy: ─── Scan summary (30 subscribed) ───
  [Cognition] SUNPHARMA: ticks=336 | live_candles=4
  [Cognition] DIVISLAB: ticks=258 | live_candles=4
  [Cognition] TATASTEEL: ticks=652 | live_candles=4
  [Cognition] SBIN: ticks=804 | live_candles=4
  [Cognition] TITAN: ticks=390 | live_candles=4
  [Cognition] RELIANCE: ticks=867 | live_candles=4
  [Cognition] NTPC: ticks=618 | live_candles=4
  [Cognition] HDFCLIFE: ticks=166 | live_candles=4
  [Math] ICICIBANK: ticks=627 | live_candles=4
  [Math] APOLLOHOSP: ticks=422 | live_candles=4
  [Math] TCS: ticks=728 | live_candles=4
  [Math] HDFCBANK: ticks=597 | live_candles=4
  [Math] INFY: ticks=685 | live_candles=4
  [Math] HINDUNILVR: ticks=769 | live_candles=4
  [Math] ITC: ticks=734 | live_candles=4
  [Math] BHARTIARTL: ticks=731 | live_candles=4
  [Math] LT: ticks=400 | live_candles=4
  [Math] HCLTECH: ticks=313 | live_candles=4
  [Math] MARUTI: ticks=193 | live_candles=4
  [Math] WIPRO: ticks=641 | live_candles=4
  [Math] NESTLEIND: ticks=587 | live_candles=4
  [Math] BAJAJFINSV: ticks=299 | live_candles=4
  [Math] DRREDDY: ticks=134 | live_candles=4
  [Math] EICHERMOT: ticks=307 | live_candles=4
  [Math] HEROMOTOCO: ticks=582 | live_candles=4
  [Math] HINDALCO: ticks=690 | live_candles=4
  [Math] JSWSTEEL: ticks=175 | live_candles=4
  [Math] M&M: ticks=534 | live_candles=4
  [Math] SBILIFE: ticks=176 | live_candles=4
  [Math] TATACONSUM: ticks=388 | live_candles=4
2026-06-10 09:52:22 [INFO] core.state_manager: [BRIEFING] Loading from data/session_briefing.json...
2026-06-10 09:52:22 [INFO] core.state_manager: [BRIEFING] Loaded Valid: 8 approved + 22 watchlist (MORNING_SCREENER)
2026-06-10 09:52:59 [INFO] core.data_fetcher: 📡 Live feed | ticks received: 30/30 symbols | active=['SUNPHARMA', 'DIVISLAB', 'TATASTEEL', 'SBIN', 'TITAN', 'RELIANCE', 'NTPC', 'HDFCLIFE']...
2026-06-10 09:53:23 [INFO] core.state_manager: [BRIEFING] Loading from data/session_briefing.json...
2026-06-10 09:53:23 [INFO] core.state_manager: [BRIEFING] Loaded Valid: 8 approved + 22 watchlist (MORNING_SCREENER)
2026-06-10 09:53:49 [INFO] core.strategy: ─── Scan summary (30 subscribed) ───
  [Cognition] SUNPHARMA: ticks=366 | live_candles=4
  [Cognition] DIVISLAB: ticks=284 | live_candles=4
  [Cognition] TATASTEEL: ticks=711 | live_candles=4
  [Cognition] SBIN: ticks=885 | live_candles=4
  [Cognition] TITAN: ticks=441 | live_candles=4
  [Cognition] RELIANCE: ticks=936 | live_candles=4
  [Cognition] NTPC: ticks=663 | live_candles=4
  [Cognition] HDFCLIFE: ticks=168 | live_candles=4
  [Math] ICICIBANK: ticks=703 | live_candles=4
  [Math] APOLLOHOSP: ticks=461 | live_candles=4
  [Math] TCS: ticks=820 | live_candles=4
  [Math] HDFCBANK: ticks=645 | live_candles=4
  [Math] INFY: ticks=757 | live_candles=4
  [Math] HINDUNILVR: ticks=853 | live_candles=4
  [Math] ITC: ticks=810 | live_candles=4
  [Math] BHARTIARTL: ticks=805 | live_candles=4
  [Math] LT: ticks=451 | live_candles=4
  [Math] HCLTECH: ticks=374 | live_candles=4
  [Math] MARUTI: ticks=219 | live_candles=4
  [Math] WIPRO: ticks=699 | live_candles=4
  [Math] NESTLEIND: ticks=631 | live_candles=4
  [Math] BAJAJFINSV: ticks=330 | live_candles=4
  [Math] DRREDDY: ticks=140 | live_candles=4
  [Math] EICHERMOT: ticks=323 | live_candles=4
  [Math] HEROMOTOCO: ticks=638 | live_candles=4
  [Math] HINDALCO: ticks=744 | live_candles=4
  [Math] JSWSTEEL: ticks=190 | live_candles=4
  [Math] M&M: ticks=590 | live_candles=4
  [Math] SBILIFE: ticks=199 | live_candles=4
  [Math] TATACONSUM: ticks=442 | live_candles=4
2026-06-10 09:54:25 [INFO] core.state_manager: [BRIEFING] Loading from data/session_briefing.json...
2026-06-10 09:54:25 [INFO] core.state_manager: [BRIEFING] Loaded Valid: 8 approved + 22 watchlist (MORNING_SCREENER)
2026-06-10 09:54:59 [INFO] core.data_fetcher: 📡 Live feed | ticks received: 30/30 symbols | active=['SUNPHARMA', 'DIVISLAB', 'TATASTEEL', 'SBIN', 'TITAN', 'RELIANCE', 'NTPC', 'HDFCLIFE']...
2026-06-10 09:55:00 [INFO] core.data_fetcher: 🕯️ Candle closed: TATASTEEL | 2026-06-10 09:50 | O:202.69 H:202.80 L:202.40 C:202.58 V:184894.0
2026-06-10 09:55:00 [INFO] core.data_fetcher: 🕯️ Candle closed: HINDUNILVR | 2026-06-10 09:50 | O:2200.20 H:2203.80 L:2195.00 C:2201.10 V:53403.0
2026-06-10 09:55:00 [INFO] core.data_fetcher: 🕯️ Candle closed: BHARTIARTL | 2026-06-10 09:50 | O:1791.80 H:1792.30 L:1790.20 C:1790.30 V:95923.0
2026-06-10 09:55:00 [INFO] core.data_fetcher: 🕯️ Candle closed: HDFCBANK | 2026-06-10 09:50 | O:739.15 H:741.35 L:738.80 C:741.30 V:684921.0
2026-06-10 09:55:00 [INFO] core.data_fetcher: 🕯️ Candle closed: TCS | 2026-06-10 09:50 | O:2173.50 H:2180.80 L:2172.00 C:2178.30 V:76558.0
2026-06-10 09:55:00 [INFO] core.data_fetcher: 🕯️ Candle closed: SBIN | 2026-06-10 09:50 | O:1009.00 H:1009.55 L:1006.20 C:1006.65 V:322873.0
2026-06-10 09:55:00 [INFO] core.data_fetcher: 🕯️ Candle closed: WIPRO | 2026-06-10 09:50 | O:181.32 H:181.48 L:181.09 C:181.17 V:297568.0
2026-06-10 09:55:00 [INFO] core.data_fetcher: 🕯️ Candle closed: NTPC | 2026-06-10 09:50 | O:354.60 H:354.75 L:354.10 C:354.25 V:160524.0
2026-06-10 09:55:00 [INFO] core.data_fetcher: 🕯️ Candle closed: M&M | 2026-06-10 09:50 | O:2981.90 H:2982.90 L:2975.00 C:2981.00 V:55229.0
2026-06-10 09:55:00 [INFO] core.data_fetcher: 🕯️ Candle closed: LT | 2026-06-10 09:50 | O:3915.90 H:3918.00 L:3912.40 C:3914.40 V:14292.0
2026-06-10 09:55:00 [INFO] core.data_fetcher: 🕯️ Candle closed: RELIANCE | 2026-06-10 09:50 | O:1298.40 H:1298.40 L:1297.10 C:1297.50 V:118902.0
2026-06-10 09:55:00 [INFO] core.data_fetcher: 🕯️ Candle closed: HINDALCO | 2026-06-10 09:50 | O:1042.50 H:1043.80 L:1040.30 C:1040.30 V:92161.0
2026-06-10 09:55:00 [INFO] core.data_fetcher: 🕯️ Candle closed: BAJAJFINSV | 2026-06-10 09:50 | O:1692.40 H:1692.80 L:1689.00 C:1689.00 V:8594.0
2026-06-10 09:55:01 [INFO] core.data_fetcher: 🕯️ Candle closed: ITC | 2026-06-10 09:50 | O:282.55 H:282.70 L:282.50 C:282.60 V:86725.0
2026-06-10 09:55:01 [INFO] core.data_fetcher: 🕯️ Candle closed: JSWSTEEL | 2026-06-10 09:50 | O:1262.20 H:1263.20 L:1260.50 C:1260.50 V:6907.0
2026-06-10 09:55:01 [INFO] core.data_fetcher: 🕯️ Candle closed: TATACONSUM | 2026-06-10 09:50 | O:1129.90 H:1134.10 L:1129.30 C:1133.20 V:71335.0
2026-06-10 09:55:01 [INFO] core.data_fetcher: 🕯️ Candle closed: HCLTECH | 2026-06-10 09:50 | O:1148.70 H:1152.00 L:1147.70 C:1150.40 V:29587.0
2026-06-10 09:55:02 [INFO] core.data_fetcher: 🕯️ Candle closed: SBILIFE | 2026-06-10 09:50 | O:1771.80 H:1773.50 L:1770.30 C:1771.60 V:7780.0
2026-06-10 09:55:02 [INFO] core.data_fetcher: 🕯️ Candle closed: APOLLOHOSP | 2026-06-10 09:50 | O:8621.00 H:8622.50 L:8574.00 C:8577.00 V:15783.0
2026-06-10 09:55:02 [INFO] core.data_fetcher: 🕯️ Candle closed: DRREDDY | 2026-06-10 09:50 | O:1275.30 H:1275.50 L:1273.10 C:1273.30 V:7911.0
2026-06-10 09:55:02 [INFO] core.data_fetcher: 🕯️ Candle closed: NESTLEIND | 2026-06-10 09:50 | O:1449.40 H:1451.90 L:1448.20 C:1450.90 V:44418.0
2026-06-10 09:55:04 [INFO] core.data_fetcher: 🕯️ Candle closed: DIVISLAB | 2026-06-10 09:50 | O:6771.50 H:6771.50 L:6750.50 C:6756.50 V:8122.0
2026-06-10 09:55:04 [INFO] core.data_fetcher: 🕯️ Candle closed: ICICIBANK | 2026-06-10 09:50 | O:1289.40 H:1290.90 L:1288.20 C:1290.50 V:599348.0
2026-06-10 09:55:04 [INFO] core.data_fetcher: 🕯️ Candle closed: INFY | 2026-06-10 09:50 | O:1168.20 H:1171.40 L:1167.00 C:1169.50 V:266582.0
2026-06-10 09:55:04 [INFO] core.data_fetcher: 🕯️ Candle closed: HEROMOTOCO | 2026-06-10 09:50 | O:4984.90 H:4984.90 L:4956.50 C:4967.00 V:12172.0
2026-06-10 09:55:05 [INFO] core.data_fetcher: 🕯️ Candle closed: HDFCLIFE | 2026-06-10 09:50 | O:564.30 H:564.45 L:564.00 C:564.20 V:13208.0
2026-06-10 09:55:06 [INFO] core.data_fetcher: 🕯️ Candle closed: SUNPHARMA | 2026-06-10 09:50 | O:1776.90 H:1776.90 L:1775.00 C:1776.20 V:9793.0
2026-06-10 09:55:08 [INFO] core.data_fetcher: 🕯️ Candle closed: MARUTI | 2026-06-10 09:50 | O:13133.00 H:13134.00 L:13103.00 C:13105.00 V:1823.0
2026-06-10 09:55:08 [INFO] core.data_fetcher: 🕯️ Candle closed: TITAN | 2026-06-10 09:50 | O:4105.00 H:4108.00 L:4085.20 C:4090.00 V:11402.0
2026-06-10 09:55:20 [INFO] core.data_fetcher: 🕯️ Candle closed: EICHERMOT | 2026-06-10 09:50 | O:7258.00 H:7260.00 L:7234.50 C:7244.50 V:2245.0
2026-06-10 09:55:21 [INFO] core.strategy: ─── Scan summary (30 subscribed) ───
  [Cognition] SUNPHARMA: ticks=395 | live_candles=5
  [Cognition] DIVISLAB: ticks=306 | live_candles=5
  [Cognition] TATASTEEL: ticks=784 | live_candles=5
  [Cognition] SBIN: ticks=968 | live_candles=5
  [Cognition] TITAN: ticks=491 | live_candles=5
  [Cognition] RELIANCE: ticks=1004 | live_candles=5
  [Cognition] NTPC: ticks=718 | live_candles=5
  [Cognition] HDFCLIFE: ticks=187 | live_candles=5
  [Math] ICICIBANK: ticks=767 | live_candles=5
  [Math] APOLLOHOSP: ticks=502 | live_candles=5
  [Math] TCS: ticks=902 | live_candles=5
  [Math] HDFCBANK: ticks=699 | live_candles=5
  [Math] INFY: ticks=827 | live_candles=5
  [Math] HINDUNILVR: ticks=935 | live_candles=5
  [Math] ITC: ticks=876 | live_candles=5
  [Math] BHARTIARTL: ticks=879 | live_candles=5
  [Math] LT: ticks=501 | live_candles=5
  [Math] HCLTECH: ticks=419 | live_candles=5
  [Math] MARUTI: ticks=237 | live_candles=5
  [Math] WIPRO: ticks=761 | live_candles=5
  [Math] NESTLEIND: ticks=687 | live_candles=5
  [Math] BAJAJFINSV: ticks=360 | live_candles=5
  [Math] DRREDDY: ticks=155 | live_candles=5
  [Math] EICHERMOT: ticks=343 | live_candles=5
  [Math] HEROMOTOCO: ticks=675 | live_candles=5
  [Math] HINDALCO: ticks=812 | live_candles=5
  [Math] JSWSTEEL: ticks=209 | live_candles=5
  [Math] M&M: ticks=639 | live_candles=5
  [Math] SBILIFE: ticks=224 | live_candles=5
  [Math] TATACONSUM: ticks=489 | live_candles=5
2026-06-10 09:55:27 [INFO] core.state_manager: [BRIEFING] Loading from data/session_briefing.json...
2026-06-10 09:55:27 [INFO] core.state_manager: [BRIEFING] Loaded Valid: 8 approved + 22 watchlist (MORNING_SCREENER)
2026-06-10 09:56:30 [INFO] core.state_manager: [BRIEFING] Loading from data/session_briefing.json...
2026-06-10 09:56:30 [INFO] core.state_manager: [BRIEFING] Loaded Valid: 8 approved + 22 watchlist (MORNING_SCREENER)
2026-06-10 09:56:53 [INFO] core.strategy: ─── Scan summary (30 subscribed) ───
  [Cognition] SUNPHARMA: ticks=442 | live_candles=5
  [Cognition] DIVISLAB: ticks=330 | live_candles=5
  [Cognition] TATASTEEL: ticks=861 | live_candles=5
  [Cognition] SBIN: ticks=1043 | live_candles=5
  [Cognition] TITAN: ticks=543 | live_candles=5
  [Cognition] RELIANCE: ticks=1084 | live_candles=5
  [Cognition] NTPC: ticks=777 | live_candles=5
  [Cognition] HDFCLIFE: ticks=201 | live_candles=5
  [Math] ICICIBANK: ticks=843 | live_candles=5
  [Math] APOLLOHOSP: ticks=534 | live_candles=5
  [Math] TCS: ticks=978 | live_candles=5
  [Math] HDFCBANK: ticks=779 | live_candles=5
  [Math] INFY: ticks=886 | live_candles=5
  [Math] HINDUNILVR: ticks=1026 | live_candles=5
  [Math] ITC: ticks=953 | live_candles=5
  [Math] BHARTIARTL: ticks=949 | live_candles=5
  [Math] LT: ticks=551 | live_candles=5
  [Math] HCLTECH: ticks=452 | live_candles=5
  [Math] MARUTI: ticks=255 | live_candles=5
  [Math] WIPRO: ticks=812 | live_candles=5
  [Math] NESTLEIND: ticks=740 | live_candles=5
  [Math] BAJAJFINSV: ticks=387 | live_candles=5
  [Math] DRREDDY: ticks=168 | live_candles=5
  [Math] EICHERMOT: ticks=368 | live_candles=5
  [Math] HEROMOTOCO: ticks=712 | live_candles=5
  [Math] HINDALCO: ticks=871 | live_candles=5
  [Math] JSWSTEEL: ticks=229 | live_candles=5
  [Math] M&M: ticks=684 | live_candles=5
  [Math] SBILIFE: ticks=238 | live_candles=5
  [Math] TATACONSUM: ticks=531 | live_candles=5
2026-06-10 09:56:59 [INFO] core.data_fetcher: 📡 Live feed | ticks received: 30/30 symbols | active=['SUNPHARMA', 'DIVISLAB', 'TATASTEEL', 'SBIN', 'TITAN', 'RELIANCE', 'NTPC', 'HDFCLIFE']...
2026-06-10 09:57:04 [WARNING] core.order_verifier: ⚠️  Removing old pending order: 260610000082143
2026-06-10 09:57:33 [INFO] core.state_manager: [BRIEFING] Loading from data/session_briefing.json...
2026-06-10 09:57:33 [INFO] core.state_manager: [BRIEFING] Loaded Valid: 8 approved + 22 watchlist (MORNING_SCREENER)
2026-06-10 09:58:26 [INFO] core.strategy: ─── Scan summary (30 subscribed) ───
  [Cognition] SUNPHARMA: ticks=481 | live_candles=5
  [Cognition] DIVISLAB: ticks=350 | live_candles=5
  [Cognition] TATASTEEL: ticks=924 | live_candles=5
  [Cognition] SBIN: ticks=1113 | live_candles=5
  [Cognition] TITAN: ticks=582 | live_candles=5
  [Cognition] RELIANCE: ticks=1158 | live_candles=5
  [Cognition] NTPC: ticks=838 | live_candles=5
  [Cognition] HDFCLIFE: ticks=214 | live_candles=5
  [Math] ICICIBANK: ticks=921 | live_candles=5
  [Math] APOLLOHOSP: ticks=556 | live_candles=5
  [Math] TCS: ticks=1052 | live_candles=5
  [Math] HDFCBANK: ticks=858 | live_candles=5
  [Math] INFY: ticks=946 | live_candles=5
  [Math] HINDUNILVR: ticks=1090 | live_candles=5
  [Math] ITC: ticks=1030 | live_candles=5
  [Math] BHARTIARTL: ticks=1025 | live_candles=5
  [Math] LT: ticks=596 | live_candles=5
  [Math] HCLTECH: ticks=490 | live_candles=5
  [Math] MARUTI: ticks=272 | live_candles=5
  [Math] WIPRO: ticks=864 | live_candles=5
  [Math] NESTLEIND: ticks=782 | live_candles=5
  [Math] BAJAJFINSV: ticks=412 | live_candles=5
  [Math] DRREDDY: ticks=178 | live_candles=5
  [Math] EICHERMOT: ticks=390 | live_candles=5
  [Math] HEROMOTOCO: ticks=750 | live_candles=5
  [Math] HINDALCO: ticks=929 | live_candles=5
  [Math] JSWSTEEL: ticks=256 | live_candles=5
  [Math] M&M: ticks=734 | live_candles=5
  [Math] SBILIFE: ticks=253 | live_candles=5
  [Math] TATACONSUM: ticks=561 | live_candles=5
2026-06-10 09:58:36 [INFO] core.state_manager: [BRIEFING] Loading from data/session_briefing.json...
2026-06-10 09:58:36 [INFO] core.state_manager: [BRIEFING] Loaded Valid: 8 approved + 22 watchlist (MORNING_SCREENER)
2026-06-10 09:59:00 [INFO] core.data_fetcher: 📡 Live feed | ticks received: 30/30 symbols | active=['SUNPHARMA', 'DIVISLAB', 'TATASTEEL', 'SBIN', 'TITAN', 'RELIANCE', 'NTPC', 'HDFCLIFE']...
2026-06-10 09:59:39 [INFO] core.state_manager: [BRIEFING] Loading from data/session_briefing.json...
2026-06-10 09:59:39 [INFO] core.state_manager: [BRIEFING] Loaded Valid: 8 approved + 22 watchlist (MORNING_SCREENER)
2026-06-10 09:59:58 [INFO] core.strategy: ─── Scan summary (30 subscribed) ───
  [Cognition] SUNPHARMA: ticks=508 | live_candles=5
  [Cognition] DIVISLAB: ticks=372 | live_candles=5
  [Cognition] TATASTEEL: ticks=1001 | live_candles=5
  [Cognition] SBIN: ticks=1190 | live_candles=5
  [Cognition] TITAN: ticks=619 | live_candles=5
  [Cognition] RELIANCE: ticks=1231 | live_candles=5
  [Cognition] NTPC: ticks=897 | live_candles=5
  [Cognition] HDFCLIFE: ticks=229 | live_candles=5
  [Math] ICICIBANK: ticks=974 | live_candles=5
  [Math] APOLLOHOSP: ticks=582 | live_candles=5
  [Math] TCS: ticks=1122 | live_candles=5
  [Math] HDFCBANK: ticks=937 | live_candles=5
  [Math] INFY: ticks=1000 | live_candles=5
  [Math] HINDUNILVR: ticks=1136 | live_candles=5
  [Math] ITC: ticks=1093 | live_candles=5
  [Math] BHARTIARTL: ticks=1085 | live_candles=5
  [Math] LT: ticks=636 | live_candles=5
  [Math] HCLTECH: ticks=510 | live_candles=5
  [Math] MARUTI: ticks=292 | live_candles=5
  [Math] WIPRO: ticks=917 | live_candles=5
  [Math] NESTLEIND: ticks=836 | live_candles=5
  [Math] BAJAJFINSV: ticks=448 | live_candles=5
  [Math] DRREDDY: ticks=189 | live_candles=5
  [Math] EICHERMOT: ticks=407 | live_candles=5
  [Math] HEROMOTOCO: ticks=780 | live_candles=5
  [Math] HINDALCO: ticks=990 | live_candles=5
  [Math] JSWSTEEL: ticks=282 | live_candles=5
  [Math] M&M: ticks=794 | live_candles=5
  [Math] SBILIFE: ticks=281 | live_candles=5
  [Math] TATACONSUM: ticks=592 | live_candles=5
2026-06-10 10:00:00 [INFO] core.data_fetcher: 🕯️ Candle closed: TATASTEEL | 2026-06-10 09:55 | O:202.57 H:202.68 L:202.22 C:202.22 V:204004.0
2026-06-10 10:00:00 [INFO] core.data_fetcher: 🕯️ Candle closed: BHARTIARTL | 2026-06-10 09:55 | O:1791.00 H:1792.30 L:1789.40 C:1790.30 V:93682.0
2026-06-10 10:00:00 [INFO] core.data_fetcher: 🕯️ Candle closed: RELIANCE | 2026-06-10 09:55 | O:1297.90 H:1297.90 L:1293.40 C:1293.40 V:147059.0
2026-06-10 10:00:00 [INFO] core.data_fetcher: 🕯️ Candle closed: INFY | 2026-06-10 09:55 | O:1169.30 H:1170.70 L:1167.90 C:1168.00 V:113585.0
2026-06-10 10:00:00 [INFO] core.data_fetcher: 🕯️ Candle closed: TCS | 2026-06-10 09:55 | O:2177.20 H:2180.30 L:2173.70 C:2175.20 V:56721.0
2026-06-10 10:00:00 [INFO] core.data_fetcher: 🕯️ Candle closed: ITC | 2026-06-10 09:55 | O:282.65 H:282.95 L:282.00 C:282.10 V:228389.0
2026-06-10 10:00:00 [INFO] core.data_fetcher: 🕯️ Candle closed: HINDALCO | 2026-06-10 09:55 | O:1040.70 H:1041.40 L:1038.00 C:1038.00 V:73575.0
2026-06-10 10:00:00 [INFO] core.data_fetcher: 🕯️ Candle closed: M&M | 2026-06-10 09:55 | O:2980.20 H:2980.80 L:2975.00 C:2975.00 V:17898.0
2026-06-10 10:00:01 [INFO] core.data_fetcher: 🕯️ Candle closed: HINDUNILVR | 2026-06-10 09:55 | O:2201.30 H:2204.90 L:2196.50 C:2197.00 V:36416.0
2026-06-10 10:00:01 [INFO] core.data_fetcher: 🕯️ Candle closed: ICICIBANK | 2026-06-10 09:55 | O:1290.40 H:1290.70 L:1285.10 C:1285.10 V:317238.0
2026-06-10 10:00:01 [INFO] core.data_fetcher: 🕯️ Candle closed: HDFCBANK | 2026-06-10 09:55 | O:741.35 H:745.30 L:741.25 C:744.70 V:1789432.0
2026-06-10 10:00:01 [INFO] core.data_fetcher: 🕯️ Candle closed: SBILIFE | 2026-06-10 09:55 | O:1771.50 H:1773.90 L:1769.70 C:1773.00 V:8262.0
2026-06-10 10:00:01 [INFO] core.data_fetcher: 🕯️ Candle closed: NTPC | 2026-06-10 09:55 | O:354.30 H:355.50 L:354.05 C:354.95 V:198499.0
2026-06-10 10:00:01 [INFO] core.data_fetcher: 🕯️ Candle closed: SBIN | 2026-06-10 09:55 | O:1006.60 H:1007.90 L:1005.90 C:1006.05 V:275238.0
2026-06-10 10:00:01 [INFO] core.data_fetcher: 🕯️ Candle closed: HCLTECH | 2026-06-10 09:55 | O:1150.00 H:1151.50 L:1148.40 C:1148.40 V:17733.0
2026-06-10 10:00:01 [INFO] core.data_fetcher: 🕯️ Candle closed: NESTLEIND | 2026-06-10 09:55 | O:1450.70 H:1451.90 L:1449.50 C:1450.70 V:23875.0
2026-06-10 10:00:01 [INFO] core.data_fetcher: 🕯️ Candle closed: BAJAJFINSV | 2026-06-10 09:55 | O:1689.60 H:1692.40 L:1689.10 C:1689.20 V:6836.0
2026-06-10 10:00:01 [INFO] core.data_fetcher: 🕯️ Candle closed: JSWSTEEL | 2026-06-10 09:55 | O:1260.40 H:1261.90 L:1258.50 C:1260.30 V:32052.0
2026-06-10 10:00:01 [INFO] core.data_fetcher: 🕯️ Candle closed: EICHERMOT | 2026-06-10 09:55 | O:7245.00 H:7245.00 L:7222.00 C:7224.00 V:2613.0
2026-06-10 10:00:01 [INFO] core.data_fetcher: 🕯️ Candle closed: DRREDDY | 2026-06-10 09:55 | O:1273.00 H:1275.60 L:1273.00 C:1274.20 V:6471.0
2026-06-10 10:00:01 [INFO] core.data_fetcher: 🕯️ Candle closed: LT | 2026-06-10 09:55 | O:3914.60 H:3916.60 L:3912.80 C:3915.60 V:7332.0
2026-06-10 10:00:02 [INFO] core.data_fetcher: 🕯️ Candle closed: MARUTI | 2026-06-10 09:55 | O:13107.00 H:13109.00 L:13080.00 C:13080.00 V:2088.0
2026-06-10 10:00:03 [INFO] core.data_fetcher: 🕯️ Candle closed: SUNPHARMA | 2026-06-10 09:55 | O:1776.10 H:1779.40 L:1776.10 C:1777.00 V:9165.0
2026-06-10 10:00:03 [INFO] core.data_fetcher: 🕯️ Candle closed: APOLLOHOSP | 2026-06-10 09:55 | O:8578.00 H:8587.00 L:8572.50 C:8578.50 V:7850.0
2026-06-10 10:00:05 [INFO] core.data_fetcher: 🕯️ Candle closed: TITAN | 2026-06-10 09:55 | O:4090.20 H:4102.30 L:4085.10 C:4102.30 V:9434.0
2026-06-10 10:00:05 [INFO] core.data_fetcher: 🕯️ Candle closed: HEROMOTOCO | 2026-06-10 09:55 | O:4964.30 H:4972.90 L:4958.00 C:4965.70 V:10332.0
2026-06-10 10:00:07 [INFO] core.data_fetcher: 🕯️ Candle closed: TATACONSUM | 2026-06-10 09:55 | O:1133.50 H:1133.50 L:1129.80 C:1132.90 V:64782.0
2026-06-10 10:00:09 [INFO] core.data_fetcher: 🕯️ Candle closed: DIVISLAB | 2026-06-10 09:55 | O:6755.50 H:6765.00 L:6750.50 C:6756.00 V:6841.0
2026-06-10 10:00:10 [INFO] core.data_fetcher: 🕯️ Candle closed: WIPRO | 2026-06-10 09:55 | O:181.19 H:181.44 L:181.13 C:181.24 V:124445.0
2026-06-10 10:00:15 [INFO] core.data_fetcher: 🕯️ Candle closed: HDFCLIFE | 2026-06-10 09:55 | O:564.10 H:564.90 L:564.00 C:564.40 V:37843.0
2026-06-10 10:00:40 [INFO] core.state_manager: [BRIEFING] Loading from data/session_briefing.json...
2026-06-10 10:00:40 [INFO] core.state_manager: [BRIEFING] Loaded Valid: 8 approved + 22 watchlist (MORNING_SCREENER)
2026-06-10 10:01:00 [INFO] core.data_fetcher: 📡 Live feed | ticks received: 30/30 symbols | active=['SUNPHARMA', 'DIVISLAB', 'TATASTEEL', 'SBIN', 'TITAN', 'RELIANCE', 'NTPC', 'HDFCLIFE']...
2026-06-10 10:01:29 [INFO] core.strategy: ─── Scan summary (30 subscribed) ───
  [Cognition] SUNPHARMA: ticks=533 | live_candles=6
  [Cognition] DIVISLAB: ticks=390 | live_candles=6
  [Cognition] TATASTEEL: ticks=1066 | live_candles=6
  [Cognition] SBIN: ticks=1266 | live_candles=6
  [Cognition] TITAN: ticks=654 | live_candles=6
  [Cognition] RELIANCE: ticks=1320 | live_candles=6
  [Cognition] NTPC: ticks=965 | live_candles=6
  [Cognition] HDFCLIFE: ticks=245 | live_candles=6
  [Math] ICICIBANK: ticks=1031 | live_candles=6
  [Math] APOLLOHOSP: ticks=612 | live_candles=6
  [Math] TCS: ticks=1182 | live_candles=6
  [Math] HDFCBANK: ticks=1002 | live_candles=6
  [Math] INFY: ticks=1059 | live_candles=6
  [Math] HINDUNILVR: ticks=1210 | live_candles=6
  [Math] ITC: ticks=1165 | live_candles=6
  [Math] BHARTIARTL: ticks=1146 | live_candles=6
  [Math] LT: ticks=682 | live_candles=6
  [Math] HCLTECH: ticks=544 | live_candles=6
  [Math] MARUTI: ticks=316 | live_candles=6
  [Math] WIPRO: ticks=962 | live_candles=6
  [Math] NESTLEIND: ticks=889 | live_candles=6
  [Math] BAJAJFINSV: ticks=482 | live_candles=6
  [Math] DRREDDY: ticks=205 | live_candles=6
  [Math] EICHERMOT: ticks=431 | live_candles=6
  [Math] HEROMOTOCO: ticks=814 | live_candles=6
  [Math] HINDALCO: ticks=1055 | live_candles=6
  [Math] JSWSTEEL: ticks=300 | live_candles=6
  [Math] M&M: ticks=870 | live_candles=6
  [Math] SBILIFE: ticks=301 | live_candles=6
  [Math] TATACONSUM: ticks=635 | live_candles=6
2026-06-10 10:01:42 [INFO] core.state_manager: [BRIEFING] Loading from data/session_briefing.json...
2026-06-10 10:01:42 [INFO] core.state_manager: [BRIEFING] Loaded Valid: 8 approved + 22 watchlist (MORNING_SCREENER)
2026-06-10 10:02:44 [INFO] core.state_manager: [BRIEFING] Loading from data/session_briefing.json...
2026-06-10 10:02:44 [INFO] core.state_manager: [BRIEFING] Loaded Valid: 8 approved + 22 watchlist (MORNING_SCREENER)
2026-06-10 10:03:00 [INFO] core.data_fetcher: 📡 Live feed | ticks received: 30/30 symbols | active=['SUNPHARMA', 'DIVISLAB', 'TATASTEEL', 'SBIN', 'TITAN', 'RELIANCE', 'NTPC', 'HDFCLIFE']...
2026-06-10 10:03:00 [INFO] core.strategy: ─── Scan summary (30 subscribed) ───
  [Cognition] SUNPHARMA: ticks=566 | live_candles=6
  [Cognition] DIVISLAB: ticks=410 | live_candles=6
  [Cognition] TATASTEEL: ticks=1136 | live_candles=6
  [Cognition] SBIN: ticks=1331 | live_candles=6
  [Cognition] TITAN: ticks=688 | live_candles=6
  [Cognition] RELIANCE: ticks=1402 | live_candles=6
  [Cognition] NTPC: ticks=1024 | live_candles=6
  [Cognition] HDFCLIFE: ticks=265 | live_candles=6
  [Math] ICICIBANK: ticks=1077 | live_candles=6
  [Math] APOLLOHOSP: ticks=634 | live_candles=6
  [Math] TCS: ticks=1253 | live_candles=6
  [Math] HDFCBANK: ticks=1083 | live_candles=6
  [Math] INFY: ticks=1098 | live_candles=6
  [Math] HINDUNILVR: ticks=1274 | live_candles=6
  [Math] ITC: ticks=1244 | live_candles=6
  [Math] BHARTIARTL: ticks=1211 | live_candles=6
  [Math] LT: ticks=724 | live_candles=6
  [Math] HCLTECH: ticks=582 | live_candles=6
  [Math] MARUTI: ticks=334 | live_candles=6
  [Math] WIPRO: ticks=1022 | live_candles=6
  [Math] NESTLEIND: ticks=926 | live_candles=6
  [Math] BAJAJFINSV: ticks=508 | live_candles=6
  [Math] DRREDDY: ticks=223 | live_candles=6
  [Math] EICHERMOT: ticks=445 | live_candles=6
  [Math] HEROMOTOCO: ticks=842 | live_candles=6
  [Math] HINDALCO: ticks=1103 | live_candles=6
  [Math] JSWSTEEL: ticks=338 | live_candles=6
  [Math] M&M: ticks=931 | live_candles=6
  [Math] SBILIFE: ticks=326 | live_candles=6
  [Math] TATACONSUM: ticks=669 | live_candles=6
2026-06-10 10:03:46 [INFO] core.state_manager: [BRIEFING] Loading from data/session_briefing.json...
2026-06-10 10:03:46 [INFO] core.state_manager: [BRIEFING] Loaded Valid: 8 approved + 22 watchlist (MORNING_SCREENER)
2026-06-10 10:04:31 [INFO] core.strategy: ─── Scan summary (30 subscribed) ───
  [Cognition] SUNPHARMA: ticks=599 | live_candles=6
  [Cognition] DIVISLAB: ticks=432 | live_candles=6
  [Cognition] TATASTEEL: ticks=1213 | live_candles=6
  [Cognition] SBIN: ticks=1407 | live_candles=6
  [Cognition] TITAN: ticks=733 | live_candles=6
  [Cognition] RELIANCE: ticks=1492 | live_candles=6
  [Cognition] NTPC: ticks=1068 | live_candles=6
  [Cognition] HDFCLIFE: ticks=284 | live_candles=6
  [Math] ICICIBANK: ticks=1129 | live_candles=6
  [Math] APOLLOHOSP: ticks=655 | live_candles=6
  [Math] TCS: ticks=1325 | live_candles=6
  [Math] HDFCBANK: ticks=1161 | live_candles=6
  [Math] INFY: ticks=1167 | live_candles=6
  [Math] HINDUNILVR: ticks=1338 | live_candles=6
  [Math] ITC: ticks=1315 | live_candles=6
  [Math] BHARTIARTL: ticks=1275 | live_candles=6
  [Math] LT: ticks=769 | live_candles=6
  [Math] HCLTECH: ticks=615 | live_candles=6
  [Math] MARUTI: ticks=359 | live_candles=6
  [Math] WIPRO: ticks=1084 | live_candles=6
  [Math] NESTLEIND: ticks=976 | live_candles=6
  [Math] BAJAJFINSV: ticks=531 | live_candles=6
  [Math] DRREDDY: ticks=234 | live_candles=6
  [Math] EICHERMOT: ticks=462 | live_candles=6
  [Math] HEROMOTOCO: ticks=880 | live_candles=6
  [Math] HINDALCO: ticks=1173 | live_candles=6
  [Math] JSWSTEEL: ticks=361 | live_candles=6
  [Math] M&M: ticks=977 | live_candles=6
  [Math] SBILIFE: ticks=367 | live_candles=6
  [Math] TATACONSUM: ticks=695 | live_candles=6
2026-06-10 10:04:47 [INFO] core.state_manager: [BRIEFING] Loading from data/session_briefing.json...
2026-06-10 10:04:47 [INFO] core.state_manager: [BRIEFING] Loaded Valid: 8 approved + 22 watchlist (MORNING_SCREENER)
2026-06-10 10:05:00 [INFO] core.data_fetcher: 🕯️ Candle closed: TCS | 2026-06-10 10:00 | O:2175.40 H:2177.40 L:2172.40 C:2174.30 V:47291.0
2026-06-10 10:05:00 [INFO] core.data_fetcher: 📡 Live feed | ticks received: 30/30 symbols | active=['SUNPHARMA', 'DIVISLAB', 'TATASTEEL', 'SBIN', 'TITAN', 'RELIANCE', 'NTPC', 'HDFCLIFE']...
2026-06-10 10:05:00 [INFO] core.data_fetcher: 🕯️ Candle closed: HINDUNILVR | 2026-06-10 10:00 | O:2197.20 H:2198.00 L:2190.10 C:2192.10 V:41992.0
2026-06-10 10:05:00 [INFO] core.data_fetcher: 🕯️ Candle closed: TATACONSUM | 2026-06-10 10:00 | O:1132.80 H:1133.30 L:1127.20 C:1128.50 V:41555.0
2026-06-10 10:05:00 [INFO] core.data_fetcher: 🕯️ Candle closed: BHARTIARTL | 2026-06-10 10:00 | O:1790.90 H:1792.20 L:1789.70 C:1791.80 V:81897.0
2026-06-10 10:05:00 [INFO] core.data_fetcher: 🕯️ Candle closed: RELIANCE | 2026-06-10 10:00 | O:1293.80 H:1293.80 L:1290.30 C:1291.00 V:223957.0
2026-06-10 10:05:00 [INFO] core.data_fetcher: 🕯️ Candle closed: HDFCBANK | 2026-06-10 10:00 | O:744.60 H:745.50 L:742.00 C:742.00 V:476919.0
2026-06-10 10:05:00 [INFO] core.data_fetcher: 🕯️ Candle closed: SUNPHARMA | 2026-06-10 10:00 | O:1776.80 H:1778.80 L:1776.70 C:1778.10 V:11003.0
2026-06-10 10:05:00 [INFO] core.data_fetcher: 🕯️ Candle closed: SBIN | 2026-06-10 10:00 | O:1006.10 H:1006.35 L:1004.65 C:1004.90 V:233182.0
2026-06-10 10:05:00 [INFO] core.data_fetcher: 🕯️ Candle closed: WIPRO | 2026-06-10 10:00 | O:181.23 H:181.40 L:180.90 C:181.00 V:230019.0
2026-06-10 10:05:00 [INFO] core.data_fetcher: 🕯️ Candle closed: HDFCLIFE | 2026-06-10 10:00 | O:564.00 H:564.00 L:562.70 C:563.25 V:23582.0
2026-06-10 10:05:01 [INFO] core.data_fetcher: 🕯️ Candle closed: MARUTI | 2026-06-10 10:00 | O:13081.00 H:13111.00 L:13080.00 C:13087.00 V:1923.0
2026-06-10 10:05:01 [INFO] core.data_fetcher: 🕯️ Candle closed: HINDALCO | 2026-06-10 10:00 | O:1038.30 H:1040.30 L:1036.10 C:1039.80 V:101114.0
2026-06-10 10:05:01 [INFO] core.data_fetcher: 🕯️ Candle closed: NESTLEIND | 2026-06-10 10:00 | O:1451.00 H:1452.00 L:1448.10 C:1449.10 V:33471.0
2026-06-10 10:05:01 [INFO] core.data_fetcher: 🕯️ Candle closed: BAJAJFINSV | 2026-06-10 10:00 | O:1689.40 H:1692.40 L:1689.10 C:1689.60 V:5721.0
2026-06-10 10:05:01 [INFO] core.data_fetcher: 🕯️ Candle closed: HEROMOTOCO | 2026-06-10 10:00 | O:4965.00 H:4969.00 L:4958.20 C:4960.00 V:8928.0
2026-06-10 10:05:01 [INFO] core.data_fetcher: 🕯️ Candle closed: TATASTEEL | 2026-06-10 10:00 | O:202.23 H:202.29 L:201.87 C:202.19 V:361718.0
2026-06-10 10:05:01 [INFO] core.data_fetcher: 🕯️ Candle closed: ITC | 2026-06-10 10:00 | O:282.00 H:282.65 L:281.85 C:282.55 V:261301.0
2026-06-10 10:05:01 [INFO] core.data_fetcher: 🕯️ Candle closed: TITAN | 2026-06-10 10:00 | O:4102.00 H:4106.90 L:4100.00 C:4106.90 V:10801.0
2026-06-10 10:05:01 [INFO] core.data_fetcher: 🕯️ Candle closed: JSWSTEEL | 2026-06-10 10:00 | O:1260.20 H:1264.00 L:1260.00 C:1263.70 V:61279.0
2026-06-10 10:05:01 [INFO] core.data_fetcher: 🕯️ Candle closed: INFY | 2026-06-10 10:00 | O:1169.00 H:1169.20 L:1166.50 C:1168.00 V:71438.0
2026-06-10 10:05:01 [INFO] core.data_fetcher: 🕯️ Candle closed: NTPC | 2026-06-10 10:00 | O:355.05 H:356.00 L:354.85 C:355.80 V:291100.0
2026-06-10 10:05:02 [INFO] core.data_fetcher: 🕯️ Candle closed: M&M | 2026-06-10 10:00 | O:2975.10 H:2975.20 L:2970.20 C:2972.50 V:48880.0
2026-06-10 10:05:02 [INFO] core.data_fetcher: 🕯️ Candle closed: ICICIBANK | 2026-06-10 10:00 | O:1285.20 H:1286.30 L:1285.10 C:1285.60 V:162500.0
2026-06-10 10:05:03 [INFO] core.data_fetcher: 🕯️ Candle closed: EICHERMOT | 2026-06-10 10:00 | O:7221.00 H:7229.00 L:7209.50 C:7219.50 V:2056.0
2026-06-10 10:05:03 [INFO] core.data_fetcher: 🕯️ Candle closed: HCLTECH | 2026-06-10 10:00 | O:1148.50 H:1149.00 L:1146.90 C:1147.80 V:26521.0
2026-06-10 10:05:03 [INFO] core.data_fetcher: 🕯️ Candle closed: LT | 2026-06-10 10:00 | O:3914.60 H:3916.10 L:3912.50 C:3913.60 V:7799.0
2026-06-10 10:05:04 [INFO] core.data_fetcher: 🕯️ Candle closed: SBILIFE | 2026-06-10 10:00 | O:1772.30 H:1773.30 L:1771.80 C:1772.90 V:23204.0
2026-06-10 10:05:07 [INFO] core.data_fetcher: 🕯️ Candle closed: APOLLOHOSP | 2026-06-10 10:00 | O:8576.00 H:8583.00 L:8570.50 C:8575.50 V:6266.0
2026-06-10 10:05:08 [INFO] core.data_fetcher: 🕯️ Candle closed: DIVISLAB | 2026-06-10 10:00 | O:6756.50 H:6769.00 L:6753.00 C:6763.00 V:9392.0
2026-06-10 10:05:15 [INFO] core.data_fetcher: 🕯️ Candle closed: DRREDDY | 2026-06-10 10:00 | O:1274.00 H:1274.50 L:1272.30 C:1273.50 V:7564.0
2026-06-10 10:05:51 [INFO] core.state_manager: [BRIEFING] Loading from data/session_briefing.json...
2026-06-10 10:05:51 [INFO] core.state_manager: [BRIEFING] Loaded Valid: 8 approved + 22 watchlist (MORNING_SCREENER)
2026-06-10 10:06:02 [INFO] core.strategy: ─── Scan summary (30 subscribed) ───
  [Cognition] SUNPHARMA: ticks=626 | live_candles=7
  [Cognition] DIVISLAB: ticks=450 | live_candles=7
  [Cognition] TATASTEEL: ticks=1284 | live_candles=7
  [Cognition] SBIN: ticks=1484 | live_candles=7
  [Cognition] TITAN: ticks=761 | live_candles=7
  [Cognition] RELIANCE: ticks=1578 | live_candles=7
  [Cognition] NTPC: ticks=1126 | live_candles=7
  [Cognition] HDFCLIFE: ticks=295 | live_candles=7
  [Math] ICICIBANK: ticks=1189 | live_candles=7
  [Math] APOLLOHOSP: ticks=679 | live_candles=7
  [Math] TCS: ticks=1378 | live_candles=7
  [Math] HDFCBANK: ticks=1232 | live_candles=7
  [Math] INFY: ticks=1214 | live_candles=7
  [Math] HINDUNILVR: ticks=1396 | live_candles=7
  [Math] ITC: ticks=1379 | live_candles=7
  [Math] BHARTIARTL: ticks=1342 | live_candles=7
  [Math] LT: ticks=807 | live_candles=7
  [Math] HCLTECH: ticks=635 | live_candles=7
  [Math] MARUTI: ticks=383 | live_candles=7
  [Math] WIPRO: ticks=1136 | live_candles=7
  [Math] NESTLEIND: ticks=1012 | live_candles=7
  [Math] BAJAJFINSV: ticks=546 | live_candles=7
  [Math] DRREDDY: ticks=244 | live_candles=7
  [Math] EICHERMOT: ticks=479 | live_candles=7
  [Math] HEROMOTOCO: ticks=920 | live_candles=7
  [Math] HINDALCO: ticks=1227 | live_candles=7
  [Math] JSWSTEEL: ticks=383 | live_candles=7
  [Math] M&M: ticks=1023 | live_candles=7
  [Math] SBILIFE: ticks=393 | live_candles=7
  [Math] TATACONSUM: ticks=728 | live_candles=7
2026-06-10 10:06:55 [INFO] core.state_manager: [BRIEFING] Loading from data/session_briefing.json...
2026-06-10 10:06:55 [INFO] core.state_manager: [BRIEFING] Loaded Valid: 8 approved + 22 watchlist (MORNING_SCREENER)
2026-06-10 10:07:00 [INFO] core.data_fetcher: 📡 Live feed | ticks received: 30/30 symbols | active=['SUNPHARMA', 'DIVISLAB', 'TATASTEEL', 'SBIN', 'TITAN', 'RELIANCE', 'NTPC', 'HDFCLIFE']...
2026-06-10 10:07:03 [WARNING] apscheduler.executors.default: Run time of job "Market Observation Loop (trigger: interval[0:15:00], next run at: 2026-06-10 10:22:01 IST)" was missed by 0:00:01.871801
2026-06-10 10:07:35 [INFO] core.strategy: ─── Scan summary (30 subscribed) ───
  [Cognition] SUNPHARMA: ticks=658 | live_candles=7
  [Cognition] DIVISLAB: ticks=470 | live_candles=7
  [Cognition] TATASTEEL: ticks=1350 | live_candles=7
  [Cognition] SBIN: ticks=1559 | live_candles=7
  [Cognition] TITAN: ticks=798 | live_candles=7
  [Cognition] RELIANCE: ticks=1653 | live_candles=7
  [Cognition] NTPC: ticks=1179 | live_candles=7
  [Cognition] HDFCLIFE: ticks=307 | live_candles=7
  [Math] ICICIBANK: ticks=1241 | live_candles=7
  [Math] APOLLOHOSP: ticks=703 | live_candles=7
  [Math] TCS: ticks=1440 | live_candles=7
  [Math] HDFCBANK: ticks=1302 | live_candles=7
  [Math] INFY: ticks=1250 | live_candles=7
  [Math] HINDUNILVR: ticks=1450 | live_candles=7
  [Math] ITC: ticks=1469 | live_candles=7
  [Math] BHARTIARTL: ticks=1403 | live_candles=7
  [Math] LT: ticks=852 | live_candles=7
  [Math] HCLTECH: ticks=659 | live_candles=7
  [Math] MARUTI: ticks=399 | live_candles=7
  [Math] WIPRO: ticks=1175 | live_candles=7
  [Math] NESTLEIND: ticks=1061 | live_candles=7
  [Math] BAJAJFINSV: ticks=562 | live_candles=7
  [Math] DRREDDY: ticks=257 | live_candles=7
  [Math] EICHERMOT: ticks=493 | live_candles=7
  [Math] HEROMOTOCO: ticks=959 | live_candles=7
  [Math] HINDALCO: ticks=1280 | live_candles=7
  [Math] JSWSTEEL: ticks=409 | live_candles=7
  [Math] M&M: ticks=1069 | live_candles=7
  [Math] SBILIFE: ticks=405 | live_candles=7
  [Math] TATACONSUM: ticks=756 | live_candles=7
2026-06-10 10:07:56 [INFO] core.state_manager: [BRIEFING] Loading from data/session_briefing.json...
2026-06-10 10:07:56 [INFO] core.state_manager: [BRIEFING] Loaded Valid: 8 approved + 22 watchlist (MORNING_SCREENER)
2026-06-10 10:08:59 [INFO] core.state_manager: [BRIEFING] Loading from data/session_briefing.json...
2026-06-10 10:08:59 [INFO] core.state_manager: [BRIEFING] Loaded Valid: 8 approved + 22 watchlist (MORNING_SCREENER)
2026-06-10 10:09:00 [INFO] core.data_fetcher: 📡 Live feed | ticks received: 30/30 symbols | active=['SUNPHARMA', 'DIVISLAB', 'TATASTEEL', 'SBIN', 'TITAN', 'RELIANCE', 'NTPC', 'HDFCLIFE']...
2026-06-10 10:09:10 [INFO] core.strategy: ─── Scan summary (30 subscribed) ───
  [Cognition] SUNPHARMA: ticks=697 | live_candles=7
  [Cognition] DIVISLAB: ticks=491 | live_candles=7
  [Cognition] TATASTEEL: ticks=1418 | live_candles=7
  [Cognition] SBIN: ticks=1628 | live_candles=7
  [Cognition] TITAN: ticks=837 | live_candles=7
  [Cognition] RELIANCE: ticks=1738 | live_candles=7
  [Cognition] NTPC: ticks=1239 | live_candles=7
  [Cognition] HDFCLIFE: ticks=318 | live_candles=7
  [Math] ICICIBANK: ticks=1308 | live_candles=7
  [Math] APOLLOHOSP: ticks=739 | live_candles=7
  [Math] TCS: ticks=1492 | live_candles=7
  [Math] HDFCBANK: ticks=1365 | live_candles=7
  [Math] INFY: ticks=1289 | live_candles=7
  [Math] HINDUNILVR: ticks=1501 | live_candles=7
  [Math] ITC: ticks=1566 | live_candles=7
  [Math] BHARTIARTL: ticks=1481 | live_candles=7
  [Math] LT: ticks=920 | live_candles=7
  [Math] HCLTECH: ticks=691 | live_candles=7
  [Math] MARUTI: ticks=419 | live_candles=7
  [Math] WIPRO: ticks=1229 | live_candles=7
  [Math] NESTLEIND: ticks=1107 | live_candles=7
  [Math] BAJAJFINSV: ticks=579 | live_candles=7
  [Math] DRREDDY: ticks=267 | live_candles=7
  [Math] EICHERMOT: ticks=514 | live_candles=7
  [Math] HEROMOTOCO: ticks=1004 | live_candles=7
  [Math] HINDALCO: ticks=1339 | live_candles=7
  [Math] JSWSTEEL: ticks=434 | live_candles=7
  [Math] M&M: ticks=1116 | live_candles=7
  [Math] SBILIFE: ticks=411 | live_candles=7
  [Math] TATACONSUM: ticks=777 | live_candles=7
2026-06-10 10:10:00 [INFO] core.data_fetcher: 🕯️ Candle closed: TATASTEEL | 2026-06-10 10:05 | O:202.18 H:202.40 L:202.00 C:202.24 V:199987.0
2026-06-10 10:10:00 [INFO] core.data_fetcher: 🕯️ Candle closed: BHARTIARTL | 2026-06-10 10:05 | O:1791.60 H:1794.70 L:1790.00 C:1792.60 V:59282.0
2026-06-10 10:10:00 [INFO] core.data_fetcher: 🕯️ Candle closed: HDFCBANK | 2026-06-10 10:05 | O:742.05 H:742.05 L:740.15 C:740.40 V:350246.0
2026-06-10 10:10:00 [INFO] core.data_fetcher: 🕯️ Candle closed: DRREDDY | 2026-06-10 10:05 | O:1273.70 H:1274.90 L:1273.70 C:1274.50 V:3446.0
2026-06-10 10:10:00 [INFO] core.data_fetcher: 🕯️ Candle closed: WIPRO | 2026-06-10 10:05 | O:181.06 H:181.08 L:180.80 C:180.84 V:186384.0
2026-06-10 10:10:00 [INFO] core.data_fetcher: 🕯️ Candle closed: HDFCLIFE | 2026-06-10 10:05 | O:563.30 H:563.50 L:562.90 C:563.25 V:10435.0
2026-06-10 10:10:00 [INFO] core.data_fetcher: 🕯️ Candle closed: HINDALCO | 2026-06-10 10:05 | O:1039.70 H:1040.00 L:1036.70 C:1038.20 V:58675.0
2026-06-10 10:10:00 [INFO] core.data_fetcher: 🕯️ Candle closed: M&M | 2026-06-10 10:05 | O:2972.60 H:2975.40 L:2970.70 C:2972.70 V:65089.0
2026-06-10 10:10:00 [INFO] core.data_fetcher: 🕯️ Candle closed: ICICIBANK | 2026-06-10 10:05 | O:1285.80 H:1286.00 L:1283.10 C:1285.90 V:195133.0
2026-06-10 10:10:00 [INFO] core.data_fetcher: 🕯️ Candle closed: RELIANCE | 2026-06-10 10:05 | O:1290.90 H:1291.00 L:1287.60 C:1288.10 V:221996.0
2026-06-10 10:10:00 [INFO] core.data_fetcher: 🕯️ Candle closed: NTPC | 2026-06-10 10:05 | O:355.85 H:356.50 L:355.75 C:356.25 V:185807.0
2026-06-10 10:10:00 [INFO] core.data_fetcher: 🕯️ Candle closed: SBIN | 2026-06-10 10:05 | O:1004.85 H:1006.55 L:1004.65 C:1006.00 V:181022.0
2026-06-10 10:10:00 [INFO] core.data_fetcher: 🕯️ Candle closed: HEROMOTOCO | 2026-06-10 10:05 | O:4957.20 H:4958.00 L:4940.60 C:4942.80 V:9237.0
2026-06-10 10:10:00 [INFO] core.data_fetcher: 🕯️ Candle closed: TITAN | 2026-06-10 10:05 | O:4105.80 H:4109.40 L:4101.90 C:4101.90 V:4456.0
2026-06-10 10:10:00 [INFO] core.data_fetcher: 🕯️ Candle closed: NESTLEIND | 2026-06-10 10:05 | O:1449.40 H:1452.90 L:1448.80 C:1451.00 V:39181.0
2026-06-10 10:10:01 [INFO] core.data_fetcher: 🕯️ Candle closed: HINDUNILVR | 2026-06-10 10:05 | O:2191.90 H:2195.80 L:2190.10 C:2194.90 V:18623.0
2026-06-10 10:10:01 [INFO] core.data_fetcher: 🕯️ Candle closed: TATACONSUM | 2026-06-10 10:05 | O:1128.60 H:1130.70 L:1128.00 C:1129.60 V:14835.0
2026-06-10 10:10:01 [INFO] core.data_fetcher: 🕯️ Candle closed: SUNPHARMA | 2026-06-10 10:05 | O:1777.60 H:1780.90 L:1777.60 C:1779.50 V:12509.0
2026-06-10 10:10:01 [INFO] core.data_fetcher: 🕯️ Candle closed: DIVISLAB | 2026-06-10 10:05 | O:6763.50 H:6780.00 L:6763.50 C:6772.00 V:7971.0
2026-06-10 10:10:01 [INFO] core.data_fetcher: 🕯️ Candle closed: ITC | 2026-06-10 10:05 | O:282.60 H:283.65 L:282.50 C:283.20 V:754388.0
2026-06-10 10:10:01 [INFO] core.data_fetcher: 🕯️ Candle closed: HCLTECH | 2026-06-10 10:05 | O:1147.90 H:1149.20 L:1147.00 C:1147.60 V:12951.0
2026-06-10 10:10:01 [INFO] core.data_fetcher: 🕯️ Candle closed: BAJAJFINSV | 2026-06-10 10:05 | O:1689.70 H:1691.70 L:1689.60 C:1690.10 V:1461.0
2026-06-10 10:10:01 [INFO] core.data_fetcher: 🕯️ Candle closed: JSWSTEEL | 2026-06-10 10:05 | O:1263.60 H:1263.60 L:1259.20 C:1260.00 V:24861.0
2026-06-10 10:10:01 [INFO] core.data_fetcher: 🕯️ Candle closed: APOLLOHOSP | 2026-06-10 10:05 | O:8572.00 H:8598.00 L:8572.00 C:8587.50 V:10934.0
2026-06-10 10:10:02 [INFO] core.state_manager: [BRIEFING] Loading from data/session_briefing.json...
2026-06-10 10:10:02 [INFO] core.state_manager: [BRIEFING] Loaded Valid: 8 approved + 22 watchlist (MORNING_SCREENER)
2026-06-10 10:10:02 [INFO] core.strategy: BUY SIGNAL TRIGGERED
Symbol: SUNPHARMA
Price: 1779.6
Triggered Set: BUY_THREE_SOLDIERS_MOMENTUM
Set Side: BUY
Confidence: base=74.0 signal_x=1.0 weight_x=1.0 time=10:00-11:30@1.0 market_x=1.0 advisory_x=0.99 final=73.3 min=35.0
Satisfied:
- Three White Soldiers: pattern=True
- OBV Trending Up: OBV started=-84696, ended=-72187
Why: Three White Soldiers pattern showing pure buying pressure, confirmed by OBV trending up.
2026-06-10 10:10:02 [INFO] core.token_validator: 🔐 Pre-Order Token Check | State: VALID | Info: {'status': 'VALID', 'scope': ['Trade'], 'ucc': 'XD16F', 'expires_at': '2026-06-11T00:00:00', 'issued_at': '2026-06-10T09:36:57', 'seconds_until_expiry': 49798, 'created_seconds_ago': 1985}
2026-06-10 10:10:02 [INFO] core.token_validator: ✅ Token ready for order — proceeding
2026-06-10 10:10:02 [INFO] core.order_executor: 📊 Margin Discovery [SUNPHARMA]: ₹355.92/share (5.0x) [Source: API (client.margin_required)]
2026-06-10 10:10:02 [INFO] core.order_executor: ✅ Quantity calculated | SUNPHARMA | Price: ₹1779.6 | Qty: 2 | Margin Blocked: ₹712 | Limiting: allocation | Free Margin Left: ₹3127
2026-06-10 10:10:02 [INFO] core.order_executor: 📋 Preparing B order | Symbol: SUNPHARMA-EQ | Qty: 2 | Price: ₹1779.6
2026-06-10 10:10:02 [INFO] core.token_validator: 🔐 Pre-Order Token Check | State: VALID | Info: {'status': 'VALID', 'scope': ['Trade'], 'ucc': 'XD16F', 'expires_at': '2026-06-11T00:00:00', 'issued_at': '2026-06-10T09:36:57', 'seconds_until_expiry': 49798, 'created_seconds_ago': 1985}
2026-06-10 10:10:02 [INFO] core.token_validator: ✅ Token ready for order — proceeding
2026-06-10 10:10:02 [INFO] core.token_validator: ✅ Trade token + sid confirmed and set on client (scope=['Trade'])
2026-06-10 10:10:02 [INFO] core.order_executor: 📋 PRE-ORDER CONFIG DUMP (ATTEMPT 1/2) | host=PROD | access_token=eyJhbGciOiJSUzI1NiIs... | edit_token=eyJhbGciOiJSUzI1NiIs... | tokens_match=True | edit_sid=e49b550c-ee0f-432c-92c3-ccdcf265eeaa | serverId=24028c3e-9b6c-4189-a4e2-d41f429a24e3 | base_url=https://e41.kotaksecurities.com
2026-06-10 10:10:02 [INFO] core.order_executor: ✅ Order placed (attempt 1/2) | Order ID: 260610000120554
2026-06-10 10:10:02 [INFO] core.order_executor: ✅ BUY order placed: 260610000120554 | Qty: 2
2026-06-10 10:10:02 [INFO] core.order_verifier: 📤 Order recorded: 260610000120554 (SUNPHARMA)
2026-06-10 10:10:03 [INFO] core.data_fetcher: 🕯️ Candle closed: TCS | 2026-06-10 10:05 | O:2174.00 H:2175.00 L:2172.00 C:2172.50 V:21218.0
2026-06-10 10:10:03 [INFO] core.data_fetcher: 🕯️ Candle closed: INFY | 2026-06-10 10:05 | O:1168.20 H:1168.30 L:1167.00 C:1167.60 V:50355.0
2026-06-10 10:10:04 [INFO] core.data_fetcher: 🕯️ Candle closed: EICHERMOT | 2026-06-10 10:05 | O:7217.50 H:7217.50 L:7203.50 C:7212.00 V:2616.0
2026-06-10 10:10:06 [INFO] core.data_fetcher: 🕯️ Candle closed: SBILIFE | 2026-06-10 10:05 | O:1772.50 H:1773.20 L:1769.40 C:1770.30 V:5263.0
2026-06-10 10:10:06 [INFO] core.data_fetcher: 🕯️ Candle closed: LT | 2026-06-10 10:05 | O:3913.50 H:3927.00 L:3912.50 C:3924.80 V:79534.0
2026-06-10 10:10:07 [INFO] core.order_verifier: ✅ Order 260610000120554 verified as COMPLETE
2026-06-10 10:10:07 [INFO] core.order_executor: ✅ BUY verified on broker | Symbol: SUNPHARMA | Qty: 2 | Product: MIS | SL: ₹1770.7
2026-06-10 10:10:09 [INFO] core.order_executor: 🔄 Placing broker SL for SUNPHARMA | Qty: 2 | Trigger: ₹1770.7 | Trading symbol: SUNPHARMA-EQ
2026-06-10 10:10:09 [INFO] core.order_executor: 🔄 [SL] Starting SL order placement | Symbol: SUNPHARMA-EQ | Qty: 2 | Software SL: ₹1770.7 | Broker Trigger: ₹1753.0 | Broker Limit: ₹1752.1
2026-06-10 10:10:09 [INFO] core.order_executor: 📋 SL ORDER KWARGS (WILL SEND TO KOTAK):
2026-06-10 10:10:09 [INFO] core.order_executor:     exchange_segment     = nse_cm
2026-06-10 10:10:09 [INFO] core.order_executor:     product              = MIS
2026-06-10 10:10:09 [INFO] core.order_executor:     price                = 1752.1
2026-06-10 10:10:09 [INFO] core.order_executor:     order_type           = SL
2026-06-10 10:10:09 [INFO] core.order_executor:     quantity             = 2
2026-06-10 10:10:09 [INFO] core.order_executor:     validity             = DAY
2026-06-10 10:10:09 [INFO] core.order_executor:     trading_symbol       = SUNPHARMA-EQ
2026-06-10 10:10:09 [INFO] core.order_executor:     transaction_type     = S
2026-06-10 10:10:09 [INFO] core.order_executor:     amo                  = NO
2026-06-10 10:10:09 [INFO] core.order_executor:     disclosed_quantity   = 0
2026-06-10 10:10:09 [INFO] core.order_executor:     market_protection    = 0
2026-06-10 10:10:09 [INFO] core.order_executor:     pf                   = N
2026-06-10 10:10:09 [INFO] core.order_executor:     trigger_price        = 1753.0
2026-06-10 10:10:09 [INFO] core.order_executor:    ℹ️ If Kotak rejects: Try exchange_segment='NSE' instead of 'nse_cm'
2026-06-10 10:10:09 [INFO] core.order_executor:    ℹ️ If Kotak rejects: Check if product 'MIS' supports SL orders (try 'CNC' if 'MIS' rejected)
2026-06-10 10:10:09 [INFO] core.token_validator: ✅ Trade token + sid confirmed and set on client (scope=['Trade'])
2026-06-10 10:10:09 [INFO] core.order_executor: 📋 PRE-ORDER CONFIG DUMP (SL-M) | host=PROD | access_token=SET | edit_token=SET | edit_sid=e49b550c-ee0f-432c-92c3-ccdcf265eeaa | serverId=24028c3e-9b6c-4189-a4e2-d41f429a24e3 | base_url=https://e41.kotaksecurities.com
2026-06-10 10:10:09 [INFO] core.order_executor: 🛡️ Broker SL placed | SUNPHARMA | Qty: 2 | Trigger: ₹1770.7 | OrderID: 260610000120681 (attempt 1/3)
2026-06-10 10:10:11 [INFO] core.data_fetcher: 🕯️ Candle closed: MARUTI | 2026-06-10 10:05 | O:13081.00 H:13094.00 L:13080.00 C:13089.00 V:1240.0
2026-06-10 10:10:11 [INFO] core.order_executor: ✅ [LIVE] BUY | SUNPHARMA | Qty: 2 | @ ₹1779.6 | SL: ₹1770.7 | Target: ₹1793.85 | Broker SL: ✅ 260610000120681
2026-06-10 10:10:11 [INFO] core.audit_logger: [AUDIT] ORDER_PLACED: {'symbol': 'SUNPHARMA', 'side': 'BUY', 'quantity': 2, 'price': 1779.6, 'order_id': '260610000120554', 'stop_loss': 1770.7, 'target': 1793.85}
2026-06-10 10:10:12 [INFO] core.state_manager: Position saved: SUNPHARMA x2 | Target: 1793.85 | SL: 1770.7
2026-06-10 10:10:13 [INFO] core.strategy: BUY SIGNAL TRIGGERED
Symbol: DIVISLAB
Price: 6771.0
Triggered Set: BUY_THREE_SOLDIERS_MOMENTUM
Set Side: BUY
Confidence: base=74.0 signal_x=1.0 weight_x=1.0 time=10:00-11:30@1.0 market_x=1.0 advisory_x=0.99 final=73.3 min=35.0
Satisfied:
- Three White Soldiers: pattern=True
- OBV Trending Up: OBV started=32491, ended=40462
Why: Three White Soldiers pattern showing pure buying pressure, confirmed by OBV trending up.
2026-06-10 10:10:13 [INFO] core.token_validator: 🔐 Pre-Order Token Check | State: VALID | Info: {'status': 'VALID', 'scope': ['Trade'], 'ucc': 'XD16F', 'expires_at': '2026-06-11T00:00:00', 'issued_at': '2026-06-10T09:36:57', 'seconds_until_expiry': 49787, 'created_seconds_ago': 1996}
2026-06-10 10:10:13 [INFO] core.token_validator: ✅ Token ready for order — proceeding
2026-06-10 10:10:13 [INFO] core.order_executor: 📊 Margin Discovery [DIVISLAB]: ₹1354.20/share (5.0x) [Source: API (client.margin_required)]
2026-06-10 10:10:13 [ERROR] core.order_executor: ❌ INSUFFICIENT MARGIN/RISK FOR DIVISLAB | Price: ₹6771.0 | SL: ₹6737.14 | Free Margin: ₹3128 | Margin/Share: ₹1354.20 | Risk-qty: 0 | Alloc-qty: 0 | Lever-qty: 2
2026-06-10 10:10:13 [ERROR] core.order_executor: BUY rejected for DIVISLAB: invalid/insufficient quantity 0 | price=6771.0 | available=3107.2500000000005
2026-06-10 10:10:27 [INFO] core.order_executor: 🎯 TSL ACTIVATED | NTPC | Price ₹356.9 | Entry ₹354.3 | Profit +0.73% | Mode: TRAILING
2026-06-10 10:10:27 [INFO] core.order_executor: 📈 TRAILING SL | NTPC | ₹352.53 → ₹356.2
2026-06-10 10:10:27 [INFO] core.token_validator: ✅ Trade token + sid confirmed and set on client (scope=['Trade'])
2026-06-10 10:10:28 [INFO] core.order_executor: SL modified | OrderID: 260610000082199 | Software SL: ₹356.2 | Broker Trigger: ₹352.64 | Broker Limit: ₹352.46
2026-06-10 10:10:43 [INFO] core.strategy: ─── Scan summary (30 subscribed) ───
  [Cognition] SUNPHARMA: ticks=729 | live_candles=8
  [Cognition] DIVISLAB: ticks=516 | live_candles=8
  [Cognition] TATASTEEL: ticks=1482 | live_candles=8
  [Cognition] SBIN: ticks=1696 | live_candles=8
  [Cognition] TITAN: ticks=868 | live_candles=8
  [Cognition] RELIANCE: ticks=1820 | live_candles=8
  [Cognition] NTPC: ticks=1304 | live_candles=8
  [Cognition] HDFCLIFE: ticks=340 | live_candles=8
  [Math] ICICIBANK: ticks=1353 | live_candles=8
  [Math] APOLLOHOSP: ticks=773 | live_candles=8
  [Math] TCS: ticks=1547 | live_candles=8
  [Math] HDFCBANK: ticks=1439 | live_candles=8
  [Math] INFY: ticks=1346 | live_candles=8
  [Math] HINDUNILVR: ticks=1558 | live_candles=8
  [Math] ITC: ticks=1643 | live_candles=8
  [Math] BHARTIARTL: ticks=1562 | live_candles=8
  [Math] LT: ticks=980 | live_candles=8
  [Math] HCLTECH: ticks=722 | live_candles=8
  [Math] MARUTI: ticks=439 | live_candles=8
  [Math] WIPRO: ticks=1295 | live_candles=8
  [Math] NESTLEIND: ticks=1157 | live_candles=8
  [Math] BAJAJFINSV: ticks=596 | live_candles=8
  [Math] DRREDDY: ticks=276 | live_candles=8
  [Math] EICHERMOT: ticks=531 | live_candles=8
  [Math] HEROMOTOCO: ticks=1039 | live_candles=8
  [Math] HINDALCO: ticks=1393 | live_candles=8
  [Math] JSWSTEEL: ticks=454 | live_candles=8
  [Math] M&M: ticks=1160 | live_candles=8
  [Math] SBILIFE: ticks=426 | live_candles=8
  [Math] TATACONSUM: ticks=815 | live_candles=8
2026-06-10 10:10:43 [INFO] core.order_executor: 📈 TRAILING SL | NTPC | ₹356.2 → ₹356.35
2026-06-10 10:10:43 [INFO] core.token_validator: ✅ Trade token + sid confirmed and set on client (scope=['Trade'])
2026-06-10 10:10:43 [INFO] core.order_executor: SL modified | OrderID: 260610000082199 | Software SL: ₹356.35 | Broker Trigger: ₹352.79 | Broker Limit: ₹352.61
2026-06-10 10:10:43 [INFO] core.order_executor: 🎯 TARGET HIT | NTPC | ₹357.05 ≥ Target ₹356.95
2026-06-10 10:10:44 [INFO] core.order_executor: Order cancelled: 260610000082199
2026-06-10 10:10:44 [INFO] core.order_executor: ✅ Broker SL 260610000082199 successfully cancelled before software sell.
2026-06-10 10:10:44 [INFO] core.order_executor: 📋 Preparing S order | Symbol: NTPC-EQ | Qty: 13 | Price: ₹353.5
2026-06-10 10:10:44 [INFO] core.token_validator: 🔐 Pre-Order Token Check | State: VALID | Info: {'status': 'VALID', 'scope': ['Trade'], 'ucc': 'XD16F', 'expires_at': '2026-06-11T00:00:00', 'issued_at': '2026-06-10T09:36:57', 'seconds_until_expiry': 49756, 'created_seconds_ago': 2027}
2026-06-10 10:10:44 [INFO] core.token_validator: ✅ Token ready for order — proceeding
2026-06-10 10:10:44 [INFO] core.token_validator: ✅ Trade token + sid confirmed and set on client (scope=['Trade'])
2026-06-10 10:10:44 [INFO] core.order_executor: 📋 PRE-ORDER CONFIG DUMP (ATTEMPT 1/2) | host=PROD | access_token=eyJhbGciOiJSUzI1NiIs... | edit_token=eyJhbGciOiJSUzI1NiIs... | tokens_match=True | edit_sid=e49b550c-ee0f-432c-92c3-ccdcf265eeaa | serverId=24028c3e-9b6c-4189-a4e2-d41f429a24e3 | base_url=https://e41.kotaksecurities.com
2026-06-10 10:10:44 [INFO] core.order_executor: ✅ Order placed (attempt 1/2) | Order ID: 260610000121388
2026-06-10 10:10:44 [INFO] core.order_verifier: 📤 Order recorded: 260610000121388 (NTPC)
2026-06-10 10:10:44 [INFO] core.order_verifier: ✅ Order 260610000121388 verified as COMPLETE
2026-06-10 10:10:44 [INFO] core.state_manager: FX12 Txn Costs applied for NTPC: Gross=₹32.50, Costs=₹2.77, Net=₹29.73
2026-06-10 10:10:44 [INFO] core.state_manager: Position closed: NTPC | 356.8 | P&L: 29.73 | TARGET | price_source=broker_fill
2026-06-10 10:10:46 [INFO] core.strategy: BUY SIGNAL TRIGGERED
Symbol: NTPC
Price: 356.85
Triggered Set: BUY_THREE_SOLDIERS_MOMENTUM
Set Side: BUY
Confidence: base=70.0 signal_x=1.0 weight_x=1.0 time=10:00-11:30@1.0 market_x=1.0 advisory_x=0.99 final=69.3 min=35.0
Satisfied:
- Three White Soldiers: pattern=True
- OBV Trending Up: OBV started=-6508256, ended=-6322449
Why: Three White Soldiers pattern showing pure buying pressure, confirmed by OBV trending up.
2026-06-10 10:10:46 [INFO] core.token_validator: 🔐 Pre-Order Token Check | State: VALID | Info: {'status': 'VALID', 'scope': ['Trade'], 'ucc': 'XD16F', 'expires_at': '2026-06-11T00:00:00', 'issued_at': '2026-06-10T09:36:57', 'seconds_until_expiry': 49754, 'created_seconds_ago': 2029}
2026-06-10 10:10:46 [INFO] core.token_validator: ✅ Token ready for order — proceeding
2026-06-10 10:10:46 [INFO] core.order_executor: 📊 Margin Discovery [NTPC]: ₹71.37/share (5.0x) [Source: API (client.margin_required)]
2026-06-10 10:10:46 [INFO] core.order_executor: ✅ Quantity calculated | NTPC | Price: ₹356.85 | Qty: 11 | Margin Blocked: ₹785 | Limiting: allocation | Free Margin Left: ₹3275
2026-06-10 10:10:46 [INFO] core.order_executor: 📋 Preparing B order | Symbol: NTPC-EQ | Qty: 11 | Price: ₹356.85
2026-06-10 10:10:46 [INFO] core.token_validator: 🔐 Pre-Order Token Check | State: VALID | Info: {'status': 'VALID', 'scope': ['Trade'], 'ucc': 'XD16F', 'expires_at': '2026-06-11T00:00:00', 'issued_at': '2026-06-10T09:36:57', 'seconds_until_expiry': 49754, 'created_seconds_ago': 2029}
2026-06-10 10:10:46 [INFO] core.token_validator: ✅ Token ready for order — proceeding
2026-06-10 10:10:46 [INFO] core.token_validator: ✅ Trade token + sid confirmed and set on client (scope=['Trade'])
2026-06-10 10:10:46 [INFO] core.order_executor: 📋 PRE-ORDER CONFIG DUMP (ATTEMPT 1/2) | host=PROD | access_token=eyJhbGciOiJSUzI1NiIs... | edit_token=eyJhbGciOiJSUzI1NiIs... | tokens_match=True | edit_sid=e49b550c-ee0f-432c-92c3-ccdcf265eeaa | serverId=24028c3e-9b6c-4189-a4e2-d41f429a24e3 | base_url=https://e41.kotaksecurities.com
2026-06-10 10:10:46 [INFO] core.order_executor: ✅ Order placed (attempt 1/2) | Order ID: 260610000121430
2026-06-10 10:10:46 [INFO] core.order_executor: ✅ BUY order placed: 260610000121430 | Qty: 11
2026-06-10 10:10:46 [INFO] core.order_verifier: 📤 Order recorded: 260610000121430 (NTPC)
2026-06-10 10:11:00 [INFO] core.data_fetcher: 📡 Live feed | ticks received: 30/30 symbols | active=['SUNPHARMA', 'DIVISLAB', 'TATASTEEL', 'SBIN', 'TITAN', 'RELIANCE', 'NTPC', 'HDFCLIFE']...
2026-06-10 10:11:02 [INFO] core.order_verifier: ✅ Order 260610000121430 verified as COMPLETE
2026-06-10 10:11:02 [INFO] core.order_executor: ✅ BUY verified on broker | Symbol: NTPC | Qty: 11 | Product: MIS | SL: ₹355.07
2026-06-10 10:11:04 [INFO] core.order_executor: 🔄 Placing broker SL for NTPC | Qty: 11 | Trigger: ₹355.07 | Trading symbol: NTPC-EQ
2026-06-10 10:11:04 [INFO] core.order_executor: 🔄 [SL] Starting SL order placement | Symbol: NTPC-EQ | Qty: 11 | Software SL: ₹355.07 | Broker Trigger: ₹351.5 | Broker Limit: ₹351.35
2026-06-10 10:11:04 [INFO] core.order_executor: 📋 SL ORDER KWARGS (WILL SEND TO KOTAK):
2026-06-10 10:11:04 [INFO] core.order_executor:     exchange_segment     = nse_cm
2026-06-10 10:11:04 [INFO] core.order_executor:     product              = MIS
2026-06-10 10:11:04 [INFO] core.order_executor:     price                = 351.35
2026-06-10 10:11:04 [INFO] core.order_executor:     order_type           = SL
2026-06-10 10:11:04 [INFO] core.order_executor:     quantity             = 11
2026-06-10 10:11:04 [INFO] core.order_executor:     validity             = DAY
2026-06-10 10:11:04 [INFO] core.order_executor:     trading_symbol       = NTPC-EQ
2026-06-10 10:11:04 [INFO] core.order_executor:     transaction_type     = S
2026-06-10 10:11:04 [INFO] core.order_executor:     amo                  = NO
2026-06-10 10:11:04 [INFO] core.order_executor:     disclosed_quantity   = 0
2026-06-10 10:11:04 [INFO] core.order_executor:     market_protection    = 0
2026-06-10 10:11:04 [INFO] core.order_executor:     pf                   = N
2026-06-10 10:11:04 [INFO] core.order_executor:     trigger_price        = 351.5
2026-06-10 10:11:04 [INFO] core.order_executor:    ℹ️ If Kotak rejects: Try exchange_segment='NSE' instead of 'nse_cm'
2026-06-10 10:11:04 [INFO] core.order_executor:    ℹ️ If Kotak rejects: Check if product 'MIS' supports SL orders (try 'CNC' if 'MIS' rejected)
2026-06-10 10:11:04 [INFO] core.token_validator: ✅ Trade token + sid confirmed and set on client (scope=['Trade'])
2026-06-10 10:11:04 [INFO] core.order_executor: 📋 PRE-ORDER CONFIG DUMP (SL-M) | host=PROD | access_token=SET | edit_token=SET | edit_sid=e49b550c-ee0f-432c-92c3-ccdcf265eeaa | serverId=24028c3e-9b6c-4189-a4e2-d41f429a24e3 | base_url=https://e41.kotaksecurities.com
2026-06-10 10:11:04 [INFO] core.order_executor: 🛡️ Broker SL placed | NTPC | Qty: 11 | Trigger: ₹355.07 | OrderID: 260610000121758 (attempt 1/3)
2026-06-10 10:11:06 [INFO] core.order_executor: ✅ [LIVE] BUY | NTPC | Qty: 11 | @ ₹356.85 | SL: ₹355.07 | Target: ₹359.7 | Broker SL: ✅ 260610000121758
2026-06-10 10:11:06 [INFO] core.audit_logger: [AUDIT] ORDER_PLACED: {'symbol': 'NTPC', 'side': 'BUY', 'quantity': 11, 'price': 356.85, 'order_id': '260610000121430', 'stop_loss': 355.07, 'target': 359.7}
2026-06-10 10:11:06 [INFO] core.state_manager: Position saved: NTPC x11 | Target: 359.7 | SL: 355.07
2026-06-10 10:11:12 [INFO] core.state_manager: [BRIEFING] Loading from data/session_briefing.json...
2026-06-10 10:11:12 [INFO] core.state_manager: [BRIEFING] Loaded Valid: 8 approved + 22 watchlist (MORNING_SCREENER)
2026-06-10 10:12:17 [INFO] core.state_manager: [BRIEFING] Loading from data/session_briefing.json...
2026-06-10 10:12:17 [INFO] core.state_manager: [BRIEFING] Loaded Valid: 8 approved + 22 watchlist (MORNING_SCREENER)
2026-06-10 10:12:17 [INFO] core.strategy: ─── Scan summary (30 subscribed) ───
  [Cognition] SUNPHARMA: ticks=765 | live_candles=8
  [Cognition] DIVISLAB: ticks=536 | live_candles=8
  [Cognition] TATASTEEL: ticks=1553 | live_candles=8
  [Cognition] SBIN: ticks=1775 | live_candles=8
  [Cognition] TITAN: ticks=895 | live_candles=8
  [Cognition] RELIANCE: ticks=1904 | live_candles=8
  [Cognition] NTPC: ticks=1372 | live_candles=8
  [Cognition] HDFCLIFE: ticks=364 | live_candles=8
  [Math] ICICIBANK: ticks=1414 | live_candles=8
  [Math] APOLLOHOSP: ticks=804 | live_candles=8
  [Math] TCS: ticks=1621 | live_candles=8
  [Math] HDFCBANK: ticks=1510 | live_candles=8
  [Math] INFY: ticks=1417 | live_candles=8
  [Math] HINDUNILVR: ticks=1641 | live_candles=8
  [Math] ITC: ticks=1725 | live_candles=8
  [Math] BHARTIARTL: ticks=1626 | live_candles=8
  [Math] LT: ticks=1039 | live_candles=8
  [Math] HCLTECH: ticks=759 | live_candles=8
  [Math] MARUTI: ticks=463 | live_candles=8
  [Math] WIPRO: ticks=1349 | live_candles=8
  [Math] NESTLEIND: ticks=1212 | live_candles=8
  [Math] BAJAJFINSV: ticks=622 | live_candles=8
  [Math] DRREDDY: ticks=292 | live_candles=8
  [Math] EICHERMOT: ticks=547 | live_candles=8
  [Math] HEROMOTOCO: ticks=1080 | live_candles=8
  [Math] HINDALCO: ticks=1446 | live_candles=8
  [Math] JSWSTEEL: ticks=476 | live_candles=8
  [Math] M&M: ticks=1210 | live_candles=8
  [Math] SBILIFE: ticks=446 | live_candles=8
  [Math] TATACONSUM: ticks=842 | live_candles=8
2026-06-10 10:13:00 [INFO] core.data_fetcher: 📡 Live feed | ticks received: 30/30 symbols | active=['SUNPHARMA', 'DIVISLAB', 'TATASTEEL', 'SBIN', 'TITAN', 'RELIANCE', 'NTPC', 'HDFCLIFE']...
2026-06-10 10:13:21 [INFO] core.state_manager: [BRIEFING] Loading from data/session_briefing.json...
2026-06-10 10:13:21 [INFO] core.state_manager: [BRIEFING] Loaded Valid: 8 approved + 22 watchlist (MORNING_SCREENER)
2026-06-10 10:13:51 [INFO] core.strategy: ─── Scan summary (30 subscribed) ───
  [Cognition] SUNPHARMA: ticks=800 | live_candles=8
  [Cognition] DIVISLAB: ticks=561 | live_candles=8
  [Cognition] TATASTEEL: ticks=1613 | live_candles=8
  [Cognition] SBIN: ticks=1847 | live_candles=8
  [Cognition] TITAN: ticks=919 | live_candles=8
  [Cognition] RELIANCE: ticks=1965 | live_candles=8
  [Cognition] NTPC: ticks=1422 | live_candles=8
  [Cognition] HDFCLIFE: ticks=379 | live_candles=8
  [Math] ICICIBANK: ticks=1468 | live_candles=8
  [Math] APOLLOHOSP: ticks=834 | live_candles=8
  [Math] TCS: ticks=1683 | live_candles=8
  [Math] HDFCBANK: ticks=1575 | live_candles=8
  [Math] INFY: ticks=1460 | live_candles=8
  [Math] HINDUNILVR: ticks=1704 | live_candles=8
  [Math] ITC: ticks=1796 | live_candles=8
  [Math] BHARTIARTL: ticks=1701 | live_candles=8
  [Math] LT: ticks=1095 | live_candles=8
  [Math] HCLTECH: ticks=773 | live_candles=8
  [Math] MARUTI: ticks=479 | live_candles=8
  [Math] WIPRO: ticks=1404 | live_candles=8
  [Math] NESTLEIND: ticks=1242 | live_candles=8
  [Math] BAJAJFINSV: ticks=648 | live_candles=8
  [Math] DRREDDY: ticks=295 | live_candles=8
  [Math] EICHERMOT: ticks=571 | live_candles=8
  [Math] HEROMOTOCO: ticks=1128 | live_candles=8
  [Math] HINDALCO: ticks=1497 | live_candles=8
  [Math] JSWSTEEL: ticks=505 | live_candles=8
  [Math] M&M: ticks=1240 | live_candles=8
  [Math] SBILIFE: ticks=459 | live_candles=8
  [Math] TATACONSUM: ticks=863 | live_candles=8
2026-06-10 10:14:26 [INFO] core.state_manager: [BRIEFING] Loading from data/session_briefing.json...
2026-06-10 10:14:26 [INFO] core.state_manager: [BRIEFING] Loaded Valid: 8 approved + 22 watchlist (MORNING_SCREENER)
2026-06-10 10:15:00 [INFO] core.data_fetcher: 🕯️ Candle closed: HINDUNILVR | 2026-06-10 10:10 | O:2194.50 H:2201.00 L:2193.70 C:2193.80 V:38067.0
2026-06-10 10:15:00 [INFO] core.data_fetcher: 🕯️ Candle closed: TATACONSUM | 2026-06-10 10:10 | O:1129.50 H:1132.40 L:1128.60 C:1128.60 V:19558.0
2026-06-10 10:15:00 [INFO] core.data_fetcher: 🕯️ Candle closed: TATASTEEL | 2026-06-10 10:10 | O:202.23 H:202.25 L:201.65 C:201.70 V:293141.0
2026-06-10 10:15:00 [INFO] core.data_fetcher: 🕯️ Candle closed: BHARTIARTL | 2026-06-10 10:10 | O:1792.10 H:1792.90 L:1789.50 C:1790.80 V:98951.0
2026-06-10 10:15:00 [INFO] core.data_fetcher: 🕯️ Candle closed: RELIANCE | 2026-06-10 10:10 | O:1288.50 H:1288.70 L:1283.00 C:1283.50 V:252350.0
2026-06-10 10:15:00 [INFO] core.data_fetcher: 🕯️ Candle closed: INFY | 2026-06-10 10:10 | O:1167.10 H:1167.80 L:1163.10 C:1163.50 V:207185.0
2026-06-10 10:15:00 [INFO] core.data_fetcher: 🕯️ Candle closed: SUNPHARMA | 2026-06-10 10:10 | O:1779.60 H:1783.00 L:1778.60 C:1781.80 V:15291.0
2026-06-10 10:15:00 [INFO] core.data_fetcher: 🕯️ Candle closed: DIVISLAB | 2026-06-10 10:10 | O:6771.00 H:6777.50 L:6763.00 C:6766.00 V:5637.0
2026-06-10 10:15:00 [INFO] core.data_fetcher: 🕯️ Candle closed: WIPRO | 2026-06-10 10:10 | O:180.82 H:180.94 L:180.55 C:180.57 V:282856.0
2026-06-10 10:15:00 [INFO] core.data_fetcher: 🕯️ Candle closed: BAJAJFINSV | 2026-06-10 10:10 | O:1690.20 H:1690.30 L:1684.60 C:1684.60 V:5261.0
2026-06-10 10:15:00 [INFO] core.data_fetcher: 🕯️ Candle closed: HEROMOTOCO | 2026-06-10 10:10 | O:4944.70 H:4951.00 L:4931.60 C:4934.10 V:10193.0
2026-06-10 10:15:00 [INFO] core.data_fetcher: 🕯️ Candle closed: ICICIBANK | 2026-06-10 10:10 | O:1285.70 H:1286.80 L:1285.70 C:1286.00 V:119079.0
2026-06-10 10:15:00 [INFO] core.data_fetcher: 🕯️ Candle closed: HDFCBANK | 2026-06-10 10:10 | O:740.45 H:740.45 L:739.00 C:739.05 V:337390.0
2026-06-10 10:15:00 [INFO] core.data_fetcher: 🕯️ Candle closed: NTPC | 2026-06-10 10:10 | O:356.30 H:357.05 L:356.10 C:356.10 V:336667.0
2026-06-10 10:15:01 [INFO] core.data_fetcher: 🕯️ Candle closed: SBIN | 2026-06-10 10:10 | O:1005.85 H:1006.90 L:1005.00 C:1005.00 V:186113.0
2026-06-10 10:15:01 [INFO] core.data_fetcher: 🕯️ Candle closed: HCLTECH | 2026-06-10 10:10 | O:1147.50 H:1148.30 L:1145.00 C:1145.10 V:17225.0
2026-06-10 10:15:01 [INFO] core.data_fetcher: 🕯️ Candle closed: ITC | 2026-06-10 10:10 | O:283.25 H:283.40 L:283.15 C:283.30 V:390702.0
2026-06-10 10:15:01 [INFO] core.data_fetcher: 🕯️ Candle closed: NESTLEIND | 2026-06-10 10:10 | O:1451.60 H:1454.30 L:1449.20 C:1449.20 V:48497.0
2026-06-10 10:15:01 [INFO] core.data_fetcher: 🕯️ Candle closed: HINDALCO | 2026-06-10 10:10 | O:1038.10 H:1039.00 L:1035.30 C:1036.00 V:77110.0
2026-06-10 10:15:01 [INFO] core.data_fetcher: 📡 Live feed | ticks received: 30/30 symbols | active=['SUNPHARMA', 'DIVISLAB', 'TATASTEEL', 'SBIN', 'TITAN', 'RELIANCE', 'NTPC', 'HDFCLIFE']...
2026-06-10 10:15:01 [INFO] core.data_fetcher: 🕯️ Candle closed: JSWSTEEL | 2026-06-10 10:10 | O:1259.80 H:1260.90 L:1257.00 C:1257.10 V:17876.0
2026-06-10 10:15:02 [INFO] core.data_fetcher: 🕯️ Candle closed: MARUTI | 2026-06-10 10:10 | O:13088.00 H:13090.00 L:13064.00 C:13069.00 V:2109.0
2026-06-10 10:15:02 [INFO] core.data_fetcher: 🕯️ Candle closed: LT | 2026-06-10 10:10 | O:3926.30 H:3928.00 L:3915.00 C:3916.00 V:41443.0
2026-06-10 10:15:02 [INFO] core.data_fetcher: 🕯️ Candle closed: TCS | 2026-06-10 10:10 | O:2172.40 H:2173.30 L:2166.50 C:2167.50 V:57646.0
2026-06-10 10:15:03 [INFO] core.data_fetcher: 🕯️ Candle closed: SBILIFE | 2026-06-10 10:10 | O:1770.00 H:1770.20 L:1765.20 C:1766.70 V:5060.0
2026-06-10 10:15:03 [INFO] core.data_fetcher: 🕯️ Candle closed: M&M | 2026-06-10 10:10 | O:2972.60 H:2972.90 L:2969.00 C:2969.00 V:21182.0
2026-06-10 10:15:03 [INFO] core.data_fetcher: 🕯️ Candle closed: DRREDDY | 2026-06-10 10:10 | O:1274.40 H:1276.90 L:1274.40 C:1275.00 V:7262.0
2026-06-10 10:15:05 [INFO] core.data_fetcher: 🕯️ Candle closed: APOLLOHOSP | 2026-06-10 10:10 | O:8586.00 H:8607.00 L:8586.00 C:8602.50 V:8263.0
2026-06-10 10:15:05 [INFO] core.data_fetcher: 🕯️ Candle closed: HDFCLIFE | 2026-06-10 10:10 | O:563.45 H:563.45 L:562.80 C:563.00 V:14861.0
2026-06-10 10:15:06 [INFO] core.data_fetcher: 🕯️ Candle closed: EICHERMOT | 2026-06-10 10:10 | O:7208.00 H:7212.50 L:7200.50 C:7202.00 V:2425.0
2026-06-10 10:15:06 [INFO] core.data_fetcher: 🕯️ Candle closed: TITAN | 2026-06-10 10:10 | O:4103.90 H:4105.90 L:4100.00 C:4105.00 V:4381.0
2026-06-10 10:15:26 [INFO] core.state_manager: [BRIEFING] Loading from data/session_briefing.json...
2026-06-10 10:15:26 [INFO] core.state_manager: [BRIEFING] Loaded Valid: 8 approved + 22 watchlist (MORNING_SCREENER)
2026-06-10 10:15:26 [INFO] core.strategy: ─── Scan summary (30 subscribed) ───
  [Cognition] SUNPHARMA: ticks=836 | live_candles=9
  [Cognition] DIVISLAB: ticks=588 | live_candles=9
  [Cognition] TATASTEEL: ticks=1691 | live_candles=9
  [Cognition] SBIN: ticks=1911 | live_candles=9
  [Cognition] TITAN: ticks=944 | live_candles=9
  [Cognition] RELIANCE: ticks=2067 | live_candles=9
  [Cognition] NTPC: ticks=1458 | live_candles=9
  [Cognition] HDFCLIFE: ticks=393 | live_candles=9
  [Math] ICICIBANK: ticks=1515 | live_candles=9
  [Math] APOLLOHOSP: ticks=869 | live_candles=9
  [Math] TCS: ticks=1760 | live_candles=9
  [Math] HDFCBANK: ticks=1639 | live_candles=9
  [Math] INFY: ticks=1513 | live_candles=9
  [Math] HINDUNILVR: ticks=1762 | live_candles=9
  [Math] ITC: ticks=1871 | live_candles=9
  [Math] BHARTIARTL: ticks=1793 | live_candles=9
  [Math] LT: ticks=1160 | live_candles=9
  [Math] HCLTECH: ticks=805 | live_candles=9
  [Math] MARUTI: ticks=508 | live_candles=9
  [Math] WIPRO: ticks=1491 | live_candles=9
  [Math] NESTLEIND: ticks=1291 | live_candles=9
  [Math] BAJAJFINSV: ticks=683 | live_candles=9
  [Math] DRREDDY: ticks=308 | live_candles=9
  [Math] EICHERMOT: ticks=586 | live_candles=9
  [Math] HEROMOTOCO: ticks=1166 | live_candles=9
  [Math] HINDALCO: ticks=1566 | live_candles=9
  [Math] JSWSTEEL: ticks=531 | live_candles=9
  [Math] M&M: ticks=1288 | live_candles=9
  [Math] SBILIFE: ticks=470 | live_candles=9
  [Math] TATACONSUM: ticks=893 | live_candles=9
2026-06-10 10:16:31 [INFO] core.state_manager: [BRIEFING] Loading from data/session_briefing.json...
2026-06-10 10:16:31 [INFO] core.state_manager: [BRIEFING] Loaded Valid: 8 approved + 22 watchlist (MORNING_SCREENER)
2026-06-10 10:16:37 [INFO] core.strategy: BUY SIGNAL TRIGGERED
Symbol: ICICIBANK
Price: 1285.9
Triggered Set: BUY_THREE_SOLDIERS_MOMENTUM
Set Side: BUY
Confidence: base=60.0 signal_x=1.0 weight_x=1.0 time=10:00-11:30@1.0 market_x=1.0 advisory_x=0.99 final=59.4 min=35.0
Satisfied:
- Three White Soldiers: pattern=True
- OBV Trending Up: OBV started=7314735, ended=7433814
Why: Three White Soldiers pattern showing pure buying pressure, confirmed by OBV trending up.
2026-06-10 10:16:37 [INFO] core.token_validator: 🔐 Pre-Order Token Check | State: VALID | Info: {'status': 'VALID', 'scope': ['Trade'], 'ucc': 'XD16F', 'expires_at': '2026-06-11T00:00:00', 'issued_at': '2026-06-10T09:36:57', 'seconds_until_expiry': 49403, 'created_seconds_ago': 2380}
2026-06-10 10:16:37 [INFO] core.token_validator: ✅ Token ready for order — proceeding
2026-06-10 10:16:37 [INFO] core.order_executor: 📊 Margin Discovery [ICICIBANK]: ₹257.18/share (5.0x) [Source: API (client.margin_required)]
2026-06-10 10:16:37 [INFO] core.order_executor: ✅ Quantity calculated | ICICIBANK | Price: ₹1285.9 | Qty: 2 | Margin Blocked: ₹514 | Limiting: allocation | Free Margin Left: ₹2752
2026-06-10 10:16:37 [INFO] core.order_executor: 📋 Preparing B order | Symbol: ICICIBANK-EQ | Qty: 2 | Price: ₹1285.9
2026-06-10 10:16:37 [INFO] core.token_validator: 🔐 Pre-Order Token Check | State: VALID | Info: {'status': 'VALID', 'scope': ['Trade'], 'ucc': 'XD16F', 'expires_at': '2026-06-11T00:00:00', 'issued_at': '2026-06-10T09:36:57', 'seconds_until_expiry': 49403, 'created_seconds_ago': 2380}
2026-06-10 10:16:37 [INFO] core.token_validator: ✅ Token ready for order — proceeding
2026-06-10 10:16:37 [INFO] core.token_validator: ✅ Trade token + sid confirmed and set on client (scope=['Trade'])
2026-06-10 10:16:37 [INFO] core.order_executor: 📋 PRE-ORDER CONFIG DUMP (ATTEMPT 1/2) | host=PROD | access_token=eyJhbGciOiJSUzI1NiIs... | edit_token=eyJhbGciOiJSUzI1NiIs... | tokens_match=True | edit_sid=e49b550c-ee0f-432c-92c3-ccdcf265eeaa | serverId=24028c3e-9b6c-4189-a4e2-d41f429a24e3 | base_url=https://e41.kotaksecurities.com
2026-06-10 10:16:37 [INFO] core.order_executor: ✅ Order placed (attempt 1/2) | Order ID: 260610000132270
2026-06-10 10:16:37 [INFO] core.order_executor: ✅ BUY order placed: 260610000132270 | Qty: 2
2026-06-10 10:16:37 [INFO] core.order_verifier: 📤 Order recorded: 260610000132270 (ICICIBANK)
2026-06-10 10:16:38 [INFO] core.order_verifier: ✅ Order 260610000132270 verified as COMPLETE
2026-06-10 10:16:38 [INFO] core.order_executor: ✅ BUY verified on broker | Symbol: ICICIBANK | Qty: 2 | Product: MIS | SL: ₹1279.47
2026-06-10 10:16:40 [INFO] core.order_executor: 🔄 Placing broker SL for ICICIBANK | Qty: 2 | Trigger: ₹1279.47 | Trading symbol: ICICIBANK-EQ
2026-06-10 10:16:40 [INFO] core.order_executor: 🔄 [SL] Starting SL order placement | Symbol: ICICIBANK-EQ | Qty: 2 | Software SL: ₹1279.47 | Broker Trigger: ₹1266.7 | Broker Limit: ₹1266.05
2026-06-10 10:16:40 [INFO] core.order_executor: 📋 SL ORDER KWARGS (WILL SEND TO KOTAK):
2026-06-10 10:16:40 [INFO] core.order_executor:     exchange_segment     = nse_cm
2026-06-10 10:16:40 [INFO] core.order_executor:     product              = MIS
2026-06-10 10:16:40 [INFO] core.order_executor:     price                = 1266.05
2026-06-10 10:16:40 [INFO] core.order_executor:     order_type           = SL
2026-06-10 10:16:40 [INFO] core.order_executor:     quantity             = 2
2026-06-10 10:16:40 [INFO] core.order_executor:     validity             = DAY
2026-06-10 10:16:40 [INFO] core.order_executor:     trading_symbol       = ICICIBANK-EQ
2026-06-10 10:16:40 [INFO] core.order_executor:     transaction_type     = S
2026-06-10 10:16:40 [INFO] core.order_executor:     amo                  = NO
2026-06-10 10:16:40 [INFO] core.order_executor:     disclosed_quantity   = 0
2026-06-10 10:16:40 [INFO] core.order_executor:     market_protection    = 0
2026-06-10 10:16:40 [INFO] core.order_executor:     pf                   = N
2026-06-10 10:16:40 [INFO] core.order_executor:     trigger_price        = 1266.7
2026-06-10 10:16:40 [INFO] core.order_executor:    ℹ️ If Kotak rejects: Try exchange_segment='NSE' instead of 'nse_cm'
2026-06-10 10:16:40 [INFO] core.order_executor:    ℹ️ If Kotak rejects: Check if product 'MIS' supports SL orders (try 'CNC' if 'MIS' rejected)
2026-06-10 10:16:40 [INFO] core.token_validator: ✅ Trade token + sid confirmed and set on client (scope=['Trade'])
2026-06-10 10:16:40 [INFO] core.order_executor: 📋 PRE-ORDER CONFIG DUMP (SL-M) | host=PROD | access_token=SET | edit_token=SET | edit_sid=e49b550c-ee0f-432c-92c3-ccdcf265eeaa | serverId=24028c3e-9b6c-4189-a4e2-d41f429a24e3 | base_url=https://e41.kotaksecurities.com
2026-06-10 10:16:40 [INFO] core.order_executor: 🛡️ Broker SL placed | ICICIBANK | Qty: 2 | Trigger: ₹1279.47 | OrderID: 260610000132355 (attempt 1/3)
2026-06-10 10:16:41 [ERROR] core.order_verifier: Order 260610000132355 rejected: 16283 : Order price is not a multiple of tick size  
2026-06-10 10:16:41 [ERROR] core.order_executor: ❌ SL Order rejected by broker! Clearing ID and retrying...
2026-06-10 10:16:42 [WARNING] core.order_executor: ⚠️ SL attempt 1/3 failed/rejected for ICICIBANK. Retrying in 2s...
2026-06-10 10:16:44 [INFO] core.order_executor: 🔄 [SL] Starting SL order placement | Symbol: ICICIBANK-EQ | Qty: 2 | Software SL: ₹1279.47 | Broker Trigger: ₹1266.7 | Broker Limit: ₹1266.05
2026-06-10 10:16:44 [INFO] core.order_executor: 📋 SL ORDER KWARGS (WILL SEND TO KOTAK):
2026-06-10 10:16:44 [INFO] core.order_executor:     exchange_segment     = nse_cm
2026-06-10 10:16:44 [INFO] core.order_executor:     product              = MIS
2026-06-10 10:16:44 [INFO] core.order_executor:     price                = 1266.05
2026-06-10 10:16:44 [INFO] core.order_executor:     order_type           = SL
2026-06-10 10:16:44 [INFO] core.order_executor:     quantity             = 2
2026-06-10 10:16:44 [INFO] core.order_executor:     validity             = DAY
2026-06-10 10:16:44 [INFO] core.order_executor:     trading_symbol       = ICICIBANK-EQ
2026-06-10 10:16:44 [INFO] core.order_executor:     transaction_type     = S
2026-06-10 10:16:44 [INFO] core.order_executor:     amo                  = NO
2026-06-10 10:16:44 [INFO] core.order_executor:     disclosed_quantity   = 0
2026-06-10 10:16:44 [INFO] core.order_executor:     market_protection    = 0
2026-06-10 10:16:44 [INFO] core.order_executor:     pf                   = N
2026-06-10 10:16:44 [INFO] core.order_executor:     trigger_price        = 1266.7
2026-06-10 10:16:44 [INFO] core.order_executor:    ℹ️ If Kotak rejects: Try exchange_segment='NSE' instead of 'nse_cm'
2026-06-10 10:16:44 [INFO] core.order_executor:    ℹ️ If Kotak rejects: Check if product 'MIS' supports SL orders (try 'CNC' if 'MIS' rejected)
2026-06-10 10:16:44 [INFO] core.token_validator: ✅ Trade token + sid confirmed and set on client (scope=['Trade'])
2026-06-10 10:16:44 [INFO] core.order_executor: 📋 PRE-ORDER CONFIG DUMP (SL-M) | host=PROD | access_token=SET | edit_token=SET | edit_sid=e49b550c-ee0f-432c-92c3-ccdcf265eeaa | serverId=24028c3e-9b6c-4189-a4e2-d41f429a24e3 | base_url=https://e41.kotaksecurities.com
2026-06-10 10:16:44 [INFO] core.order_executor: 🛡️ Broker SL placed | ICICIBANK | Qty: 2 | Trigger: ₹1279.47 | OrderID: 260610000132554 (attempt 2/3)
2026-06-10 10:16:46 [ERROR] core.order_verifier: Order 260610000132554 rejected: 16283 : Order price is not a multiple of tick size  
2026-06-10 10:16:46 [ERROR] core.order_executor: ❌ SL Order rejected by broker! Clearing ID and retrying...
2026-06-10 10:16:47 [WARNING] core.order_executor: ⚠️ SL attempt 2/3 failed/rejected for ICICIBANK. Retrying in 2s...
2026-06-10 10:16:49 [INFO] core.order_executor: 🔄 [SL] Starting SL order placement | Symbol: ICICIBANK-EQ | Qty: 2 | Software SL: ₹1279.47 | Broker Trigger: ₹1266.7 | Broker Limit: ₹1266.05
2026-06-10 10:16:49 [INFO] core.order_executor: 📋 SL ORDER KWARGS (WILL SEND TO KOTAK):
2026-06-10 10:16:49 [INFO] core.order_executor:     exchange_segment     = nse_cm
2026-06-10 10:16:49 [INFO] core.order_executor:     product              = MIS
2026-06-10 10:16:49 [INFO] core.order_executor:     price                = 1266.05
2026-06-10 10:16:49 [INFO] core.order_executor:     order_type           = SL
2026-06-10 10:16:49 [INFO] core.order_executor:     quantity             = 2
2026-06-10 10:16:49 [INFO] core.order_executor:     validity             = DAY
2026-06-10 10:16:49 [INFO] core.order_executor:     trading_symbol       = ICICIBANK-EQ
2026-06-10 10:16:49 [INFO] core.order_executor:     transaction_type     = S
2026-06-10 10:16:49 [INFO] core.order_executor:     amo                  = NO
2026-06-10 10:16:49 [INFO] core.order_executor:     disclosed_quantity   = 0
2026-06-10 10:16:49 [INFO] core.order_executor:     market_protection    = 0
2026-06-10 10:16:49 [INFO] core.order_executor:     pf                   = N
2026-06-10 10:16:49 [INFO] core.order_executor:     trigger_price        = 1266.7
2026-06-10 10:16:49 [INFO] core.order_executor:    ℹ️ If Kotak rejects: Try exchange_segment='NSE' instead of 'nse_cm'
2026-06-10 10:16:49 [INFO] core.order_executor:    ℹ️ If Kotak rejects: Check if product 'MIS' supports SL orders (try 'CNC' if 'MIS' rejected)
2026-06-10 10:16:49 [INFO] core.token_validator: ✅ Trade token + sid confirmed and set on client (scope=['Trade'])
2026-06-10 10:16:49 [INFO] core.order_executor: 📋 PRE-ORDER CONFIG DUMP (SL-M) | host=PROD | access_token=SET | edit_token=SET | edit_sid=e49b550c-ee0f-432c-92c3-ccdcf265eeaa | serverId=24028c3e-9b6c-4189-a4e2-d41f429a24e3 | base_url=https://e41.kotaksecurities.com
2026-06-10 10:16:49 [INFO] core.order_executor: 🛡️ Broker SL placed | ICICIBANK | Qty: 2 | Trigger: ₹1279.47 | OrderID: 260610000132785 (attempt 3/3)
2026-06-10 10:16:51 [ERROR] core.order_verifier: Order 260610000132785 rejected: 16283 : Order price is not a multiple of tick size  
2026-06-10 10:16:51 [ERROR] core.order_executor: ❌ SL Order rejected by broker! Clearing ID and retrying...
2026-06-10 10:16:52 [CRITICAL] core.order_executor: 🚨 CRITICAL: Broker SL-M FAILED for ICICIBANK after 3 attempts. Position will be saved with SOFTWARE-ONLY protection. Recovery loop will retry broker SL via kotak_sl_order_id=NULL detection. BUY order_id: 260610000132270 | Entry: ₹1285.9 | SL: ₹1279.47
2026-06-10 10:16:52 [INFO] core.order_executor: ✅ [LIVE] BUY | ICICIBANK | Qty: 2 | @ ₹1285.9 | SL: ₹1279.47 | Target: ₹1296.2 | Broker SL: ❌ UNPROTECTED (recovery pending)
2026-06-10 10:16:53 [INFO] core.audit_logger: [AUDIT] ORDER_PLACED: {'symbol': 'ICICIBANK', 'side': 'BUY', 'quantity': 2, 'price': 1285.9, 'order_id': '260610000132270', 'stop_loss': 1279.47, 'target': 1296.2}
2026-06-10 10:16:53 [INFO] core.state_manager: Position saved: ICICIBANK x2 | Target: 1296.2 | SL: 1279.47
2026-06-10 10:16:55 [INFO] core.strategy: BUY SIGNAL TRIGGERED
Symbol: ITC
Price: 283.35
Triggered Set: BUY_THREE_SOLDIERS_MOMENTUM
Set Side: BUY
Confidence: base=50.0 signal_x=1.0 weight_x=1.0 time=10:00-11:30@1.0 market_x=1.0 advisory_x=0.99 final=49.5 min=35.0
Satisfied:
- Three White Soldiers: pattern=True
- OBV Trending Up: OBV started=13413423, ended=13804125
Why: Three White Soldiers pattern showing pure buying pressure, confirmed by OBV trending up.
2026-06-10 10:16:55 [INFO] core.token_validator: 🔐 Pre-Order Token Check | State: VALID | Info: {'status': 'VALID', 'scope': ['Trade'], 'ucc': 'XD16F', 'expires_at': '2026-06-11T00:00:00', 'issued_at': '2026-06-10T09:36:57', 'seconds_until_expiry': 49385, 'created_seconds_ago': 2398}
2026-06-10 10:16:55 [INFO] core.token_validator: ✅ Token ready for order — proceeding
2026-06-10 10:16:55 [INFO] core.order_executor: 📊 Margin Discovery [ITC]: ₹56.67/share (5.0x) [Source: API (client.margin_required)]
2026-06-10 10:16:55 [INFO] core.order_executor: ✅ Quantity calculated | ITC | Price: ₹283.35 | Qty: 9 | Margin Blocked: ₹510 | Limiting: allocation | Free Margin Left: ₹2243
2026-06-10 10:16:55 [INFO] core.order_executor: 📋 Preparing B order | Symbol: ITC-EQ | Qty: 9 | Price: ₹283.35
2026-06-10 10:16:55 [INFO] core.token_validator: 🔐 Pre-Order Token Check | State: VALID | Info: {'status': 'VALID', 'scope': ['Trade'], 'ucc': 'XD16F', 'expires_at': '2026-06-11T00:00:00', 'issued_at': '2026-06-10T09:36:57', 'seconds_until_expiry': 49385, 'created_seconds_ago': 2398}
2026-06-10 10:16:55 [INFO] core.token_validator: ✅ Token ready for order — proceeding
2026-06-10 10:16:55 [INFO] core.token_validator: ✅ Trade token + sid confirmed and set on client (scope=['Trade'])
2026-06-10 10:16:55 [INFO] core.order_executor: 📋 PRE-ORDER CONFIG DUMP (ATTEMPT 1/2) | host=PROD | access_token=eyJhbGciOiJSUzI1NiIs... | edit_token=eyJhbGciOiJSUzI1NiIs... | tokens_match=True | edit_sid=e49b550c-ee0f-432c-92c3-ccdcf265eeaa | serverId=24028c3e-9b6c-4189-a4e2-d41f429a24e3 | base_url=https://e41.kotaksecurities.com
2026-06-10 10:16:55 [INFO] core.order_executor: ✅ Order placed (attempt 1/2) | Order ID: 260610000132994
2026-06-10 10:16:55 [INFO] core.order_executor: ✅ BUY order placed: 260610000132994 | Qty: 9
2026-06-10 10:16:55 [INFO] core.order_verifier: 📤 Order recorded: 260610000132994 (ITC)
2026-06-10 10:16:56 [INFO] core.order_verifier: ✅ Order 260610000132994 verified as COMPLETE
2026-06-10 10:16:56 [INFO] core.order_executor: ✅ BUY verified on broker | Symbol: ITC | Qty: 9 | Product: MIS | SL: ₹281.93
2026-06-10 10:16:58 [INFO] core.order_executor: 🔄 Placing broker SL for ITC | Qty: 9 | Trigger: ₹281.93 | Trading symbol: ITC-EQ
2026-06-10 10:16:58 [INFO] core.order_executor: 🔄 [SL] Starting SL order placement | Symbol: ITC-EQ | Qty: 9 | Software SL: ₹281.93 | Broker Trigger: ₹279.1 | Broker Limit: ₹278.95
2026-06-10 10:16:58 [INFO] core.order_executor: 📋 SL ORDER KWARGS (WILL SEND TO KOTAK):
2026-06-10 10:16:58 [INFO] core.order_executor:     exchange_segment     = nse_cm
2026-06-10 10:16:58 [INFO] core.order_executor:     product              = MIS
2026-06-10 10:16:58 [INFO] core.order_executor:     price                = 278.95
2026-06-10 10:16:58 [INFO] core.order_executor:     order_type           = SL
2026-06-10 10:16:58 [INFO] core.order_executor:     quantity             = 9
2026-06-10 10:16:58 [INFO] core.order_executor:     validity             = DAY
2026-06-10 10:16:58 [INFO] core.order_executor:     trading_symbol       = ITC-EQ
2026-06-10 10:16:58 [INFO] core.order_executor:     transaction_type     = S
2026-06-10 10:16:58 [INFO] core.order_executor:     amo                  = NO
2026-06-10 10:16:58 [INFO] core.order_executor:     disclosed_quantity   = 0
2026-06-10 10:16:58 [INFO] core.order_executor:     market_protection    = 0
2026-06-10 10:16:58 [INFO] core.order_executor:     pf                   = N
2026-06-10 10:16:58 [INFO] core.order_executor:     trigger_price        = 279.1
2026-06-10 10:16:58 [INFO] core.order_executor:    ℹ️ If Kotak rejects: Try exchange_segment='NSE' instead of 'nse_cm'
2026-06-10 10:16:58 [INFO] core.order_executor:    ℹ️ If Kotak rejects: Check if product 'MIS' supports SL orders (try 'CNC' if 'MIS' rejected)
2026-06-10 10:16:58 [INFO] core.token_validator: ✅ Trade token + sid confirmed and set on client (scope=['Trade'])
2026-06-10 10:16:58 [INFO] core.order_executor: 📋 PRE-ORDER CONFIG DUMP (SL-M) | host=PROD | access_token=SET | edit_token=SET | edit_sid=e49b550c-ee0f-432c-92c3-ccdcf265eeaa | serverId=24028c3e-9b6c-4189-a4e2-d41f429a24e3 | base_url=https://e41.kotaksecurities.com
2026-06-10 10:16:58 [INFO] core.order_executor: 🛡️ Broker SL placed | ITC | Qty: 9 | Trigger: ₹281.93 | OrderID: 260610000133088 (attempt 1/3)
2026-06-10 10:17:01 [INFO] core.order_executor: ✅ [LIVE] BUY | ITC | Qty: 9 | @ ₹283.35 | SL: ₹281.93 | Target: ₹285.6 | Broker SL: ✅ 260610000133088
2026-06-10 10:17:01 [INFO] core.data_fetcher: 📡 Live feed | ticks received: 30/30 symbols | active=['SUNPHARMA', 'DIVISLAB', 'TATASTEEL', 'SBIN', 'TITAN', 'RELIANCE', 'NTPC', 'HDFCLIFE']...
2026-06-10 10:17:01 [INFO] core.audit_logger: [AUDIT] ORDER_PLACED: {'symbol': 'ITC', 'side': 'BUY', 'quantity': 9, 'price': 283.35, 'order_id': '260610000132994', 'stop_loss': 281.93, 'target': 285.6}
2026-06-10 10:17:01 [INFO] core.state_manager: Position saved: ITC x9 | Target: 285.6 | SL: 281.93
2026-06-10 10:17:05 [INFO] core.strategy: ─── Scan summary (30 subscribed) ───
  [Cognition] SUNPHARMA: ticks=879 | live_candles=9
  [Cognition] DIVISLAB: ticks=607 | live_candles=9
  [Cognition] TATASTEEL: ticks=1765 | live_candles=9
  [Cognition] SBIN: ticks=1995 | live_candles=9
  [Cognition] TITAN: ticks=963 | live_candles=9
  [Cognition] RELIANCE: ticks=2155 | live_candles=9
  [Cognition] NTPC: ticks=1524 | live_candles=9
  [Cognition] HDFCLIFE: ticks=417 | live_candles=9
  [Math] ICICIBANK: ticks=1571 | live_candles=9
  [Math] APOLLOHOSP: ticks=903 | live_candles=9
  [Math] TCS: ticks=1828 | live_candles=9
  [Math] HDFCBANK: ticks=1705 | live_candles=9
  [Math] INFY: ticks=1570 | live_candles=9
  [Math] HINDUNILVR: ticks=1830 | live_candles=9
  [Math] ITC: ticks=1946 | live_candles=9
  [Math] BHARTIARTL: ticks=1875 | live_candles=9
  [Math] LT: ticks=1205 | live_candles=9
  [Math] HCLTECH: ticks=848 | live_candles=9
  [Math] MARUTI: ticks=530 | live_candles=9
  [Math] WIPRO: ticks=1573 | live_candles=9
  [Math] NESTLEIND: ticks=1341 | live_candles=9
  [Math] BAJAJFINSV: ticks=729 | live_candles=9
  [Math] DRREDDY: ticks=323 | live_candles=9
  [Math] EICHERMOT: ticks=612 | live_candles=9
  [Math] HEROMOTOCO: ticks=1202 | live_candles=9
  [Math] HINDALCO: ticks=1616 | live_candles=9
  [Math] JSWSTEEL: ticks=553 | live_candles=9
  [Math] M&M: ticks=1358 | live_candles=9
  [Math] SBILIFE: ticks=479 | live_candles=9
  [Math] TATACONSUM: ticks=925 | live_candles=9
2026-06-10 10:17:05 [WARNING] core.order_executor: 🔄 SL recovery attempt #1 for ICICIBANK | Qty: 2 | Trigger: ₹1279.47 | delay_was: 30s
2026-06-10 10:17:05 [INFO] core.order_executor: 🔄 [SL] Starting SL order placement | Symbol: ICICIBANK-EQ | Qty: 2 | Software SL: ₹1279.47 | Broker Trigger: ₹1266.7 | Broker Limit: ₹1266.05
2026-06-10 10:17:05 [INFO] core.order_executor: 📋 SL ORDER KWARGS (WILL SEND TO KOTAK):
2026-06-10 10:17:05 [INFO] core.order_executor:     exchange_segment     = nse_cm
2026-06-10 10:17:05 [INFO] core.order_executor:     product              = MIS
2026-06-10 10:17:05 [INFO] core.order_executor:     price                = 1266.05
2026-06-10 10:17:05 [INFO] core.order_executor:     order_type           = SL
2026-06-10 10:17:05 [INFO] core.order_executor:     quantity             = 2
2026-06-10 10:17:05 [INFO] core.order_executor:     validity             = DAY
2026-06-10 10:17:05 [INFO] core.order_executor:     trading_symbol       = ICICIBANK-EQ
2026-06-10 10:17:05 [INFO] core.order_executor:     transaction_type     = S
2026-06-10 10:17:05 [INFO] core.order_executor:     amo                  = NO
2026-06-10 10:17:05 [INFO] core.order_executor:     disclosed_quantity   = 0
2026-06-10 10:17:05 [INFO] core.order_executor:     market_protection    = 0
2026-06-10 10:17:05 [INFO] core.order_executor:     pf                   = N
2026-06-10 10:17:05 [INFO] core.order_executor:     trigger_price        = 1266.7
2026-06-10 10:17:05 [INFO] core.order_executor:    ℹ️ If Kotak rejects: Try exchange_segment='NSE' instead of 'nse_cm'
2026-06-10 10:17:05 [INFO] core.order_executor:    ℹ️ If Kotak rejects: Check if product 'MIS' supports SL orders (try 'CNC' if 'MIS' rejected)
2026-06-10 10:17:05 [INFO] core.token_validator: ✅ Trade token + sid confirmed and set on client (scope=['Trade'])
2026-06-10 10:17:05 [INFO] core.order_executor: 📋 PRE-ORDER CONFIG DUMP (SL-M) | host=PROD | access_token=SET | edit_token=SET | edit_sid=e49b550c-ee0f-432c-92c3-ccdcf265eeaa | serverId=24028c3e-9b6c-4189-a4e2-d41f429a24e3 | base_url=https://e41.kotaksecurities.com
2026-06-10 10:17:07 [ERROR] core.order_verifier: Order 260610000133303 rejected: 16283 : Order price is not a multiple of tick size  
2026-06-10 10:17:07 [ERROR] core.order_executor: ❌ SL Recovery Order rejected by broker! Backing off...
2026-06-10 10:17:07 [CRITICAL] core.order_executor: 🚨 SL recovery FAILED (attempt #1) for ICICIBANK. Software SL at ₹1279.47 is the only active protection. Next broker attempt in 60s.
2026-06-10 10:17:32 [INFO] core.state_manager: [BRIEFING] Loading from data/session_briefing.json...
2026-06-10 10:17:32 [INFO] core.state_manager: [BRIEFING] Loaded Valid: 8 approved + 22 watchlist (MORNING_SCREENER)
2026-06-10 10:18:07 [WARNING] core.order_executor: 🔄 SL recovery attempt #2 for ICICIBANK | Qty: 2 | Trigger: ₹1279.47 | delay_was: 60s
2026-06-10 10:18:07 [INFO] core.order_executor: 🔄 [SL] Starting SL order placement | Symbol: ICICIBANK-EQ | Qty: 2 | Software SL: ₹1279.47 | Broker Trigger: ₹1266.7 | Broker Limit: ₹1266.05
2026-06-10 10:18:07 [INFO] core.order_executor: 📋 SL ORDER KWARGS (WILL SEND TO KOTAK):
2026-06-10 10:18:07 [INFO] core.order_executor:     exchange_segment     = nse_cm
2026-06-10 10:18:07 [INFO] core.order_executor:     product              = MIS
2026-06-10 10:18:07 [INFO] core.order_executor:     price                = 1266.05
2026-06-10 10:18:07 [INFO] core.order_executor:     order_type           = SL
2026-06-10 10:18:07 [INFO] core.order_executor:     quantity             = 2
2026-06-10 10:18:07 [INFO] core.order_executor:     validity             = DAY
2026-06-10 10:18:07 [INFO] core.order_executor:     trading_symbol       = ICICIBANK-EQ
2026-06-10 10:18:07 [INFO] core.order_executor:     transaction_type     = S
2026-06-10 10:18:07 [INFO] core.order_executor:     amo                  = NO
2026-06-10 10:18:07 [INFO] core.order_executor:     disclosed_quantity   = 0
2026-06-10 10:18:07 [INFO] core.order_executor:     market_protection    = 0
2026-06-10 10:18:07 [INFO] core.order_executor:     pf                   = N
2026-06-10 10:18:07 [INFO] core.order_executor:     trigger_price        = 1266.7
2026-06-10 10:18:07 [INFO] core.order_executor:    ℹ️ If Kotak rejects: Try exchange_segment='NSE' instead of 'nse_cm'
2026-06-10 10:18:07 [INFO] core.order_executor:    ℹ️ If Kotak rejects: Check if product 'MIS' supports SL orders (try 'CNC' if 'MIS' rejected)
2026-06-10 10:18:07 [INFO] core.token_validator: ✅ Trade token + sid confirmed and set on client (scope=['Trade'])
2026-06-10 10:18:07 [INFO] core.order_executor: 📋 PRE-ORDER CONFIG DUMP (SL-M) | host=PROD | access_token=SET | edit_token=SET | edit_sid=e49b550c-ee0f-432c-92c3-ccdcf265eeaa | serverId=24028c3e-9b6c-4189-a4e2-d41f429a24e3 | base_url=https://e41.kotaksecurities.com
2026-06-10 10:18:09 [ERROR] core.order_verifier: Order 260610000134934 rejected: 16283 : Order price is not a multiple of tick size  
2026-06-10 10:18:09 [ERROR] core.order_executor: ❌ SL Recovery Order rejected by broker! Backing off...
2026-06-10 10:18:33 [INFO] core.state_manager: [BRIEFING] Loading from data/session_briefing.json...
2026-06-10 10:18:33 [INFO] core.state_manager: [BRIEFING] Loaded Valid: 8 approved + 22 watchlist (MORNING_SCREENER)
2026-06-10 10:18:38 [INFO] core.strategy: ─── Scan summary (30 subscribed) ───
  [Cognition] SUNPHARMA: ticks=911 | live_candles=9
  [Cognition] DIVISLAB: ticks=644 | live_candles=9
  [Cognition] TATASTEEL: ticks=1833 | live_candles=9
  [Cognition] SBIN: ticks=2068 | live_candles=9
  [Cognition] TITAN: ticks=996 | live_candles=9
  [Cognition] RELIANCE: ticks=2241 | live_candles=9
  [Cognition] NTPC: ticks=1580 | live_candles=9
  [Cognition] HDFCLIFE: ticks=435 | live_candles=9
  [Math] ICICIBANK: ticks=1638 | live_candles=9
  [Math] APOLLOHOSP: ticks=935 | live_candles=9
  [Math] TCS: ticks=1874 | live_candles=9
  [Math] HDFCBANK: ticks=1763 | live_candles=9
  [Math] INFY: ticks=1618 | live_candles=9
  [Math] HINDUNILVR: ticks=1898 | live_candles=9
  [Math] ITC: ticks=2014 | live_candles=9
  [Math] BHARTIARTL: ticks=1964 | live_candles=9
  [Math] LT: ticks=1233 | live_candles=9
  [Math] HCLTECH: ticks=870 | live_candles=9
  [Math] MARUTI: ticks=545 | live_candles=9
  [Math] WIPRO: ticks=1622 | live_candles=9
  [Math] NESTLEIND: ticks=1378 | live_candles=9
  [Math] BAJAJFINSV: ticks=749 | live_candles=9
  [Math] DRREDDY: ticks=339 | live_candles=9
  [Math] EICHERMOT: ticks=635 | live_candles=9
  [Math] HEROMOTOCO: ticks=1238 | live_candles=9
  [Math] HINDALCO: ticks=1663 | live_candles=9
  [Math] JSWSTEEL: ticks=575 | live_candles=9
  [Math] M&M: ticks=1417 | live_candles=9
  [Math] SBILIFE: ticks=486 | live_candles=9
  [Math] TATACONSUM: ticks=951 | live_candles=9
2026-06-10 10:19:01 [INFO] core.data_fetcher: 📡 Live feed | ticks received: 30/30 symbols | active=['SUNPHARMA', 'DIVISLAB', 'TATASTEEL', 'SBIN', 'TITAN', 'RELIANCE', 'NTPC', 'HDFCLIFE']...
2026-06-10 10:19:36 [INFO] core.state_manager: [BRIEFING] Loading from data/session_briefing.json...
2026-06-10 10:19:36 [INFO] core.state_manager: [BRIEFING] Loaded Valid: 8 approved + 22 watchlist (MORNING_SCREENER)
2026-06-10 10:20:00 [INFO] core.data_fetcher: 🕯️ Candle closed: HINDUNILVR | 2026-06-10 10:15 | O:2193.70 H:2201.80 L:2192.10 C:2194.00 V:37046.0
2026-06-10 10:20:00 [INFO] core.data_fetcher: 🕯️ Candle closed: BHARTIARTL | 2026-06-10 10:15 | O:1790.10 H:1792.00 L:1788.30 C:1790.70 V:180358.0
2026-06-10 10:20:00 [INFO] core.data_fetcher: 🕯️ Candle closed: HDFCBANK | 2026-06-10 10:15 | O:739.00 H:739.45 L:738.60 C:739.10 V:271961.0
2026-06-10 10:20:00 [INFO] core.data_fetcher: 🕯️ Candle closed: DIVISLAB | 2026-06-10 10:15 | O:6765.50 H:6771.00 L:6759.00 C:6762.00 V:8120.0
2026-06-10 10:20:00 [INFO] core.data_fetcher: 🕯️ Candle closed: SBIN | 2026-06-10 10:15 | O:1005.15 H:1006.65 L:1004.40 C:1006.25 V:163434.0
2026-06-10 10:20:00 [INFO] core.data_fetcher: 🕯️ Candle closed: BAJAJFINSV | 2026-06-10 10:15 | O:1684.20 H:1688.80 L:1683.20 C:1688.50 V:4836.0
2026-06-10 10:20:00 [INFO] core.data_fetcher: 🕯️ Candle closed: M&M | 2026-06-10 10:15 | O:2969.30 H:2969.30 L:2963.50 C:2967.20 V:42424.0
2026-06-10 10:20:01 [INFO] core.data_fetcher: 🕯️ Candle closed: ICICIBANK | 2026-06-10 10:15 | O:1286.10 H:1287.80 L:1285.10 C:1287.80 V:273927.0
2026-06-10 10:20:01 [INFO] core.data_fetcher: 🕯️ Candle closed: RELIANCE | 2026-06-10 10:15 | O:1283.60 H:1284.30 L:1281.20 C:1283.50 V:272018.0
2026-06-10 10:20:01 [INFO] core.data_fetcher: 🕯️ Candle closed: INFY | 2026-06-10 10:15 | O:1163.30 H:1164.50 L:1163.00 C:1164.20 V:79422.0
2026-06-10 10:20:01 [INFO] core.data_fetcher: 🕯️ Candle closed: SUNPHARMA | 2026-06-10 10:15 | O:1782.50 H:1782.60 L:1778.90 C:1781.10 V:14689.0
2026-06-10 10:20:01 [INFO] core.data_fetcher: 🕯️ Candle closed: WIPRO | 2026-06-10 10:15 | O:180.60 H:181.00 L:180.42 C:180.99 V:355060.0
2026-06-10 10:20:01 [INFO] core.data_fetcher: 🕯️ Candle closed: NESTLEIND | 2026-06-10 10:15 | O:1449.50 H:1451.90 L:1448.60 C:1450.20 V:25115.0
2026-06-10 10:20:01 [INFO] core.data_fetcher: 🕯️ Candle closed: TATASTEEL | 2026-06-10 10:15 | O:201.69 H:202.20 L:201.62 C:202.00 V:290649.0
2026-06-10 10:20:01 [INFO] core.data_fetcher: 🕯️ Candle closed: DRREDDY | 2026-06-10 10:15 | O:1275.10 H:1277.60 L:1274.50 C:1277.00 V:10126.0
2026-06-10 10:20:01 [INFO] core.data_fetcher: 🕯️ Candle closed: NTPC | 2026-06-10 10:15 | O:356.15 H:357.25 L:355.80 C:357.05 V:116330.0
2026-06-10 10:20:01 [INFO] core.data_fetcher: 🕯️ Candle closed: HCLTECH | 2026-06-10 10:15 | O:1145.30 H:1149.10 L:1144.50 C:1149.10 V:41224.0
2026-06-10 10:20:02 [INFO] core.data_fetcher: 🕯️ Candle closed: LT | 2026-06-10 10:15 | O:3915.50 H:3923.30 L:3913.80 C:3922.50 V:13919.0
2026-06-10 10:20:02 [INFO] core.data_fetcher: 🕯️ Candle closed: ITC | 2026-06-10 10:15 | O:283.35 H:283.50 L:283.00 C:283.30 V:423423.0
2026-06-10 10:20:02 [INFO] core.data_fetcher: 🕯️ Candle closed: TATACONSUM | 2026-06-10 10:15 | O:1128.50 H:1131.00 L:1126.80 C:1130.10 V:13346.0
2026-06-10 10:20:02 [INFO] core.data_fetcher: 🕯️ Candle closed: JSWSTEEL | 2026-06-10 10:15 | O:1257.20 H:1260.50 L:1256.20 C:1258.70 V:22308.0
2026-06-10 10:20:03 [INFO] core.data_fetcher: 🕯️ Candle closed: TCS | 2026-06-10 10:15 | O:2167.70 H:2169.20 L:2165.00 C:2169.00 V:26333.0
2026-06-10 10:20:03 [INFO] core.data_fetcher: 🕯️ Candle closed: TITAN | 2026-06-10 10:15 | O:4104.50 H:4110.00 L:4102.80 C:4109.00 V:3273.0
2026-06-10 10:20:03 [INFO] core.strategy: BUY SIGNAL TRIGGERED
Symbol: DRREDDY
Price: 1276.8
Triggered Set: BUY_THREE_SOLDIERS_MOMENTUM
Set Side: BUY
Confidence: base=50.0 signal_x=1.0 weight_x=1.0 time=10:00-11:30@1.0 market_x=1.0 advisory_x=0.99 final=49.5 min=35.0
Satisfied:
- Three White Soldiers: pattern=True
- OBV Trending Up: OBV started=615306, ended=625432
Why: Three White Soldiers pattern showing pure buying pressure, confirmed by OBV trending up.
2026-06-10 10:20:03 [INFO] core.token_validator: 🔐 Pre-Order Token Check | State: VALID | Info: {'status': 'VALID', 'scope': ['Trade'], 'ucc': 'XD16F', 'expires_at': '2026-06-11T00:00:00', 'issued_at': '2026-06-10T09:36:57', 'seconds_until_expiry': 49197, 'created_seconds_ago': 2586}
2026-06-10 10:20:03 [INFO] core.token_validator: ✅ Token ready for order — proceeding
2026-06-10 10:20:03 [INFO] core.data_fetcher: 🕯️ Candle closed: HINDALCO | 2026-06-10 10:15 | O:1035.80 H:1037.00 L:1035.10 C:1036.50 V:63288.0
2026-06-10 10:20:03 [INFO] core.order_executor: 📊 Margin Discovery [DRREDDY]: ₹255.36/share (5.0x) [Source: API (client.margin_required)]
2026-06-10 10:20:03 [INFO] core.order_executor: ✅ Quantity calculated | DRREDDY | Price: ₹1276.8 | Qty: 1 | Margin Blocked: ₹255 | Limiting: allocation | Free Margin Left: ₹1999
2026-06-10 10:20:03 [INFO] core.order_executor: 📋 Preparing B order | Symbol: DRREDDY-EQ | Qty: 1 | Price: ₹1276.8
2026-06-10 10:20:03 [INFO] core.token_validator: 🔐 Pre-Order Token Check | State: VALID | Info: {'status': 'VALID', 'scope': ['Trade'], 'ucc': 'XD16F', 'expires_at': '2026-06-11T00:00:00', 'issued_at': '2026-06-10T09:36:57', 'seconds_until_expiry': 49197, 'created_seconds_ago': 2586}
2026-06-10 10:20:03 [INFO] core.token_validator: ✅ Token ready for order — proceeding
2026-06-10 10:20:03 [INFO] core.token_validator: ✅ Trade token + sid confirmed and set on client (scope=['Trade'])
2026-06-10 10:20:03 [INFO] core.order_executor: 📋 PRE-ORDER CONFIG DUMP (ATTEMPT 1/2) | host=PROD | access_token=eyJhbGciOiJSUzI1NiIs... | edit_token=eyJhbGciOiJSUzI1NiIs... | tokens_match=True | edit_sid=e49b550c-ee0f-432c-92c3-ccdcf265eeaa | serverId=24028c3e-9b6c-4189-a4e2-d41f429a24e3 | base_url=https://e41.kotaksecurities.com
2026-06-10 10:20:04 [INFO] core.order_executor: ✅ Order placed (attempt 1/2) | Order ID: 260610000137926
2026-06-10 10:20:04 [INFO] core.order_executor: ✅ BUY order placed: 260610000137926 | Qty: 1
2026-06-10 10:20:04 [INFO] core.order_verifier: 📤 Order recorded: 260610000137926 (DRREDDY)
2026-06-10 10:20:04 [INFO] core.data_fetcher: 🕯️ Candle closed: EICHERMOT | 2026-06-10 10:15 | O:7203.00 H:7206.00 L:7191.50 C:7205.50 V:2264.0
2026-06-10 10:20:05 [INFO] core.data_fetcher: 🕯️ Candle closed: HEROMOTOCO | 2026-06-10 10:15 | O:4933.70 H:4937.60 L:4928.00 C:4932.10 V:7091.0
2026-06-10 10:20:11 [INFO] core.data_fetcher: 🕯️ Candle closed: APOLLOHOSP | 2026-06-10 10:15 | O:8604.50 H:8609.00 L:8591.50 C:8608.00 V:8029.0
2026-06-10 10:20:11 [INFO] core.data_fetcher: 🕯️ Candle closed: MARUTI | 2026-06-10 10:15 | O:13067.00 H:13115.00 L:13061.00 C:13104.00 V:2897.0
2026-06-10 10:20:19 [INFO] core.order_verifier: ✅ Order 260610000137926 verified as COMPLETE
2026-06-10 10:20:19 [INFO] core.order_executor: ✅ BUY verified on broker | Symbol: DRREDDY | Qty: 1 | Product: MIS | SL: ₹1270.42
2026-06-10 10:20:21 [INFO] core.data_fetcher: 🕯️ Candle closed: HDFCLIFE | 2026-06-10 10:15 | O:562.85 H:563.25 L:562.25 C:563.00 V:20428.0
2026-06-10 10:20:21 [INFO] core.order_executor: 🔄 Placing broker SL for DRREDDY | Qty: 1 | Trigger: ₹1270.42 | Trading symbol: DRREDDY-EQ
2026-06-10 10:20:21 [INFO] core.order_executor: 🔄 [SL] Starting SL order placement | Symbol: DRREDDY-EQ | Qty: 1 | Software SL: ₹1270.42 | Broker Trigger: ₹1257.7 | Broker Limit: ₹1257.1
2026-06-10 10:20:21 [INFO] core.order_executor: 📋 SL ORDER KWARGS (WILL SEND TO KOTAK):
2026-06-10 10:20:21 [INFO] core.order_executor:     exchange_segment     = nse_cm
2026-06-10 10:20:21 [INFO] core.order_executor:     product              = MIS
2026-06-10 10:20:21 [INFO] core.order_executor:     price                = 1257.1
2026-06-10 10:20:21 [INFO] core.order_executor:     order_type           = SL
2026-06-10 10:20:21 [INFO] core.order_executor:     quantity             = 1
2026-06-10 10:20:21 [INFO] core.order_executor:     validity             = DAY
2026-06-10 10:20:21 [INFO] core.order_executor:     trading_symbol       = DRREDDY-EQ
2026-06-10 10:20:21 [INFO] core.order_executor:     transaction_type     = S
2026-06-10 10:20:21 [INFO] core.order_executor:     amo                  = NO
2026-06-10 10:20:21 [INFO] core.order_executor:     disclosed_quantity   = 0
2026-06-10 10:20:21 [INFO] core.order_executor:     market_protection    = 0
2026-06-10 10:20:21 [INFO] core.order_executor:     pf                   = N
2026-06-10 10:20:21 [INFO] core.order_executor:     trigger_price        = 1257.7
2026-06-10 10:20:21 [INFO] core.order_executor:    ℹ️ If Kotak rejects: Try exchange_segment='NSE' instead of 'nse_cm'
2026-06-10 10:20:21 [INFO] core.order_executor:    ℹ️ If Kotak rejects: Check if product 'MIS' supports SL orders (try 'CNC' if 'MIS' rejected)
2026-06-10 10:20:21 [INFO] core.token_validator: ✅ Trade token + sid confirmed and set on client (scope=['Trade'])
2026-06-10 10:20:21 [INFO] core.order_executor: 📋 PRE-ORDER CONFIG DUMP (SL-M) | host=PROD | access_token=SET | edit_token=SET | edit_sid=e49b550c-ee0f-432c-92c3-ccdcf265eeaa | serverId=24028c3e-9b6c-4189-a4e2-d41f429a24e3 | base_url=https://e41.kotaksecurities.com
2026-06-10 10:20:22 [INFO] core.order_executor: 🛡️ Broker SL placed | DRREDDY | Qty: 1 | Trigger: ₹1270.42 | OrderID: 260610000138421 (attempt 1/3)
2026-06-10 10:20:24 [INFO] core.order_executor: ✅ [LIVE] BUY | DRREDDY | Qty: 1 | @ ₹1276.8 | SL: ₹1270.42 | Target: ₹1287.0 | Broker SL: ✅ 260610000138421
2026-06-10 10:20:24 [INFO] core.audit_logger: [AUDIT] ORDER_PLACED: {'symbol': 'DRREDDY', 'side': 'BUY', 'quantity': 1, 'price': 1276.8, 'order_id': '260610000137926', 'stop_loss': 1270.42, 'target': 1287.0}
2026-06-10 10:20:24 [INFO] core.state_manager: Position saved: DRREDDY x1 | Target: 1287.0 | SL: 1270.42
2026-06-10 10:20:26 [INFO] core.data_fetcher: 🕯️ Candle closed: SBILIFE | 2026-06-10 10:15 | O:1766.50 H:1768.70 L:1766.00 C:1768.30 V:2531.0
2026-06-10 10:20:27 [INFO] core.strategy: ─── Scan summary (30 subscribed) ───
  [Cognition] SUNPHARMA: ticks=951 | live_candles=10
  [Cognition] DIVISLAB: ticks=663 | live_candles=10
  [Cognition] TATASTEEL: ticks=1897 | live_candles=10
  [Cognition] SBIN: ticks=2136 | live_candles=10
  [Cognition] TITAN: ticks=1026 | live_candles=10
  [Cognition] RELIANCE: ticks=2342 | live_candles=10
  [Cognition] NTPC: ticks=1645 | live_candles=10
  [Cognition] HDFCLIFE: ticks=448 | live_candles=10
  [Math] ICICIBANK: ticks=1714 | live_candles=10
  [Math] APOLLOHOSP: ticks=960 | live_candles=10
  [Math] TCS: ticks=1930 | live_candles=10
  [Math] HDFCBANK: ticks=1832 | live_candles=10
  [Math] INFY: ticks=1669 | live_candles=10
  [Math] HINDUNILVR: ticks=1971 | live_candles=10
  [Math] ITC: ticks=2097 | live_candles=10
  [Math] BHARTIARTL: ticks=2032 | live_candles=10
  [Math] LT: ticks=1292 | live_candles=10
  [Math] HCLTECH: ticks=918 | live_candles=10
  [Math] MARUTI: ticks=580 | live_candles=10
  [Math] WIPRO: ticks=1681 | live_candles=10
  [Math] NESTLEIND: ticks=1425 | live_candles=10
  [Math] BAJAJFINSV: ticks=772 | live_candles=10
  [Math] DRREDDY: ticks=357 | live_candles=10
  [Math] EICHERMOT: ticks=655 | live_candles=10
  [Math] HEROMOTOCO: ticks=1268 | live_candles=10
  [Math] HINDALCO: ticks=1712 | live_candles=10
  [Math] JSWSTEEL: ticks=598 | live_candles=10
  [Math] M&M: ticks=1459 | live_candles=10
  [Math] SBILIFE: ticks=495 | live_candles=10
  [Math] TATACONSUM: ticks=981 | live_candles=10
2026-06-10 10:20:27 [WARNING] core.order_executor: 🔄 SL recovery attempt #3 for ICICIBANK | Qty: 2 | Trigger: ₹1279.47 | delay_was: 120s
2026-06-10 10:20:27 [INFO] core.order_executor: 🔄 [SL] Starting SL order placement | Symbol: ICICIBANK-EQ | Qty: 2 | Software SL: ₹1279.47 | Broker Trigger: ₹1266.7 | Broker Limit: ₹1266.05
2026-06-10 10:20:27 [INFO] core.order_executor: 📋 SL ORDER KWARGS (WILL SEND TO KOTAK):
2026-06-10 10:20:27 [INFO] core.order_executor:     exchange_segment     = nse_cm
2026-06-10 10:20:27 [INFO] core.order_executor:     product              = MIS
2026-06-10 10:20:27 [INFO] core.order_executor:     price                = 1266.05
2026-06-10 10:20:27 [INFO] core.order_executor:     order_type           = SL
2026-06-10 10:20:27 [INFO] core.order_executor:     quantity             = 2
2026-06-10 10:20:27 [INFO] core.order_executor:     validity             = DAY
2026-06-10 10:20:27 [INFO] core.order_executor:     trading_symbol       = ICICIBANK-EQ
2026-06-10 10:20:27 [INFO] core.order_executor:     transaction_type     = S
2026-06-10 10:20:27 [INFO] core.order_executor:     amo                  = NO
2026-06-10 10:20:27 [INFO] core.order_executor:     disclosed_quantity   = 0
2026-06-10 10:20:27 [INFO] core.order_executor:     market_protection    = 0
2026-06-10 10:20:27 [INFO] core.order_executor:     pf                   = N
2026-06-10 10:20:27 [INFO] core.order_executor:     trigger_price        = 1266.7
2026-06-10 10:20:27 [INFO] core.order_executor:    ℹ️ If Kotak rejects: Try exchange_segment='NSE' instead of 'nse_cm'
2026-06-10 10:20:27 [INFO] core.order_executor:    ℹ️ If Kotak rejects: Check if product 'MIS' supports SL orders (try 'CNC' if 'MIS' rejected)
2026-06-10 10:20:27 [INFO] core.token_validator: ✅ Trade token + sid confirmed and set on client (scope=['Trade'])
2026-06-10 10:20:27 [INFO] core.order_executor: 📋 PRE-ORDER CONFIG DUMP (SL-M) | host=PROD | access_token=SET | edit_token=SET | edit_sid=e49b550c-ee0f-432c-92c3-ccdcf265eeaa | serverId=24028c3e-9b6c-4189-a4e2-d41f429a24e3 | base_url=https://e41.kotaksecurities.com
2026-06-10 10:20:29 [ERROR] core.order_verifier: Order 260610000138549 rejected: 16283 : Order price is not a multiple of tick size  
2026-06-10 10:20:29 [ERROR] core.order_executor: ❌ SL Recovery Order rejected by broker! Backing off...
2026-06-10 10:20:37 [INFO] core.state_manager: [BRIEFING] Loading from data/session_briefing.json...
2026-06-10 10:20:37 [INFO] core.state_manager: [BRIEFING] Loaded Valid: 8 approved + 22 watchlist (MORNING_SCREENER)
2026-06-10 10:21:01 [INFO] core.data_fetcher: 📡 Live feed | ticks received: 30/30 symbols | active=['SUNPHARMA', 'DIVISLAB', 'TATASTEEL', 'SBIN', 'TITAN', 'RELIANCE', 'NTPC', 'HDFCLIFE']...
2026-06-10 10:21:38 [INFO] core.state_manager: [BRIEFING] Loading from data/session_briefing.json...
2026-06-10 10:21:38 [INFO] core.state_manager: [BRIEFING] Loaded Valid: 8 approved + 22 watchlist (MORNING_SCREENER)
2026-06-10 10:21:57 [INFO] core.strategy: ─── Scan summary (30 subscribed) ───
  [Cognition] SUNPHARMA: ticks=980 | live_candles=10
  [Cognition] DIVISLAB: ticks=684 | live_candles=10
  [Cognition] TATASTEEL: ticks=1951 | live_candles=10
  [Cognition] SBIN: ticks=2201 | live_candles=10
  [Cognition] TITAN: ticks=1055 | live_candles=10
  [Cognition] RELIANCE: ticks=2435 | live_candles=10
  [Cognition] NTPC: ticks=1698 | live_candles=10
  [Cognition] HDFCLIFE: ticks=461 | live_candles=10
  [Math] ICICIBANK: ticks=1774 | live_candles=10
  [Math] APOLLOHOSP: ticks=977 | live_candles=10
  [Math] TCS: ticks=1978 | live_candles=10
  [Math] HDFCBANK: ticks=1894 | live_candles=10
  [Math] INFY: ticks=1715 | live_candles=10
  [Math] HINDUNILVR: ticks=2017 | live_candles=10
  [Math] ITC: ticks=2158 | live_candles=10
  [Math] BHARTIARTL: ticks=2099 | live_candles=10
  [Math] LT: ticks=1336 | live_candles=10
  [Math] HCLTECH: ticks=943 | live_candles=10
  [Math] MARUTI: ticks=597 | live_candles=10
  [Math] WIPRO: ticks=1725 | live_candles=10
  [Math] NESTLEIND: ticks=1484 | live_candles=10
  [Math] BAJAJFINSV: ticks=802 | live_candles=10
  [Math] DRREDDY: ticks=365 | live_candles=10
  [Math] EICHERMOT: ticks=680 | live_candles=10
  [Math] HEROMOTOCO: ticks=1292 | live_candles=10
  [Math] HINDALCO: ticks=1759 | live_candles=10
  [Math] JSWSTEEL: ticks=623 | live_candles=10
  [Math] M&M: ticks=1491 | live_candles=10
  [Math] SBILIFE: ticks=506 | live_candles=10
  [Math] TATACONSUM: ticks=1004 | live_candles=10
2026-06-10 10:22:01 [INFO] apscheduler.executors.default: Running job "Market Observation Loop (trigger: interval[0:15:00], next run at: 2026-06-10 10:37:01 IST)" (scheduled at 2026-06-10 10:22:01.484149+05:30)
2026-06-10 10:22:01 [INFO] reflection.observation_loop: 🔍 Running observation cycle...
2026-06-10 10:22:01 [INFO] core.state_manager: [BRIEFING] Loading from data/session_briefing.json...
2026-06-10 10:22:01 [INFO] core.state_manager: [BRIEFING] Loaded Valid: 8 approved + 22 watchlist (MORNING_SCREENER)
2026-06-10 10:22:01 [INFO] reflection.observation_loop: 📊 Observation recorded:
   Market: RANGING | Trend: WEAK
   Vol: LOW | Breakouts: LOW
   Reversals: LOW
2026-06-10 10:22:01 [INFO] apscheduler.executors.default: Job "Market Observation Loop (trigger: interval[0:15:00], next run at: 2026-06-10 10:37:01 IST)" executed successfully
2026-06-10 10:22:10 [WARNING] core.order_verifier: ⚠️  Removing old pending order: 260610000120554
2026-06-10 10:22:10 [WARNING] core.order_verifier: ⚠️  Removing old pending order: 260610000121388
2026-06-10 10:22:10 [WARNING] core.order_verifier: ⚠️  Removing old pending order: 260610000121430
2026-06-10 10:22:38 [INFO] core.state_manager: [BRIEFING] Loading from data/session_briefing.json...
2026-06-10 10:22:38 [INFO] core.state_manager: [BRIEFING] Loaded Valid: 8 approved + 22 watchlist (MORNING_SCREENER)
2026-06-10 10:23:01 [INFO] core.data_fetcher: 📡 Live feed | ticks received: 30/30 symbols | active=['SUNPHARMA', 'DIVISLAB', 'TATASTEEL', 'SBIN', 'TITAN', 'RELIANCE', 'NTPC', 'HDFCLIFE']...
2026-06-10 10:23:28 [INFO] core.strategy: ─── Scan summary (30 subscribed) ───
  [Cognition] SUNPHARMA: ticks=1007 | live_candles=10
  [Cognition] DIVISLAB: ticks=699 | live_candles=10
  [Cognition] TATASTEEL: ticks=2011 | live_candles=10
  [Cognition] SBIN: ticks=2274 | live_candles=10
  [Cognition] TITAN: ticks=1083 | live_candles=10
  [Cognition] RELIANCE: ticks=2509 | live_candles=10
  [Cognition] NTPC: ticks=1757 | live_candles=10
  [Cognition] HDFCLIFE: ticks=471 | live_candles=10
  [Math] ICICIBANK: ticks=1837 | live_candles=10
  [Math] APOLLOHOSP: ticks=1001 | live_candles=10
  [Math] TCS: ticks=2057 | live_candles=10
  [Math] HDFCBANK: ticks=1958 | live_candles=10
  [Math] INFY: ticks=1786 | live_candles=10
  [Math] HINDUNILVR: ticks=2064 | live_candles=10
  [Math] ITC: ticks=2239 | live_candles=10
  [Math] BHARTIARTL: ticks=2150 | live_candles=10
  [Math] LT: ticks=1373 | live_candles=10
  [Math] HCLTECH: ticks=973 | live_candles=10
  [Math] MARUTI: ticks=613 | live_candles=10
  [Math] WIPRO: ticks=1802 | live_candles=10
  [Math] NESTLEIND: ticks=1526 | live_candles=10
  [Math] BAJAJFINSV: ticks=822 | live_candles=10
  [Math] DRREDDY: ticks=376 | live_candles=10
  [Math] EICHERMOT: ticks=701 | live_candles=10
  [Math] HEROMOTOCO: ticks=1315 | live_candles=10
  [Math] HINDALCO: ticks=1796 | live_candles=10
  [Math] JSWSTEEL: ticks=644 | live_candles=10
  [Math] M&M: ticks=1532 | live_candles=10
  [Math] SBILIFE: ticks=517 | live_candles=10
  [Math] TATACONSUM: ticks=1027 | live_candles=10
2026-06-10 10:23:38 [INFO] core.state_manager: [BRIEFING] Loading from data/session_briefing.json...
2026-06-10 10:23:38 [INFO] core.state_manager: [BRIEFING] Loaded Valid: 8 approved + 22 watchlist (MORNING_SCREENER)
2026-06-10 10:24:28 [WARNING] core.order_executor: 🔄 SL recovery attempt #4 for ICICIBANK | Qty: 2 | Trigger: ₹1279.47 | delay_was: 240s
2026-06-10 10:24:28 [INFO] core.order_executor: 🔄 [SL] Starting SL order placement | Symbol: ICICIBANK-EQ | Qty: 2 | Software SL: ₹1279.47 | Broker Trigger: ₹1266.7 | Broker Limit: ₹1266.05
2026-06-10 10:24:28 [INFO] core.order_executor: 📋 SL ORDER KWARGS (WILL SEND TO KOTAK):
2026-06-10 10:24:28 [INFO] core.order_executor:     exchange_segment     = nse_cm
2026-06-10 10:24:28 [INFO] core.order_executor:     product              = MIS
2026-06-10 10:24:28 [INFO] core.order_executor:     price                = 1266.05
2026-06-10 10:24:28 [INFO] core.order_executor:     order_type           = SL
2026-06-10 10:24:28 [INFO] core.order_executor:     quantity             = 2
2026-06-10 10:24:28 [INFO] core.order_executor:     validity             = DAY
2026-06-10 10:24:28 [INFO] core.order_executor:     trading_symbol       = ICICIBANK-EQ
2026-06-10 10:24:28 [INFO] core.order_executor:     transaction_type     = S
2026-06-10 10:24:28 [INFO] core.order_executor:     amo                  = NO
2026-06-10 10:24:28 [INFO] core.order_executor:     disclosed_quantity   = 0
2026-06-10 10:24:28 [INFO] core.order_executor:     market_protection    = 0
2026-06-10 10:24:28 [INFO] core.order_executor:     pf                   = N
2026-06-10 10:24:28 [INFO] core.order_executor:     trigger_price        = 1266.7
2026-06-10 10:24:28 [INFO] core.order_executor:    ℹ️ If Kotak rejects: Try exchange_segment='NSE' instead of 'nse_cm'
2026-06-10 10:24:28 [INFO] core.order_executor:    ℹ️ If Kotak rejects: Check if product 'MIS' supports SL orders (try 'CNC' if 'MIS' rejected)
2026-06-10 10:24:28 [INFO] core.token_validator: ✅ Trade token + sid confirmed and set on client (scope=['Trade'])
2026-06-10 10:24:28 [INFO] core.order_executor: 📋 PRE-ORDER CONFIG DUMP (SL-M) | host=PROD | access_token=SET | edit_token=SET | edit_sid=e49b550c-ee0f-432c-92c3-ccdcf265eeaa | serverId=24028c3e-9b6c-4189-a4e2-d41f429a24e3 | base_url=https://e41.kotaksecurities.com
2026-06-10 10:24:30 [ERROR] core.order_verifier: Order 260610000143761 rejected: 16283 : Order price is not a multiple of tick size  
2026-06-10 10:24:30 [ERROR] core.order_executor: ❌ SL Recovery Order rejected by broker! Backing off...
2026-06-10 10:24:39 [INFO] core.state_manager: [BRIEFING] Loading from data/session_briefing.json...
2026-06-10 10:24:39 [INFO] core.state_manager: [BRIEFING] Loaded Valid: 8 approved + 22 watchlist (MORNING_SCREENER)
2026-06-10 10:24:58 [INFO] core.strategy: ─── Scan summary (30 subscribed) ───
  [Cognition] SUNPHARMA: ticks=1038 | live_candles=10
  [Cognition] DIVISLAB: ticks=725 | live_candles=10
  [Cognition] TATASTEEL: ticks=2058 | live_candles=10
  [Cognition] SBIN: ticks=2343 | live_candles=10
  [Cognition] TITAN: ticks=1119 | live_candles=10
  [Cognition] RELIANCE: ticks=2584 | live_candles=10
  [Cognition] NTPC: ticks=1820 | live_candles=10
  [Cognition] HDFCLIFE: ticks=477 | live_candles=10
  [Math] ICICIBANK: ticks=1889 | live_candles=10
  [Math] APOLLOHOSP: ticks=1018 | live_candles=10
  [Math] TCS: ticks=2105 | live_candles=10
  [Math] HDFCBANK: ticks=2014 | live_candles=10
  [Math] INFY: ticks=1836 | live_candles=10
  [Math] HINDUNILVR: ticks=2107 | live_candles=10
  [Math] ITC: ticks=2305 | live_candles=10
  [Math] BHARTIARTL: ticks=2215 | live_candles=10
  [Math] LT: ticks=1406 | live_candles=10
  [Math] HCLTECH: ticks=996 | live_candles=10
  [Math] MARUTI: ticks=627 | live_candles=10
  [Math] WIPRO: ticks=1852 | live_candles=10
  [Math] NESTLEIND: ticks=1560 | live_candles=10
  [Math] BAJAJFINSV: ticks=839 | live_candles=10
  [Math] DRREDDY: ticks=383 | live_candles=10
  [Math] EICHERMOT: ticks=715 | live_candles=10
  [Math] HEROMOTOCO: ticks=1336 | live_candles=10
  [Math] HINDALCO: ticks=1837 | live_candles=10
  [Math] JSWSTEEL: ticks=665 | live_candles=10
  [Math] M&M: ticks=1594 | live_candles=10
  [Math] SBILIFE: ticks=523 | live_candles=10
  [Math] TATACONSUM: ticks=1053 | live_candles=10
2026-06-10 10:25:00 [INFO] core.data_fetcher: 🕯️ Candle closed: SUNPHARMA | 2026-06-10 10:20 | O:1780.90 H:1782.80 L:1779.20 C:1782.60 V:11225.0
2026-06-10 10:25:00 [INFO] core.data_fetcher: 🕯️ Candle closed: TCS | 2026-06-10 10:20 | O:2168.90 H:2169.70 L:2164.10 C:2164.10 V:31766.0
2026-06-10 10:25:00 [INFO] core.data_fetcher: 🕯️ Candle closed: NTPC | 2026-06-10 10:20 | O:357.00 H:357.15 L:356.15 C:356.30 V:215008.0
2026-06-10 10:25:00 [INFO] core.data_fetcher: 🕯️ Candle closed: HINDALCO | 2026-06-10 10:20 | O:1036.60 H:1037.10 L:1035.60 C:1037.10 V:50909.0
2026-06-10 10:25:00 [INFO] core.data_fetcher: 🕯️ Candle closed: BHARTIARTL | 2026-06-10 10:20 | O:1790.50 H:1790.80 L:1789.20 C:1790.00 V:36064.0
2026-06-10 10:25:00 [INFO] core.data_fetcher: 🕯️ Candle closed: RELIANCE | 2026-06-10 10:20 | O:1283.10 H:1283.60 L:1280.50 C:1282.30 V:165813.0
2026-06-10 10:25:00 [INFO] core.data_fetcher: 🕯️ Candle closed: HCLTECH | 2026-06-10 10:20 | O:1148.90 H:1149.10 L:1146.00 C:1146.10 V:11331.0
2026-06-10 10:25:00 [INFO] core.data_fetcher: 🕯️ Candle closed: HEROMOTOCO | 2026-06-10 10:20 | O:4933.40 H:4935.10 L:4924.10 C:4930.00 V:5937.0
2026-06-10 10:25:01 [INFO] core.data_fetcher: 🕯️ Candle closed: TATACONSUM | 2026-06-10 10:20 | O:1129.90 H:1132.30 L:1128.80 C:1129.60 V:11376.0
2026-06-10 10:25:01 [INFO] core.data_fetcher: 🕯️ Candle closed: HINDUNILVR | 2026-06-10 10:20 | O:2193.50 H:2196.40 L:2191.00 C:2191.00 V:15268.0
2026-06-10 10:25:01 [INFO] core.data_fetcher: 🕯️ Candle closed: TATASTEEL | 2026-06-10 10:20 | O:201.99 H:202.15 L:201.80 C:201.98 V:257130.0
2026-06-10 10:25:01 [INFO] core.data_fetcher: 🕯️ Candle closed: ICICIBANK | 2026-06-10 10:20 | O:1287.70 H:1287.80 L:1285.30 C:1286.00 V:94915.0
2026-06-10 10:25:01 [INFO] core.data_fetcher: 🕯️ Candle closed: DIVISLAB | 2026-06-10 10:20 | O:6763.50 H:6776.50 L:6760.00 C:6775.00 V:5090.0
2026-06-10 10:25:01 [INFO] core.data_fetcher: 🕯️ Candle closed: M&M | 2026-06-10 10:20 | O:2966.50 H:2968.50 L:2963.60 C:2967.10 V:30410.0
2026-06-10 10:25:01 [INFO] core.data_fetcher: 🕯️ Candle closed: NESTLEIND | 2026-06-10 10:20 | O:1450.10 H:1454.90 L:1449.80 C:1451.80 V:37333.0
2026-06-10 10:25:01 [INFO] core.data_fetcher: 🕯️ Candle closed: TITAN | 2026-06-10 10:20 | O:4108.50 H:4109.80 L:4103.20 C:4107.50 V:3323.0
2026-06-10 10:25:01 [INFO] core.data_fetcher: 🕯️ Candle closed: JSWSTEEL | 2026-06-10 10:20 | O:1259.70 H:1262.50 L:1259.50 C:1262.00 V:13079.0
2026-06-10 10:25:01 [INFO] core.data_fetcher: 📡 Live feed | ticks received: 30/30 symbols | active=['SUNPHARMA', 'DIVISLAB', 'TATASTEEL', 'SBIN', 'TITAN', 'RELIANCE', 'NTPC', 'HDFCLIFE']...
2026-06-10 10:25:02 [INFO] core.data_fetcher: 🕯️ Candle closed: SBIN | 2026-06-10 10:20 | O:1006.20 H:1006.80 L:1005.25 C:1006.70 V:197750.0
2026-06-10 10:25:02 [INFO] core.data_fetcher: 🕯️ Candle closed: ITC | 2026-06-10 10:20 | O:283.35 H:283.50 L:283.15 C:283.30 V:170546.0
2026-06-10 10:25:02 [INFO] core.data_fetcher: 🕯️ Candle closed: LT | 2026-06-10 10:20 | O:3922.40 H:3923.00 L:3916.60 C:3920.30 V:10894.0
2026-06-10 10:25:02 [INFO] core.data_fetcher: 🕯️ Candle closed: BAJAJFINSV | 2026-06-10 10:20 | O:1688.20 H:1690.60 L:1687.40 C:1689.70 V:2027.0
2026-06-10 10:25:03 [INFO] core.data_fetcher: 🕯️ Candle closed: SBILIFE | 2026-06-10 10:20 | O:1768.10 H:1769.40 L:1766.80 C:1768.60 V:3383.0
2026-06-10 10:25:03 [INFO] core.data_fetcher: 🕯️ Candle closed: APOLLOHOSP | 2026-06-10 10:20 | O:8608.50 H:8620.00 L:8606.50 C:8615.00 V:4919.0
2026-06-10 10:25:03 [INFO] core.data_fetcher: 🕯️ Candle closed: WIPRO | 2026-06-10 10:20 | O:180.95 H:181.09 L:180.80 C:181.00 V:199430.0
2026-06-10 10:25:04 [INFO] core.data_fetcher: 🕯️ Candle closed: HDFCBANK | 2026-06-10 10:20 | O:739.15 H:739.15 L:738.00 C:738.40 V:274645.0
2026-06-10 10:25:04 [INFO] core.data_fetcher: 🕯️ Candle closed: INFY | 2026-06-10 10:20 | O:1164.30 H:1165.40 L:1161.00 C:1161.50 V:97722.0
2026-06-10 10:25:05 [INFO] core.data_fetcher: 🕯️ Candle closed: EICHERMOT | 2026-06-10 10:20 | O:7205.00 H:7211.50 L:7201.00 C:7204.50 V:1497.0
2026-06-10 10:25:09 [INFO] core.data_fetcher: 🕯️ Candle closed: MARUTI | 2026-06-10 10:20 | O:13105.00 H:13107.00 L:13089.00 C:13093.00 V:2496.0
2026-06-10 10:25:10 [INFO] core.strategy: BUY SIGNAL TRIGGERED
Symbol: APOLLOHOSP
Price: 8615.0
Triggered Set: BUY_THREE_SOLDIERS_MOMENTUM
Set Side: BUY
Confidence: base=60.0 signal_x=1.0 weight_x=1.0 time=10:00-11:30@1.0 market_x=1.0 advisory_x=0.99 final=59.4 min=35.0
Satisfied:
- Three White Soldiers: pattern=True
- OBV Trending Up: OBV started=173489, ended=178408
Why: Three White Soldiers pattern showing pure buying pressure, confirmed by OBV trending up.
2026-06-10 10:25:11 [INFO] core.token_validator: 🔐 Pre-Order Token Check | State: VALID | Info: {'status': 'VALID', 'scope': ['Trade'], 'ucc': 'XD16F', 'expires_at': '2026-06-11T00:00:00', 'issued_at': '2026-06-10T09:36:57', 'seconds_until_expiry': 48889, 'created_seconds_ago': 2894}
2026-06-10 10:25:11 [INFO] core.token_validator: ✅ Token ready for order — proceeding
2026-06-10 10:25:11 [INFO] core.order_executor: 📊 Margin Discovery [APOLLOHOSP]: ₹1723.00/share (5.0x) [Source: API (client.margin_required)]
2026-06-10 10:25:11 [ERROR] core.order_executor: ❌ INSUFFICIENT MARGIN/RISK FOR APOLLOHOSP | Price: ₹8615.0 | SL: ₹8571.92 | Free Margin: ₹1992 | Margin/Share: ₹1723.00 | Risk-qty: 0 | Alloc-qty: 0 | Lever-qty: 1
2026-06-10 10:25:11 [ERROR] core.order_executor: BUY rejected for APOLLOHOSP: invalid/insufficient quantity 0 | price=8615.0 | available=1966.6487500000003
2026-06-10 10:25:13 [INFO] core.data_fetcher: 🕯️ Candle closed: DRREDDY | 2026-06-10 10:20 | O:1276.80 H:1277.60 L:1276.00 C:1276.70 V:4224.0
2026-06-10 10:25:15 [INFO] core.strategy: BUY SIGNAL TRIGGERED
Symbol: APOLLOHOSP
Price: 8614.5
Triggered Set: BUY_THREE_SOLDIERS_MOMENTUM
Set Side: BUY
Confidence: base=60.0 signal_x=1.0 weight_x=1.0 time=10:00-11:30@1.0 market_x=1.0 advisory_x=0.99 final=59.4 min=35.0
Satisfied:
- Three White Soldiers: pattern=True
- OBV Trending Up: OBV started=173489, ended=178408
Why: Three White Soldiers pattern showing pure buying pressure, confirmed by OBV trending up.
2026-06-10 10:25:16 [INFO] core.token_validator: 🔐 Pre-Order Token Check | State: VALID | Info: {'status': 'VALID', 'scope': ['Trade'], 'ucc': 'XD16F', 'expires_at': '2026-06-11T00:00:00', 'issued_at': '2026-06-10T09:36:57', 'seconds_until_expiry': 48884, 'created_seconds_ago': 2899}
2026-06-10 10:25:16 [INFO] core.token_validator: ✅ Token ready for order — proceeding
2026-06-10 10:25:16 [INFO] core.order_executor: 📊 Margin Discovery [APOLLOHOSP]: ₹1722.90/share (5.0x) [Source: API (client.margin_required)]
2026-06-10 10:25:16 [ERROR] core.order_executor: ❌ INSUFFICIENT MARGIN/RISK FOR APOLLOHOSP | Price: ₹8614.5 | SL: ₹8571.43 | Free Margin: ₹1992 | Margin/Share: ₹1722.90 | Risk-qty: 0 | Alloc-qty: 0 | Lever-qty: 1
2026-06-10 10:25:16 [ERROR] core.order_executor: BUY rejected for APOLLOHOSP: invalid/insufficient quantity 0 | price=8614.5 | available=1966.6487500000003
2026-06-10 10:25:21 [INFO] core.strategy: BUY SIGNAL TRIGGERED
Symbol: APOLLOHOSP
Price: 8614.5
Triggered Set: BUY_THREE_SOLDIERS_MOMENTUM
Set Side: BUY
Confidence: base=60.0 signal_x=1.0 weight_x=1.0 time=10:00-11:30@1.0 market_x=1.0 advisory_x=0.99 final=59.4 min=35.0
Satisfied:
- Three White Soldiers: pattern=True
- OBV Trending Up: OBV started=173489, ended=178408
Why: Three White Soldiers pattern showing pure buying pressure, confirmed by OBV trending up.
2026-06-10 10:25:21 [INFO] core.token_validator: 🔐 Pre-Order Token Check | State: VALID | Info: {'status': 'VALID', 'scope': ['Trade'], 'ucc': 'XD16F', 'expires_at': '2026-06-11T00:00:00', 'issued_at': '2026-06-10T09:36:57', 'seconds_until_expiry': 48879, 'created_seconds_ago': 2904}
2026-06-10 10:25:21 [INFO] core.token_validator: ✅ Token ready for order — proceeding
2026-06-10 10:25:21 [INFO] core.order_executor: 📊 Margin Discovery [APOLLOHOSP]: ₹1722.90/share (5.0x) [Source: API (client.margin_required)]
2026-06-10 10:25:21 [ERROR] core.order_executor: ❌ INSUFFICIENT MARGIN/RISK FOR APOLLOHOSP | Price: ₹8614.5 | SL: ₹8571.43 | Free Margin: ₹1993 | Margin/Share: ₹1722.90 | Risk-qty: 0 | Alloc-qty: 0 | Lever-qty: 1
2026-06-10 10:25:21 [ERROR] core.order_executor: BUY rejected for APOLLOHOSP: invalid/insufficient quantity 0 | price=8614.5 | available=1966.6487500000003
2026-06-10 10:25:26 [INFO] core.strategy: BUY SIGNAL TRIGGERED
Symbol: APOLLOHOSP
Price: 8615.0
Triggered Set: BUY_THREE_SOLDIERS_MOMENTUM
Set Side: BUY
Confidence: base=60.0 signal_x=1.0 weight_x=1.0 time=10:00-11:30@1.0 market_x=1.0 advisory_x=0.99 final=59.4 min=35.0
Satisfied:
- Three White Soldiers: pattern=True
- OBV Trending Up: OBV started=173489, ended=178408
Why: Three White Soldiers pattern showing pure buying pressure, confirmed by OBV trending up.
2026-06-10 10:25:26 [INFO] core.token_validator: 🔐 Pre-Order Token Check | State: VALID | Info: {'status': 'VALID', 'scope': ['Trade'], 'ucc': 'XD16F', 'expires_at': '2026-06-11T00:00:00', 'issued_at': '2026-06-10T09:36:57', 'seconds_until_expiry': 48874, 'created_seconds_ago': 2909}
2026-06-10 10:25:26 [INFO] core.token_validator: ✅ Token ready for order — proceeding
2026-06-10 10:25:26 [INFO] core.data_fetcher: 🕯️ Candle closed: HDFCLIFE | 2026-06-10 10:20 | O:563.20 H:563.40 L:562.95 C:563.00 V:9465.0
2026-06-10 10:25:26 [INFO] core.order_executor: 📊 Margin Discovery [APOLLOHOSP]: ₹1723.00/share (5.0x) [Source: API (client.margin_required)]
2026-06-10 10:25:26 [ERROR] core.order_executor: ❌ INSUFFICIENT MARGIN/RISK FOR APOLLOHOSP | Price: ₹8615.0 | SL: ₹8571.92 | Free Margin: ₹1993 | Margin/Share: ₹1723.00 | Risk-qty: 0 | Alloc-qty: 0 | Lever-qty: 1
2026-06-10 10:25:26 [ERROR] core.order_executor: BUY rejected for APOLLOHOSP: invalid/insufficient quantity 0 | price=8615.0 | available=1966.6487500000003
2026-06-10 10:25:31 [INFO] core.strategy: BUY SIGNAL TRIGGERED
Symbol: APOLLOHOSP
Price: 8614.5
Triggered Set: BUY_THREE_SOLDIERS_MOMENTUM
Set Side: BUY
Confidence: base=60.0 signal_x=1.0 weight_x=1.0 time=10:00-11:30@1.0 market_x=1.0 advisory_x=0.99 final=59.4 min=35.0
Satisfied:
- Three White Soldiers: pattern=True
- OBV Trending Up: OBV started=173489, ended=178408
Why: Three White Soldiers pattern showing pure buying pressure, confirmed by OBV trending up.
2026-06-10 10:25:31 [INFO] core.token_validator: 🔐 Pre-Order Token Check | State: VALID | Info: {'status': 'VALID', 'scope': ['Trade'], 'ucc': 'XD16F', 'expires_at': '2026-06-11T00:00:00', 'issued_at': '2026-06-10T09:36:57', 'seconds_until_expiry': 48869, 'created_seconds_ago': 2914}
2026-06-10 10:25:31 [INFO] core.token_validator: ✅ Token ready for order — proceeding
2026-06-10 10:25:32 [INFO] core.order_executor: 📊 Margin Discovery [APOLLOHOSP]: ₹1722.90/share (5.0x) [Source: API (client.margin_required)]
2026-06-10 10:25:32 [ERROR] core.order_executor: ❌ INSUFFICIENT MARGIN/RISK FOR APOLLOHOSP | Price: ₹8614.5 | SL: ₹8571.43 | Free Margin: ₹1994 | Margin/Share: ₹1722.90 | Risk-qty: 0 | Alloc-qty: 0 | Lever-qty: 1
2026-06-10 10:25:32 [ERROR] core.order_executor: BUY rejected for APOLLOHOSP: invalid/insufficient quantity 0 | price=8614.5 | available=1966.6487500000003
2026-06-10 10:25:36 [INFO] core.strategy: BUY SIGNAL TRIGGERED
Symbol: APOLLOHOSP
Price: 8615.0
Triggered Set: BUY_THREE_SOLDIERS_MOMENTUM
Set Side: BUY
Confidence: base=60.0 signal_x=1.0 weight_x=1.0 time=10:00-11:30@1.0 market_x=1.0 advisory_x=0.99 final=59.4 min=35.0
Satisfied:
- Three White Soldiers: pattern=True
- OBV Trending Up: OBV started=173489, ended=178408
Why: Three White Soldiers pattern showing pure buying pressure, confirmed by OBV trending up.
2026-06-10 10:25:36 [INFO] core.token_validator: 🔐 Pre-Order Token Check | State: VALID | Info: {'status': 'VALID', 'scope': ['Trade'], 'ucc': 'XD16F', 'expires_at': '2026-06-11T00:00:00', 'issued_at': '2026-06-10T09:36:57', 'seconds_until_expiry': 48864, 'created_seconds_ago': 2919}
2026-06-10 10:25:36 [INFO] core.token_validator: ✅ Token ready for order — proceeding
2026-06-10 10:25:37 [INFO] core.order_executor: 📊 Margin Discovery [APOLLOHOSP]: ₹1723.00/share (5.0x) [Source: API (client.margin_required)]
2026-06-10 10:25:37 [ERROR] core.order_executor: ❌ INSUFFICIENT MARGIN/RISK FOR APOLLOHOSP | Price: ₹8615.0 | SL: ₹8571.92 | Free Margin: ₹1993 | Margin/Share: ₹1723.00 | Risk-qty: 0 | Alloc-qty: 0 | Lever-qty: 1
2026-06-10 10:25:37 [ERROR] core.order_executor: BUY rejected for APOLLOHOSP: invalid/insufficient quantity 0 | price=8615.0 | available=1966.6487500000003
2026-06-10 10:25:41 [INFO] core.state_manager: [BRIEFING] Loading from data/session_briefing.json...
2026-06-10 10:25:41 [INFO] core.state_manager: [BRIEFING] Loaded Valid: 8 approved + 22 watchlist (MORNING_SCREENER)
2026-06-10 10:25:42 [INFO] core.strategy: BUY SIGNAL TRIGGERED
Symbol: APOLLOHOSP
Price: 8614.5
Triggered Set: BUY_THREE_SOLDIERS_MOMENTUM
Set Side: BUY
Confidence: base=60.0 signal_x=1.0 weight_x=1.0 time=10:00-11:30@1.0 market_x=1.0 advisory_x=0.99 final=59.4 min=35.0
Satisfied:
- Three White Soldiers: pattern=True
- OBV Trending Up: OBV started=173489, ended=178408
Why: Three White Soldiers pattern showing pure buying pressure, confirmed by OBV trending up.
2026-06-10 10:25:42 [INFO] core.token_validator: 🔐 Pre-Order Token Check | State: VALID | Info: {'status': 'VALID', 'scope': ['Trade'], 'ucc': 'XD16F', 'expires_at': '2026-06-11T00:00:00', 'issued_at': '2026-06-10T09:36:57', 'seconds_until_expiry': 48858, 'created_seconds_ago': 2925}
2026-06-10 10:25:42 [INFO] core.token_validator: ✅ Token ready for order — proceeding
2026-06-10 10:25:42 [INFO] core.order_executor: 📊 Margin Discovery [APOLLOHOSP]: ₹1722.90/share (5.0x) [Source: API (client.margin_required)]
2026-06-10 10:25:42 [ERROR] core.order_executor: ❌ INSUFFICIENT MARGIN/RISK FOR APOLLOHOSP | Price: ₹8614.5 | SL: ₹8571.43 | Free Margin: ₹1993 | Margin/Share: ₹1722.90 | Risk-qty: 0 | Alloc-qty: 0 | Lever-qty: 1
2026-06-10 10:25:42 [ERROR] core.order_executor: BUY rejected for APOLLOHOSP: invalid/insufficient quantity 0 | price=8614.5 | available=1966.6487500000003
2026-06-10 10:25:47 [INFO] core.strategy: BUY SIGNAL TRIGGERED
Symbol: APOLLOHOSP
Price: 8614.5
Triggered Set: BUY_THREE_SOLDIERS_MOMENTUM
Set Side: BUY
Confidence: base=60.0 signal_x=1.0 weight_x=1.0 time=10:00-11:30@1.0 market_x=1.0 advisory_x=0.99 final=59.4 min=35.0
Satisfied:
- Three White Soldiers: pattern=True
- OBV Trending Up: OBV started=173489, ended=178408
Why: Three White Soldiers pattern showing pure buying pressure, confirmed by OBV trending up.
2026-06-10 10:25:47 [INFO] core.token_validator: 🔐 Pre-Order Token Check | State: VALID | Info: {'status': 'VALID', 'scope': ['Trade'], 'ucc': 'XD16F', 'expires_at': '2026-06-11T00:00:00', 'issued_at': '2026-06-10T09:36:57', 'seconds_until_expiry': 48853, 'created_seconds_ago': 2930}
2026-06-10 10:25:47 [INFO] core.token_validator: ✅ Token ready for order — proceeding
2026-06-10 10:25:47 [INFO] core.order_executor: 📊 Margin Discovery [APOLLOHOSP]: ₹1722.90/share (5.0x) [Source: API (client.margin_required)]
2026-06-10 10:25:47 [ERROR] core.order_executor: ❌ INSUFFICIENT MARGIN/RISK FOR APOLLOHOSP | Price: ₹8614.5 | SL: ₹8571.43 | Free Margin: ₹1993 | Margin/Share: ₹1722.90 | Risk-qty: 0 | Alloc-qty: 0 | Lever-qty: 1
2026-06-10 10:25:47 [ERROR] core.order_executor: BUY rejected for APOLLOHOSP: invalid/insufficient quantity 0 | price=8614.5 | available=1966.6487500000003
2026-06-10 10:25:52 [INFO] core.strategy: BUY SIGNAL TRIGGERED
Symbol: APOLLOHOSP
Price: 8614.5
Triggered Set: BUY_THREE_SOLDIERS_MOMENTUM
Set Side: BUY
Confidence: base=60.0 signal_x=1.0 weight_x=1.0 time=10:00-11:30@1.0 market_x=1.0 advisory_x=0.99 final=59.4 min=35.0
Satisfied:
- Three White Soldiers: pattern=True
- OBV Trending Up: OBV started=173489, ended=178408
Why: Three White Soldiers pattern showing pure buying pressure, confirmed by OBV trending up.
2026-06-10 10:25:52 [INFO] core.token_validator: 🔐 Pre-Order Token Check | State: VALID | Info: {'status': 'VALID', 'scope': ['Trade'], 'ucc': 'XD16F', 'expires_at': '2026-06-11T00:00:00', 'issued_at': '2026-06-10T09:36:57', 'seconds_until_expiry': 48848, 'created_seconds_ago': 2935}
2026-06-10 10:25:52 [INFO] core.token_validator: ✅ Token ready for order — proceeding
2026-06-10 10:25:52 [INFO] core.order_executor: 📊 Margin Discovery [APOLLOHOSP]: ₹1722.90/share (5.0x) [Source: API (client.margin_required)]
2026-06-10 10:25:52 [ERROR] core.order_executor: ❌ INSUFFICIENT MARGIN/RISK FOR APOLLOHOSP | Price: ₹8614.5 | SL: ₹8571.43 | Free Margin: ₹1994 | Margin/Share: ₹1722.90 | Risk-qty: 0 | Alloc-qty: 0 | Lever-qty: 1
2026-06-10 10:25:52 [ERROR] core.order_executor: BUY rejected for APOLLOHOSP: invalid/insufficient quantity 0 | price=8614.5 | available=1966.6487500000003
2026-06-10 10:25:57 [INFO] core.strategy: BUY SIGNAL TRIGGERED
Symbol: APOLLOHOSP
Price: 8615.0
Triggered Set: BUY_THREE_SOLDIERS_MOMENTUM
Set Side: BUY
Confidence: base=60.0 signal_x=1.0 weight_x=1.0 time=10:00-11:30@1.0 market_x=1.0 advisory_x=0.99 final=59.4 min=35.0
Satisfied:
- Three White Soldiers: pattern=True
- OBV Trending Up: OBV started=173489, ended=178408
Why: Three White Soldiers pattern showing pure buying pressure, confirmed by OBV trending up.
2026-06-10 10:25:57 [INFO] core.token_validator: 🔐 Pre-Order Token Check | State: VALID | Info: {'status': 'VALID', 'scope': ['Trade'], 'ucc': 'XD16F', 'expires_at': '2026-06-11T00:00:00', 'issued_at': '2026-06-10T09:36:57', 'seconds_until_expiry': 48843, 'created_seconds_ago': 2940}
2026-06-10 10:25:57 [INFO] core.token_validator: ✅ Token ready for order — proceeding
2026-06-10 10:25:57 [INFO] core.order_executor: 📊 Margin Discovery [APOLLOHOSP]: ₹1723.00/share (5.0x) [Source: API (client.margin_required)]
2026-06-10 10:25:57 [ERROR] core.order_executor: ❌ INSUFFICIENT MARGIN/RISK FOR APOLLOHOSP | Price: ₹8615.0 | SL: ₹8571.92 | Free Margin: ₹1992 | Margin/Share: ₹1723.00 | Risk-qty: 0 | Alloc-qty: 0 | Lever-qty: 1
2026-06-10 10:25:57 [ERROR] core.order_executor: BUY rejected for APOLLOHOSP: invalid/insufficient quantity 0 | price=8615.0 | available=1966.6487500000003
2026-06-10 10:26:02 [INFO] core.strategy: BUY SIGNAL TRIGGERED
Symbol: APOLLOHOSP
Price: 8615.0
Triggered Set: BUY_THREE_SOLDIERS_MOMENTUM
Set Side: BUY
Confidence: base=60.0 signal_x=1.0 weight_x=1.0 time=10:00-11:30@1.0 market_x=1.0 advisory_x=0.99 final=59.4 min=35.0
Satisfied:
- Three White Soldiers: pattern=True
- OBV Trending Up: OBV started=173489, ended=178408
Why: Three White Soldiers pattern showing pure buying pressure, confirmed by OBV trending up.
2026-06-10 10:26:02 [INFO] core.token_validator: 🔐 Pre-Order Token Check | State: VALID | Info: {'status': 'VALID', 'scope': ['Trade'], 'ucc': 'XD16F', 'expires_at': '2026-06-11T00:00:00', 'issued_at': '2026-06-10T09:36:57', 'seconds_until_expiry': 48838, 'created_seconds_ago': 2945}
2026-06-10 10:26:02 [INFO] core.token_validator: ✅ Token ready for order — proceeding
2026-06-10 10:26:02 [INFO] core.order_executor: 📊 Margin Discovery [APOLLOHOSP]: ₹1723.00/share (5.0x) [Source: API (client.margin_required)]
2026-06-10 10:26:02 [ERROR] core.order_executor: ❌ INSUFFICIENT MARGIN/RISK FOR APOLLOHOSP | Price: ₹8615.0 | SL: ₹8571.92 | Free Margin: ₹1993 | Margin/Share: ₹1723.00 | Risk-qty: 0 | Alloc-qty: 0 | Lever-qty: 1
2026-06-10 10:26:02 [ERROR] core.order_executor: BUY rejected for APOLLOHOSP: invalid/insufficient quantity 0 | price=8615.0 | available=1966.6487500000003
2026-06-10 10:26:07 [INFO] core.strategy: BUY SIGNAL TRIGGERED
Symbol: APOLLOHOSP
Price: 8614.5
Triggered Set: BUY_THREE_SOLDIERS_MOMENTUM
Set Side: BUY
Confidence: base=60.0 signal_x=1.0 weight_x=1.0 time=10:00-11:30@1.0 market_x=1.0 advisory_x=0.99 final=59.4 min=35.0
Satisfied:
- Three White Soldiers: pattern=True
- OBV Trending Up: OBV started=173489, ended=178408
Why: Three White Soldiers pattern showing pure buying pressure, confirmed by OBV trending up.
2026-06-10 10:26:07 [INFO] core.token_validator: 🔐 Pre-Order Token Check | State: VALID | Info: {'status': 'VALID', 'scope': ['Trade'], 'ucc': 'XD16F', 'expires_at': '2026-06-11T00:00:00', 'issued_at': '2026-06-10T09:36:57', 'seconds_until_expiry': 48833, 'created_seconds_ago': 2950}
2026-06-10 10:26:07 [INFO] core.token_validator: ✅ Token ready for order — proceeding
2026-06-10 10:26:07 [INFO] core.order_executor: 📊 Margin Discovery [APOLLOHOSP]: ₹1722.90/share (5.0x) [Source: API (client.margin_required)]
2026-06-10 10:26:07 [ERROR] core.order_executor: ❌ INSUFFICIENT MARGIN/RISK FOR APOLLOHOSP | Price: ₹8614.5 | SL: ₹8571.43 | Free Margin: ₹1993 | Margin/Share: ₹1722.90 | Risk-qty: 0 | Alloc-qty: 0 | Lever-qty: 1
2026-06-10 10:26:07 [ERROR] core.order_executor: BUY rejected for APOLLOHOSP: invalid/insufficient quantity 0 | price=8614.5 | available=1966.6487500000003
2026-06-10 10:26:12 [INFO] core.strategy: BUY SIGNAL TRIGGERED
Symbol: APOLLOHOSP
Price: 8615.0
Triggered Set: BUY_THREE_SOLDIERS_MOMENTUM
Set Side: BUY
Confidence: base=60.0 signal_x=1.0 weight_x=1.0 time=10:00-11:30@1.0 market_x=1.0 advisory_x=0.99 final=59.4 min=35.0
Satisfied:
- Three White Soldiers: pattern=True
- OBV Trending Up: OBV started=173489, ended=178408
Why: Three White Soldiers pattern showing pure buying pressure, confirmed by OBV trending up.
2026-06-10 10:26:12 [INFO] core.token_validator: 🔐 Pre-Order Token Check | State: VALID | Info: {'status': 'VALID', 'scope': ['Trade'], 'ucc': 'XD16F', 'expires_at': '2026-06-11T00:00:00', 'issued_at': '2026-06-10T09:36:57', 'seconds_until_expiry': 48828, 'created_seconds_ago': 2955}
2026-06-10 10:26:12 [INFO] core.token_validator: ✅ Token ready for order — proceeding
2026-06-10 10:26:12 [INFO] core.order_executor: 📊 Margin Discovery [APOLLOHOSP]: ₹1723.00/share (5.0x) [Source: API (client.margin_required)]
2026-06-10 10:26:12 [ERROR] core.order_executor: ❌ INSUFFICIENT MARGIN/RISK FOR APOLLOHOSP | Price: ₹8615.0 | SL: ₹8571.92 | Free Margin: ₹1993 | Margin/Share: ₹1723.00 | Risk-qty: 0 | Alloc-qty: 0 | Lever-qty: 1
2026-06-10 10:26:12 [ERROR] core.order_executor: BUY rejected for APOLLOHOSP: invalid/insufficient quantity 0 | price=8615.0 | available=1966.6487500000003
2026-06-10 10:26:17 [INFO] core.strategy: BUY SIGNAL TRIGGERED
Symbol: APOLLOHOSP
Price: 8615.0
Triggered Set: BUY_THREE_SOLDIERS_MOMENTUM
Set Side: BUY
Confidence: base=60.0 signal_x=1.0 weight_x=1.0 time=10:00-11:30@1.0 market_x=1.0 advisory_x=0.99 final=59.4 min=35.0
Satisfied:
- Three White Soldiers: pattern=True
- OBV Trending Up: OBV started=173489, ended=178408
Why: Three White Soldiers pattern showing pure buying pressure, confirmed by OBV trending up.
2026-06-10 10:26:17 [INFO] core.token_validator: 🔐 Pre-Order Token Check | State: VALID | Info: {'status': 'VALID', 'scope': ['Trade'], 'ucc': 'XD16F', 'expires_at': '2026-06-11T00:00:00', 'issued_at': '2026-06-10T09:36:57', 'seconds_until_expiry': 48823, 'created_seconds_ago': 2960}
2026-06-10 10:26:17 [INFO] core.token_validator: ✅ Token ready for order — proceeding
2026-06-10 10:26:17 [INFO] core.order_executor: 📊 Margin Discovery [APOLLOHOSP]: ₹1723.00/share (5.0x) [Source: API (client.margin_required)]
2026-06-10 10:26:17 [ERROR] core.order_executor: ❌ INSUFFICIENT MARGIN/RISK FOR APOLLOHOSP | Price: ₹8615.0 | SL: ₹8571.92 | Free Margin: ₹1995 | Margin/Share: ₹1723.00 | Risk-qty: 0 | Alloc-qty: 0 | Lever-qty: 1
2026-06-10 10:26:17 [ERROR] core.order_executor: BUY rejected for APOLLOHOSP: invalid/insufficient quantity 0 | price=8615.0 | available=1966.6487500000003
2026-06-10 10:26:22 [INFO] core.strategy: BUY SIGNAL TRIGGERED
Symbol: APOLLOHOSP
Price: 8617.0
Triggered Set: BUY_THREE_SOLDIERS_MOMENTUM
Set Side: BUY
Confidence: base=60.0 signal_x=1.0 weight_x=1.0 time=10:00-11:30@1.0 market_x=1.0 advisory_x=0.99 final=59.4 min=35.0
Satisfied:
- Three White Soldiers: pattern=True
- OBV Trending Up: OBV started=173489, ended=178408
Why: Three White Soldiers pattern showing pure buying pressure, confirmed by OBV trending up.
2026-06-10 10:26:22 [INFO] core.token_validator: 🔐 Pre-Order Token Check | State: VALID | Info: {'status': 'VALID', 'scope': ['Trade'], 'ucc': 'XD16F', 'expires_at': '2026-06-11T00:00:00', 'issued_at': '2026-06-10T09:36:57', 'seconds_until_expiry': 48818, 'created_seconds_ago': 2965}
2026-06-10 10:26:22 [INFO] core.token_validator: ✅ Token ready for order — proceeding
2026-06-10 10:26:22 [INFO] core.order_executor: 📊 Margin Discovery [APOLLOHOSP]: ₹1723.40/share (5.0x) [Source: API (client.margin_required)]
2026-06-10 10:26:22 [ERROR] core.order_executor: ❌ INSUFFICIENT MARGIN/RISK FOR APOLLOHOSP | Price: ₹8617.0 | SL: ₹8573.91 | Free Margin: ₹1995 | Margin/Share: ₹1723.40 | Risk-qty: 0 | Alloc-qty: 0 | Lever-qty: 1
2026-06-10 10:26:22 [ERROR] core.order_executor: BUY rejected for APOLLOHOSP: invalid/insufficient quantity 0 | price=8617.0 | available=1966.6487500000003
2026-06-10 10:26:27 [INFO] core.strategy: BUY SIGNAL TRIGGERED
Symbol: APOLLOHOSP
Price: 8614.5
Triggered Set: BUY_THREE_SOLDIERS_MOMENTUM
Set Side: BUY
Confidence: base=60.0 signal_x=1.0 weight_x=1.0 time=10:00-11:30@1.0 market_x=1.0 advisory_x=0.99 final=59.4 min=35.0
Satisfied:
- Three White Soldiers: pattern=True
- OBV Trending Up: OBV started=173489, ended=178408
Why: Three White Soldiers pattern showing pure buying pressure, confirmed by OBV trending up.
2026-06-10 10:26:27 [INFO] core.token_validator: 🔐 Pre-Order Token Check | State: VALID | Info: {'status': 'VALID', 'scope': ['Trade'], 'ucc': 'XD16F', 'expires_at': '2026-06-11T00:00:00', 'issued_at': '2026-06-10T09:36:57', 'seconds_until_expiry': 48813, 'created_seconds_ago': 2970}
2026-06-10 10:26:27 [INFO] core.token_validator: ✅ Token ready for order — proceeding
2026-06-10 10:26:27 [INFO] core.order_executor: 📊 Margin Discovery [APOLLOHOSP]: ₹1722.90/share (5.0x) [Source: API (client.margin_required)]
2026-06-10 10:26:27 [ERROR] core.order_executor: ❌ INSUFFICIENT MARGIN/RISK FOR APOLLOHOSP | Price: ₹8614.5 | SL: ₹8571.43 | Free Margin: ₹1995 | Margin/Share: ₹1722.90 | Risk-qty: 0 | Alloc-qty: 0 | Lever-qty: 1
2026-06-10 10:26:27 [ERROR] core.order_executor: BUY rejected for APOLLOHOSP: invalid/insufficient quantity 0 | price=8614.5 | available=1966.6487500000003
2026-06-10 10:26:31 [INFO] core.strategy: ─── Scan summary (30 subscribed) ───
  [Cognition] SUNPHARMA: ticks=1070 | live_candles=11
  [Cognition] DIVISLAB: ticks=751 | live_candles=11
  [Cognition] TATASTEEL: ticks=2128 | live_candles=11
  [Cognition] SBIN: ticks=2396 | live_candles=11
  [Cognition] TITAN: ticks=1151 | live_candles=11
  [Cognition] RELIANCE: ticks=2647 | live_candles=11
  [Cognition] NTPC: ticks=1863 | live_candles=11
  [Cognition] HDFCLIFE: ticks=486 | live_candles=11
  [Math] ICICIBANK: ticks=1936 | live_candles=11
  [Math] APOLLOHOSP: ticks=1044 | live_candles=11
  [Math] TCS: ticks=2152 | live_candles=11
  [Math] HDFCBANK: ticks=2073 | live_candles=11
  [Math] INFY: ticks=1886 | live_candles=11
  [Math] HINDUNILVR: ticks=2155 | live_candles=11
  [Math] ITC: ticks=2372 | live_candles=11
  [Math] BHARTIARTL: ticks=2279 | live_candles=11
  [Math] LT: ticks=1443 | live_candles=11
  [Math] HCLTECH: ticks=1024 | live_candles=11
  [Math] MARUTI: ticks=635 | live_candles=11
  [Math] WIPRO: ticks=1900 | live_candles=11
  [Math] NESTLEIND: ticks=1593 | live_candles=11
  [Math] BAJAJFINSV: ticks=855 | live_candles=11
  [Math] DRREDDY: ticks=391 | live_candles=11
  [Math] EICHERMOT: ticks=740 | live_candles=11
  [Math] HEROMOTOCO: ticks=1358 | live_candles=11
  [Math] HINDALCO: ticks=1886 | live_candles=11
  [Math] JSWSTEEL: ticks=693 | live_candles=11
  [Math] M&M: ticks=1634 | live_candles=11
  [Math] SBILIFE: ticks=533 | live_candles=11
  [Math] TATACONSUM: ticks=1077 | live_candles=11
2026-06-10 10:26:32 [INFO] core.strategy: BUY SIGNAL TRIGGERED
Symbol: APOLLOHOSP
Price: 8616.5
Triggered Set: BUY_THREE_SOLDIERS_MOMENTUM
Set Side: BUY
Confidence: base=60.0 signal_x=1.0 weight_x=1.0 time=10:00-11:30@1.0 market_x=1.0 advisory_x=0.99 final=59.4 min=35.0
Satisfied:
- Three White Soldiers: pattern=True
- OBV Trending Up: OBV started=173489, ended=178408
Why: Three White Soldiers pattern showing pure buying pressure, confirmed by OBV trending up.
2026-06-10 10:26:32 [INFO] core.token_validator: 🔐 Pre-Order Token Check | State: VALID | Info: {'status': 'VALID', 'scope': ['Trade'], 'ucc': 'XD16F', 'expires_at': '2026-06-11T00:00:00', 'issued_at': '2026-06-10T09:36:57', 'seconds_until_expiry': 48808, 'created_seconds_ago': 2975}
2026-06-10 10:26:32 [INFO] core.token_validator: ✅ Token ready for order — proceeding
2026-06-10 10:26:32 [INFO] core.order_executor: 📊 Margin Discovery [APOLLOHOSP]: ₹1723.30/share (5.0x) [Source: API (client.margin_required)]
2026-06-10 10:26:32 [ERROR] core.order_executor: ❌ INSUFFICIENT MARGIN/RISK FOR APOLLOHOSP | Price: ₹8616.5 | SL: ₹8573.42 | Free Margin: ₹1994 | Margin/Share: ₹1723.30 | Risk-qty: 0 | Alloc-qty: 0 | Lever-qty: 1
2026-06-10 10:26:32 [ERROR] core.order_executor: BUY rejected for APOLLOHOSP: invalid/insufficient quantity 0 | price=8616.5 | available=1966.6487500000003
2026-06-10 10:26:36 [INFO] core.strategy: BUY SIGNAL TRIGGERED
Symbol: APOLLOHOSP
Price: 8615.0
Triggered Set: BUY_THREE_SOLDIERS_MOMENTUM
Set Side: BUY
Confidence: base=60.0 signal_x=1.0 weight_x=1.0 time=10:00-11:30@1.0 market_x=1.0 advisory_x=0.99 final=59.4 min=35.0
Satisfied:
- Three White Soldiers: pattern=True
- OBV Trending Up: OBV started=173489, ended=178408
Why: Three White Soldiers pattern showing pure buying pressure, confirmed by OBV trending up.
2026-06-10 10:26:36 [INFO] core.token_validator: 🔐 Pre-Order Token Check | State: VALID | Info: {'status': 'VALID', 'scope': ['Trade'], 'ucc': 'XD16F', 'expires_at': '2026-06-11T00:00:00', 'issued_at': '2026-06-10T09:36:57', 'seconds_until_expiry': 48804, 'created_seconds_ago': 2979}
2026-06-10 10:26:36 [INFO] core.token_validator: ✅ Token ready for order — proceeding
2026-06-10 10:26:37 [INFO] core.order_executor: 📊 Margin Discovery [APOLLOHOSP]: ₹1723.00/share (5.0x) [Source: API (client.margin_required)]
2026-06-10 10:26:37 [ERROR] core.order_executor: ❌ INSUFFICIENT MARGIN/RISK FOR APOLLOHOSP | Price: ₹8615.0 | SL: ₹8571.92 | Free Margin: ₹1995 | Margin/Share: ₹1723.00 | Risk-qty: 0 | Alloc-qty: 0 | Lever-qty: 1
2026-06-10 10:26:37 [ERROR] core.order_executor: BUY rejected for APOLLOHOSP: invalid/insufficient quantity 0 | price=8615.0 | available=1966.6487500000003
2026-06-10 10:26:41 [INFO] core.strategy: BUY SIGNAL TRIGGERED
Symbol: APOLLOHOSP
Price: 8615.0
Triggered Set: BUY_THREE_SOLDIERS_MOMENTUM
Set Side: BUY
Confidence: base=60.0 signal_x=1.0 weight_x=1.0 time=10:00-11:30@1.0 market_x=1.0 advisory_x=0.99 final=59.4 min=35.0
Satisfied:
- Three White Soldiers: pattern=True
- OBV Trending Up: OBV started=173489, ended=178408
Why: Three White Soldiers pattern showing pure buying pressure, confirmed by OBV trending up.
2026-06-10 10:26:41 [INFO] core.token_validator: 🔐 Pre-Order Token Check | State: VALID | Info: {'status': 'VALID', 'scope': ['Trade'], 'ucc': 'XD16F', 'expires_at': '2026-06-11T00:00:00', 'issued_at': '2026-06-10T09:36:57', 'seconds_until_expiry': 48799, 'created_seconds_ago': 2984}
2026-06-10 10:26:41 [INFO] core.token_validator: ✅ Token ready for order — proceeding
2026-06-10 10:26:42 [INFO] core.order_executor: 📊 Margin Discovery [APOLLOHOSP]: ₹1723.00/share (5.0x) [Source: API (client.margin_required)]
2026-06-10 10:26:42 [ERROR] core.order_executor: ❌ INSUFFICIENT MARGIN/RISK FOR APOLLOHOSP | Price: ₹8615.0 | SL: ₹8571.92 | Free Margin: ₹1993 | Margin/Share: ₹1723.00 | Risk-qty: 0 | Alloc-qty: 0 | Lever-qty: 1
2026-06-10 10:26:42 [ERROR] core.order_executor: BUY rejected for APOLLOHOSP: invalid/insufficient quantity 0 | price=8615.0 | available=1966.6487500000003
2026-06-10 10:26:45 [INFO] core.state_manager: [BRIEFING] Loading from data/session_briefing.json...
2026-06-10 10:26:45 [INFO] core.state_manager: [BRIEFING] Loaded Valid: 8 approved + 22 watchlist (MORNING_SCREENER)
2026-06-10 10:26:46 [INFO] core.strategy: BUY SIGNAL TRIGGERED
Symbol: APOLLOHOSP
Price: 8616.0
Triggered Set: BUY_THREE_SOLDIERS_MOMENTUM
Set Side: BUY
Confidence: base=60.0 signal_x=1.0 weight_x=1.0 time=10:00-11:30@1.0 market_x=1.0 advisory_x=0.99 final=59.4 min=35.0
Satisfied:
- Three White Soldiers: pattern=True
- OBV Trending Up: OBV started=173489, ended=178408
Why: Three White Soldiers pattern showing pure buying pressure, confirmed by OBV trending up.
2026-06-10 10:26:46 [INFO] core.token_validator: 🔐 Pre-Order Token Check | State: VALID | Info: {'status': 'VALID', 'scope': ['Trade'], 'ucc': 'XD16F', 'expires_at': '2026-06-11T00:00:00', 'issued_at': '2026-06-10T09:36:57', 'seconds_until_expiry': 48794, 'created_seconds_ago': 2989}
2026-06-10 10:26:46 [INFO] core.token_validator: ✅ Token ready for order — proceeding
2026-06-10 10:26:47 [INFO] core.order_executor: 📊 Margin Discovery [APOLLOHOSP]: ₹1723.20/share (5.0x) [Source: API (client.margin_required)]
2026-06-10 10:26:47 [ERROR] core.order_executor: ❌ INSUFFICIENT MARGIN/RISK FOR APOLLOHOSP | Price: ₹8616.0 | SL: ₹8572.92 | Free Margin: ₹1993 | Margin/Share: ₹1723.20 | Risk-qty: 0 | Alloc-qty: 0 | Lever-qty: 1
2026-06-10 10:26:47 [ERROR] core.order_executor: BUY rejected for APOLLOHOSP: invalid/insufficient quantity 0 | price=8616.0 | available=1966.6487500000003
2026-06-10 10:26:51 [INFO] core.strategy: BUY SIGNAL TRIGGERED
Symbol: APOLLOHOSP
Price: 8615.0
Triggered Set: BUY_THREE_SOLDIERS_MOMENTUM
Set Side: BUY
Confidence: base=60.0 signal_x=1.0 weight_x=1.0 time=10:00-11:30@1.0 market_x=1.0 advisory_x=0.99 final=59.4 min=35.0
Satisfied:
- Three White Soldiers: pattern=True
- OBV Trending Up: OBV started=173489, ended=178408
Why: Three White Soldiers pattern showing pure buying pressure, confirmed by OBV trending up.
2026-06-10 10:26:51 [INFO] core.token_validator: 🔐 Pre-Order Token Check | State: VALID | Info: {'status': 'VALID', 'scope': ['Trade'], 'ucc': 'XD16F', 'expires_at': '2026-06-11T00:00:00', 'issued_at': '2026-06-10T09:36:57', 'seconds_until_expiry': 48789, 'created_seconds_ago': 2994}
2026-06-10 10:26:51 [INFO] core.token_validator: ✅ Token ready for order — proceeding
2026-06-10 10:26:51 [INFO] core.order_executor: 📊 Margin Discovery [APOLLOHOSP]: ₹1723.00/share (5.0x) [Source: API (client.margin_required)]
2026-06-10 10:26:51 [ERROR] core.order_executor: ❌ INSUFFICIENT MARGIN/RISK FOR APOLLOHOSP | Price: ₹8615.0 | SL: ₹8571.92 | Free Margin: ₹1994 | Margin/Share: ₹1723.00 | Risk-qty: 0 | Alloc-qty: 0 | Lever-qty: 1
2026-06-10 10:26:51 [ERROR] core.order_executor: BUY rejected for APOLLOHOSP: invalid/insufficient quantity 0 | price=8615.0 | available=1966.6487500000003
2026-06-10 10:26:56 [INFO] core.strategy: BUY SIGNAL TRIGGERED
Symbol: APOLLOHOSP
Price: 8618.5
Triggered Set: BUY_THREE_SOLDIERS_MOMENTUM
Set Side: BUY
Confidence: base=60.0 signal_x=1.0 weight_x=1.0 time=10:00-11:30@1.0 market_x=1.0 advisory_x=0.99 final=59.4 min=35.0
Satisfied:
- Three White Soldiers: pattern=True
- OBV Trending Up: OBV started=173489, ended=178408
Why: Three White Soldiers pattern showing pure buying pressure, confirmed by OBV trending up.
2026-06-10 10:26:56 [INFO] core.token_validator: 🔐 Pre-Order Token Check | State: VALID | Info: {'status': 'VALID', 'scope': ['Trade'], 'ucc': 'XD16F', 'expires_at': '2026-06-11T00:00:00', 'issued_at': '2026-06-10T09:36:57', 'seconds_until_expiry': 48784, 'created_seconds_ago': 2999}
2026-06-10 10:26:56 [INFO] core.token_validator: ✅ Token ready for order — proceeding
2026-06-10 10:26:57 [INFO] core.order_executor: 📊 Margin Discovery [APOLLOHOSP]: ₹1723.70/share (5.0x) [Source: API (client.margin_required)]
2026-06-10 10:26:57 [ERROR] core.order_executor: ❌ INSUFFICIENT MARGIN/RISK FOR APOLLOHOSP | Price: ₹8618.5 | SL: ₹8575.41 | Free Margin: ₹1993 | Margin/Share: ₹1723.70 | Risk-qty: 0 | Alloc-qty: 0 | Lever-qty: 1
2026-06-10 10:26:57 [ERROR] core.order_executor: BUY rejected for APOLLOHOSP: invalid/insufficient quantity 0 | price=8618.5 | available=1966.6487500000003
2026-06-10 10:27:01 [INFO] core.data_fetcher: 📡 Live feed | ticks received: 30/30 symbols | active=['SUNPHARMA', 'DIVISLAB', 'TATASTEEL', 'SBIN', 'TITAN', 'RELIANCE', 'NTPC', 'HDFCLIFE']...
2026-06-10 10:27:01 [INFO] core.strategy: BUY SIGNAL TRIGGERED
Symbol: APOLLOHOSP
Price: 8618.5
Triggered Set: BUY_THREE_SOLDIERS_MOMENTUM
Set Side: BUY
Confidence: base=60.0 signal_x=1.0 weight_x=1.0 time=10:00-11:30@1.0 market_x=1.0 advisory_x=0.99 final=59.4 min=35.0
Satisfied:
- Three White Soldiers: pattern=True
- OBV Trending Up: OBV started=173489, ended=178408
Why: Three White Soldiers pattern showing pure buying pressure, confirmed by OBV trending up.
2026-06-10 10:27:01 [INFO] core.token_validator: 🔐 Pre-Order Token Check | State: VALID | Info: {'status': 'VALID', 'scope': ['Trade'], 'ucc': 'XD16F', 'expires_at': '2026-06-11T00:00:00', 'issued_at': '2026-06-10T09:36:57', 'seconds_until_expiry': 48779, 'created_seconds_ago': 3004}
2026-06-10 10:27:01 [INFO] core.token_validator: ✅ Token ready for order — proceeding
2026-06-10 10:27:01 [INFO] core.order_executor: 📊 Margin Discovery [APOLLOHOSP]: ₹1723.70/share (5.0x) [Source: API (client.margin_required)]
2026-06-10 10:27:01 [ERROR] core.order_executor: ❌ INSUFFICIENT MARGIN/RISK FOR APOLLOHOSP | Price: ₹8618.5 | SL: ₹8575.41 | Free Margin: ₹1994 | Margin/Share: ₹1723.70 | Risk-qty: 0 | Alloc-qty: 0 | Lever-qty: 1
2026-06-10 10:27:01 [ERROR] core.order_executor: BUY rejected for APOLLOHOSP: invalid/insufficient quantity 0 | price=8618.5 | available=1966.6487500000003
2026-06-10 10:27:06 [INFO] core.strategy: BUY SIGNAL TRIGGERED
Symbol: APOLLOHOSP
Price: 8618.5
Triggered Set: BUY_THREE_SOLDIERS_MOMENTUM
Set Side: BUY
Confidence: base=60.0 signal_x=1.0 weight_x=1.0 time=10:00-11:30@1.0 market_x=1.0 advisory_x=0.99 final=59.4 min=35.0
Satisfied:
- Three White Soldiers: pattern=True
- OBV Trending Up: OBV started=173489, ended=178408
Why: Three White Soldiers pattern showing pure buying pressure, confirmed by OBV trending up.
2026-06-10 10:27:06 [INFO] core.token_validator: 🔐 Pre-Order Token Check | State: VALID | Info: {'status': 'VALID', 'scope': ['Trade'], 'ucc': 'XD16F', 'expires_at': '2026-06-11T00:00:00', 'issued_at': '2026-06-10T09:36:57', 'seconds_until_expiry': 48774, 'created_seconds_ago': 3009}
2026-06-10 10:27:06 [INFO] core.token_validator: ✅ Token ready for order — proceeding
2026-06-10 10:27:06 [INFO] core.order_executor: 📊 Margin Discovery [APOLLOHOSP]: ₹1723.70/share (5.0x) [Source: API (client.margin_required)]
2026-06-10 10:27:06 [ERROR] core.order_executor: ❌ INSUFFICIENT MARGIN/RISK FOR APOLLOHOSP | Price: ₹8618.5 | SL: ₹8575.41 | Free Margin: ₹1994 | Margin/Share: ₹1723.70 | Risk-qty: 0 | Alloc-qty: 0 | Lever-qty: 1
2026-06-10 10:27:06 [ERROR] core.order_executor: BUY rejected for APOLLOHOSP: invalid/insufficient quantity 0 | price=8618.5 | available=1966.6487500000003
2026-06-10 10:27:10 [WARNING] core.order_verifier: ⚠️  Removing old pending order: 260610000132270
2026-06-10 10:27:10 [WARNING] core.order_verifier: ⚠️  Removing old pending order: 260610000132994
2026-06-10 10:27:11 [INFO] core.strategy: BUY SIGNAL TRIGGERED
Symbol: APOLLOHOSP
Price: 8618.0
Triggered Set: BUY_THREE_SOLDIERS_MOMENTUM
Set Side: BUY
Confidence: base=60.0 signal_x=1.0 weight_x=1.0 time=10:00-11:30@1.0 market_x=1.0 advisory_x=0.99 final=59.4 min=35.0
Satisfied:
- Three White Soldiers: pattern=True
- OBV Trending Up: OBV started=173489, ended=178408
Why: Three White Soldiers pattern showing pure buying pressure, confirmed by OBV trending up.
2026-06-10 10:27:11 [INFO] core.token_validator: 🔐 Pre-Order Token Check | State: VALID | Info: {'status': 'VALID', 'scope': ['Trade'], 'ucc': 'XD16F', 'expires_at': '2026-06-11T00:00:00', 'issued_at': '2026-06-10T09:36:57', 'seconds_until_expiry': 48769, 'created_seconds_ago': 3014}
2026-06-10 10:27:11 [INFO] core.token_validator: ✅ Token ready for order — proceeding
2026-06-10 10:27:11 [INFO] core.order_executor: 📊 Margin Discovery [APOLLOHOSP]: ₹1723.60/share (5.0x) [Source: API (client.margin_required)]
2026-06-10 10:27:11 [ERROR] core.order_executor: ❌ INSUFFICIENT MARGIN/RISK FOR APOLLOHOSP | Price: ₹8618.0 | SL: ₹8574.91 | Free Margin: ₹1996 | Margin/Share: ₹1723.60 | Risk-qty: 0 | Alloc-qty: 0 | Lever-qty: 1
2026-06-10 10:27:11 [ERROR] core.order_executor: BUY rejected for APOLLOHOSP: invalid/insufficient quantity 0 | price=8618.0 | available=1966.6487500000003
2026-06-10 10:27:16 [INFO] core.strategy: BUY SIGNAL TRIGGERED
Symbol: APOLLOHOSP
Price: 8617.5
Triggered Set: BUY_THREE_SOLDIERS_MOMENTUM
Set Side: BUY
Confidence: base=60.0 signal_x=1.0 weight_x=1.0 time=10:00-11:30@1.0 market_x=1.0 advisory_x=0.99 final=59.4 min=35.0
Satisfied:
- Three White Soldiers: pattern=True
- OBV Trending Up: OBV started=173489, ended=178408
Why: Three White Soldiers pattern showing pure buying pressure, confirmed by OBV trending up.
2026-06-10 10:27:16 [INFO] core.token_validator: 🔐 Pre-Order Token Check | State: VALID | Info: {'status': 'VALID', 'scope': ['Trade'], 'ucc': 'XD16F', 'expires_at': '2026-06-11T00:00:00', 'issued_at': '2026-06-10T09:36:57', 'seconds_until_expiry': 48764, 'created_seconds_ago': 3019}
2026-06-10 10:27:16 [INFO] core.token_validator: ✅ Token ready for order — proceeding
2026-06-10 10:27:16 [INFO] core.order_executor: 📊 Margin Discovery [APOLLOHOSP]: ₹1723.50/share (5.0x) [Source: API (client.margin_required)]
2026-06-10 10:27:16 [ERROR] core.order_executor: ❌ INSUFFICIENT MARGIN/RISK FOR APOLLOHOSP | Price: ₹8617.5 | SL: ₹8574.41 | Free Margin: ₹1996 | Margin/Share: ₹1723.50 | Risk-qty: 0 | Alloc-qty: 0 | Lever-qty: 1
2026-06-10 10:27:16 [ERROR] core.order_executor: BUY rejected for APOLLOHOSP: invalid/insufficient quantity 0 | price=8617.5 | available=1966.6487500000003
2026-06-10 10:27:21 [INFO] core.strategy: BUY SIGNAL TRIGGERED
Symbol: APOLLOHOSP
Price: 8616.0
Triggered Set: BUY_THREE_SOLDIERS_MOMENTUM
Set Side: BUY
Confidence: base=60.0 signal_x=1.0 weight_x=1.0 time=10:00-11:30@1.0 market_x=1.0 advisory_x=0.99 final=59.4 min=35.0
Satisfied:
- Three White Soldiers: pattern=True
- OBV Trending Up: OBV started=173489, ended=178408
Why: Three White Soldiers pattern showing pure buying pressure, confirmed by OBV trending up.
2026-06-10 10:27:21 [INFO] core.token_validator: 🔐 Pre-Order Token Check | State: VALID | Info: {'status': 'VALID', 'scope': ['Trade'], 'ucc': 'XD16F', 'expires_at': '2026-06-11T00:00:00', 'issued_at': '2026-06-10T09:36:57', 'seconds_until_expiry': 48759, 'created_seconds_ago': 3024}
2026-06-10 10:27:21 [INFO] core.token_validator: ✅ Token ready for order — proceeding
2026-06-10 10:27:21 [INFO] core.order_executor: 📊 Margin Discovery [APOLLOHOSP]: ₹1723.20/share (5.0x) [Source: API (client.margin_required)]
2026-06-10 10:27:21 [ERROR] core.order_executor: ❌ INSUFFICIENT MARGIN/RISK FOR APOLLOHOSP | Price: ₹8616.0 | SL: ₹8572.92 | Free Margin: ₹1995 | Margin/Share: ₹1723.20 | Risk-qty: 0 | Alloc-qty: 0 | Lever-qty: 1
2026-06-10 10:27:21 [ERROR] core.order_executor: BUY rejected for APOLLOHOSP: invalid/insufficient quantity 0 | price=8616.0 | available=1966.6487500000003
2026-06-10 10:27:26 [INFO] core.strategy: BUY SIGNAL TRIGGERED
Symbol: APOLLOHOSP
Price: 8616.0
Triggered Set: BUY_THREE_SOLDIERS_MOMENTUM
Set Side: BUY
Confidence: base=60.0 signal_x=1.0 weight_x=1.0 time=10:00-11:30@1.0 market_x=1.0 advisory_x=0.99 final=59.4 min=35.0
Satisfied:
- Three White Soldiers: pattern=True
- OBV Trending Up: OBV started=173489, ended=178408
Why: Three White Soldiers pattern showing pure buying pressure, confirmed by OBV trending up.
2026-06-10 10:27:26 [INFO] core.token_validator: 🔐 Pre-Order Token Check | State: VALID | Info: {'status': 'VALID', 'scope': ['Trade'], 'ucc': 'XD16F', 'expires_at': '2026-06-11T00:00:00', 'issued_at': '2026-06-10T09:36:57', 'seconds_until_expiry': 48754, 'created_seconds_ago': 3029}
2026-06-10 10:27:26 [INFO] core.token_validator: ✅ Token ready for order — proceeding
2026-06-10 10:27:26 [INFO] core.order_executor: 📊 Margin Discovery [APOLLOHOSP]: ₹1723.20/share (5.0x) [Source: API (client.margin_required)]
2026-06-10 10:27:26 [ERROR] core.order_executor: ❌ INSUFFICIENT MARGIN/RISK FOR APOLLOHOSP | Price: ₹8616.0 | SL: ₹8572.92 | Free Margin: ₹1997 | Margin/Share: ₹1723.20 | Risk-qty: 0 | Alloc-qty: 0 | Lever-qty: 1
2026-06-10 10:27:26 [ERROR] core.order_executor: BUY rejected for APOLLOHOSP: invalid/insufficient quantity 0 | price=8616.0 | available=1966.6487500000003
2026-06-10 10:27:31 [INFO] core.strategy: BUY SIGNAL TRIGGERED
Symbol: APOLLOHOSP
Price: 8618.0
Triggered Set: BUY_THREE_SOLDIERS_MOMENTUM
Set Side: BUY
Confidence: base=60.0 signal_x=1.0 weight_x=1.0 time=10:00-11:30@1.0 market_x=1.0 advisory_x=0.99 final=59.4 min=35.0
Satisfied:
- Three White Soldiers: pattern=True
- OBV Trending Up: OBV started=173489, ended=178408
Why: Three White Soldiers pattern showing pure buying pressure, confirmed by OBV trending up.
2026-06-10 10:27:31 [INFO] core.token_validator: 🔐 Pre-Order Token Check | State: VALID | Info: {'status': 'VALID', 'scope': ['Trade'], 'ucc': 'XD16F', 'expires_at': '2026-06-11T00:00:00', 'issued_at': '2026-06-10T09:36:57', 'seconds_until_expiry': 48749, 'created_seconds_ago': 3034}
2026-06-10 10:27:31 [INFO] core.token_validator: ✅ Token ready for order — proceeding
2026-06-10 10:27:31 [INFO] core.order_executor: 📊 Margin Discovery [APOLLOHOSP]: ₹1723.60/share (5.0x) [Source: API (client.margin_required)]
2026-06-10 10:27:31 [ERROR] core.order_executor: ❌ INSUFFICIENT MARGIN/RISK FOR APOLLOHOSP | Price: ₹8618.0 | SL: ₹8574.91 | Free Margin: ₹1996 | Margin/Share: ₹1723.60 | Risk-qty: 0 | Alloc-qty: 0 | Lever-qty: 1
2026-06-10 10:27:31 [ERROR] core.order_executor: BUY rejected for APOLLOHOSP: invalid/insufficient quantity 0 | price=8618.0 | available=1966.6487500000003
2026-06-10 10:27:37 [INFO] core.strategy: BUY SIGNAL TRIGGERED
Symbol: APOLLOHOSP
Price: 8618.5
Triggered Set: BUY_THREE_SOLDIERS_MOMENTUM
Set Side: BUY
Confidence: base=60.0 signal_x=1.0 weight_x=1.0 time=10:00-11:30@1.0 market_x=1.0 advisory_x=0.99 final=59.4 min=35.0
Satisfied:
- Three White Soldiers: pattern=True
- OBV Trending Up: OBV started=173489, ended=178408
Why: Three White Soldiers pattern showing pure buying pressure, confirmed by OBV trending up.
2026-06-10 10:27:37 [INFO] core.token_validator: 🔐 Pre-Order Token Check | State: VALID | Info: {'status': 'VALID', 'scope': ['Trade'], 'ucc': 'XD16F', 'expires_at': '2026-06-11T00:00:00', 'issued_at': '2026-06-10T09:36:57', 'seconds_until_expiry': 48743, 'created_seconds_ago': 3040}
2026-06-10 10:27:37 [INFO] core.token_validator: ✅ Token ready for order — proceeding
2026-06-10 10:27:37 [INFO] core.order_executor: 📊 Margin Discovery [APOLLOHOSP]: ₹1723.70/share (5.0x) [Source: API (client.margin_required)]
2026-06-10 10:27:37 [ERROR] core.order_executor: ❌ INSUFFICIENT MARGIN/RISK FOR APOLLOHOSP | Price: ₹8618.5 | SL: ₹8575.41 | Free Margin: ₹1998 | Margin/Share: ₹1723.70 | Risk-qty: 0 | Alloc-qty: 0 | Lever-qty: 1
2026-06-10 10:27:37 [ERROR] core.order_executor: BUY rejected for APOLLOHOSP: invalid/insufficient quantity 0 | price=8618.5 | available=1966.6487500000003
2026-06-10 10:27:42 [INFO] core.strategy: BUY SIGNAL TRIGGERED
Symbol: APOLLOHOSP
Price: 8617.5
Triggered Set: BUY_THREE_SOLDIERS_MOMENTUM
Set Side: BUY
Confidence: base=60.0 signal_x=1.0 weight_x=1.0 time=10:00-11:30@1.0 market_x=1.0 advisory_x=0.99 final=59.4 min=35.0
Satisfied:
- Three White Soldiers: pattern=True
- OBV Trending Up: OBV started=173489, ended=178408
Why: Three White Soldiers pattern showing pure buying pressure, confirmed by OBV trending up.
2026-06-10 10:27:42 [INFO] core.token_validator: 🔐 Pre-Order Token Check | State: VALID | Info: {'status': 'VALID', 'scope': ['Trade'], 'ucc': 'XD16F', 'expires_at': '2026-06-11T00:00:00', 'issued_at': '2026-06-10T09:36:57', 'seconds_until_expiry': 48738, 'created_seconds_ago': 3045}
2026-06-10 10:27:42 [INFO] core.token_validator: ✅ Token ready for order — proceeding
2026-06-10 10:27:42 [INFO] core.order_executor: 📊 Margin Discovery [APOLLOHOSP]: ₹1723.50/share (5.0x) [Source: API (client.margin_required)]
2026-06-10 10:27:42 [ERROR] core.order_executor: ❌ INSUFFICIENT MARGIN/RISK FOR APOLLOHOSP | Price: ₹8617.5 | SL: ₹8574.41 | Free Margin: ₹1997 | Margin/Share: ₹1723.50 | Risk-qty: 0 | Alloc-qty: 0 | Lever-qty: 1
2026-06-10 10:27:42 [ERROR] core.order_executor: BUY rejected for APOLLOHOSP: invalid/insufficient quantity 0 | price=8617.5 | available=1966.6487500000003
2026-06-10 10:27:46 [INFO] core.state_manager: [BRIEFING] Loading from data/session_briefing.json...
2026-06-10 10:27:46 [INFO] core.state_manager: [BRIEFING] Loaded Valid: 8 approved + 22 watchlist (MORNING_SCREENER)
2026-06-10 10:27:47 [INFO] core.strategy: BUY SIGNAL TRIGGERED
Symbol: APOLLOHOSP
Price: 8616.0
Triggered Set: BUY_THREE_SOLDIERS_MOMENTUM
Set Side: BUY
Confidence: base=60.0 signal_x=1.0 weight_x=1.0 time=10:00-11:30@1.0 market_x=1.0 advisory_x=0.99 final=59.4 min=35.0
Satisfied:
- Three White Soldiers: pattern=True
- OBV Trending Up: OBV started=173489, ended=178408
Why: Three White Soldiers pattern showing pure buying pressure, confirmed by OBV trending up.
2026-06-10 10:27:47 [INFO] core.token_validator: 🔐 Pre-Order Token Check | State: VALID | Info: {'status': 'VALID', 'scope': ['Trade'], 'ucc': 'XD16F', 'expires_at': '2026-06-11T00:00:00', 'issued_at': '2026-06-10T09:36:57', 'seconds_until_expiry': 48733, 'created_seconds_ago': 3050}
2026-06-10 10:27:47 [INFO] core.token_validator: ✅ Token ready for order — proceeding
2026-06-10 10:27:47 [INFO] core.order_executor: 📊 Margin Discovery [APOLLOHOSP]: ₹1723.20/share (5.0x) [Source: API (client.margin_required)]
2026-06-10 10:27:47 [ERROR] core.order_executor: ❌ INSUFFICIENT MARGIN/RISK FOR APOLLOHOSP | Price: ₹8616.0 | SL: ₹8572.92 | Free Margin: ₹1997 | Margin/Share: ₹1723.20 | Risk-qty: 0 | Alloc-qty: 0 | Lever-qty: 1
2026-06-10 10:27:47 [ERROR] core.order_executor: BUY rejected for APOLLOHOSP: invalid/insufficient quantity 0 | price=8616.0 | available=1966.6487500000003
2026-06-10 10:27:52 [INFO] core.strategy: BUY SIGNAL TRIGGERED
Symbol: APOLLOHOSP
Price: 8618.5
Triggered Set: BUY_THREE_SOLDIERS_MOMENTUM
Set Side: BUY
Confidence: base=60.0 signal_x=1.0 weight_x=1.0 time=10:00-11:30@1.0 market_x=1.0 advisory_x=0.99 final=59.4 min=35.0
Satisfied:
- Three White Soldiers: pattern=True
- OBV Trending Up: OBV started=173489, ended=178408
Why: Three White Soldiers pattern showing pure buying pressure, confirmed by OBV trending up.
2026-06-10 10:27:52 [INFO] core.token_validator: 🔐 Pre-Order Token Check | State: VALID | Info: {'status': 'VALID', 'scope': ['Trade'], 'ucc': 'XD16F', 'expires_at': '2026-06-11T00:00:00', 'issued_at': '2026-06-10T09:36:57', 'seconds_until_expiry': 48728, 'created_seconds_ago': 3055}
2026-06-10 10:27:52 [INFO] core.token_validator: ✅ Token ready for order — proceeding
2026-06-10 10:27:52 [INFO] core.order_executor: 📊 Margin Discovery [APOLLOHOSP]: ₹1723.70/share (5.0x) [Source: API (client.margin_required)]
2026-06-10 10:27:52 [ERROR] core.order_executor: ❌ INSUFFICIENT MARGIN/RISK FOR APOLLOHOSP | Price: ₹8618.5 | SL: ₹8575.41 | Free Margin: ₹1996 | Margin/Share: ₹1723.70 | Risk-qty: 0 | Alloc-qty: 0 | Lever-qty: 1
2026-06-10 10:27:52 [ERROR] core.order_executor: BUY rejected for APOLLOHOSP: invalid/insufficient quantity 0 | price=8618.5 | available=1966.6487500000003
2026-06-10 10:27:56 [INFO] core.strategy: BUY SIGNAL TRIGGERED
Symbol: APOLLOHOSP
Price: 8618.5
Triggered Set: BUY_THREE_SOLDIERS_MOMENTUM
Set Side: BUY
Confidence: base=60.0 signal_x=1.0 weight_x=1.0 time=10:00-11:30@1.0 market_x=1.0 advisory_x=0.99 final=59.4 min=35.0
Satisfied:
- Three White Soldiers: pattern=True
- OBV Trending Up: OBV started=173489, ended=178408
Why: Three White Soldiers pattern showing pure buying pressure, confirmed by OBV trending up.
2026-06-10 10:27:56 [INFO] core.token_validator: 🔐 Pre-Order Token Check | State: VALID | Info: {'status': 'VALID', 'scope': ['Trade'], 'ucc': 'XD16F', 'expires_at': '2026-06-11T00:00:00', 'issued_at': '2026-06-10T09:36:57', 'seconds_until_expiry': 48724, 'created_seconds_ago': 3059}
2026-06-10 10:27:56 [INFO] core.token_validator: ✅ Token ready for order — proceeding
2026-06-10 10:27:57 [INFO] core.order_executor: 📊 Margin Discovery [APOLLOHOSP]: ₹1723.70/share (5.0x) [Source: API (client.margin_required)]
2026-06-10 10:27:57 [ERROR] core.order_executor: ❌ INSUFFICIENT MARGIN/RISK FOR APOLLOHOSP | Price: ₹8618.5 | SL: ₹8575.41 | Free Margin: ₹1999 | Margin/Share: ₹1723.70 | Risk-qty: 0 | Alloc-qty: 0 | Lever-qty: 1
2026-06-10 10:27:57 [ERROR] core.order_executor: BUY rejected for APOLLOHOSP: invalid/insufficient quantity 0 | price=8618.5 | available=1966.6487500000003
2026-06-10 10:28:01 [INFO] core.strategy: BUY SIGNAL TRIGGERED
Symbol: APOLLOHOSP
Price: 8618.0
Triggered Set: BUY_THREE_SOLDIERS_MOMENTUM
Set Side: BUY
Confidence: base=60.0 signal_x=1.0 weight_x=1.0 time=10:00-11:30@1.0 market_x=1.0 advisory_x=0.99 final=59.4 min=35.0
Satisfied:
- Three White Soldiers: pattern=True
- OBV Trending Up: OBV started=173489, ended=178408
Why: Three White Soldiers pattern showing pure buying pressure, confirmed by OBV trending up.
2026-06-10 10:28:01 [INFO] core.token_validator: 🔐 Pre-Order Token Check | State: VALID | Info: {'status': 'VALID', 'scope': ['Trade'], 'ucc': 'XD16F', 'expires_at': '2026-06-11T00:00:00', 'issued_at': '2026-06-10T09:36:57', 'seconds_until_expiry': 48719, 'created_seconds_ago': 3064}
2026-06-10 10:28:01 [INFO] core.token_validator: ✅ Token ready for order — proceeding
2026-06-10 10:28:02 [INFO] core.order_executor: 📊 Margin Discovery [APOLLOHOSP]: ₹1723.60/share (5.0x) [Source: API (client.margin_required)]
2026-06-10 10:28:02 [ERROR] core.order_executor: ❌ INSUFFICIENT MARGIN/RISK FOR APOLLOHOSP | Price: ₹8618.0 | SL: ₹8574.91 | Free Margin: ₹1998 | Margin/Share: ₹1723.60 | Risk-qty: 0 | Alloc-qty: 0 | Lever-qty: 1
2026-06-10 10:28:02 [ERROR] core.order_executor: BUY rejected for APOLLOHOSP: invalid/insufficient quantity 0 | price=8618.0 | available=1966.6487500000003
2026-06-10 10:28:06 [INFO] core.strategy: ─── Scan summary (30 subscribed) ───
  [Cognition] SUNPHARMA: ticks=1114 | live_candles=11
  [Cognition] DIVISLAB: ticks=783 | live_candles=11
  [Cognition] TATASTEEL: ticks=2185 | live_candles=11
  [Cognition] SBIN: ticks=2459 | live_candles=11
  [Cognition] TITAN: ticks=1194 | live_candles=11
  [Cognition] RELIANCE: ticks=2708 | live_candles=11
  [Cognition] NTPC: ticks=1919 | live_candles=11
  [Cognition] HDFCLIFE: ticks=495 | live_candles=11
  [Math] ICICIBANK: ticks=1995 | live_candles=11
  [Math] APOLLOHOSP: ticks=1076 | live_candles=11
  [Math] TCS: ticks=2188 | live_candles=11
  [Math] HDFCBANK: ticks=2130 | live_candles=11
  [Math] INFY: ticks=1923 | live_candles=11
  [Math] HINDUNILVR: ticks=2221 | live_candles=11
  [Math] ITC: ticks=2450 | live_candles=11
  [Math] BHARTIARTL: ticks=2342 | live_candles=11
  [Math] LT: ticks=1476 | live_candles=11
  [Math] HCLTECH: ticks=1040 | live_candles=11
  [Math] MARUTI: ticks=651 | live_candles=11
  [Math] WIPRO: ticks=1946 | live_candles=11
  [Math] NESTLEIND: ticks=1633 | live_candles=11
  [Math] BAJAJFINSV: ticks=877 | live_candles=11
  [Math] DRREDDY: ticks=406 | live_candles=11
  [Math] EICHERMOT: ticks=766 | live_candles=11
  [Math] HEROMOTOCO: ticks=1389 | live_candles=11
  [Math] HINDALCO: ticks=1941 | live_candles=11
  [Math] JSWSTEEL: ticks=722 | live_candles=11
  [Math] M&M: ticks=1683 | live_candles=11
  [Math] SBILIFE: ticks=539 | live_candles=11
  [Math] TATACONSUM: ticks=1100 | live_candles=11
2026-06-10 10:28:07 [INFO] core.strategy: BUY SIGNAL TRIGGERED
Symbol: APOLLOHOSP
Price: 8617.5
Triggered Set: BUY_THREE_SOLDIERS_MOMENTUM
Set Side: BUY
Confidence: base=60.0 signal_x=1.0 weight_x=1.0 time=10:00-11:30@1.0 market_x=1.0 advisory_x=0.99 final=59.4 min=35.0
Satisfied:
- Three White Soldiers: pattern=True
- OBV Trending Up: OBV started=173489, ended=178408
Why: Three White Soldiers pattern showing pure buying pressure, confirmed by OBV trending up.
2026-06-10 10:28:07 [INFO] core.token_validator: 🔐 Pre-Order Token Check | State: VALID | Info: {'status': 'VALID', 'scope': ['Trade'], 'ucc': 'XD16F', 'expires_at': '2026-06-11T00:00:00', 'issued_at': '2026-06-10T09:36:57', 'seconds_until_expiry': 48713, 'created_seconds_ago': 3070}
2026-06-10 10:28:07 [INFO] core.token_validator: ✅ Token ready for order — proceeding
2026-06-10 10:28:07 [INFO] core.order_executor: 📊 Margin Discovery [APOLLOHOSP]: ₹1723.50/share (5.0x) [Source: API (client.margin_required)]
2026-06-10 10:28:07 [ERROR] core.order_executor: ❌ INSUFFICIENT MARGIN/RISK FOR APOLLOHOSP | Price: ₹8617.5 | SL: ₹8574.41 | Free Margin: ₹1997 | Margin/Share: ₹1723.50 | Risk-qty: 0 | Alloc-qty: 0 | Lever-qty: 1
2026-06-10 10:28:07 [ERROR] core.order_executor: BUY rejected for APOLLOHOSP: invalid/insufficient quantity 0 | price=8617.5 | available=1966.6487500000003
2026-06-10 10:28:11 [INFO] core.strategy: BUY SIGNAL TRIGGERED
Symbol: APOLLOHOSP
Price: 8618.0
Triggered Set: BUY_THREE_SOLDIERS_MOMENTUM
Set Side: BUY
Confidence: base=60.0 signal_x=1.0 weight_x=1.0 time=10:00-11:30@1.0 market_x=1.0 advisory_x=0.99 final=59.4 min=35.0
Satisfied:
- Three White Soldiers: pattern=True
- OBV Trending Up: OBV started=173489, ended=178408
Why: Three White Soldiers pattern showing pure buying pressure, confirmed by OBV trending up.
2026-06-10 10:28:11 [INFO] core.token_validator: 🔐 Pre-Order Token Check | State: VALID | Info: {'status': 'VALID', 'scope': ['Trade'], 'ucc': 'XD16F', 'expires_at': '2026-06-11T00:00:00', 'issued_at': '2026-06-10T09:36:57', 'seconds_until_expiry': 48709, 'created_seconds_ago': 3074}
2026-06-10 10:28:11 [INFO] core.token_validator: ✅ Token ready for order — proceeding
2026-06-10 10:28:12 [INFO] core.order_executor: 📊 Margin Discovery [APOLLOHOSP]: ₹1723.60/share (5.0x) [Source: API (client.margin_required)]
2026-06-10 10:28:12 [ERROR] core.order_executor: ❌ INSUFFICIENT MARGIN/RISK FOR APOLLOHOSP | Price: ₹8618.0 | SL: ₹8574.91 | Free Margin: ₹1997 | Margin/Share: ₹1723.60 | Risk-qty: 0 | Alloc-qty: 0 | Lever-qty: 1
2026-06-10 10:28:12 [ERROR] core.order_executor: BUY rejected for APOLLOHOSP: invalid/insufficient quantity 0 | price=8618.0 | available=1966.6487500000003
2026-06-10 10:28:16 [INFO] core.strategy: BUY SIGNAL TRIGGERED
Symbol: APOLLOHOSP
Price: 8614.5
Triggered Set: BUY_THREE_SOLDIERS_MOMENTUM
Set Side: BUY
Confidence: base=60.0 signal_x=1.0 weight_x=1.0 time=10:00-11:30@1.0 market_x=1.0 advisory_x=0.99 final=59.4 min=35.0
Satisfied:
- Three White Soldiers: pattern=True
- OBV Trending Up: OBV started=173489, ended=178408
Why: Three White Soldiers pattern showing pure buying pressure, confirmed by OBV trending up.
2026-06-10 10:28:16 [INFO] core.token_validator: 🔐 Pre-Order Token Check | State: VALID | Info: {'status': 'VALID', 'scope': ['Trade'], 'ucc': 'XD16F', 'expires_at': '2026-06-11T00:00:00', 'issued_at': '2026-06-10T09:36:57', 'seconds_until_expiry': 48704, 'created_seconds_ago': 3079}
2026-06-10 10:28:16 [INFO] core.token_validator: ✅ Token ready for order — proceeding
2026-06-10 10:28:17 [INFO] core.order_executor: 📊 Margin Discovery [APOLLOHOSP]: ₹1722.90/share (5.0x) [Source: API (client.margin_required)]
2026-06-10 10:28:17 [ERROR] core.order_executor: ❌ INSUFFICIENT MARGIN/RISK FOR APOLLOHOSP | Price: ₹8614.5 | SL: ₹8571.43 | Free Margin: ₹1996 | Margin/Share: ₹1722.90 | Risk-qty: 0 | Alloc-qty: 0 | Lever-qty: 1
2026-06-10 10:28:17 [ERROR] core.order_executor: BUY rejected for APOLLOHOSP: invalid/insufficient quantity 0 | price=8614.5 | available=1966.6487500000003
2026-06-10 10:28:21 [INFO] core.strategy: BUY SIGNAL TRIGGERED
Symbol: APOLLOHOSP
Price: 8611.5
Triggered Set: BUY_THREE_SOLDIERS_MOMENTUM
Set Side: BUY
Confidence: base=60.0 signal_x=1.0 weight_x=1.0 time=10:00-11:30@1.0 market_x=1.0 advisory_x=0.99 final=59.4 min=35.0
Satisfied:
- Three White Soldiers: pattern=True
- OBV Trending Up: OBV started=173489, ended=178408
Why: Three White Soldiers pattern showing pure buying pressure, confirmed by OBV trending up.
2026-06-10 10:28:21 [INFO] core.token_validator: 🔐 Pre-Order Token Check | State: VALID | Info: {'status': 'VALID', 'scope': ['Trade'], 'ucc': 'XD16F', 'expires_at': '2026-06-11T00:00:00', 'issued_at': '2026-06-10T09:36:57', 'seconds_until_expiry': 48699, 'created_seconds_ago': 3084}
2026-06-10 10:28:21 [INFO] core.token_validator: ✅ Token ready for order — proceeding
2026-06-10 10:28:22 [INFO] core.order_executor: 📊 Margin Discovery [APOLLOHOSP]: ₹1722.30/share (5.0x) [Source: API (client.margin_required)]
2026-06-10 10:28:22 [ERROR] core.order_executor: ❌ INSUFFICIENT MARGIN/RISK FOR APOLLOHOSP | Price: ₹8611.5 | SL: ₹8568.44 | Free Margin: ₹1996 | Margin/Share: ₹1722.30 | Risk-qty: 0 | Alloc-qty: 0 | Lever-qty: 1
2026-06-10 10:28:22 [ERROR] core.order_executor: BUY rejected for APOLLOHOSP: invalid/insufficient quantity 0 | price=8611.5 | available=1966.6487500000003
2026-06-10 10:28:26 [INFO] core.strategy: BUY SIGNAL TRIGGERED
Symbol: APOLLOHOSP
Price: 8611.5
Triggered Set: BUY_THREE_SOLDIERS_MOMENTUM
Set Side: BUY
Confidence: base=60.0 signal_x=1.0 weight_x=1.0 time=10:00-11:30@1.0 market_x=1.0 advisory_x=0.99 final=59.4 min=35.0
Satisfied:
- Three White Soldiers: pattern=True
- OBV Trending Up: OBV started=173489, ended=178408
Why: Three White Soldiers pattern showing pure buying pressure, confirmed by OBV trending up.
2026-06-10 10:28:26 [INFO] core.token_validator: 🔐 Pre-Order Token Check | State: VALID | Info: {'status': 'VALID', 'scope': ['Trade'], 'ucc': 'XD16F', 'expires_at': '2026-06-11T00:00:00', 'issued_at': '2026-06-10T09:36:57', 'seconds_until_expiry': 48694, 'created_seconds_ago': 3089}
2026-06-10 10:28:26 [INFO] core.token_validator: ✅ Token ready for order — proceeding
2026-06-10 10:28:27 [INFO] core.order_executor: 📊 Margin Discovery [APOLLOHOSP]: ₹1722.30/share (5.0x) [Source: API (client.margin_required)]
2026-06-10 10:28:27 [ERROR] core.order_executor: ❌ INSUFFICIENT MARGIN/RISK FOR APOLLOHOSP | Price: ₹8611.5 | SL: ₹8568.44 | Free Margin: ₹1997 | Margin/Share: ₹1722.30 | Risk-qty: 0 | Alloc-qty: 0 | Lever-qty: 1
2026-06-10 10:28:27 [ERROR] core.order_executor: BUY rejected for APOLLOHOSP: invalid/insufficient quantity 0 | price=8611.5 | available=1966.6487500000003
2026-06-10 10:28:31 [INFO] core.strategy: BUY SIGNAL TRIGGERED
Symbol: APOLLOHOSP
Price: 8613.0
Triggered Set: BUY_THREE_SOLDIERS_MOMENTUM
Set Side: BUY
Confidence: base=60.0 signal_x=1.0 weight_x=1.0 time=10:00-11:30@1.0 market_x=1.0 advisory_x=0.99 final=59.4 min=35.0
Satisfied:
- Three White Soldiers: pattern=True
- OBV Trending Up: OBV started=173489, ended=178408
Why: Three White Soldiers pattern showing pure buying pressure, confirmed by OBV trending up.
2026-06-10 10:28:31 [INFO] core.token_validator: 🔐 Pre-Order Token Check | State: VALID | Info: {'status': 'VALID', 'scope': ['Trade'], 'ucc': 'XD16F', 'expires_at': '2026-06-11T00:00:00', 'issued_at': '2026-06-10T09:36:57', 'seconds_until_expiry': 48689, 'created_seconds_ago': 3094}
2026-06-10 10:28:31 [INFO] core.token_validator: ✅ Token ready for order — proceeding
2026-06-10 10:28:32 [INFO] core.order_executor: 📊 Margin Discovery [APOLLOHOSP]: ₹1722.60/share (5.0x) [Source: API (client.margin_required)]
2026-06-10 10:28:32 [ERROR] core.order_executor: ❌ INSUFFICIENT MARGIN/RISK FOR APOLLOHOSP | Price: ₹8613.0 | SL: ₹8569.93 | Free Margin: ₹1998 | Margin/Share: ₹1722.60 | Risk-qty: 0 | Alloc-qty: 0 | Lever-qty: 1
2026-06-10 10:28:32 [ERROR] core.order_executor: BUY rejected for APOLLOHOSP: invalid/insufficient quantity 0 | price=8613.0 | available=1966.6487500000003
2026-06-10 10:28:36 [INFO] core.strategy: BUY SIGNAL TRIGGERED
Symbol: APOLLOHOSP
Price: 8613.0
Triggered Set: BUY_THREE_SOLDIERS_MOMENTUM
Set Side: BUY
Confidence: base=60.0 signal_x=1.0 weight_x=1.0 time=10:00-11:30@1.0 market_x=1.0 advisory_x=0.99 final=59.4 min=35.0
Satisfied:
- Three White Soldiers: pattern=True
- OBV Trending Up: OBV started=173489, ended=178408
Why: Three White Soldiers pattern showing pure buying pressure, confirmed by OBV trending up.
2026-06-10 10:28:36 [INFO] core.token_validator: 🔐 Pre-Order Token Check | State: VALID | Info: {'status': 'VALID', 'scope': ['Trade'], 'ucc': 'XD16F', 'expires_at': '2026-06-11T00:00:00', 'issued_at': '2026-06-10T09:36:57', 'seconds_until_expiry': 48684, 'created_seconds_ago': 3099}
2026-06-10 10:28:36 [INFO] core.token_validator: ✅ Token ready for order — proceeding
2026-06-10 10:28:37 [INFO] core.order_executor: 📊 Margin Discovery [APOLLOHOSP]: ₹1722.60/share (5.0x) [Source: API (client.margin_required)]
2026-06-10 10:28:37 [ERROR] core.order_executor: ❌ INSUFFICIENT MARGIN/RISK FOR APOLLOHOSP | Price: ₹8613.0 | SL: ₹8569.93 | Free Margin: ₹1997 | Margin/Share: ₹1722.60 | Risk-qty: 0 | Alloc-qty: 0 | Lever-qty: 1
2026-06-10 10:28:37 [ERROR] core.order_executor: BUY rejected for APOLLOHOSP: invalid/insufficient quantity 0 | price=8613.0 | available=1966.6487500000003
2026-06-10 10:28:41 [INFO] core.strategy: BUY SIGNAL TRIGGERED
Symbol: APOLLOHOSP
Price: 8611.0
Triggered Set: BUY_THREE_SOLDIERS_MOMENTUM
Set Side: BUY
Confidence: base=60.0 signal_x=1.0 weight_x=1.0 time=10:00-11:30@1.0 market_x=1.0 advisory_x=0.99 final=59.4 min=35.0
Satisfied:
- Three White Soldiers: pattern=True
- OBV Trending Up: OBV started=173489, ended=178408
Why: Three White Soldiers pattern showing pure buying pressure, confirmed by OBV trending up.
2026-06-10 10:28:41 [INFO] core.token_validator: 🔐 Pre-Order Token Check | State: VALID | Info: {'status': 'VALID', 'scope': ['Trade'], 'ucc': 'XD16F', 'expires_at': '2026-06-11T00:00:00', 'issued_at': '2026-06-10T09:36:57', 'seconds_until_expiry': 48679, 'created_seconds_ago': 3104}
2026-06-10 10:28:41 [INFO] core.token_validator: ✅ Token ready for order — proceeding
2026-06-10 10:28:41 [INFO] core.order_executor: 📊 Margin Discovery [APOLLOHOSP]: ₹1722.20/share (5.0x) [Source: API (client.margin_required)]
2026-06-10 10:28:41 [ERROR] core.order_executor: ❌ INSUFFICIENT MARGIN/RISK FOR APOLLOHOSP | Price: ₹8611.0 | SL: ₹8567.94 | Free Margin: ₹1998 | Margin/Share: ₹1722.20 | Risk-qty: 0 | Alloc-qty: 0 | Lever-qty: 1
2026-06-10 10:28:41 [ERROR] core.order_executor: BUY rejected for APOLLOHOSP: invalid/insufficient quantity 0 | price=8611.0 | available=1966.6487500000003
2026-06-10 10:28:46 [INFO] core.strategy: BUY SIGNAL TRIGGERED
Symbol: APOLLOHOSP
Price: 8611.0
Triggered Set: BUY_THREE_SOLDIERS_MOMENTUM
Set Side: BUY
Confidence: base=60.0 signal_x=1.0 weight_x=1.0 time=10:00-11:30@1.0 market_x=1.0 advisory_x=0.99 final=59.4 min=35.0
Satisfied:
- Three White Soldiers: pattern=True
- OBV Trending Up: OBV started=173489, ended=178408
Why: Three White Soldiers pattern showing pure buying pressure, confirmed by OBV trending up.
2026-06-10 10:28:46 [INFO] core.token_validator: 🔐 Pre-Order Token Check | State: VALID | Info: {'status': 'VALID', 'scope': ['Trade'], 'ucc': 'XD16F', 'expires_at': '2026-06-11T00:00:00', 'issued_at': '2026-06-10T09:36:57', 'seconds_until_expiry': 48674, 'created_seconds_ago': 3109}
2026-06-10 10:28:46 [INFO] core.token_validator: ✅ Token ready for order — proceeding
2026-06-10 10:28:47 [INFO] core.order_executor: 📊 Margin Discovery [APOLLOHOSP]: ₹1722.20/share (5.0x) [Source: API (client.margin_required)]
2026-06-10 10:28:47 [ERROR] core.order_executor: ❌ INSUFFICIENT MARGIN/RISK FOR APOLLOHOSP | Price: ₹8611.0 | SL: ₹8567.94 | Free Margin: ₹1997 | Margin/Share: ₹1722.20 | Risk-qty: 0 | Alloc-qty: 0 | Lever-qty: 1
2026-06-10 10:28:47 [ERROR] core.order_executor: BUY rejected for APOLLOHOSP: invalid/insufficient quantity 0 | price=8611.0 | available=1966.6487500000003
2026-06-10 10:28:50 [INFO] core.state_manager: [BRIEFING] Loading from data/session_briefing.json...
2026-06-10 10:28:50 [INFO] core.state_manager: [BRIEFING] Loaded Valid: 8 approved + 22 watchlist (MORNING_SCREENER)
2026-06-10 10:28:51 [INFO] core.strategy: BUY SIGNAL TRIGGERED
Symbol: APOLLOHOSP
Price: 8614.5
Triggered Set: BUY_THREE_SOLDIERS_MOMENTUM
Set Side: BUY
Confidence: base=60.0 signal_x=1.0 weight_x=1.0 time=10:00-11:30@1.0 market_x=1.0 advisory_x=0.99 final=59.4 min=35.0
Satisfied:
- Three White Soldiers: pattern=True
- OBV Trending Up: OBV started=173489, ended=178408
Why: Three White Soldiers pattern showing pure buying pressure, confirmed by OBV trending up.
2026-06-10 10:28:51 [INFO] core.token_validator: 🔐 Pre-Order Token Check | State: VALID | Info: {'status': 'VALID', 'scope': ['Trade'], 'ucc': 'XD16F', 'expires_at': '2026-06-11T00:00:00', 'issued_at': '2026-06-10T09:36:57', 'seconds_until_expiry': 48669, 'created_seconds_ago': 3114}
2026-06-10 10:28:51 [INFO] core.token_validator: ✅ Token ready for order — proceeding
2026-06-10 10:28:51 [INFO] core.order_executor: 📊 Margin Discovery [APOLLOHOSP]: ₹1722.90/share (5.0x) [Source: API (client.margin_required)]
2026-06-10 10:28:51 [ERROR] core.order_executor: ❌ INSUFFICIENT MARGIN/RISK FOR APOLLOHOSP | Price: ₹8614.5 | SL: ₹8571.43 | Free Margin: ₹1997 | Margin/Share: ₹1722.90 | Risk-qty: 0 | Alloc-qty: 0 | Lever-qty: 1
2026-06-10 10:28:51 [ERROR] core.order_executor: BUY rejected for APOLLOHOSP: invalid/insufficient quantity 0 | price=8614.5 | available=1966.6487500000003
2026-06-10 10:28:56 [INFO] core.strategy: BUY SIGNAL TRIGGERED
Symbol: APOLLOHOSP
Price: 8614.0
Triggered Set: BUY_THREE_SOLDIERS_MOMENTUM
Set Side: BUY
Confidence: base=60.0 signal_x=1.0 weight_x=1.0 time=10:00-11:30@1.0 market_x=1.0 advisory_x=0.99 final=59.4 min=35.0
Satisfied:
- Three White Soldiers: pattern=True
- OBV Trending Up: OBV started=173489, ended=178408
Why: Three White Soldiers pattern showing pure buying pressure, confirmed by OBV trending up.
2026-06-10 10:28:56 [INFO] core.token_validator: 🔐 Pre-Order Token Check | State: VALID | Info: {'status': 'VALID', 'scope': ['Trade'], 'ucc': 'XD16F', 'expires_at': '2026-06-11T00:00:00', 'issued_at': '2026-06-10T09:36:57', 'seconds_until_expiry': 48664, 'created_seconds_ago': 3119}
2026-06-10 10:28:56 [INFO] core.token_validator: ✅ Token ready for order — proceeding
2026-06-10 10:28:56 [INFO] core.order_executor: 📊 Margin Discovery [APOLLOHOSP]: ₹1722.80/share (5.0x) [Source: API (client.margin_required)]
2026-06-10 10:28:56 [ERROR] core.order_executor: ❌ INSUFFICIENT MARGIN/RISK FOR APOLLOHOSP | Price: ₹8614.0 | SL: ₹8570.93 | Free Margin: ₹1995 | Margin/Share: ₹1722.80 | Risk-qty: 0 | Alloc-qty: 0 | Lever-qty: 1
2026-06-10 10:28:56 [ERROR] core.order_executor: BUY rejected for APOLLOHOSP: invalid/insufficient quantity 0 | price=8614.0 | available=1966.6487500000003
2026-06-10 10:29:01 [INFO] core.strategy: BUY SIGNAL TRIGGERED
Symbol: APOLLOHOSP
Price: 8611.0
Triggered Set: BUY_THREE_SOLDIERS_MOMENTUM
Set Side: BUY
Confidence: base=60.0 signal_x=1.0 weight_x=1.0 time=10:00-11:30@1.0 market_x=1.0 advisory_x=0.99 final=59.4 min=35.0
Satisfied:
- Three White Soldiers: pattern=True
- OBV Trending Up: OBV started=173489, ended=178408
Why: Three White Soldiers pattern showing pure buying pressure, confirmed by OBV trending up.
2026-06-10 10:29:01 [INFO] core.token_validator: 🔐 Pre-Order Token Check | State: VALID | Info: {'status': 'VALID', 'scope': ['Trade'], 'ucc': 'XD16F', 'expires_at': '2026-06-11T00:00:00', 'issued_at': '2026-06-10T09:36:57', 'seconds_until_expiry': 48659, 'created_seconds_ago': 3124}
2026-06-10 10:29:01 [INFO] core.token_validator: ✅ Token ready for order — proceeding
2026-06-10 10:29:01 [INFO] core.data_fetcher: 📡 Live feed | ticks received: 30/30 symbols | active=['SUNPHARMA', 'DIVISLAB', 'TATASTEEL', 'SBIN', 'TITAN', 'RELIANCE', 'NTPC', 'HDFCLIFE']...
2026-06-10 10:29:01 [INFO] core.order_executor: 📊 Margin Discovery [APOLLOHOSP]: ₹1722.20/share (5.0x) [Source: API (client.margin_required)]
2026-06-10 10:29:01 [ERROR] core.order_executor: ❌ INSUFFICIENT MARGIN/RISK FOR APOLLOHOSP | Price: ₹8611.0 | SL: ₹8567.94 | Free Margin: ₹1996 | Margin/Share: ₹1722.20 | Risk-qty: 0 | Alloc-qty: 0 | Lever-qty: 1
2026-06-10 10:29:01 [ERROR] core.order_executor: BUY rejected for APOLLOHOSP: invalid/insufficient quantity 0 | price=8611.0 | available=1966.6487500000003
2026-06-10 10:29:06 [INFO] core.strategy: BUY SIGNAL TRIGGERED
Symbol: APOLLOHOSP
Price: 8611.0
Triggered Set: BUY_THREE_SOLDIERS_MOMENTUM
Set Side: BUY
Confidence: base=60.0 signal_x=1.0 weight_x=1.0 time=10:00-11:30@1.0 market_x=1.0 advisory_x=0.99 final=59.4 min=35.0
Satisfied:
- Three White Soldiers: pattern=True
- OBV Trending Up: OBV started=173489, ended=178408
Why: Three White Soldiers pattern showing pure buying pressure, confirmed by OBV trending up.
2026-06-10 10:29:06 [INFO] core.token_validator: 🔐 Pre-Order Token Check | State: VALID | Info: {'status': 'VALID', 'scope': ['Trade'], 'ucc': 'XD16F', 'expires_at': '2026-06-11T00:00:00', 'issued_at': '2026-06-10T09:36:57', 'seconds_until_expiry': 48654, 'created_seconds_ago': 3129}
2026-06-10 10:29:06 [INFO] core.token_validator: ✅ Token ready for order — proceeding
2026-06-10 10:29:06 [INFO] core.order_executor: 📊 Margin Discovery [APOLLOHOSP]: ₹1722.20/share (5.0x) [Source: API (client.margin_required)]
2026-06-10 10:29:06 [ERROR] core.order_executor: ❌ INSUFFICIENT MARGIN/RISK FOR APOLLOHOSP | Price: ₹8611.0 | SL: ₹8567.94 | Free Margin: ₹1996 | Margin/Share: ₹1722.20 | Risk-qty: 0 | Alloc-qty: 0 | Lever-qty: 1
2026-06-10 10:29:06 [ERROR] core.order_executor: BUY rejected for APOLLOHOSP: invalid/insufficient quantity 0 | price=8611.0 | available=1966.6487500000003
2026-06-10 10:29:11 [INFO] core.strategy: BUY SIGNAL TRIGGERED
Symbol: APOLLOHOSP
Price: 8614.0
Triggered Set: BUY_THREE_SOLDIERS_MOMENTUM
Set Side: BUY
Confidence: base=60.0 signal_x=1.0 weight_x=1.0 time=10:00-11:30@1.0 market_x=1.0 advisory_x=0.99 final=59.4 min=35.0
Satisfied:
- Three White Soldiers: pattern=True
- OBV Trending Up: OBV started=173489, ended=178408
Why: Three White Soldiers pattern showing pure buying pressure, confirmed by OBV trending up.
2026-06-10 10:29:11 [INFO] core.token_validator: 🔐 Pre-Order Token Check | State: VALID | Info: {'status': 'VALID', 'scope': ['Trade'], 'ucc': 'XD16F', 'expires_at': '2026-06-11T00:00:00', 'issued_at': '2026-06-10T09:36:57', 'seconds_until_expiry': 48649, 'created_seconds_ago': 3134}
2026-06-10 10:29:11 [INFO] core.token_validator: ✅ Token ready for order — proceeding
2026-06-10 10:29:11 [INFO] core.order_executor: 📊 Margin Discovery [APOLLOHOSP]: ₹1722.80/share (5.0x) [Source: API (client.margin_required)]
2026-06-10 10:29:11 [ERROR] core.order_executor: ❌ INSUFFICIENT MARGIN/RISK FOR APOLLOHOSP | Price: ₹8614.0 | SL: ₹8570.93 | Free Margin: ₹1994 | Margin/Share: ₹1722.80 | Risk-qty: 0 | Alloc-qty: 0 | Lever-qty: 1
2026-06-10 10:29:11 [ERROR] core.order_executor: BUY rejected for APOLLOHOSP: invalid/insufficient quantity 0 | price=8614.0 | available=1966.6487500000003
2026-06-10 10:29:16 [INFO] core.strategy: BUY SIGNAL TRIGGERED
Symbol: APOLLOHOSP
Price: 8612.5
Triggered Set: BUY_THREE_SOLDIERS_MOMENTUM
Set Side: BUY
Confidence: base=60.0 signal_x=1.0 weight_x=1.0 time=10:00-11:30@1.0 market_x=1.0 advisory_x=0.99 final=59.4 min=35.0
Satisfied:
- Three White Soldiers: pattern=True
- OBV Trending Up: OBV started=173489, ended=178408
Why: Three White Soldiers pattern showing pure buying pressure, confirmed by OBV trending up.
2026-06-10 10:29:16 [INFO] core.token_validator: 🔐 Pre-Order Token Check | State: VALID | Info: {'status': 'VALID', 'scope': ['Trade'], 'ucc': 'XD16F', 'expires_at': '2026-06-11T00:00:00', 'issued_at': '2026-06-10T09:36:57', 'seconds_until_expiry': 48644, 'created_seconds_ago': 3139}
2026-06-10 10:29:16 [INFO] core.token_validator: ✅ Token ready for order — proceeding
2026-06-10 10:29:16 [INFO] core.order_executor: 📊 Margin Discovery [APOLLOHOSP]: ₹1722.50/share (5.0x) [Source: API (client.margin_required)]
2026-06-10 10:29:16 [ERROR] core.order_executor: ❌ INSUFFICIENT MARGIN/RISK FOR APOLLOHOSP | Price: ₹8612.5 | SL: ₹8569.44 | Free Margin: ₹1994 | Margin/Share: ₹1722.50 | Risk-qty: 0 | Alloc-qty: 0 | Lever-qty: 1
2026-06-10 10:29:16 [ERROR] core.order_executor: BUY rejected for APOLLOHOSP: invalid/insufficient quantity 0 | price=8612.5 | available=1966.6487500000003
2026-06-10 10:29:21 [INFO] core.strategy: BUY SIGNAL TRIGGERED
Symbol: APOLLOHOSP
Price: 8611.0
Triggered Set: BUY_THREE_SOLDIERS_MOMENTUM
Set Side: BUY
Confidence: base=60.0 signal_x=1.0 weight_x=1.0 time=10:00-11:30@1.0 market_x=1.0 advisory_x=0.99 final=59.4 min=35.0
Satisfied:
- Three White Soldiers: pattern=True
- OBV Trending Up: OBV started=173489, ended=178408
Why: Three White Soldiers pattern showing pure buying pressure, confirmed by OBV trending up.
2026-06-10 10:29:21 [INFO] core.token_validator: 🔐 Pre-Order Token Check | State: VALID | Info: {'status': 'VALID', 'scope': ['Trade'], 'ucc': 'XD16F', 'expires_at': '2026-06-11T00:00:00', 'issued_at': '2026-06-10T09:36:57', 'seconds_until_expiry': 48639, 'created_seconds_ago': 3144}
2026-06-10 10:29:21 [INFO] core.token_validator: ✅ Token ready for order — proceeding
2026-06-10 10:29:21 [INFO] core.order_executor: 📊 Margin Discovery [APOLLOHOSP]: ₹1722.20/share (5.0x) [Source: API (client.margin_required)]
2026-06-10 10:29:21 [ERROR] core.order_executor: ❌ INSUFFICIENT MARGIN/RISK FOR APOLLOHOSP | Price: ₹8611.0 | SL: ₹8567.94 | Free Margin: ₹1993 | Margin/Share: ₹1722.20 | Risk-qty: 0 | Alloc-qty: 0 | Lever-qty: 1
2026-06-10 10:29:21 [ERROR] core.order_executor: BUY rejected for APOLLOHOSP: invalid/insufficient quantity 0 | price=8611.0 | available=1966.6487500000003
2026-06-10 10:29:26 [INFO] core.strategy: BUY SIGNAL TRIGGERED
Symbol: APOLLOHOSP
Price: 8608.0
Triggered Set: BUY_THREE_SOLDIERS_MOMENTUM
Set Side: BUY
Confidence: base=60.0 signal_x=1.0 weight_x=1.0 time=10:00-11:30@1.0 market_x=1.0 advisory_x=0.99 final=59.4 min=35.0
Satisfied:
- Three White Soldiers: pattern=True
- OBV Trending Up: OBV started=173489, ended=178408
Why: Three White Soldiers pattern showing pure buying pressure, confirmed by OBV trending up.
2026-06-10 10:29:26 [INFO] core.token_validator: 🔐 Pre-Order Token Check | State: VALID | Info: {'status': 'VALID', 'scope': ['Trade'], 'ucc': 'XD16F', 'expires_at': '2026-06-11T00:00:00', 'issued_at': '2026-06-10T09:36:57', 'seconds_until_expiry': 48634, 'created_seconds_ago': 3149}
2026-06-10 10:29:26 [INFO] core.token_validator: ✅ Token ready for order — proceeding
2026-06-10 10:29:26 [INFO] core.order_executor: 📊 Margin Discovery [APOLLOHOSP]: ₹1721.60/share (5.0x) [Source: API (client.margin_required)]
2026-06-10 10:29:26 [ERROR] core.order_executor: ❌ INSUFFICIENT MARGIN/RISK FOR APOLLOHOSP | Price: ₹8608.0 | SL: ₹8564.96 | Free Margin: ₹1993 | Margin/Share: ₹1721.60 | Risk-qty: 0 | Alloc-qty: 0 | Lever-qty: 1
2026-06-10 10:29:26 [ERROR] core.order_executor: BUY rejected for APOLLOHOSP: invalid/insufficient quantity 0 | price=8608.0 | available=1966.6487500000003
2026-06-10 10:29:30 [WARNING] core.order_executor: 🔄 SL recovery attempt #5 for ICICIBANK | Qty: 2 | Trigger: ₹1279.47 | delay_was: 300s
2026-06-10 10:29:30 [INFO] core.order_executor: 🔄 [SL] Starting SL order placement | Symbol: ICICIBANK-EQ | Qty: 2 | Software SL: ₹1279.47 | Broker Trigger: ₹1266.7 | Broker Limit: ₹1266.05
2026-06-10 10:29:30 [INFO] core.order_executor: 📋 SL ORDER KWARGS (WILL SEND TO KOTAK):
2026-06-10 10:29:30 [INFO] core.order_executor:     exchange_segment     = nse_cm
2026-06-10 10:29:30 [INFO] core.order_executor:     product              = MIS
2026-06-10 10:29:30 [INFO] core.order_executor:     price                = 1266.05
2026-06-10 10:29:30 [INFO] core.order_executor:     order_type           = SL
2026-06-10 10:29:30 [INFO] core.order_executor:     quantity             = 2
2026-06-10 10:29:30 [INFO] core.order_executor:     validity             = DAY
2026-06-10 10:29:30 [INFO] core.order_executor:     trading_symbol       = ICICIBANK-EQ
2026-06-10 10:29:30 [INFO] core.order_executor:     transaction_type     = S
2026-06-10 10:29:30 [INFO] core.order_executor:     amo                  = NO
2026-06-10 10:29:30 [INFO] core.order_executor:     disclosed_quantity   = 0
2026-06-10 10:29:30 [INFO] core.order_executor:     market_protection    = 0
2026-06-10 10:29:30 [INFO] core.order_executor:     pf                   = N
2026-06-10 10:29:30 [INFO] core.order_executor:     trigger_price        = 1266.7
2026-06-10 10:29:30 [INFO] core.order_executor:    ℹ️ If Kotak rejects: Try exchange_segment='NSE' instead of 'nse_cm'
2026-06-10 10:29:30 [INFO] core.order_executor:    ℹ️ If Kotak rejects: Check if product 'MIS' supports SL orders (try 'CNC' if 'MIS' rejected)
2026-06-10 10:29:30 [INFO] core.token_validator: ✅ Trade token + sid confirmed and set on client (scope=['Trade'])
2026-06-10 10:29:30 [INFO] core.order_executor: 📋 PRE-ORDER CONFIG DUMP (SL-M) | host=PROD | access_token=SET | edit_token=SET | edit_sid=e49b550c-ee0f-432c-92c3-ccdcf265eeaa | serverId=24028c3e-9b6c-4189-a4e2-d41f429a24e3 | base_url=https://e41.kotaksecurities.com
2026-06-10 10:29:32 [ERROR] core.order_verifier: Order 260610000148762 rejected: 16283 : Order price is not a multiple of tick size  
2026-06-10 10:29:32 [ERROR] core.order_executor: ❌ SL Recovery Order rejected by broker! Backing off...
2026-06-10 10:29:32 [WARNING] core.order_executor: ⚠️ SL recovery still failing for ICICIBANK (attempt #5, next in 300s). Software SL at ₹1279.47 remains active.
2026-06-10 10:29:33 [INFO] core.strategy: BUY SIGNAL TRIGGERED
Symbol: APOLLOHOSP
Price: 8602.5
Triggered Set: BUY_THREE_SOLDIERS_MOMENTUM
Set Side: BUY
Confidence: base=60.0 signal_x=1.0 weight_x=1.0 time=10:00-11:30@1.0 market_x=1.0 advisory_x=0.99 final=59.4 min=35.0
Satisfied:
- Three White Soldiers: pattern=True
- OBV Trending Up: OBV started=173489, ended=178408
Why: Three White Soldiers pattern showing pure buying pressure, confirmed by OBV trending up.
2026-06-10 10:29:33 [INFO] core.token_validator: 🔐 Pre-Order Token Check | State: VALID | Info: {'status': 'VALID', 'scope': ['Trade'], 'ucc': 'XD16F', 'expires_at': '2026-06-11T00:00:00', 'issued_at': '2026-06-10T09:36:57', 'seconds_until_expiry': 48627, 'created_seconds_ago': 3156}
2026-06-10 10:29:33 [INFO] core.token_validator: ✅ Token ready for order — proceeding
2026-06-10 10:29:33 [INFO] core.order_executor: 📊 Margin Discovery [APOLLOHOSP]: ₹1720.50/share (5.0x) [Source: API (client.margin_required)]
2026-06-10 10:29:33 [ERROR] core.order_executor: ❌ INSUFFICIENT MARGIN/RISK FOR APOLLOHOSP | Price: ₹8602.5 | SL: ₹8559.49 | Free Margin: ₹1992 | Margin/Share: ₹1720.50 | Risk-qty: 0 | Alloc-qty: 0 | Lever-qty: 1
2026-06-10 10:29:33 [ERROR] core.order_executor: BUY rejected for APOLLOHOSP: invalid/insufficient quantity 0 | price=8602.5 | available=1966.6487500000003
2026-06-10 10:29:37 [INFO] core.strategy: ─── Scan summary (30 subscribed) ───
  [Cognition] SUNPHARMA: ticks=1145 | live_candles=11
  [Cognition] DIVISLAB: ticks=829 | live_candles=11
  [Cognition] TATASTEEL: ticks=2218 | live_candles=11
  [Cognition] SBIN: ticks=2523 | live_candles=11
  [Cognition] TITAN: ticks=1220 | live_candles=11
  [Cognition] RELIANCE: ticks=2765 | live_candles=11
  [Cognition] NTPC: ticks=1967 | live_candles=11
  [Cognition] HDFCLIFE: ticks=508 | live_candles=11
  [Math] ICICIBANK: ticks=2056 | live_candles=11
  [Math] APOLLOHOSP: ticks=1112 | live_candles=11
  [Math] TCS: ticks=2238 | live_candles=11
  [Math] HDFCBANK: ticks=2184 | live_candles=11
  [Math] INFY: ticks=1956 | live_candles=11
  [Math] HINDUNILVR: ticks=2269 | live_candles=11
  [Math] ITC: ticks=2510 | live_candles=11
  [Math] BHARTIARTL: ticks=2415 | live_candles=11
  [Math] LT: ticks=1504 | live_candles=11
  [Math] HCLTECH: ticks=1073 | live_candles=11
  [Math] MARUTI: ticks=664 | live_candles=11
  [Math] WIPRO: ticks=2010 | live_candles=11
  [Math] NESTLEIND: ticks=1679 | live_candles=11
  [Math] BAJAJFINSV: ticks=896 | live_candles=11
  [Math] DRREDDY: ticks=416 | live_candles=11
  [Math] EICHERMOT: ticks=784 | live_candles=11
  [Math] HEROMOTOCO: ticks=1414 | live_candles=11
  [Math] HINDALCO: ticks=1986 | live_candles=11
  [Math] JSWSTEEL: ticks=740 | live_candles=11
  [Math] M&M: ticks=1713 | live_candles=11
  [Math] SBILIFE: ticks=548 | live_candles=11
  [Math] TATACONSUM: ticks=1123 | live_candles=11
2026-06-10 10:29:38 [INFO] core.strategy: BUY SIGNAL TRIGGERED
Symbol: APOLLOHOSP
Price: 8610.0
Triggered Set: BUY_THREE_SOLDIERS_MOMENTUM
Set Side: BUY
Confidence: base=60.0 signal_x=1.0 weight_x=1.0 time=10:00-11:30@1.0 market_x=1.0 advisory_x=0.99 final=59.4 min=35.0
Satisfied:
- Three White Soldiers: pattern=True
- OBV Trending Up: OBV started=173489, ended=178408
Why: Three White Soldiers pattern showing pure buying pressure, confirmed by OBV trending up.
2026-06-10 10:29:38 [INFO] core.token_validator: 🔐 Pre-Order Token Check | State: VALID | Info: {'status': 'VALID', 'scope': ['Trade'], 'ucc': 'XD16F', 'expires_at': '2026-06-11T00:00:00', 'issued_at': '2026-06-10T09:36:57', 'seconds_until_expiry': 48622, 'created_seconds_ago': 3161}
2026-06-10 10:29:38 [INFO] core.token_validator: ✅ Token ready for order — proceeding
2026-06-10 10:29:38 [INFO] core.order_executor: 📊 Margin Discovery [APOLLOHOSP]: ₹1722.00/share (5.0x) [Source: API (client.margin_required)]
2026-06-10 10:29:38 [ERROR] core.order_executor: ❌ INSUFFICIENT MARGIN/RISK FOR APOLLOHOSP | Price: ₹8610.0 | SL: ₹8566.95 | Free Margin: ₹1994 | Margin/Share: ₹1722.00 | Risk-qty: 0 | Alloc-qty: 0 | Lever-qty: 1
2026-06-10 10:29:38 [ERROR] core.order_executor: BUY rejected for APOLLOHOSP: invalid/insufficient quantity 0 | price=8610.0 | available=1966.6487500000003
2026-06-10 10:29:43 [INFO] core.strategy: BUY SIGNAL TRIGGERED
Symbol: APOLLOHOSP
Price: 8611.0
Triggered Set: BUY_THREE_SOLDIERS_MOMENTUM
Set Side: BUY
Confidence: base=60.0 signal_x=1.0 weight_x=1.0 time=10:00-11:30@1.0 market_x=1.0 advisory_x=0.99 final=59.4 min=35.0
Satisfied:
- Three White Soldiers: pattern=True
- OBV Trending Up: OBV started=173489, ended=178408
Why: Three White Soldiers pattern showing pure buying pressure, confirmed by OBV trending up.
2026-06-10 10:29:43 [INFO] core.token_validator: 🔐 Pre-Order Token Check | State: VALID | Info: {'status': 'VALID', 'scope': ['Trade'], 'ucc': 'XD16F', 'expires_at': '2026-06-11T00:00:00', 'issued_at': '2026-06-10T09:36:57', 'seconds_until_expiry': 48617, 'created_seconds_ago': 3166}
2026-06-10 10:29:43 [INFO] core.token_validator: ✅ Token ready for order — proceeding
2026-06-10 10:29:43 [INFO] core.order_executor: 📊 Margin Discovery [APOLLOHOSP]: ₹1722.20/share (5.0x) [Source: API (client.margin_required)]
2026-06-10 10:29:43 [ERROR] core.order_executor: ❌ INSUFFICIENT MARGIN/RISK FOR APOLLOHOSP | Price: ₹8611.0 | SL: ₹8567.94 | Free Margin: ₹1994 | Margin/Share: ₹1722.20 | Risk-qty: 0 | Alloc-qty: 0 | Lever-qty: 1
2026-06-10 10:29:43 [ERROR] core.order_executor: BUY rejected for APOLLOHOSP: invalid/insufficient quantity 0 | price=8611.0 | available=1966.6487500000003
2026-06-10 10:29:48 [INFO] core.strategy: BUY SIGNAL TRIGGERED
Symbol: APOLLOHOSP
Price: 8608.0
Triggered Set: BUY_THREE_SOLDIERS_MOMENTUM
Set Side: BUY
Confidence: base=60.0 signal_x=1.0 weight_x=1.0 time=10:00-11:30@1.0 market_x=1.0 advisory_x=0.99 final=59.4 min=35.0
Satisfied:
- Three White Soldiers: pattern=True
- OBV Trending Up: OBV started=173489, ended=178408
Why: Three White Soldiers pattern showing pure buying pressure, confirmed by OBV trending up.
2026-06-10 10:29:48 [INFO] core.token_validator: 🔐 Pre-Order Token Check | State: VALID | Info: {'status': 'VALID', 'scope': ['Trade'], 'ucc': 'XD16F', 'expires_at': '2026-06-11T00:00:00', 'issued_at': '2026-06-10T09:36:57', 'seconds_until_expiry': 48612, 'created_seconds_ago': 3171}
2026-06-10 10:29:48 [INFO] core.token_validator: ✅ Token ready for order — proceeding
2026-06-10 10:29:48 [INFO] core.order_executor: 📊 Margin Discovery [APOLLOHOSP]: ₹1721.60/share (5.0x) [Source: API (client.margin_required)]
2026-06-10 10:29:48 [ERROR] core.order_executor: ❌ INSUFFICIENT MARGIN/RISK FOR APOLLOHOSP | Price: ₹8608.0 | SL: ₹8564.96 | Free Margin: ₹1995 | Margin/Share: ₹1721.60 | Risk-qty: 0 | Alloc-qty: 0 | Lever-qty: 1
2026-06-10 10:29:48 [ERROR] core.order_executor: BUY rejected for APOLLOHOSP: invalid/insufficient quantity 0 | price=8608.0 | available=1966.6487500000003
2026-06-10 10:29:52 [INFO] core.state_manager: [BRIEFING] Loading from data/session_briefing.json...
2026-06-10 10:29:52 [INFO] core.state_manager: [BRIEFING] Loaded Valid: 8 approved + 22 watchlist (MORNING_SCREENER)
2026-06-10 10:29:53 [INFO] core.strategy: BUY SIGNAL TRIGGERED
Symbol: APOLLOHOSP
Price: 8608.0
Triggered Set: BUY_THREE_SOLDIERS_MOMENTUM
Set Side: BUY
Confidence: base=60.0 signal_x=1.0 weight_x=1.0 time=10:00-11:30@1.0 market_x=1.0 advisory_x=0.99 final=59.4 min=35.0
Satisfied:
- Three White Soldiers: pattern=True
- OBV Trending Up: OBV started=173489, ended=178408
Why: Three White Soldiers pattern showing pure buying pressure, confirmed by OBV trending up.
2026-06-10 10:29:53 [INFO] core.token_validator: 🔐 Pre-Order Token Check | State: VALID | Info: {'status': 'VALID', 'scope': ['Trade'], 'ucc': 'XD16F', 'expires_at': '2026-06-11T00:00:00', 'issued_at': '2026-06-10T09:36:57', 'seconds_until_expiry': 48607, 'created_seconds_ago': 3176}
2026-06-10 10:29:53 [INFO] core.token_validator: ✅ Token ready for order — proceeding
2026-06-10 10:29:53 [INFO] core.order_executor: 📊 Margin Discovery [APOLLOHOSP]: ₹1721.60/share (5.0x) [Source: API (client.margin_required)]
2026-06-10 10:29:53 [ERROR] core.order_executor: ❌ INSUFFICIENT MARGIN/RISK FOR APOLLOHOSP | Price: ₹8608.0 | SL: ₹8564.96 | Free Margin: ₹1996 | Margin/Share: ₹1721.60 | Risk-qty: 0 | Alloc-qty: 0 | Lever-qty: 1
2026-06-10 10:29:53 [ERROR] core.order_executor: BUY rejected for APOLLOHOSP: invalid/insufficient quantity 0 | price=8608.0 | available=1966.6487500000003
2026-06-10 10:29:58 [INFO] core.strategy: BUY SIGNAL TRIGGERED
Symbol: APOLLOHOSP
Price: 8612.5
Triggered Set: BUY_THREE_SOLDIERS_MOMENTUM
Set Side: BUY
Confidence: base=60.0 signal_x=1.0 weight_x=1.0 time=10:00-11:30@1.0 market_x=1.0 advisory_x=0.99 final=59.4 min=35.0
Satisfied:
- Three White Soldiers: pattern=True
- OBV Trending Up: OBV started=173489, ended=178408
Why: Three White Soldiers pattern showing pure buying pressure, confirmed by OBV trending up.
2026-06-10 10:29:58 [INFO] core.token_validator: 🔐 Pre-Order Token Check | State: VALID | Info: {'status': 'VALID', 'scope': ['Trade'], 'ucc': 'XD16F', 'expires_at': '2026-06-11T00:00:00', 'issued_at': '2026-06-10T09:36:57', 'seconds_until_expiry': 48602, 'created_seconds_ago': 3181}
2026-06-10 10:29:58 [INFO] core.token_validator: ✅ Token ready for order — proceeding
2026-06-10 10:29:58 [INFO] core.order_executor: 📊 Margin Discovery [APOLLOHOSP]: ₹1722.50/share (5.0x) [Source: API (client.margin_required)]
2026-06-10 10:29:58 [ERROR] core.order_executor: ❌ INSUFFICIENT MARGIN/RISK FOR APOLLOHOSP | Price: ₹8612.5 | SL: ₹8569.44 | Free Margin: ₹1995 | Margin/Share: ₹1722.50 | Risk-qty: 0 | Alloc-qty: 0 | Lever-qty: 1
2026-06-10 10:29:58 [ERROR] core.order_executor: BUY rejected for APOLLOHOSP: invalid/insufficient quantity 0 | price=8612.5 | available=1966.6487500000003
2026-06-10 10:30:00 [INFO] core.data_fetcher: 🕯️ Candle closed: BHARTIARTL | 2026-06-10 10:25 | O:1789.90 H:1791.30 L:1788.70 C:1790.80 V:57109.0
2026-06-10 10:30:00 [INFO] core.data_fetcher: 🕯️ Candle closed: RELIANCE | 2026-06-10 10:25 | O:1282.60 H:1282.80 L:1280.10 C:1282.30 V:171869.0
2026-06-10 10:30:00 [INFO] core.data_fetcher: 🕯️ Candle closed: HDFCBANK | 2026-06-10 10:25 | O:738.35 H:738.35 L:737.30 C:737.55 V:364164.0
2026-06-10 10:30:00 [INFO] core.data_fetcher: 🕯️ Candle closed: SBIN | 2026-06-10 10:25 | O:1006.75 H:1007.80 L:1006.60 C:1007.75 V:185916.0
2026-06-10 10:30:00 [INFO] core.data_fetcher: 🕯️ Candle closed: WIPRO | 2026-06-10 10:25 | O:180.96 H:181.14 L:180.88 C:181.11 V:227122.0
2026-06-10 10:30:00 [INFO] core.data_fetcher: 🕯️ Candle closed: NESTLEIND | 2026-06-10 10:25 | O:1452.20 H:1453.40 L:1449.00 C:1449.10 V:23837.0
2026-06-10 10:30:00 [INFO] core.data_fetcher: 🕯️ Candle closed: ITC | 2026-06-10 10:25 | O:283.35 H:283.45 L:283.20 C:283.30 V:395503.0
2026-06-10 10:30:00 [INFO] core.data_fetcher: 🕯️ Candle closed: BAJAJFINSV | 2026-06-10 10:25 | O:1689.30 H:1689.80 L:1688.30 C:1689.50 V:1121.0
2026-06-10 10:30:00 [INFO] core.data_fetcher: 🕯️ Candle closed: JSWSTEEL | 2026-06-10 10:25 | O:1262.20 H:1264.30 L:1261.50 C:1264.30 V:20702.0
2026-06-10 10:30:01 [INFO] core.data_fetcher: 🕯️ Candle closed: TATACONSUM | 2026-06-10 10:25 | O:1129.30 H:1129.60 L:1127.10 C:1128.00 V:8172.0
2026-06-10 10:30:01 [INFO] core.data_fetcher: 🕯️ Candle closed: ICICIBANK | 2026-06-10 10:25 | O:1285.80 H:1286.20 L:1284.00 C:1284.80 V:167671.0
2026-06-10 10:30:01 [INFO] core.data_fetcher: 🕯️ Candle closed: INFY | 2026-06-10 10:25 | O:1161.60 H:1161.90 L:1160.40 C:1160.60 V:55439.0
2026-06-10 10:30:01 [INFO] core.data_fetcher: 🕯️ Candle closed: TCS | 2026-06-10 10:25 | O:2165.00 H:2166.80 L:2164.10 C:2166.10 V:19264.0
2026-06-10 10:30:01 [INFO] core.data_fetcher: 🕯️ Candle closed: HCLTECH | 2026-06-10 10:25 | O:1146.00 H:1147.60 L:1145.30 C:1146.90 V:22402.0
2026-06-10 10:30:01 [INFO] core.data_fetcher: 🕯️ Candle closed: TITAN | 2026-06-10 10:25 | O:4106.80 H:4109.00 L:4102.00 C:4107.10 V:26415.0
2026-06-10 10:30:01 [INFO] core.data_fetcher: 🕯️ Candle closed: HEROMOTOCO | 2026-06-10 10:25 | O:4931.00 H:4931.00 L:4921.00 C:4930.00 V:4986.0
2026-06-10 10:30:02 [INFO] core.data_fetcher: 🕯️ Candle closed: HINDUNILVR | 2026-06-10 10:25 | O:2191.50 H:2192.30 L:2184.50 C:2186.10 V:54665.0
2026-06-10 10:30:02 [INFO] core.data_fetcher: 🕯️ Candle closed: SUNPHARMA | 2026-06-10 10:25 | O:1782.90 H:1784.70 L:1782.00 C:1783.90 V:10616.0
2026-06-10 10:30:02 [INFO] core.data_fetcher: 🕯️ Candle closed: DIVISLAB | 2026-06-10 10:25 | O:6774.50 H:6799.00 L:6774.50 C:6786.50 V:9892.0
2026-06-10 10:30:02 [INFO] core.data_fetcher: 🕯️ Candle closed: M&M | 2026-06-10 10:25 | O:2967.20 H:2970.50 L:2967.10 C:2970.00 V:12597.0
2026-06-10 10:30:02 [INFO] core.data_fetcher: 🕯️ Candle closed: EICHERMOT | 2026-06-10 10:25 | O:7205.00 H:7224.00 L:7205.00 C:7222.00 V:3198.0
2026-06-10 10:30:03 [INFO] core.strategy: BUY SIGNAL TRIGGERED
Symbol: SBIN
Price: 1007.85
Triggered Set: BUY_THREE_SOLDIERS_MOMENTUM
Set Side: BUY
Confidence: base=74.0 signal_x=1.0 weight_x=1.0 time=10:00-11:30@1.0 market_x=1.0 advisory_x=0.99 final=73.3 min=35.0
Satisfied:
- Three White Soldiers: pattern=True
- OBV Trending Up: OBV started=13137406, ended=13323322
Why: Three White Soldiers pattern showing pure buying pressure, confirmed by OBV trending up.
2026-06-10 10:30:03 [INFO] core.data_fetcher: 🕯️ Candle closed: APOLLOHOSP | 2026-06-10 10:25 | O:8614.50 H:8618.50 L:8602.50 C:8612.50 V:9137.0
2026-06-10 10:30:03 [INFO] core.token_validator: 🔐 Pre-Order Token Check | State: VALID | Info: {'status': 'VALID', 'scope': ['Trade'], 'ucc': 'XD16F', 'expires_at': '2026-06-11T00:00:00', 'issued_at': '2026-06-10T09:36:57', 'seconds_until_expiry': 48597, 'created_seconds_ago': 3186}
2026-06-10 10:30:03 [INFO] core.token_validator: ✅ Token ready for order — proceeding
2026-06-10 10:30:03 [INFO] core.data_fetcher: 🕯️ Candle closed: NTPC | 2026-06-10 10:25 | O:356.25 H:356.55 L:356.25 C:356.45 V:71513.0
2026-06-10 10:30:03 [INFO] core.data_fetcher: 🕯️ Candle closed: HINDALCO | 2026-06-10 10:25 | O:1037.00 H:1038.30 L:1036.00 C:1037.90 V:58682.0
2026-06-10 10:30:03 [INFO] core.data_fetcher: 🕯️ Candle closed: LT | 2026-06-10 10:25 | O:3920.90 H:3922.00 L:3917.60 C:3922.00 V:8258.0
2026-06-10 10:30:03 [INFO] core.order_executor: 📊 Margin Discovery [SBIN]: ₹201.57/share (5.0x) [Source: API (client.margin_required)]
2026-06-10 10:30:03 [INFO] core.order_executor: ✅ Quantity calculated | SBIN | Price: ₹1007.85 | Qty: 1 | Margin Blocked: ₹202 | Limiting: allocation | Free Margin Left: ₹1794
2026-06-10 10:30:03 [INFO] core.order_executor: 📋 Preparing B order | Symbol: SBIN-EQ | Qty: 1 | Price: ₹1007.85
2026-06-10 10:30:03 [INFO] core.token_validator: 🔐 Pre-Order Token Check | State: VALID | Info: {'status': 'VALID', 'scope': ['Trade'], 'ucc': 'XD16F', 'expires_at': '2026-06-11T00:00:00', 'issued_at': '2026-06-10T09:36:57', 'seconds_until_expiry': 48597, 'created_seconds_ago': 3186}
2026-06-10 10:30:03 [INFO] core.token_validator: ✅ Token ready for order — proceeding
2026-06-10 10:30:03 [INFO] core.token_validator: ✅ Trade token + sid confirmed and set on client (scope=['Trade'])
2026-06-10 10:30:03 [INFO] core.order_executor: 📋 PRE-ORDER CONFIG DUMP (ATTEMPT 1/2) | host=PROD | access_token=eyJhbGciOiJSUzI1NiIs... | edit_token=eyJhbGciOiJSUzI1NiIs... | tokens_match=True | edit_sid=e49b550c-ee0f-432c-92c3-ccdcf265eeaa | serverId=24028c3e-9b6c-4189-a4e2-d41f429a24e3 | base_url=https://e41.kotaksecurities.com
2026-06-10 10:30:03 [INFO] core.order_executor: ✅ Order placed (attempt 1/2) | Order ID: 260610000149265
2026-06-10 10:30:03 [INFO] core.order_executor: ✅ BUY order placed: 260610000149265 | Qty: 1
2026-06-10 10:30:03 [INFO] core.order_verifier: 📤 Order recorded: 260610000149265 (SBIN)
2026-06-10 10:30:03 [INFO] core.data_fetcher: 🕯️ Candle closed: TATASTEEL | 2026-06-10 10:25 | O:201.99 H:202.00 L:201.80 C:202.00 V:233330.0
2026-06-10 10:30:03 [INFO] core.order_verifier: ✅ Order 260610000149265 verified as COMPLETE
2026-06-10 10:30:03 [INFO] core.order_executor: ✅ BUY verified on broker | Symbol: SBIN | Qty: 1 | Product: MIS | SL: ₹1002.81
2026-06-10 10:30:05 [INFO] core.data_fetcher: 🕯️ Candle closed: MARUTI | 2026-06-10 10:25 | O:13091.00 H:13097.00 L:13076.00 C:13097.00 V:1134.0
2026-06-10 10:30:05 [INFO] core.order_executor: 🔄 Placing broker SL for SBIN | Qty: 1 | Trigger: ₹1002.81 | Trading symbol: SBIN-EQ
2026-06-10 10:30:05 [INFO] core.order_executor: 🔄 [SL] Starting SL order placement | Symbol: SBIN-EQ | Qty: 1 | Software SL: ₹1002.81 | Broker Trigger: ₹992.8 | Broker Limit: ₹992.3
2026-06-10 10:30:05 [INFO] core.order_executor: 📋 SL ORDER KWARGS (WILL SEND TO KOTAK):
2026-06-10 10:30:05 [INFO] core.order_executor:     exchange_segment     = nse_cm
2026-06-10 10:30:05 [INFO] core.order_executor:     product              = MIS
2026-06-10 10:30:05 [INFO] core.order_executor:     price                = 992.3
2026-06-10 10:30:05 [INFO] core.order_executor:     order_type           = SL
2026-06-10 10:30:05 [INFO] core.order_executor:     quantity             = 1
2026-06-10 10:30:05 [INFO] core.order_executor:     validity             = DAY
2026-06-10 10:30:05 [INFO] core.order_executor:     trading_symbol       = SBIN-EQ
2026-06-10 10:30:05 [INFO] core.order_executor:     transaction_type     = S
2026-06-10 10:30:05 [INFO] core.order_executor:     amo                  = NO
2026-06-10 10:30:05 [INFO] core.order_executor:     disclosed_quantity   = 0
2026-06-10 10:30:05 [INFO] core.order_executor:     market_protection    = 0
2026-06-10 10:30:05 [INFO] core.order_executor:     pf                   = N
2026-06-10 10:30:05 [INFO] core.order_executor:     trigger_price        = 992.8
2026-06-10 10:30:05 [INFO] core.order_executor:    ℹ️ If Kotak rejects: Try exchange_segment='NSE' instead of 'nse_cm'
2026-06-10 10:30:05 [INFO] core.order_executor:    ℹ️ If Kotak rejects: Check if product 'MIS' supports SL orders (try 'CNC' if 'MIS' rejected)
2026-06-10 10:30:05 [INFO] core.token_validator: ✅ Trade token + sid confirmed and set on client (scope=['Trade'])
2026-06-10 10:30:05 [INFO] core.order_executor: 📋 PRE-ORDER CONFIG DUMP (SL-M) | host=PROD | access_token=SET | edit_token=SET | edit_sid=e49b550c-ee0f-432c-92c3-ccdcf265eeaa | serverId=24028c3e-9b6c-4189-a4e2-d41f429a24e3 | base_url=https://e41.kotaksecurities.com
2026-06-10 10:30:05 [INFO] core.order_executor: 🛡️ Broker SL placed | SBIN | Qty: 1 | Trigger: ₹1002.81 | OrderID: 260610000149302 (attempt 1/3)
2026-06-10 10:30:08 [INFO] core.order_executor: ✅ [LIVE] BUY | SBIN | Qty: 1 | @ ₹1007.85 | SL: ₹1002.81 | Target: ₹1015.9 | Broker SL: ✅ 260610000149302
2026-06-10 10:30:08 [INFO] core.audit_logger: [AUDIT] ORDER_PLACED: {'symbol': 'SBIN', 'side': 'BUY', 'quantity': 1, 'price': 1007.85, 'order_id': '260610000149265', 'stop_loss': 1002.81, 'target': 1015.9}
2026-06-10 10:30:08 [INFO] core.state_manager: Position saved: SBIN x1 | Target: 1015.9 | SL: 1002.81
2026-06-10 10:30:11 [INFO] core.data_fetcher: 🕯️ Candle closed: DRREDDY | 2026-06-10 10:25 | O:1277.20 H:1279.60 L:1276.60 C:1277.70 V:5264.0
2026-06-10 10:30:12 [INFO] core.data_fetcher: 🕯️ Candle closed: HDFCLIFE | 2026-06-10 10:25 | O:562.95 H:563.20 L:562.60 C:562.80 V:16077.0
2026-06-10 10:30:14 [INFO] core.data_fetcher: 🕯️ Candle closed: SBILIFE | 2026-06-10 10:25 | O:1768.50 H:1768.60 L:1768.20 C:1768.60 V:6242.0
2026-06-10 10:30:52 [INFO] core.state_manager: [BRIEFING] Loading from data/session_briefing.json...
2026-06-10 10:30:52 [INFO] core.state_manager: [BRIEFING] Loaded Valid: 8 approved + 22 watchlist (MORNING_SCREENER)
2026-06-10 10:31:01 [INFO] core.data_fetcher: 📡 Live feed | ticks received: 30/30 symbols | active=['SUNPHARMA', 'DIVISLAB', 'TATASTEEL', 'SBIN', 'TITAN', 'RELIANCE', 'NTPC', 'HDFCLIFE']...
2026-06-10 10:31:08 [INFO] core.strategy: ─── Scan summary (30 subscribed) ───
  [Cognition] SUNPHARMA: ticks=1176 | live_candles=12
  [Cognition] DIVISLAB: ticks=845 | live_candles=12
  [Cognition] TATASTEEL: ticks=2281 | live_candles=12
  [Cognition] SBIN: ticks=2596 | live_candles=12
  [Cognition] TITAN: ticks=1232 | live_candles=12
  [Cognition] RELIANCE: ticks=2837 | live_candles=12
  [Cognition] NTPC: ticks=2010 | live_candles=12
  [Cognition] HDFCLIFE: ticks=516 | live_candles=12
  [Math] ICICIBANK: ticks=2097 | live_candles=12
  [Math] APOLLOHOSP: ticks=1137 | live_candles=12
  [Math] TCS: ticks=2287 | live_candles=12
  [Math] HDFCBANK: ticks=2251 | live_candles=12
  [Math] INFY: ticks=2012 | live_candles=12
  [Math] HINDUNILVR: ticks=2320 | live_candles=12
  [Math] ITC: ticks=2577 | live_candles=12
  [Math] BHARTIARTL: ticks=2473 | live_candles=12
  [Math] LT: ticks=1537 | live_candles=12
  [Math] HCLTECH: ticks=1101 | live_candles=12
  [Math] MARUTI: ticks=682 | live_candles=12
  [Math] WIPRO: ticks=2058 | live_candles=12
  [Math] NESTLEIND: ticks=1714 | live_candles=12
  [Math] BAJAJFINSV: ticks=916 | live_candles=12
  [Math] DRREDDY: ticks=422 | live_candles=12
  [Math] EICHERMOT: ticks=808 | live_candles=12
  [Math] HEROMOTOCO: ticks=1435 | live_candles=12
  [Math] HINDALCO: ticks=2022 | live_candles=12
  [Math] JSWSTEEL: ticks=768 | live_candles=12
  [Math] M&M: ticks=1744 | live_candles=12
  [Math] SBILIFE: ticks=556 | live_candles=12
  [Math] TATACONSUM: ticks=1152 | live_candles=12
2026-06-10 10:31:54 [INFO] core.state_manager: [BRIEFING] Loading from data/session_briefing.json...
2026-06-10 10:31:54 [INFO] core.state_manager: [BRIEFING] Loaded Valid: 8 approved + 22 watchlist (MORNING_SCREENER)
2026-06-10 10:32:13 [WARNING] core.order_verifier: ⚠️  Removing old pending order: 260610000137926
2026-06-10 10:32:38 [INFO] core.strategy: ─── Scan summary (30 subscribed) ───
  [Cognition] SUNPHARMA: ticks=1216 | live_candles=12
  [Cognition] DIVISLAB: ticks=865 | live_candles=12
  [Cognition] TATASTEEL: ticks=2331 | live_candles=12
  [Cognition] SBIN: ticks=2674 | live_candles=12
  [Cognition] TITAN: ticks=1244 | live_candles=12
  [Cognition] RELIANCE: ticks=2900 | live_candles=12
  [Cognition] NTPC: ticks=2054 | live_candles=12
  [Cognition] HDFCLIFE: ticks=522 | live_candles=12
  [Math] ICICIBANK: ticks=2141 | live_candles=12
  [Math] APOLLOHOSP: ticks=1161 | live_candles=12
  [Math] TCS: ticks=2323 | live_candles=12
  [Math] HDFCBANK: ticks=2272 | live_candles=12
  [Math] INFY: ticks=2071 | live_candles=12
  [Math] HINDUNILVR: ticks=2357 | live_candles=12
  [Math] ITC: ticks=2639 | live_candles=12
  [Math] BHARTIARTL: ticks=2538 | live_candles=12
  [Math] LT: ticks=1567 | live_candles=12
  [Math] HCLTECH: ticks=1124 | live_candles=12
  [Math] MARUTI: ticks=694 | live_candles=12
  [Math] WIPRO: ticks=2108 | live_candles=12
  [Math] NESTLEIND: ticks=1747 | live_candles=12
  [Math] BAJAJFINSV: ticks=934 | live_candles=12
  [Math] DRREDDY: ticks=431 | live_candles=12
  [Math] EICHERMOT: ticks=830 | live_candles=12
  [Math] HEROMOTOCO: ticks=1454 | live_candles=12
  [Math] HINDALCO: ticks=2080 | live_candles=12
  [Math] JSWSTEEL: ticks=791 | live_candles=12
  [Math] M&M: ticks=1792 | live_candles=12
  [Math] SBILIFE: ticks=566 | live_candles=12
  [Math] TATACONSUM: ticks=1175 | live_candles=12
2026-06-10 10:32:56 [INFO] core.state_manager: [BRIEFING] Loading from data/session_briefing.json...
2026-06-10 10:32:56 [INFO] core.state_manager: [BRIEFING] Loaded Valid: 8 approved + 22 watchlist (MORNING_SCREENER)
2026-06-10 10:33:02 [INFO] core.data_fetcher: 📡 Live feed | ticks received: 30/30 symbols | active=['SUNPHARMA', 'DIVISLAB', 'TATASTEEL', 'SBIN', 'TITAN', 'RELIANCE', 'NTPC', 'HDFCLIFE']...
2026-06-10 10:33:57 [INFO] core.state_manager: [BRIEFING] Loading from data/session_briefing.json...
2026-06-10 10:33:57 [INFO] core.state_manager: [BRIEFING] Loaded Valid: 8 approved + 22 watchlist (MORNING_SCREENER)
2026-06-10 10:34:08 [INFO] core.strategy: ─── Scan summary (30 subscribed) ───
  [Cognition] SUNPHARMA: ticks=1247 | live_candles=12
  [Cognition] DIVISLAB: ticks=879 | live_candles=12
  [Cognition] TATASTEEL: ticks=2390 | live_candles=12
  [Cognition] SBIN: ticks=2763 | live_candles=12
  [Cognition] TITAN: ticks=1262 | live_candles=12
  [Cognition] RELIANCE: ticks=2961 | live_candles=12
  [Cognition] NTPC: ticks=2103 | live_candles=12
  [Cognition] HDFCLIFE: ticks=528 | live_candles=12
  [Math] ICICIBANK: ticks=2204 | live_candles=12
  [Math] APOLLOHOSP: ticks=1183 | live_candles=12
  [Math] TCS: ticks=2364 | live_candles=12
  [Math] HDFCBANK: ticks=2315 | live_candles=12
  [Math] INFY: ticks=2113 | live_candles=12
  [Math] HINDUNILVR: ticks=2401 | live_candles=12
  [Math] ITC: ticks=2697 | live_candles=12
  [Math] BHARTIARTL: ticks=2595 | live_candles=12
  [Math] LT: ticks=1603 | live_candles=12
  [Math] HCLTECH: ticks=1164 | live_candles=12
  [Math] MARUTI: ticks=702 | live_candles=12
  [Math] WIPRO: ticks=2152 | live_candles=12
  [Math] NESTLEIND: ticks=1773 | live_candles=12
  [Math] BAJAJFINSV: ticks=959 | live_candles=12
  [Math] DRREDDY: ticks=447 | live_candles=12
  [Math] EICHERMOT: ticks=851 | live_candles=12
  [Math] HEROMOTOCO: ticks=1485 | live_candles=12
  [Math] HINDALCO: ticks=2124 | live_candles=12
  [Math] JSWSTEEL: ticks=807 | live_candles=12
  [Math] M&M: ticks=1826 | live_candles=12
  [Math] SBILIFE: ticks=573 | live_candles=12
  [Math] TATACONSUM: ticks=1207 | live_candles=12
2026-06-10 10:34:30 [WARNING] core.order_executor: 🔄 SL recovery attempt #6 for ICICIBANK | Qty: 2 | Trigger: ₹1279.47 | delay_was: 300s
2026-06-10 10:34:30 [INFO] core.order_executor: 🔄 [SL] Starting SL order placement | Symbol: ICICIBANK-EQ | Qty: 2 | Software SL: ₹1279.47 | Broker Trigger: ₹1266.7 | Broker Limit: ₹1266.05
2026-06-10 10:34:30 [INFO] core.order_executor: 📋 SL ORDER KWARGS (WILL SEND TO KOTAK):
2026-06-10 10:34:30 [INFO] core.order_executor:     exchange_segment     = nse_cm
2026-06-10 10:34:30 [INFO] core.order_executor:     product              = MIS
2026-06-10 10:34:30 [INFO] core.order_executor:     price                = 1266.05
2026-06-10 10:34:30 [INFO] core.order_executor:     order_type           = SL
2026-06-10 10:34:30 [INFO] core.order_executor:     quantity             = 2
2026-06-10 10:34:30 [INFO] core.order_executor:     validity             = DAY
2026-06-10 10:34:30 [INFO] core.order_executor:     trading_symbol       = ICICIBANK-EQ
2026-06-10 10:34:30 [INFO] core.order_executor:     transaction_type     = S
2026-06-10 10:34:30 [INFO] core.order_executor:     amo                  = NO
2026-06-10 10:34:30 [INFO] core.order_executor:     disclosed_quantity   = 0
2026-06-10 10:34:30 [INFO] core.order_executor:     market_protection    = 0
2026-06-10 10:34:30 [INFO] core.order_executor:     pf                   = N
2026-06-10 10:34:30 [INFO] core.order_executor:     trigger_price        = 1266.7
2026-06-10 10:34:30 [INFO] core.order_executor:    ℹ️ If Kotak rejects: Try exchange_segment='NSE' instead of 'nse_cm'
2026-06-10 10:34:30 [INFO] core.order_executor:    ℹ️ If Kotak rejects: Check if product 'MIS' supports SL orders (try 'CNC' if 'MIS' rejected)
2026-06-10 10:34:30 [INFO] core.token_validator: ✅ Trade token + sid confirmed and set on client (scope=['Trade'])
2026-06-10 10:34:30 [INFO] core.order_executor: 📋 PRE-ORDER CONFIG DUMP (SL-M) | host=PROD | access_token=SET | edit_token=SET | edit_sid=e49b550c-ee0f-432c-92c3-ccdcf265eeaa | serverId=24028c3e-9b6c-4189-a4e2-d41f429a24e3 | base_url=https://e41.kotaksecurities.com
2026-06-10 10:34:32 [ERROR] core.order_verifier: Order 260610000154815 rejected: 16283 : Order price is not a multiple of tick size  
2026-06-10 10:34:32 [ERROR] core.order_executor: ❌ SL Recovery Order rejected by broker! Backing off...
2026-06-10 10:34:57 [INFO] core.state_manager: [BRIEFING] Loading from data/session_briefing.json...
2026-06-10 10:34:57 [INFO] core.state_manager: [BRIEFING] Loaded Valid: 8 approved + 22 watchlist (MORNING_SCREENER)
2026-06-10 10:35:00 [INFO] core.data_fetcher: 🕯️ Candle closed: TATASTEEL | 2026-06-10 10:30 | O:201.99 H:202.05 L:201.83 C:202.00 V:184923.0
2026-06-10 10:35:00 [INFO] core.data_fetcher: 🕯️ Candle closed: RELIANCE | 2026-06-10 10:30 | O:1282.20 H:1282.70 L:1280.80 C:1282.70 V:137031.0
2026-06-10 10:35:00 [INFO] core.data_fetcher: 🕯️ Candle closed: INFY | 2026-06-10 10:30 | O:1160.30 H:1160.70 L:1158.50 C:1159.30 V:112617.0
2026-06-10 10:35:00 [INFO] core.data_fetcher: 🕯️ Candle closed: SBIN | 2026-06-10 10:30 | O:1007.80 H:1009.85 L:1007.65 C:1009.60 V:231389.0
2026-06-10 10:35:00 [INFO] core.data_fetcher: 🕯️ Candle closed: DRREDDY | 2026-06-10 10:30 | O:1277.80 H:1277.80 L:1273.50 C:1274.80 V:7724.0
2026-06-10 10:35:00 [INFO] core.data_fetcher: 🕯️ Candle closed: HDFCLIFE | 2026-06-10 10:30 | O:562.75 H:563.20 L:562.60 C:563.20 V:10808.0
2026-06-10 10:35:00 [INFO] core.data_fetcher: 🕯️ Candle closed: HINDALCO | 2026-06-10 10:30 | O:1038.00 H:1039.40 L:1036.70 C:1038.80 V:67786.0
2026-06-10 10:35:00 [INFO] core.data_fetcher: 🕯️ Candle closed: M&M | 2026-06-10 10:30 | O:2970.30 H:2972.90 L:2970.00 C:2972.90 V:18618.0
2026-06-10 10:35:01 [INFO] core.data_fetcher: 🕯️ Candle closed: NTPC | 2026-06-10 10:30 | O:356.50 H:357.15 L:356.25 C:356.65 V:203975.0
2026-06-10 10:35:01 [INFO] core.data_fetcher: 🕯️ Candle closed: BAJAJFINSV | 2026-06-10 10:30 | O:1689.30 H:1692.70 L:1689.00 C:1692.50 V:2445.0
2026-06-10 10:35:01 [INFO] core.data_fetcher: 🕯️ Candle closed: HINDUNILVR | 2026-06-10 10:30 | O:2186.20 H:2187.20 L:2183.00 C:2185.40 V:103351.0
2026-06-10 10:35:01 [INFO] core.data_fetcher: 🕯️ Candle closed: BHARTIARTL | 2026-06-10 10:30 | O:1791.10 H:1791.30 L:1789.80 C:1790.40 V:39943.0
2026-06-10 10:35:01 [INFO] core.data_fetcher: 🕯️ Candle closed: HDFCBANK | 2026-06-10 10:30 | O:737.65 H:738.95 L:737.50 C:738.90 V:345464.0
2026-06-10 10:35:01 [INFO] core.data_fetcher: 🕯️ Candle closed: SUNPHARMA | 2026-06-10 10:30 | O:1784.00 H:1786.50 L:1783.40 C:1785.40 V:14340.0
2026-06-10 10:35:01 [INFO] core.data_fetcher: 🕯️ Candle closed: APOLLOHOSP | 2026-06-10 10:30 | O:8611.00 H:8622.00 L:8606.50 C:8622.00 V:6250.0
2026-06-10 10:35:01 [INFO] core.data_fetcher: 🕯️ Candle closed: TCS | 2026-06-10 10:30 | O:2166.00 H:2166.10 L:2162.90 C:2166.00 V:32251.0
2026-06-10 10:35:01 [INFO] core.data_fetcher: 🕯️ Candle closed: WIPRO | 2026-06-10 10:30 | O:181.09 H:181.10 L:180.80 C:180.85 V:179247.0
2026-06-10 10:35:01 [INFO] core.data_fetcher: 🕯️ Candle closed: HCLTECH | 2026-06-10 10:30 | O:1147.40 H:1147.40 L:1145.00 C:1146.00 V:30423.0
2026-06-10 10:35:02 [INFO] core.data_fetcher: 🕯️ Candle closed: TITAN | 2026-06-10 10:30 | O:4107.00 H:4109.80 L:4105.30 C:4109.80 V:2783.0
2026-06-10 10:35:02 [INFO] core.data_fetcher: 📡 Live feed | ticks received: 30/30 symbols | active=['SUNPHARMA', 'DIVISLAB', 'TATASTEEL', 'SBIN', 'TITAN', 'RELIANCE', 'NTPC', 'HDFCLIFE']...
2026-06-10 10:35:02 [INFO] core.data_fetcher: 🕯️ Candle closed: LT | 2026-06-10 10:30 | O:3921.80 H:3929.00 L:3921.40 C:3927.50 V:24590.0
2026-06-10 10:35:02 [INFO] core.data_fetcher: 🕯️ Candle closed: HEROMOTOCO | 2026-06-10 10:30 | O:4928.10 H:4943.50 L:4928.10 C:4941.40 V:7181.0
2026-06-10 10:35:03 [INFO] core.data_fetcher: 🕯️ Candle closed: ICICIBANK | 2026-06-10 10:30 | O:1284.90 H:1287.10 L:1284.80 C:1286.80 V:227873.0
2026-06-10 10:35:03 [INFO] core.data_fetcher: 🕯️ Candle closed: EICHERMOT | 2026-06-10 10:30 | O:7221.50 H:7243.00 L:7221.50 C:7243.00 V:3915.0
2026-06-10 10:35:03 [INFO] core.data_fetcher: 🕯️ Candle closed: ITC | 2026-06-10 10:30 | O:283.35 H:283.40 L:283.20 C:283.30 V:122322.0
2026-06-10 10:35:04 [INFO] core.data_fetcher: 🕯️ Candle closed: NESTLEIND | 2026-06-10 10:30 | O:1449.80 H:1449.80 L:1448.40 C:1448.60 V:23125.0
2026-06-10 10:35:06 [INFO] core.data_fetcher: 🕯️ Candle closed: DIVISLAB | 2026-06-10 10:30 | O:6786.00 H:6794.50 L:6776.00 C:6794.00 V:4038.0
2026-06-10 10:35:07 [INFO] core.data_fetcher: 🕯️ Candle closed: JSWSTEEL | 2026-06-10 10:30 | O:1263.90 H:1265.70 L:1263.00 C:1265.50 V:14380.0
2026-06-10 10:35:08 [INFO] core.data_fetcher: 🕯️ Candle closed: MARUTI | 2026-06-10 10:30 | O:13095.00 H:13105.00 L:13090.00 C:13102.00 V:1207.0
2026-06-10 10:35:13 [INFO] core.data_fetcher: 🕯️ Candle closed: TATACONSUM | 2026-06-10 10:30 | O:1127.60 H:1128.10 L:1125.10 C:1126.00 V:20492.0
2026-06-10 10:35:39 [INFO] core.strategy: ─── Scan summary (30 subscribed) ───
  [Cognition] SUNPHARMA: ticks=1276 | live_candles=13
  [Cognition] DIVISLAB: ticks=903 | live_candles=13
  [Cognition] TATASTEEL: ticks=2448 | live_candles=13
  [Cognition] SBIN: ticks=2838 | live_candles=13
  [Cognition] TITAN: ticks=1269 | live_candles=13
  [Cognition] RELIANCE: ticks=3020 | live_candles=13
  [Cognition] NTPC: ticks=2153 | live_candles=13
  [Cognition] HDFCLIFE: ticks=538 | live_candles=13
  [Math] ICICIBANK: ticks=2257 | live_candles=13
  [Math] APOLLOHOSP: ticks=1214 | live_candles=13
  [Math] TCS: ticks=2396 | live_candles=13
  [Math] HDFCBANK: ticks=2379 | live_candles=13
  [Math] INFY: ticks=2147 | live_candles=13
  [Math] HINDUNILVR: ticks=2451 | live_candles=13
  [Math] ITC: ticks=2756 | live_candles=13
  [Math] BHARTIARTL: ticks=2650 | live_candles=13
  [Math] LT: ticks=1646 | live_candles=13
  [Math] HCLTECH: ticks=1186 | live_candles=13
  [Math] MARUTI: ticks=718 | live_candles=13
  [Math] WIPRO: ticks=2205 | live_candles=13
  [Math] NESTLEIND: ticks=1794 | live_candles=13
  [Math] BAJAJFINSV: ticks=987 | live_candles=13
  [Math] DRREDDY: ticks=459 | live_candles=13
  [Math] EICHERMOT: ticks=876 | live_candles=13
  [Math] HEROMOTOCO: ticks=1511 | live_candles=13
  [Math] HINDALCO: ticks=2158 | live_candles=13
  [Math] JSWSTEEL: ticks=824 | live_candles=13
  [Math] M&M: ticks=1871 | live_candles=13
  [Math] SBILIFE: ticks=575 | live_candles=12
  [Math] TATACONSUM: ticks=1222 | live_candles=13
2026-06-10 10:35:42 [INFO] core.data_fetcher: 🕯️ Candle closed: SBILIFE | 2026-06-10 10:30 | O:1768.50 H:1769.70 L:1768.30 C:1769.00 V:2819.0
2026-06-10 10:35:59 [INFO] core.state_manager: [BRIEFING] Loading from data/session_briefing.json...
2026-06-10 10:35:59 [INFO] core.state_manager: [BRIEFING] Loaded Valid: 8 approved + 22 watchlist (MORNING_SCREENER)
2026-06-10 10:36:59 [INFO] core.state_manager: [BRIEFING] Loading from data/session_briefing.json...
2026-06-10 10:36:59 [INFO] core.state_manager: [BRIEFING] Loaded Valid: 8 approved + 22 watchlist (MORNING_SCREENER)
2026-06-10 10:37:01 [INFO] apscheduler.executors.default: Running job "Market Observation Loop (trigger: interval[0:15:00], next run at: 2026-06-10 10:52:01 IST)" (scheduled at 2026-06-10 10:37:01.484149+05:30)
2026-06-10 10:37:01 [INFO] reflection.observation_loop: 🔍 Running observation cycle...
2026-06-10 10:37:01 [INFO] core.state_manager: [BRIEFING] Loading from data/session_briefing.json...
2026-06-10 10:37:01 [INFO] core.state_manager: [BRIEFING] Loaded Valid: 8 approved + 22 watchlist (MORNING_SCREENER)
2026-06-10 10:37:01 [INFO] reflection.observation_loop: 📊 Observation recorded:
   Market: RANGING | Trend: WEAK
   Vol: LOW | Breakouts: LOW
   Reversals: LOW
2026-06-10 10:37:01 [INFO] apscheduler.executors.default: Job "Market Observation Loop (trigger: interval[0:15:00], next run at: 2026-06-10 10:52:01 IST)" executed successfully
2026-06-10 10:37:02 [INFO] core.data_fetcher: 📡 Live feed | ticks received: 30/30 symbols | active=['SUNPHARMA', 'DIVISLAB', 'TATASTEEL', 'SBIN', 'TITAN', 'RELIANCE', 'NTPC', 'HDFCLIFE']...
2026-06-10 10:37:10 [INFO] core.strategy: ─── Scan summary (30 subscribed) ───
  [Cognition] SUNPHARMA: ticks=1333 | live_candles=13
  [Cognition] DIVISLAB: ticks=924 | live_candles=13
  [Cognition] TATASTEEL: ticks=2514 | live_candles=13
  [Cognition] SBIN: ticks=2913 | live_candles=13
  [Cognition] TITAN: ticks=1285 | live_candles=13
  [Cognition] RELIANCE: ticks=3076 | live_candles=13
  [Cognition] NTPC: ticks=2197 | live_candles=13
  [Cognition] HDFCLIFE: ticks=546 | live_candles=13
  [Math] ICICIBANK: ticks=2313 | live_candles=13
  [Math] APOLLOHOSP: ticks=1231 | live_candles=13
  [Math] TCS: ticks=2441 | live_candles=13
  [Math] HDFCBANK: ticks=2428 | live_candles=13
  [Math] INFY: ticks=2177 | live_candles=13
  [Math] HINDUNILVR: ticks=2501 | live_candles=13
  [Math] ITC: ticks=2825 | live_candles=13
  [Math] BHARTIARTL: ticks=2707 | live_candles=13
  [Math] LT: ticks=1681 | live_candles=13
  [Math] HCLTECH: ticks=1220 | live_candles=13
  [Math] MARUTI: ticks=738 | live_candles=13
  [Math] WIPRO: ticks=2251 | live_candles=13
  [Math] NESTLEIND: ticks=1842 | live_candles=13
  [Math] BAJAJFINSV: ticks=1015 | live_candles=13
  [Math] DRREDDY: ticks=478 | live_candles=13
  [Math] EICHERMOT: ticks=897 | live_candles=13
  [Math] HEROMOTOCO: ticks=1533 | live_candles=13
  [Math] HINDALCO: ticks=2206 | live_candles=13
  [Math] JSWSTEEL: ticks=844 | live_candles=13
  [Math] M&M: ticks=1920 | live_candles=13
  [Math] SBILIFE: ticks=583 | live_candles=13
  [Math] TATACONSUM: ticks=1250 | live_candles=13
2026-06-10 10:38:01 [INFO] core.state_manager: [BRIEFING] Loading from data/session_briefing.json...
2026-06-10 10:38:01 [INFO] core.state_manager: [BRIEFING] Loaded Valid: 8 approved + 22 watchlist (MORNING_SCREENER)
2026-06-10 10:38:41 [INFO] core.strategy: ─── Scan summary (30 subscribed) ───
  [Cognition] SUNPHARMA: ticks=1376 | live_candles=13
  [Cognition] DIVISLAB: ticks=943 | live_candles=13
  [Cognition] TATASTEEL: ticks=2586 | live_candles=13
  [Cognition] SBIN: ticks=2986 | live_candles=13
  [Cognition] TITAN: ticks=1312 | live_candles=13
  [Cognition] RELIANCE: ticks=3144 | live_candles=13
  [Cognition] NTPC: ticks=2250 | live_candles=13
  [Cognition] HDFCLIFE: ticks=562 | live_candles=13
  [Math] ICICIBANK: ticks=2360 | live_candles=13
  [Math] APOLLOHOSP: ticks=1251 | live_candles=13
  [Math] TCS: ticks=2488 | live_candles=13
  [Math] HDFCBANK: ticks=2493 | live_candles=13
  [Math] INFY: ticks=2215 | live_candles=13
  [Math] HINDUNILVR: ticks=2540 | live_candles=13
  [Math] ITC: ticks=2893 | live_candles=13
  [Math] BHARTIARTL: ticks=2769 | live_candles=13
  [Math] LT: ticks=1736 | live_candles=13
  [Math] HCLTECH: ticks=1244 | live_candles=13
  [Math] MARUTI: ticks=766 | live_candles=13
  [Math] WIPRO: ticks=2313 | live_candles=13
  [Math] NESTLEIND: ticks=1884 | live_candles=13
  [Math] BAJAJFINSV: ticks=1042 | live_candles=13
  [Math] DRREDDY: ticks=486 | live_candles=13
  [Math] EICHERMOT: ticks=920 | live_candles=13
  [Math] HEROMOTOCO: ticks=1558 | live_candles=13
  [Math] HINDALCO: ticks=2252 | live_candles=13
  [Math] JSWSTEEL: ticks=863 | live_candles=13
  [Math] M&M: ticks=1962 | live_candles=13
  [Math] SBILIFE: ticks=590 | live_candles=13
  [Math] TATACONSUM: ticks=1283 | live_candles=13
2026-06-10 10:39:02 [INFO] core.data_fetcher: 📡 Live feed | ticks received: 30/30 symbols | active=['SUNPHARMA', 'DIVISLAB', 'TATASTEEL', 'SBIN', 'TITAN', 'RELIANCE', 'NTPC', 'HDFCLIFE']...
2026-06-10 10:39:03 [INFO] core.state_manager: [BRIEFING] Loading from data/session_briefing.json...
2026-06-10 10:39:03 [INFO] core.state_manager: [BRIEFING] Loaded Valid: 8 approved + 22 watchlist (MORNING_SCREENER)
2026-06-10 10:39:32 [WARNING] core.order_executor: 🔄 SL recovery attempt #7 for ICICIBANK | Qty: 2 | Trigger: ₹1279.47 | delay_was: 300s
2026-06-10 10:39:32 [INFO] core.order_executor: 🔄 [SL] Starting SL order placement | Symbol: ICICIBANK-EQ | Qty: 2 | Software SL: ₹1279.47 | Broker Trigger: ₹1266.7 | Broker Limit: ₹1266.05
2026-06-10 10:39:32 [INFO] core.order_executor: 📋 SL ORDER KWARGS (WILL SEND TO KOTAK):
2026-06-10 10:39:32 [INFO] core.order_executor:     exchange_segment     = nse_cm
2026-06-10 10:39:32 [INFO] core.order_executor:     product              = MIS
2026-06-10 10:39:32 [INFO] core.order_executor:     price                = 1266.05
2026-06-10 10:39:32 [INFO] core.order_executor:     order_type           = SL
2026-06-10 10:39:32 [INFO] core.order_executor:     quantity             = 2
2026-06-10 10:39:32 [INFO] core.order_executor:     validity             = DAY
2026-06-10 10:39:32 [INFO] core.order_executor:     trading_symbol       = ICICIBANK-EQ
2026-06-10 10:39:32 [INFO] core.order_executor:     transaction_type     = S
2026-06-10 10:39:32 [INFO] core.order_executor:     amo                  = NO
2026-06-10 10:39:32 [INFO] core.order_executor:     disclosed_quantity   = 0
2026-06-10 10:39:32 [INFO] core.order_executor:     market_protection    = 0
2026-06-10 10:39:32 [INFO] core.order_executor:     pf                   = N
2026-06-10 10:39:32 [INFO] core.order_executor:     trigger_price        = 1266.7
2026-06-10 10:39:32 [INFO] core.order_executor:    ℹ️ If Kotak rejects: Try exchange_segment='NSE' instead of 'nse_cm'
2026-06-10 10:39:32 [INFO] core.order_executor:    ℹ️ If Kotak rejects: Check if product 'MIS' supports SL orders (try 'CNC' if 'MIS' rejected)
2026-06-10 10:39:32 [INFO] core.token_validator: ✅ Trade token + sid confirmed and set on client (scope=['Trade'])
2026-06-10 10:39:32 [INFO] core.order_executor: 📋 PRE-ORDER CONFIG DUMP (SL-M) | host=PROD | access_token=SET | edit_token=SET | edit_sid=e49b550c-ee0f-432c-92c3-ccdcf265eeaa | serverId=24028c3e-9b6c-4189-a4e2-d41f429a24e3 | base_url=https://e41.kotaksecurities.com
2026-06-10 10:39:34 [ERROR] core.order_verifier: Order 260610000162623 rejected: 16283 : Order price is not a multiple of tick size  
2026-06-10 10:39:34 [ERROR] core.order_executor: ❌ SL Recovery Order rejected by broker! Backing off...
2026-06-10 10:40:00 [INFO] core.data_fetcher: 🕯️ Candle closed: TATASTEEL | 2026-06-10 10:35 | O:201.95 H:201.95 L:201.41 C:201.45 V:647922.0
2026-06-10 10:40:00 [INFO] core.data_fetcher: 🕯️ Candle closed: WIPRO | 2026-06-10 10:35 | O:180.82 H:181.09 L:180.75 C:180.81 V:161951.0
2026-06-10 10:40:00 [INFO] core.data_fetcher: 🕯️ Candle closed: HINDUNILVR | 2026-06-10 10:35 | O:2184.80 H:2186.00 L:2184.00 C:2184.00 V:16661.0
2026-06-10 10:40:00 [INFO] core.data_fetcher: 🕯️ Candle closed: ICICIBANK | 2026-06-10 10:35 | O:1286.70 H:1290.00 L:1286.70 C:1289.50 V:179391.0
2026-06-10 10:40:00 [INFO] core.data_fetcher: 🕯️ Candle closed: SUNPHARMA | 2026-06-10 10:35 | O:1785.50 H:1787.10 L:1782.40 C:1784.50 V:91875.0
2026-06-10 10:40:00 [INFO] core.data_fetcher: 🕯️ Candle closed: SBIN | 2026-06-10 10:35 | O:1009.65 H:1010.50 L:1008.95 C:1009.10 V:196957.0
2026-06-10 10:40:00 [INFO] core.data_fetcher: 🕯️ Candle closed: HDFCLIFE | 2026-06-10 10:35 | O:563.25 H:563.25 L:562.60 C:563.10 V:21091.0
2026-06-10 10:40:00 [INFO] core.data_fetcher: 🕯️ Candle closed: ITC | 2026-06-10 10:35 | O:283.35 H:283.40 L:283.20 C:283.30 V:190625.0
2026-06-10 10:40:00 [INFO] core.data_fetcher: 🕯️ Candle closed: HINDALCO | 2026-06-10 10:35 | O:1038.90 H:1039.50 L:1037.70 C:1038.00 V:61567.0
2026-06-10 10:40:00 [INFO] core.data_fetcher: 🕯️ Candle closed: M&M | 2026-06-10 10:35 | O:2972.80 H:2979.70 L:2971.10 C:2979.30 V:37571.0
2026-06-10 10:40:00 [INFO] core.data_fetcher: 🕯️ Candle closed: BAJAJFINSV | 2026-06-10 10:35 | O:1692.80 H:1693.80 L:1691.20 C:1693.30 V:22331.0
2026-06-10 10:40:01 [INFO] core.data_fetcher: 🕯️ Candle closed: HCLTECH | 2026-06-10 10:35 | O:1145.90 H:1147.30 L:1145.90 C:1146.10 V:19491.0
2026-06-10 10:40:01 [INFO] core.data_fetcher: 🕯️ Candle closed: LT | 2026-06-10 10:35 | O:3927.00 H:3939.00 L:3925.20 C:3934.90 V:52971.0
2026-06-10 10:40:01 [INFO] core.data_fetcher: 🕯️ Candle closed: NESTLEIND | 2026-06-10 10:35 | O:1448.80 H:1448.80 L:1445.20 C:1446.80 V:34049.0
2026-06-10 10:40:01 [INFO] core.data_fetcher: 🕯️ Candle closed: BHARTIARTL | 2026-06-10 10:35 | O:1790.60 H:1792.80 L:1790.10 C:1791.50 V:46293.0
2026-06-10 10:40:01 [INFO] core.data_fetcher: 🕯️ Candle closed: TATACONSUM | 2026-06-10 10:35 | O:1125.90 H:1126.40 L:1120.40 C:1121.30 V:38117.0
2026-06-10 10:40:01 [INFO] core.data_fetcher: 🕯️ Candle closed: EICHERMOT | 2026-06-10 10:35 | O:7244.00 H:7253.00 L:7227.50 C:7228.00 V:6013.0
2026-06-10 10:40:01 [INFO] core.data_fetcher: 🕯️ Candle closed: HDFCBANK | 2026-06-10 10:35 | O:738.85 H:739.25 L:738.10 C:738.15 V:279150.0
2026-06-10 10:40:01 [INFO] core.data_fetcher: 🕯️ Candle closed: INFY | 2026-06-10 10:35 | O:1159.10 H:1159.90 L:1157.70 C:1158.60 V:65974.0
2026-06-10 10:40:01 [INFO] core.data_fetcher: 🕯️ Candle closed: JSWSTEEL | 2026-06-10 10:35 | O:1265.30 H:1265.70 L:1263.40 C:1264.40 V:8581.0
2026-06-10 10:40:02 [INFO] core.data_fetcher: 🕯️ Candle closed: SBILIFE | 2026-06-10 10:35 | O:1768.90 H:1769.00 L:1767.50 C:1768.60 V:1769.0
2026-06-10 10:40:02 [INFO] core.data_fetcher: 🕯️ Candle closed: TCS | 2026-06-10 10:35 | O:2166.70 H:2169.00 L:2163.10 C:2163.30 V:25667.0
2026-06-10 10:40:02 [INFO] core.data_fetcher: 🕯️ Candle closed: RELIANCE | 2026-06-10 10:35 | O:1282.60 H:1283.40 L:1280.30 C:1280.30 V:202126.0
2026-06-10 10:40:02 [INFO] core.data_fetcher: 🕯️ Candle closed: DIVISLAB | 2026-06-10 10:35 | O:6791.00 H:6800.00 L:6781.00 C:6783.50 V:5534.0
2026-06-10 10:40:03 [INFO] core.data_fetcher: 🕯️ Candle closed: MARUTI | 2026-06-10 10:35 | O:13101.00 H:13119.00 L:13100.00 C:13115.00 V:1174.0
2026-06-10 10:40:04 [INFO] core.data_fetcher: 🕯️ Candle closed: NTPC | 2026-06-10 10:35 | O:356.85 H:357.10 L:356.35 C:356.35 V:81311.0
2026-06-10 10:40:04 [INFO] core.state_manager: [BRIEFING] Loading from data/session_briefing.json...
2026-06-10 10:40:04 [INFO] core.state_manager: [BRIEFING] Loaded Valid: 8 approved + 22 watchlist (MORNING_SCREENER)
2026-06-10 10:40:04 [INFO] core.data_fetcher: 🕯️ Candle closed: HEROMOTOCO | 2026-06-10 10:35 | O:4940.60 H:4946.40 L:4926.30 C:4928.60 V:4959.0
2026-06-10 10:40:10 [INFO] core.data_fetcher: 🕯️ Candle closed: TITAN | 2026-06-10 10:35 | O:4109.70 H:4114.80 L:4107.50 C:4110.60 V:6003.0
2026-06-10 10:40:11 [INFO] core.data_fetcher: 🕯️ Candle closed: DRREDDY | 2026-06-10 10:35 | O:1275.20 H:1275.20 L:1273.20 C:1273.20 V:2242.0
2026-06-10 10:40:13 [INFO] core.strategy: ─── Scan summary (30 subscribed) ───
  [Cognition] SUNPHARMA: ticks=1406 | live_candles=14
  [Cognition] DIVISLAB: ticks=974 | live_candles=14
  [Cognition] TATASTEEL: ticks=2646 | live_candles=14
  [Cognition] SBIN: ticks=3051 | live_candles=14
  [Cognition] TITAN: ticks=1336 | live_candles=14
  [Cognition] RELIANCE: ticks=3222 | live_candles=14
  [Cognition] NTPC: ticks=2294 | live_candles=14
  [Cognition] HDFCLIFE: ticks=576 | live_candles=14
  [Math] ICICIBANK: ticks=2409 | live_candles=14
  [Math] APOLLOHOSP: ticks=1266 | live_candles=13
  [Math] TCS: ticks=2542 | live_candles=14
  [Math] HDFCBANK: ticks=2554 | live_candles=14
  [Math] INFY: ticks=2273 | live_candles=14
  [Math] HINDUNILVR: ticks=2592 | live_candles=14
  [Math] ITC: ticks=2958 | live_candles=14
  [Math] BHARTIARTL: ticks=2831 | live_candles=14
  [Math] LT: ticks=1793 | live_candles=14
  [Math] HCLTECH: ticks=1270 | live_candles=14
  [Math] MARUTI: ticks=786 | live_candles=14
  [Math] WIPRO: ticks=2378 | live_candles=14
  [Math] NESTLEIND: ticks=1920 | live_candles=14
  [Math] BAJAJFINSV: ticks=1069 | live_candles=14
  [Math] DRREDDY: ticks=499 | live_candles=14
  [Math] EICHERMOT: ticks=945 | live_candles=14
  [Math] HEROMOTOCO: ticks=1581 | live_candles=14
  [Math] HINDALCO: ticks=2289 | live_candles=14
  [Math] JSWSTEEL: ticks=886 | live_candles=14
  [Math] M&M: ticks=2015 | live_candles=14
  [Math] SBILIFE: ticks=602 | live_candles=14
  [Math] TATACONSUM: ticks=1320 | live_candles=14
2026-06-10 10:40:15 [INFO] core.data_fetcher: 🕯️ Candle closed: APOLLOHOSP | 2026-06-10 10:35 | O:8621.00 H:8623.00 L:8609.00 C:8611.00 V:3584.0
2026-06-10 10:41:02 [INFO] core.data_fetcher: 📡 Live feed | ticks received: 30/30 symbols | active=['SUNPHARMA', 'DIVISLAB', 'TATASTEEL', 'SBIN', 'TITAN', 'RELIANCE', 'NTPC', 'HDFCLIFE']...
2026-06-10 10:41:06 [INFO] core.state_manager: [BRIEFING] Loading from data/session_briefing.json...
2026-06-10 10:41:06 [INFO] core.state_manager: [BRIEFING] Loaded Valid: 8 approved + 22 watchlist (MORNING_SCREENER)
2026-06-10 10:41:43 [INFO] core.strategy: ─── Scan summary (30 subscribed) ───
  [Cognition] SUNPHARMA: ticks=1440 | live_candles=14
  [Cognition] DIVISLAB: ticks=994 | live_candles=14
  [Cognition] TATASTEEL: ticks=2715 | live_candles=14
  [Cognition] SBIN: ticks=3114 | live_candles=14
  [Cognition] TITAN: ticks=1359 | live_candles=14
  [Cognition] RELIANCE: ticks=3301 | live_candles=14
  [Cognition] NTPC: ticks=2354 | live_candles=14
  [Cognition] HDFCLIFE: ticks=586 | live_candles=14
  [Math] ICICIBANK: ticks=2474 | live_candles=14
  [Math] APOLLOHOSP: ticks=1294 | live_candles=14
  [Math] TCS: ticks=2569 | live_candles=14
  [Math] HDFCBANK: ticks=2595 | live_candles=14
  [Math] INFY: ticks=2317 | live_candles=14
  [Math] HINDUNILVR: ticks=2642 | live_candles=14
  [Math] ITC: ticks=3023 | live_candles=14
  [Math] BHARTIARTL: ticks=2891 | live_candles=14
  [Math] LT: ticks=1840 | live_candles=14
  [Math] HCLTECH: ticks=1288 | live_candles=14
  [Math] MARUTI: ticks=803 | live_candles=14
  [Math] WIPRO: ticks=2425 | live_candles=14
  [Math] NESTLEIND: ticks=1945 | live_candles=14
  [Math] BAJAJFINSV: ticks=1100 | live_candles=14
  [Math] DRREDDY: ticks=513 | live_candles=14
  [Math] EICHERMOT: ticks=968 | live_candles=14
  [Math] HEROMOTOCO: ticks=1614 | live_candles=14
  [Math] HINDALCO: ticks=2333 | live_candles=14
  [Math] JSWSTEEL: ticks=904 | live_candles=14
  [Math] M&M: ticks=2071 | live_candles=14
  [Math] SBILIFE: ticks=614 | live_candles=14
  [Math] TATACONSUM: ticks=1340 | live_candles=14
2026-06-10 10:42:08 [INFO] core.state_manager: [BRIEFING] Loading from data/session_briefing.json...
2026-06-10 10:42:08 [INFO] core.state_manager: [BRIEFING] Loaded Valid: 8 approved + 22 watchlist (MORNING_SCREENER)
2026-06-10 10:42:14 [WARNING] core.order_verifier: ⚠️  Removing old pending order: 260610000149265
2026-06-10 10:43:02 [INFO] core.data_fetcher: 📡 Live feed | ticks received: 30/30 symbols | active=['SUNPHARMA', 'DIVISLAB', 'TATASTEEL', 'SBIN', 'TITAN', 'RELIANCE', 'NTPC', 'HDFCLIFE']...
2026-06-10 10:43:09 [INFO] core.state_manager: [BRIEFING] Loading from data/session_briefing.json...
2026-06-10 10:43:09 [INFO] core.state_manager: [BRIEFING] Loaded Valid: 8 approved + 22 watchlist (MORNING_SCREENER)
2026-06-10 10:43:14 [INFO] core.strategy: ─── Scan summary (30 subscribed) ───
  [Cognition] SUNPHARMA: ticks=1484 | live_candles=14
  [Cognition] DIVISLAB: ticks=1029 | live_candles=14
  [Cognition] TATASTEEL: ticks=2772 | live_candles=14
  [Cognition] SBIN: ticks=3183 | live_candles=14
  [Cognition] TITAN: ticks=1382 | live_candles=14
  [Cognition] RELIANCE: ticks=3383 | live_candles=14
  [Cognition] NTPC: ticks=2395 | live_candles=14
  [Cognition] HDFCLIFE: ticks=602 | live_candles=14
  [Math] ICICIBANK: ticks=2540 | live_candles=14
  [Math] APOLLOHOSP: ticks=1319 | live_candles=14
  [Math] TCS: ticks=2614 | live_candles=14
  [Math] HDFCBANK: ticks=2645 | live_candles=14
  [Math] INFY: ticks=2365 | live_candles=14
  [Math] HINDUNILVR: ticks=2692 | live_candles=14
  [Math] ITC: ticks=3080 | live_candles=14
  [Math] BHARTIARTL: ticks=2958 | live_candles=14
  [Math] LT: ticks=1896 | live_candles=14
  [Math] HCLTECH: ticks=1305 | live_candles=14
  [Math] MARUTI: ticks=816 | live_candles=14
  [Math] WIPRO: ticks=2455 | live_candles=14
  [Math] NESTLEIND: ticks=1967 | live_candles=14
  [Math] BAJAJFINSV: ticks=1129 | live_candles=14
  [Math] DRREDDY: ticks=528 | live_candles=14
  [Math] EICHERMOT: ticks=990 | live_candles=14
  [Math] HEROMOTOCO: ticks=1643 | live_candles=14
  [Math] HINDALCO: ticks=2375 | live_candles=14
  [Math] JSWSTEEL: ticks=918 | live_candles=14
  [Math] M&M: ticks=2133 | live_candles=14
  [Math] SBILIFE: ticks=643 | live_candles=14
  [Math] TATACONSUM: ticks=1371 | live_candles=14
2026-06-10 10:44:11 [INFO] core.state_manager: [BRIEFING] Loading from data/session_briefing.json...
2026-06-10 10:44:11 [INFO] core.state_manager: [BRIEFING] Loaded Valid: 8 approved + 22 watchlist (MORNING_SCREENER)
2026-06-10 10:44:11 [INFO] core.strategy: BUY SIGNAL TRIGGERED
Symbol: TITAN
Price: 4112.7
Triggered Set: BUY_THREE_SOLDIERS_MOMENTUM
Set Side: BUY
Confidence: base=74.0 signal_x=1.0 weight_x=1.0 time=10:00-11:30@1.0 market_x=1.0 advisory_x=0.99 final=73.3 min=35.0
Satisfied:
- Three White Soldiers: pattern=True
- OBV Trending Up: OBV started=265996, ended=271999
Why: Three White Soldiers pattern showing pure buying pressure, confirmed by OBV trending up.
2026-06-10 10:44:11 [INFO] core.token_validator: 🔐 Pre-Order Token Check | State: VALID | Info: {'status': 'VALID', 'scope': ['Trade'], 'ucc': 'XD16F', 'expires_at': '2026-06-11T00:00:00', 'issued_at': '2026-06-10T09:36:57', 'seconds_until_expiry': 47749, 'created_seconds_ago': 4034}
2026-06-10 10:44:11 [INFO] core.token_validator: ✅ Token ready for order — proceeding
2026-06-10 10:44:12 [INFO] core.order_executor: 📊 Margin Discovery [TITAN]: ₹822.54/share (5.0x) [Source: API (client.margin_required)]
2026-06-10 10:44:12 [ERROR] core.order_executor: ❌ INSUFFICIENT MARGIN/RISK FOR TITAN | Price: ₹4112.7 | SL: ₹4092.14 | Free Margin: ₹1817 | Margin/Share: ₹822.54 | Risk-qty: 0 | Alloc-qty: 0 | Lever-qty: 2
2026-06-10 10:44:12 [ERROR] core.order_executor: BUY rejected for TITAN: invalid/insufficient quantity 0 | price=4112.7 | available=1765.0787500000006
2026-06-10 10:44:13 [INFO] core.strategy: BUY SIGNAL TRIGGERED
Symbol: LT
Price: 3939.9
Triggered Set: BUY_THREE_SOLDIERS_MOMENTUM
Set Side: BUY
Confidence: base=50.0 signal_x=1.0 weight_x=1.0 time=10:00-11:30@1.0 market_x=1.0 advisory_x=0.99 final=49.5 min=35.0
Satisfied:
- Three White Soldiers: pattern=True
- OBV Trending Up: OBV started=316749, ended=369720
Why: Three White Soldiers pattern showing pure buying pressure, confirmed by OBV trending up.
2026-06-10 10:44:13 [INFO] core.token_validator: 🔐 Pre-Order Token Check | State: VALID | Info: {'status': 'VALID', 'scope': ['Trade'], 'ucc': 'XD16F', 'expires_at': '2026-06-11T00:00:00', 'issued_at': '2026-06-10T09:36:57', 'seconds_until_expiry': 47747, 'created_seconds_ago': 4036}
2026-06-10 10:44:13 [INFO] core.token_validator: ✅ Token ready for order — proceeding
2026-06-10 10:44:13 [INFO] core.order_executor: 📊 Margin Discovery [LT]: ₹787.98/share (5.0x) [Source: API (client.margin_required)]
2026-06-10 10:44:13 [ERROR] core.order_executor: ❌ INSUFFICIENT MARGIN/RISK FOR LT | Price: ₹3939.9 | SL: ₹3920.2 | Free Margin: ₹1818 | Margin/Share: ₹787.98 | Risk-qty: 0 | Alloc-qty: 0 | Lever-qty: 2
2026-06-10 10:44:13 [ERROR] core.order_executor: BUY rejected for LT: invalid/insufficient quantity 0 | price=3939.9 | available=1765.0787500000006
2026-06-10 10:44:13 [INFO] core.strategy: BUY SIGNAL TRIGGERED
Symbol: MARUTI
Price: 13118.0
Triggered Set: BUY_THREE_SOLDIERS_MOMENTUM
Set Side: BUY
Confidence: base=50.0 signal_x=1.0 weight_x=1.0 time=10:00-11:30@1.0 market_x=1.0 advisory_x=0.99 final=49.5 min=35.0
Satisfied:
- Three White Soldiers: pattern=True
- OBV Trending Up: OBV started=1305, ended=2479
Why: Three White Soldiers pattern showing pure buying pressure, confirmed by OBV trending up.
2026-06-10 10:44:13 [INFO] core.token_validator: 🔐 Pre-Order Token Check | State: VALID | Info: {'status': 'VALID', 'scope': ['Trade'], 'ucc': 'XD16F', 'expires_at': '2026-06-11T00:00:00', 'issued_at': '2026-06-10T09:36:57', 'seconds_until_expiry': 47747, 'created_seconds_ago': 4036}
2026-06-10 10:44:13 [INFO] core.token_validator: ✅ Token ready for order — proceeding
2026-06-10 10:44:13 [INFO] core.order_executor: 📊 Margin Discovery [MARUTI]: ₹2623.60/share (5.0x) [Source: API (client.margin_required)]
2026-06-10 10:44:13 [ERROR] core.order_executor: ❌ INSUFFICIENT MARGIN/RISK FOR MARUTI | Price: ₹13118.0 | SL: ₹13052.41 | Free Margin: ₹1818 | Margin/Share: ₹2623.60 | Risk-qty: 0 | Alloc-qty: 0 | Lever-qty: 0
2026-06-10 10:44:13 [ERROR] core.order_executor: BUY rejected for MARUTI: invalid/insufficient quantity 0 | price=13118.0 | available=1765.0787500000006
2026-06-10 10:44:14 [INFO] core.strategy: BUY SIGNAL TRIGGERED
Symbol: BAJAJFINSV
Price: 1695.0
Triggered Set: BUY_THREE_SOLDIERS_MOMENTUM
Set Side: BUY
Confidence: base=50.0 signal_x=1.0 weight_x=1.0 time=10:00-11:30@1.0 market_x=1.0 advisory_x=0.99 final=49.5 min=35.0
Satisfied:
- Three White Soldiers: pattern=True
- OBV Trending Up: OBV started=-355920, ended=-333589
Why: Three White Soldiers pattern showing pure buying pressure, confirmed by OBV trending up.
2026-06-10 10:44:14 [INFO] core.token_validator: 🔐 Pre-Order Token Check | State: VALID | Info: {'status': 'VALID', 'scope': ['Trade'], 'ucc': 'XD16F', 'expires_at': '2026-06-11T00:00:00', 'issued_at': '2026-06-10T09:36:57', 'seconds_until_expiry': 47746, 'created_seconds_ago': 4037}
2026-06-10 10:44:14 [INFO] core.token_validator: ✅ Token ready for order — proceeding
2026-06-10 10:44:14 [INFO] core.order_executor: 📊 Margin Discovery [BAJAJFINSV]: ₹339.00/share (5.0x) [Source: API (client.margin_required)]
2026-06-10 10:44:14 [ERROR] core.order_executor: ❌ INSUFFICIENT MARGIN/RISK FOR BAJAJFINSV | Price: ₹1695.0 | SL: ₹1686.53 | Free Margin: ₹1818 | Margin/Share: ₹339.00 | Risk-qty: 2 | Alloc-qty: 0 | Lever-qty: 5
2026-06-10 10:44:14 [ERROR] core.order_executor: BUY rejected for BAJAJFINSV: invalid/insufficient quantity 0 | price=1695.0 | available=1765.0787500000006
2026-06-10 10:44:14 [INFO] core.strategy: BUY SIGNAL TRIGGERED
Symbol: M&M
Price: 2986.4
Triggered Set: BUY_THREE_SOLDIERS_MOMENTUM
Set Side: BUY
Confidence: base=50.0 signal_x=1.0 weight_x=1.0 time=10:00-11:30@1.0 market_x=1.0 advisory_x=0.99 final=49.5 min=35.0
Satisfied:
- Three White Soldiers: pattern=True
- OBV Trending Up: OBV started=876574, ended=914145
Why: Three White Soldiers pattern showing pure buying pressure, confirmed by OBV trending up.
2026-06-10 10:44:14 [INFO] core.token_validator: 🔐 Pre-Order Token Check | State: VALID | Info: {'status': 'VALID', 'scope': ['Trade'], 'ucc': 'XD16F', 'expires_at': '2026-06-11T00:00:00', 'issued_at': '2026-06-10T09:36:57', 'seconds_until_expiry': 47746, 'created_seconds_ago': 4037}
2026-06-10 10:44:14 [INFO] core.token_validator: ✅ Token ready for order — proceeding
2026-06-10 10:44:14 [INFO] core.order_executor: 📊 Margin Discovery [M&M]: ₹597.28/share (5.0x) [Source: API (client.margin_required)]
2026-06-10 10:44:14 [ERROR] core.order_executor: ❌ INSUFFICIENT MARGIN/RISK FOR M&M | Price: ₹2986.4 | SL: ₹2971.47 | Free Margin: ₹1818 | Margin/Share: ₹597.28 | Risk-qty: 1 | Alloc-qty: 0 | Lever-qty: 3
2026-06-10 10:44:14 [ERROR] core.order_executor: BUY rejected for M&M: invalid/insufficient quantity 0 | price=2986.4 | available=1765.0787500000006
2026-06-10 10:44:18 [INFO] core.strategy: BUY SIGNAL TRIGGERED
Symbol: LT
Price: 3939.6
Triggered Set: BUY_THREE_SOLDIERS_MOMENTUM
Set Side: BUY
Confidence: base=50.0 signal_x=1.0 weight_x=1.0 time=10:00-11:30@1.0 market_x=1.0 advisory_x=0.99 final=49.5 min=35.0
Satisfied:
- Three White Soldiers: pattern=True
- OBV Trending Up: OBV started=316749, ended=369720
Why: Three White Soldiers pattern showing pure buying pressure, confirmed by OBV trending up.
2026-06-10 10:44:18 [INFO] core.token_validator: 🔐 Pre-Order Token Check | State: VALID | Info: {'status': 'VALID', 'scope': ['Trade'], 'ucc': 'XD16F', 'expires_at': '2026-06-11T00:00:00', 'issued_at': '2026-06-10T09:36:57', 'seconds_until_expiry': 47742, 'created_seconds_ago': 4041}
2026-06-10 10:44:18 [INFO] core.token_validator: ✅ Token ready for order — proceeding
2026-06-10 10:44:18 [INFO] core.order_executor: 📊 Margin Discovery [LT]: ₹787.92/share (5.0x) [Source: API (client.margin_required)]
2026-06-10 10:44:18 [ERROR] core.order_executor: ❌ INSUFFICIENT MARGIN/RISK FOR LT | Price: ₹3939.6 | SL: ₹3919.9 | Free Margin: ₹1819 | Margin/Share: ₹787.92 | Risk-qty: 0 | Alloc-qty: 0 | Lever-qty: 2
2026-06-10 10:44:18 [ERROR] core.order_executor: BUY rejected for LT: invalid/insufficient quantity 0 | price=3939.6 | available=1765.0787500000006
2026-06-10 10:44:18 [INFO] core.strategy: BUY SIGNAL TRIGGERED
Symbol: MARUTI
Price: 13117.0
Triggered Set: BUY_THREE_SOLDIERS_MOMENTUM
Set Side: BUY
Confidence: base=50.0 signal_x=1.0 weight_x=1.0 time=10:00-11:30@1.0 market_x=1.0 advisory_x=0.99 final=49.5 min=35.0
Satisfied:
- Three White Soldiers: pattern=True
- OBV Trending Up: OBV started=1305, ended=2479
Why: Three White Soldiers pattern showing pure buying pressure, confirmed by OBV trending up.
2026-06-10 10:44:18 [INFO] core.token_validator: 🔐 Pre-Order Token Check | State: VALID | Info: {'status': 'VALID', 'scope': ['Trade'], 'ucc': 'XD16F', 'expires_at': '2026-06-11T00:00:00', 'issued_at': '2026-06-10T09:36:57', 'seconds_until_expiry': 47742, 'created_seconds_ago': 4041}
2026-06-10 10:44:18 [INFO] core.token_validator: ✅ Token ready for order — proceeding
2026-06-10 10:44:18 [INFO] core.order_executor: 📊 Margin Discovery [MARUTI]: ₹2623.40/share (5.0x) [Source: API (client.margin_required)]
2026-06-10 10:44:18 [ERROR] core.order_executor: ❌ INSUFFICIENT MARGIN/RISK FOR MARUTI | Price: ₹13117.0 | SL: ₹13051.41 | Free Margin: ₹1818 | Margin/Share: ₹2623.40 | Risk-qty: 0 | Alloc-qty: 0 | Lever-qty: 0
2026-06-10 10:44:18 [ERROR] core.order_executor: BUY rejected for MARUTI: invalid/insufficient quantity 0 | price=13117.0 | available=1765.0787500000006
2026-06-10 10:44:19 [INFO] core.strategy: BUY SIGNAL TRIGGERED
Symbol: BAJAJFINSV
Price: 1695.0
Triggered Set: BUY_THREE_SOLDIERS_MOMENTUM
Set Side: BUY
Confidence: base=50.0 signal_x=1.0 weight_x=1.0 time=10:00-11:30@1.0 market_x=1.0 advisory_x=0.99 final=49.5 min=35.0
Satisfied:
- Three White Soldiers: pattern=True
- OBV Trending Up: OBV started=-355920, ended=-333589
Why: Three White Soldiers pattern showing pure buying pressure, confirmed by OBV trending up.
2026-06-10 10:44:19 [INFO] core.token_validator: 🔐 Pre-Order Token Check | State: VALID | Info: {'status': 'VALID', 'scope': ['Trade'], 'ucc': 'XD16F', 'expires_at': '2026-06-11T00:00:00', 'issued_at': '2026-06-10T09:36:57', 'seconds_until_expiry': 47741, 'created_seconds_ago': 4042}
2026-06-10 10:44:19 [INFO] core.token_validator: ✅ Token ready for order — proceeding
2026-06-10 10:44:19 [INFO] core.order_executor: 📊 Margin Discovery [BAJAJFINSV]: ₹339.00/share (5.0x) [Source: API (client.margin_required)]
2026-06-10 10:44:19 [ERROR] core.order_executor: ❌ INSUFFICIENT MARGIN/RISK FOR BAJAJFINSV | Price: ₹1695.0 | SL: ₹1686.53 | Free Margin: ₹1818 | Margin/Share: ₹339.00 | Risk-qty: 2 | Alloc-qty: 0 | Lever-qty: 5
2026-06-10 10:44:19 [ERROR] core.order_executor: BUY rejected for BAJAJFINSV: invalid/insufficient quantity 0 | price=1695.0 | available=1765.0787500000006
2026-06-10 10:44:19 [INFO] core.strategy: BUY SIGNAL TRIGGERED
Symbol: M&M
Price: 2986.5
Triggered Set: BUY_THREE_SOLDIERS_MOMENTUM
Set Side: BUY
Confidence: base=50.0 signal_x=1.0 weight_x=1.0 time=10:00-11:30@1.0 market_x=1.0 advisory_x=0.99 final=49.5 min=35.0
Satisfied:
- Three White Soldiers: pattern=True
- OBV Trending Up: OBV started=876574, ended=914145
Why: Three White Soldiers pattern showing pure buying pressure, confirmed by OBV trending up.
2026-06-10 10:44:19 [INFO] core.token_validator: 🔐 Pre-Order Token Check | State: VALID | Info: {'status': 'VALID', 'scope': ['Trade'], 'ucc': 'XD16F', 'expires_at': '2026-06-11T00:00:00', 'issued_at': '2026-06-10T09:36:57', 'seconds_until_expiry': 47741, 'created_seconds_ago': 4042}
2026-06-10 10:44:19 [INFO] core.token_validator: ✅ Token ready for order — proceeding
2026-06-10 10:44:20 [INFO] core.order_executor: 📊 Margin Discovery [M&M]: ₹597.30/share (5.0x) [Source: API (client.margin_required)]
2026-06-10 10:44:20 [ERROR] core.order_executor: ❌ INSUFFICIENT MARGIN/RISK FOR M&M | Price: ₹2986.5 | SL: ₹2971.57 | Free Margin: ₹1819 | Margin/Share: ₹597.30 | Risk-qty: 1 | Alloc-qty: 0 | Lever-qty: 3
2026-06-10 10:44:20 [ERROR] core.order_executor: BUY rejected for M&M: invalid/insufficient quantity 0 | price=2986.5 | available=1765.0787500000006
2026-06-10 10:44:23 [INFO] core.strategy: BUY SIGNAL TRIGGERED
Symbol: LT
Price: 3939.6
Triggered Set: BUY_THREE_SOLDIERS_MOMENTUM
Set Side: BUY
Confidence: base=50.0 signal_x=1.0 weight_x=1.0 time=10:00-11:30@1.0 market_x=1.0 advisory_x=0.99 final=49.5 min=35.0
Satisfied:
- Three White Soldiers: pattern=True
- OBV Trending Up: OBV started=316749, ended=369720
Why: Three White Soldiers pattern showing pure buying pressure, confirmed by OBV trending up.
2026-06-10 10:44:23 [INFO] core.token_validator: 🔐 Pre-Order Token Check | State: VALID | Info: {'status': 'VALID', 'scope': ['Trade'], 'ucc': 'XD16F', 'expires_at': '2026-06-11T00:00:00', 'issued_at': '2026-06-10T09:36:57', 'seconds_until_expiry': 47737, 'created_seconds_ago': 4046}
2026-06-10 10:44:23 [INFO] core.token_validator: ✅ Token ready for order — proceeding
2026-06-10 10:44:23 [INFO] core.order_executor: 📊 Margin Discovery [LT]: ₹787.92/share (5.0x) [Source: API (client.margin_required)]
2026-06-10 10:44:23 [ERROR] core.order_executor: ❌ INSUFFICIENT MARGIN/RISK FOR LT | Price: ₹3939.6 | SL: ₹3919.9 | Free Margin: ₹1818 | Margin/Share: ₹787.92 | Risk-qty: 0 | Alloc-qty: 0 | Lever-qty: 2
2026-06-10 10:44:23 [ERROR] core.order_executor: BUY rejected for LT: invalid/insufficient quantity 0 | price=3939.6 | available=1765.0787500000006
2026-06-10 10:44:24 [INFO] core.strategy: BUY SIGNAL TRIGGERED
Symbol: MARUTI
Price: 13114.0
Triggered Set: BUY_THREE_SOLDIERS_MOMENTUM
Set Side: BUY
Confidence: base=50.0 signal_x=1.0 weight_x=1.0 time=10:00-11:30@1.0 market_x=1.0 advisory_x=0.99 final=49.5 min=35.0
Satisfied:
- Three White Soldiers: pattern=True
- OBV Trending Up: OBV started=1305, ended=2479
Why: Three White Soldiers pattern showing pure buying pressure, confirmed by OBV trending up.
2026-06-10 10:44:24 [INFO] core.token_validator: 🔐 Pre-Order Token Check | State: VALID | Info: {'status': 'VALID', 'scope': ['Trade'], 'ucc': 'XD16F', 'expires_at': '2026-06-11T00:00:00', 'issued_at': '2026-06-10T09:36:57', 'seconds_until_expiry': 47736, 'created_seconds_ago': 4047}
2026-06-10 10:44:24 [INFO] core.token_validator: ✅ Token ready for order — proceeding
2026-06-10 10:44:24 [INFO] core.order_executor: 📊 Margin Discovery [MARUTI]: ₹2622.80/share (5.0x) [Source: API (client.margin_required)]
2026-06-10 10:44:24 [ERROR] core.order_executor: ❌ INSUFFICIENT MARGIN/RISK FOR MARUTI | Price: ₹13114.0 | SL: ₹13048.43 | Free Margin: ₹1818 | Margin/Share: ₹2622.80 | Risk-qty: 0 | Alloc-qty: 0 | Lever-qty: 0
2026-06-10 10:44:24 [ERROR] core.order_executor: BUY rejected for MARUTI: invalid/insufficient quantity 0 | price=13114.0 | available=1765.0787500000006
2026-06-10 10:44:24 [INFO] core.strategy: BUY SIGNAL TRIGGERED
Symbol: BAJAJFINSV
Price: 1694.6
Triggered Set: BUY_THREE_SOLDIERS_MOMENTUM
Set Side: BUY
Confidence: base=50.0 signal_x=1.0 weight_x=1.0 time=10:00-11:30@1.0 market_x=1.0 advisory_x=0.99 final=49.5 min=35.0
Satisfied:
- Three White Soldiers: pattern=True
- OBV Trending Up: OBV started=-355920, ended=-333589
Why: Three White Soldiers pattern showing pure buying pressure, confirmed by OBV trending up.
2026-06-10 10:44:24 [INFO] core.token_validator: 🔐 Pre-Order Token Check | State: VALID | Info: {'status': 'VALID', 'scope': ['Trade'], 'ucc': 'XD16F', 'expires_at': '2026-06-11T00:00:00', 'issued_at': '2026-06-10T09:36:57', 'seconds_until_expiry': 47736, 'created_seconds_ago': 4047}
2026-06-10 10:44:24 [INFO] core.token_validator: ✅ Token ready for order — proceeding
2026-06-10 10:44:24 [INFO] core.order_executor: 📊 Margin Discovery [BAJAJFINSV]: ₹338.92/share (5.0x) [Source: API (client.margin_required)]
2026-06-10 10:44:24 [ERROR] core.order_executor: ❌ INSUFFICIENT MARGIN/RISK FOR BAJAJFINSV | Price: ₹1694.6 | SL: ₹1686.13 | Free Margin: ₹1817 | Margin/Share: ₹338.92 | Risk-qty: 2 | Alloc-qty: 0 | Lever-qty: 5
2026-06-10 10:44:24 [ERROR] core.order_executor: BUY rejected for BAJAJFINSV: invalid/insufficient quantity 0 | price=1694.6 | available=1765.0787500000006
2026-06-10 10:44:25 [INFO] core.strategy: BUY SIGNAL TRIGGERED
Symbol: M&M
Price: 2986.6
Triggered Set: BUY_THREE_SOLDIERS_MOMENTUM
Set Side: BUY
Confidence: base=50.0 signal_x=1.0 weight_x=1.0 time=10:00-11:30@1.0 market_x=1.0 advisory_x=0.99 final=49.5 min=35.0
Satisfied:
- Three White Soldiers: pattern=True
- OBV Trending Up: OBV started=876574, ended=914145
Why: Three White Soldiers pattern showing pure buying pressure, confirmed by OBV trending up.
2026-06-10 10:44:25 [INFO] core.token_validator: 🔐 Pre-Order Token Check | State: VALID | Info: {'status': 'VALID', 'scope': ['Trade'], 'ucc': 'XD16F', 'expires_at': '2026-06-11T00:00:00', 'issued_at': '2026-06-10T09:36:57', 'seconds_until_expiry': 47735, 'created_seconds_ago': 4048}
2026-06-10 10:44:25 [INFO] core.token_validator: ✅ Token ready for order — proceeding
2026-06-10 10:44:25 [INFO] core.order_executor: 📊 Margin Discovery [M&M]: ₹597.32/share (5.0x) [Source: API (client.margin_required)]
2026-06-10 10:44:25 [ERROR] core.order_executor: ❌ INSUFFICIENT MARGIN/RISK FOR M&M | Price: ₹2986.6 | SL: ₹2971.67 | Free Margin: ₹1817 | Margin/Share: ₹597.32 | Risk-qty: 1 | Alloc-qty: 0 | Lever-qty: 3
2026-06-10 10:44:25 [ERROR] core.order_executor: BUY rejected for M&M: invalid/insufficient quantity 0 | price=2986.6 | available=1765.0787500000006
2026-06-10 10:44:28 [INFO] core.strategy: BUY SIGNAL TRIGGERED
Symbol: LT
Price: 3940.0
Triggered Set: BUY_THREE_SOLDIERS_MOMENTUM
Set Side: BUY
Confidence: base=50.0 signal_x=1.0 weight_x=1.0 time=10:00-11:30@1.0 market_x=1.0 advisory_x=0.99 final=49.5 min=35.0
Satisfied:
- Three White Soldiers: pattern=True
- OBV Trending Up: OBV started=316749, ended=369720
Why: Three White Soldiers pattern showing pure buying pressure, confirmed by OBV trending up.
2026-06-10 10:44:28 [INFO] core.token_validator: 🔐 Pre-Order Token Check | State: VALID | Info: {'status': 'VALID', 'scope': ['Trade'], 'ucc': 'XD16F', 'expires_at': '2026-06-11T00:00:00', 'issued_at': '2026-06-10T09:36:57', 'seconds_until_expiry': 47732, 'created_seconds_ago': 4051}
2026-06-10 10:44:28 [INFO] core.token_validator: ✅ Token ready for order — proceeding
2026-06-10 10:44:29 [INFO] core.order_executor: 📊 Margin Discovery [LT]: ₹788.00/share (5.0x) [Source: API (client.margin_required)]
2026-06-10 10:44:29 [ERROR] core.order_executor: ❌ INSUFFICIENT MARGIN/RISK FOR LT | Price: ₹3940.0 | SL: ₹3920.3 | Free Margin: ₹1817 | Margin/Share: ₹788.00 | Risk-qty: 0 | Alloc-qty: 0 | Lever-qty: 2
2026-06-10 10:44:29 [ERROR] core.order_executor: BUY rejected for LT: invalid/insufficient quantity 0 | price=3940.0 | available=1765.0787500000006
2026-06-10 10:44:29 [INFO] core.strategy: BUY SIGNAL TRIGGERED
Symbol: MARUTI
Price: 13120.0
Triggered Set: BUY_THREE_SOLDIERS_MOMENTUM
Set Side: BUY
Confidence: base=50.0 signal_x=1.0 weight_x=1.0 time=10:00-11:30@1.0 market_x=1.0 advisory_x=0.99 final=49.5 min=35.0
Satisfied:
- Three White Soldiers: pattern=True
- OBV Trending Up: OBV started=1305, ended=2479
Why: Three White Soldiers pattern showing pure buying pressure, confirmed by OBV trending up.
2026-06-10 10:44:29 [INFO] core.token_validator: 🔐 Pre-Order Token Check | State: VALID | Info: {'status': 'VALID', 'scope': ['Trade'], 'ucc': 'XD16F', 'expires_at': '2026-06-11T00:00:00', 'issued_at': '2026-06-10T09:36:57', 'seconds_until_expiry': 47731, 'created_seconds_ago': 4052}
2026-06-10 10:44:29 [INFO] core.token_validator: ✅ Token ready for order — proceeding
2026-06-10 10:44:29 [INFO] core.order_executor: 📊 Margin Discovery [MARUTI]: ₹2624.00/share (5.0x) [Source: API (client.margin_required)]
2026-06-10 10:44:29 [ERROR] core.order_executor: ❌ INSUFFICIENT MARGIN/RISK FOR MARUTI | Price: ₹13120.0 | SL: ₹13054.4 | Free Margin: ₹1817 | Margin/Share: ₹2624.00 | Risk-qty: 0 | Alloc-qty: 0 | Lever-qty: 0
2026-06-10 10:44:29 [ERROR] core.order_executor: BUY rejected for MARUTI: invalid/insufficient quantity 0 | price=13120.0 | available=1765.0787500000006
2026-06-10 10:44:29 [INFO] core.strategy: BUY SIGNAL TRIGGERED
Symbol: BAJAJFINSV
Price: 1694.6
Triggered Set: BUY_THREE_SOLDIERS_MOMENTUM
Set Side: BUY
Confidence: base=50.0 signal_x=1.0 weight_x=1.0 time=10:00-11:30@1.0 market_x=1.0 advisory_x=0.99 final=49.5 min=35.0
Satisfied:
- Three White Soldiers: pattern=True
- OBV Trending Up: OBV started=-355920, ended=-333589
Why: Three White Soldiers pattern showing pure buying pressure, confirmed by OBV trending up.
2026-06-10 10:44:29 [INFO] core.token_validator: 🔐 Pre-Order Token Check | State: VALID | Info: {'status': 'VALID', 'scope': ['Trade'], 'ucc': 'XD16F', 'expires_at': '2026-06-11T00:00:00', 'issued_at': '2026-06-10T09:36:57', 'seconds_until_expiry': 47731, 'created_seconds_ago': 4052}
2026-06-10 10:44:29 [INFO] core.token_validator: ✅ Token ready for order — proceeding
2026-06-10 10:44:29 [INFO] core.order_executor: 📊 Margin Discovery [BAJAJFINSV]: ₹338.92/share (5.0x) [Source: API (client.margin_required)]
2026-06-10 10:44:29 [ERROR] core.order_executor: ❌ INSUFFICIENT MARGIN/RISK FOR BAJAJFINSV | Price: ₹1694.6 | SL: ₹1686.13 | Free Margin: ₹1818 | Margin/Share: ₹338.92 | Risk-qty: 2 | Alloc-qty: 0 | Lever-qty: 5
2026-06-10 10:44:29 [ERROR] core.order_executor: BUY rejected for BAJAJFINSV: invalid/insufficient quantity 0 | price=1694.6 | available=1765.0787500000006
2026-06-10 10:44:30 [INFO] core.strategy: BUY SIGNAL TRIGGERED
Symbol: M&M
Price: 2985.9
Triggered Set: BUY_THREE_SOLDIERS_MOMENTUM
Set Side: BUY
Confidence: base=50.0 signal_x=1.0 weight_x=1.0 time=10:00-11:30@1.0 market_x=1.0 advisory_x=0.99 final=49.5 min=35.0
Satisfied:
- Three White Soldiers: pattern=True
- OBV Trending Up: OBV started=876574, ended=914145
Why: Three White Soldiers pattern showing pure buying pressure, confirmed by OBV trending up.
2026-06-10 10:44:30 [INFO] core.token_validator: 🔐 Pre-Order Token Check | State: VALID | Info: {'status': 'VALID', 'scope': ['Trade'], 'ucc': 'XD16F', 'expires_at': '2026-06-11T00:00:00', 'issued_at': '2026-06-10T09:36:57', 'seconds_until_expiry': 47730, 'created_seconds_ago': 4053}
2026-06-10 10:44:30 [INFO] core.token_validator: ✅ Token ready for order — proceeding
2026-06-10 10:44:30 [INFO] core.order_executor: 📊 Margin Discovery [M&M]: ₹597.18/share (5.0x) [Source: API (client.margin_required)]
2026-06-10 10:44:30 [ERROR] core.order_executor: ❌ INSUFFICIENT MARGIN/RISK FOR M&M | Price: ₹2985.9 | SL: ₹2970.97 | Free Margin: ₹1817 | Margin/Share: ₹597.18 | Risk-qty: 1 | Alloc-qty: 0 | Lever-qty: 3
2026-06-10 10:44:30 [ERROR] core.order_executor: BUY rejected for M&M: invalid/insufficient quantity 0 | price=2985.9 | available=1765.0787500000006
2026-06-10 10:44:32 [WARNING] core.order_executor: 🔄 SL recovery attempt #8 for ICICIBANK | Qty: 2 | Trigger: ₹1279.47 | delay_was: 300s
2026-06-10 10:44:32 [INFO] core.order_executor: 🔄 [SL] Starting SL order placement | Symbol: ICICIBANK-EQ | Qty: 2 | Software SL: ₹1279.47 | Broker Trigger: ₹1266.7 | Broker Limit: ₹1266.05
2026-06-10 10:44:32 [INFO] core.order_executor: 📋 SL ORDER KWARGS (WILL SEND TO KOTAK):
2026-06-10 10:44:32 [INFO] core.order_executor:     exchange_segment     = nse_cm
2026-06-10 10:44:32 [INFO] core.order_executor:     product              = MIS
2026-06-10 10:44:32 [INFO] core.order_executor:     price                = 1266.05
2026-06-10 10:44:32 [INFO] core.order_executor:     order_type           = SL
2026-06-10 10:44:32 [INFO] core.order_executor:     quantity             = 2
2026-06-10 10:44:32 [INFO] core.order_executor:     validity             = DAY
2026-06-10 10:44:32 [INFO] core.order_executor:     trading_symbol       = ICICIBANK-EQ
2026-06-10 10:44:32 [INFO] core.order_executor:     transaction_type     = S
2026-06-10 10:44:32 [INFO] core.order_executor:     amo                  = NO
2026-06-10 10:44:32 [INFO] core.order_executor:     disclosed_quantity   = 0
2026-06-10 10:44:32 [INFO] core.order_executor:     market_protection    = 0
2026-06-10 10:44:32 [INFO] core.order_executor:     pf                   = N
2026-06-10 10:44:32 [INFO] core.order_executor:     trigger_price        = 1266.7
2026-06-10 10:44:32 [INFO] core.order_executor:    ℹ️ If Kotak rejects: Try exchange_segment='NSE' instead of 'nse_cm'
2026-06-10 10:44:32 [INFO] core.order_executor:    ℹ️ If Kotak rejects: Check if product 'MIS' supports SL orders (try 'CNC' if 'MIS' rejected)
2026-06-10 10:44:32 [INFO] core.token_validator: ✅ Trade token + sid confirmed and set on client (scope=['Trade'])
2026-06-10 10:44:32 [INFO] core.order_executor: 📋 PRE-ORDER CONFIG DUMP (SL-M) | host=PROD | access_token=SET | edit_token=SET | edit_sid=e49b550c-ee0f-432c-92c3-ccdcf265eeaa | serverId=24028c3e-9b6c-4189-a4e2-d41f429a24e3 | base_url=https://e41.kotaksecurities.com
2026-06-10 10:44:34 [ERROR] core.order_verifier: Order 260610000168656 rejected: 16283 : Order price is not a multiple of tick size  
2026-06-10 10:44:34 [ERROR] core.order_executor: ❌ SL Recovery Order rejected by broker! Backing off...
2026-06-10 10:44:36 [INFO] core.strategy: BUY SIGNAL TRIGGERED
Symbol: LT
Price: 3939.1
Triggered Set: BUY_THREE_SOLDIERS_MOMENTUM
Set Side: BUY
Confidence: base=50.0 signal_x=1.0 weight_x=1.0 time=10:00-11:30@1.0 market_x=1.0 advisory_x=0.99 final=49.5 min=35.0
Satisfied:
- Three White Soldiers: pattern=True
- OBV Trending Up: OBV started=316749, ended=369720
Why: Three White Soldiers pattern showing pure buying pressure, confirmed by OBV trending up.
2026-06-10 10:44:36 [INFO] core.token_validator: 🔐 Pre-Order Token Check | State: VALID | Info: {'status': 'VALID', 'scope': ['Trade'], 'ucc': 'XD16F', 'expires_at': '2026-06-11T00:00:00', 'issued_at': '2026-06-10T09:36:57', 'seconds_until_expiry': 47724, 'created_seconds_ago': 4059}
2026-06-10 10:44:36 [INFO] core.token_validator: ✅ Token ready for order — proceeding
2026-06-10 10:44:36 [INFO] core.order_executor: 📊 Margin Discovery [LT]: ₹787.82/share (5.0x) [Source: API (client.margin_required)]
2026-06-10 10:44:36 [ERROR] core.order_executor: ❌ INSUFFICIENT MARGIN/RISK FOR LT | Price: ₹3939.1 | SL: ₹3919.4 | Free Margin: ₹1816 | Margin/Share: ₹787.82 | Risk-qty: 0 | Alloc-qty: 0 | Lever-qty: 2
2026-06-10 10:44:36 [ERROR] core.order_executor: BUY rejected for LT: invalid/insufficient quantity 0 | price=3939.1 | available=1765.0787500000006
2026-06-10 10:44:36 [INFO] core.strategy: BUY SIGNAL TRIGGERED
Symbol: MARUTI
Price: 13120.0
Triggered Set: BUY_THREE_SOLDIERS_MOMENTUM
Set Side: BUY
Confidence: base=50.0 signal_x=1.0 weight_x=1.0 time=10:00-11:30@1.0 market_x=1.0 advisory_x=0.99 final=49.5 min=35.0
Satisfied:
- Three White Soldiers: pattern=True
- OBV Trending Up: OBV started=1305, ended=2479
Why: Three White Soldiers pattern showing pure buying pressure, confirmed by OBV trending up.
2026-06-10 10:44:36 [INFO] core.token_validator: 🔐 Pre-Order Token Check | State: VALID | Info: {'status': 'VALID', 'scope': ['Trade'], 'ucc': 'XD16F', 'expires_at': '2026-06-11T00:00:00', 'issued_at': '2026-06-10T09:36:57', 'seconds_until_expiry': 47724, 'created_seconds_ago': 4059}
2026-06-10 10:44:36 [INFO] core.token_validator: ✅ Token ready for order — proceeding
2026-06-10 10:44:36 [INFO] core.order_executor: 📊 Margin Discovery [MARUTI]: ₹2624.00/share (5.0x) [Source: API (client.margin_required)]
2026-06-10 10:44:36 [ERROR] core.order_executor: ❌ INSUFFICIENT MARGIN/RISK FOR MARUTI | Price: ₹13120.0 | SL: ₹13054.4 | Free Margin: ₹1816 | Margin/Share: ₹2624.00 | Risk-qty: 0 | Alloc-qty: 0 | Lever-qty: 0
2026-06-10 10:44:36 [ERROR] core.order_executor: BUY rejected for MARUTI: invalid/insufficient quantity 0 | price=13120.0 | available=1765.0787500000006
2026-06-10 10:44:36 [INFO] core.strategy: BUY SIGNAL TRIGGERED
Symbol: BAJAJFINSV
Price: 1694.3
Triggered Set: BUY_THREE_SOLDIERS_MOMENTUM
Set Side: BUY
Confidence: base=50.0 signal_x=1.0 weight_x=1.0 time=10:00-11:30@1.0 market_x=1.0 advisory_x=0.99 final=49.5 min=35.0
Satisfied:
- Three White Soldiers: pattern=True
- OBV Trending Up: OBV started=-355920, ended=-333589
Why: Three White Soldiers pattern showing pure buying pressure, confirmed by OBV trending up.
2026-06-10 10:44:36 [INFO] core.token_validator: 🔐 Pre-Order Token Check | State: VALID | Info: {'status': 'VALID', 'scope': ['Trade'], 'ucc': 'XD16F', 'expires_at': '2026-06-11T00:00:00', 'issued_at': '2026-06-10T09:36:57', 'seconds_until_expiry': 47724, 'created_seconds_ago': 4059}
2026-06-10 10:44:36 [INFO] core.token_validator: ✅ Token ready for order — proceeding
2026-06-10 10:44:37 [INFO] core.order_executor: 📊 Margin Discovery [BAJAJFINSV]: ₹338.86/share (5.0x) [Source: API (client.margin_required)]
2026-06-10 10:44:37 [ERROR] core.order_executor: ❌ INSUFFICIENT MARGIN/RISK FOR BAJAJFINSV | Price: ₹1694.3 | SL: ₹1685.83 | Free Margin: ₹1819 | Margin/Share: ₹338.86 | Risk-qty: 2 | Alloc-qty: 0 | Lever-qty: 5
2026-06-10 10:44:37 [ERROR] core.order_executor: BUY rejected for BAJAJFINSV: invalid/insufficient quantity 0 | price=1694.3 | available=1765.0787500000006
2026-06-10 10:44:37 [INFO] core.strategy: BUY SIGNAL TRIGGERED
Symbol: M&M
Price: 2985.8
Triggered Set: BUY_THREE_SOLDIERS_MOMENTUM
Set Side: BUY
Confidence: base=50.0 signal_x=1.0 weight_x=1.0 time=10:00-11:30@1.0 market_x=1.0 advisory_x=0.99 final=49.5 min=35.0
Satisfied:
- Three White Soldiers: pattern=True
- OBV Trending Up: OBV started=876574, ended=914145
Why: Three White Soldiers pattern showing pure buying pressure, confirmed by OBV trending up.
2026-06-10 10:44:37 [INFO] core.token_validator: 🔐 Pre-Order Token Check | State: VALID | Info: {'status': 'VALID', 'scope': ['Trade'], 'ucc': 'XD16F', 'expires_at': '2026-06-11T00:00:00', 'issued_at': '2026-06-10T09:36:57', 'seconds_until_expiry': 47723, 'created_seconds_ago': 4060}
2026-06-10 10:44:37 [INFO] core.token_validator: ✅ Token ready for order — proceeding
2026-06-10 10:44:37 [INFO] core.order_executor: 📊 Margin Discovery [M&M]: ₹597.16/share (5.0x) [Source: API (client.margin_required)]
2026-06-10 10:44:37 [ERROR] core.order_executor: ❌ INSUFFICIENT MARGIN/RISK FOR M&M | Price: ₹2985.8 | SL: ₹2970.87 | Free Margin: ₹1820 | Margin/Share: ₹597.16 | Risk-qty: 1 | Alloc-qty: 0 | Lever-qty: 3
2026-06-10 10:44:37 [ERROR] core.order_executor: BUY rejected for M&M: invalid/insufficient quantity 0 | price=2985.8 | available=1765.0787500000006
2026-06-10 10:44:41 [INFO] core.strategy: BUY SIGNAL TRIGGERED
Symbol: LT
Price: 3938.1
Triggered Set: BUY_THREE_SOLDIERS_MOMENTUM
Set Side: BUY
Confidence: base=50.0 signal_x=1.0 weight_x=1.0 time=10:00-11:30@1.0 market_x=1.0 advisory_x=0.99 final=49.5 min=35.0
Satisfied:
- Three White Soldiers: pattern=True
- OBV Trending Up: OBV started=316749, ended=369720
Why: Three White Soldiers pattern showing pure buying pressure, confirmed by OBV trending up.
2026-06-10 10:44:41 [INFO] core.token_validator: 🔐 Pre-Order Token Check | State: VALID | Info: {'status': 'VALID', 'scope': ['Trade'], 'ucc': 'XD16F', 'expires_at': '2026-06-11T00:00:00', 'issued_at': '2026-06-10T09:36:57', 'seconds_until_expiry': 47719, 'created_seconds_ago': 4064}
2026-06-10 10:44:41 [INFO] core.token_validator: ✅ Token ready for order — proceeding
2026-06-10 10:44:41 [INFO] core.order_executor: 📊 Margin Discovery [LT]: ₹787.62/share (5.0x) [Source: API (client.margin_required)]
2026-06-10 10:44:41 [ERROR] core.order_executor: ❌ INSUFFICIENT MARGIN/RISK FOR LT | Price: ₹3938.1 | SL: ₹3918.41 | Free Margin: ₹1820 | Margin/Share: ₹787.62 | Risk-qty: 0 | Alloc-qty: 0 | Lever-qty: 2
2026-06-10 10:44:41 [ERROR] core.order_executor: BUY rejected for LT: invalid/insufficient quantity 0 | price=3938.1 | available=1765.0787500000006
2026-06-10 10:44:41 [INFO] core.strategy: BUY SIGNAL TRIGGERED
Symbol: MARUTI
Price: 13120.0
Triggered Set: BUY_THREE_SOLDIERS_MOMENTUM
Set Side: BUY
Confidence: base=50.0 signal_x=1.0 weight_x=1.0 time=10:00-11:30@1.0 market_x=1.0 advisory_x=0.99 final=49.5 min=35.0
Satisfied:
- Three White Soldiers: pattern=True
- OBV Trending Up: OBV started=1305, ended=2479
Why: Three White Soldiers pattern showing pure buying pressure, confirmed by OBV trending up.
2026-06-10 10:44:41 [INFO] core.token_validator: 🔐 Pre-Order Token Check | State: VALID | Info: {'status': 'VALID', 'scope': ['Trade'], 'ucc': 'XD16F', 'expires_at': '2026-06-11T00:00:00', 'issued_at': '2026-06-10T09:36:57', 'seconds_until_expiry': 47719, 'created_seconds_ago': 4064}
2026-06-10 10:44:41 [INFO] core.token_validator: ✅ Token ready for order — proceeding
2026-06-10 10:44:42 [INFO] core.order_executor: 📊 Margin Discovery [MARUTI]: ₹2624.00/share (5.0x) [Source: API (client.margin_required)]
2026-06-10 10:44:42 [ERROR] core.order_executor: ❌ INSUFFICIENT MARGIN/RISK FOR MARUTI | Price: ₹13120.0 | SL: ₹13054.4 | Free Margin: ₹1820 | Margin/Share: ₹2624.00 | Risk-qty: 0 | Alloc-qty: 0 | Lever-qty: 0
2026-06-10 10:44:42 [ERROR] core.order_executor: BUY rejected for MARUTI: invalid/insufficient quantity 0 | price=13120.0 | available=1765.0787500000006
2026-06-10 10:44:42 [INFO] core.strategy: BUY SIGNAL TRIGGERED
Symbol: BAJAJFINSV
Price: 1694.1
Triggered Set: BUY_THREE_SOLDIERS_MOMENTUM
Set Side: BUY
Confidence: base=50.0 signal_x=1.0 weight_x=1.0 time=10:00-11:30@1.0 market_x=1.0 advisory_x=0.99 final=49.5 min=35.0
Satisfied:
- Three White Soldiers: pattern=True
- OBV Trending Up: OBV started=-355920, ended=-333589
Why: Three White Soldiers pattern showing pure buying pressure, confirmed by OBV trending up.
2026-06-10 10:44:42 [INFO] core.token_validator: 🔐 Pre-Order Token Check | State: VALID | Info: {'status': 'VALID', 'scope': ['Trade'], 'ucc': 'XD16F', 'expires_at': '2026-06-11T00:00:00', 'issued_at': '2026-06-10T09:36:57', 'seconds_until_expiry': 47718, 'created_seconds_ago': 4065}
2026-06-10 10:44:42 [INFO] core.token_validator: ✅ Token ready for order — proceeding
2026-06-10 10:44:42 [INFO] core.order_executor: 📊 Margin Discovery [BAJAJFINSV]: ₹338.82/share (5.0x) [Source: API (client.margin_required)]
2026-06-10 10:44:42 [ERROR] core.order_executor: ❌ INSUFFICIENT MARGIN/RISK FOR BAJAJFINSV | Price: ₹1694.1 | SL: ₹1685.63 | Free Margin: ₹1821 | Margin/Share: ₹338.82 | Risk-qty: 2 | Alloc-qty: 0 | Lever-qty: 5
2026-06-10 10:44:42 [ERROR] core.order_executor: BUY rejected for BAJAJFINSV: invalid/insufficient quantity 0 | price=1694.1 | available=1765.0787500000006
2026-06-10 10:44:43 [INFO] core.strategy: BUY SIGNAL TRIGGERED
Symbol: M&M
Price: 2985.6
Triggered Set: BUY_THREE_SOLDIERS_MOMENTUM
Set Side: BUY
Confidence: base=50.0 signal_x=1.0 weight_x=1.0 time=10:00-11:30@1.0 market_x=1.0 advisory_x=0.99 final=49.5 min=35.0
Satisfied:
- Three White Soldiers: pattern=True
- OBV Trending Up: OBV started=876574, ended=914145
Why: Three White Soldiers pattern showing pure buying pressure, confirmed by OBV trending up.
2026-06-10 10:44:43 [INFO] core.token_validator: 🔐 Pre-Order Token Check | State: VALID | Info: {'status': 'VALID', 'scope': ['Trade'], 'ucc': 'XD16F', 'expires_at': '2026-06-11T00:00:00', 'issued_at': '2026-06-10T09:36:57', 'seconds_until_expiry': 47717, 'created_seconds_ago': 4066}
2026-06-10 10:44:43 [INFO] core.token_validator: ✅ Token ready for order — proceeding
2026-06-10 10:44:43 [INFO] core.order_executor: 📊 Margin Discovery [M&M]: ₹597.12/share (5.0x) [Source: API (client.margin_required)]
2026-06-10 10:44:43 [ERROR] core.order_executor: ❌ INSUFFICIENT MARGIN/RISK FOR M&M | Price: ₹2985.6 | SL: ₹2970.67 | Free Margin: ₹1821 | Margin/Share: ₹597.12 | Risk-qty: 1 | Alloc-qty: 0 | Lever-qty: 3
2026-06-10 10:44:43 [ERROR] core.order_executor: BUY rejected for M&M: invalid/insufficient quantity 0 | price=2985.6 | available=1765.0787500000006
2026-06-10 10:44:45 [INFO] core.strategy: ─── Scan summary (30 subscribed) ───
  [Cognition] SUNPHARMA: ticks=1515 | live_candles=14
  [Cognition] DIVISLAB: ticks=1048 | live_candles=14
  [Cognition] TATASTEEL: ticks=2816 | live_candles=14
  [Cognition] SBIN: ticks=3244 | live_candles=14
  [Cognition] TITAN: ticks=1406 | live_candles=14
  [Cognition] RELIANCE: ticks=3436 | live_candles=14
  [Cognition] NTPC: ticks=2452 | live_candles=14
  [Cognition] HDFCLIFE: ticks=606 | live_candles=14
  [Math] ICICIBANK: ticks=2614 | live_candles=14
  [Math] APOLLOHOSP: ticks=1335 | live_candles=14
  [Math] TCS: ticks=2651 | live_candles=14
  [Math] HDFCBANK: ticks=2692 | live_candles=14
  [Math] INFY: ticks=2396 | live_candles=14
  [Math] HINDUNILVR: ticks=2740 | live_candles=14
  [Math] ITC: ticks=3153 | live_candles=14
  [Math] BHARTIARTL: ticks=3018 | live_candles=14
  [Math] LT: ticks=1935 | live_candles=14
  [Math] HCLTECH: ticks=1330 | live_candles=14
  [Math] MARUTI: ticks=830 | live_candles=14
  [Math] WIPRO: ticks=2495 | live_candles=14
  [Math] NESTLEIND: ticks=2003 | live_candles=14
  [Math] BAJAJFINSV: ticks=1148 | live_candles=14
  [Math] DRREDDY: ticks=534 | live_candles=14
  [Math] EICHERMOT: ticks=1008 | live_candles=14
  [Math] HEROMOTOCO: ticks=1671 | live_candles=14
  [Math] HINDALCO: ticks=2426 | live_candles=14
  [Math] JSWSTEEL: ticks=950 | live_candles=14
  [Math] M&M: ticks=2183 | live_candles=14
  [Math] SBILIFE: ticks=647 | live_candles=14
  [Math] TATACONSUM: ticks=1391 | live_candles=14
2026-06-10 10:44:47 [INFO] core.strategy: BUY SIGNAL TRIGGERED
Symbol: LT
Price: 3939.0
Triggered Set: BUY_THREE_SOLDIERS_MOMENTUM
Set Side: BUY
Confidence: base=50.0 signal_x=1.0 weight_x=1.0 time=10:00-11:30@1.0 market_x=1.0 advisory_x=0.99 final=49.5 min=35.0
Satisfied:
- Three White Soldiers: pattern=True
- OBV Trending Up: OBV started=316749, ended=369720
Why: Three White Soldiers pattern showing pure buying pressure, confirmed by OBV trending up.
2026-06-10 10:44:47 [INFO] core.token_validator: 🔐 Pre-Order Token Check | State: VALID | Info: {'status': 'VALID', 'scope': ['Trade'], 'ucc': 'XD16F', 'expires_at': '2026-06-11T00:00:00', 'issued_at': '2026-06-10T09:36:57', 'seconds_until_expiry': 47713, 'created_seconds_ago': 4070}
2026-06-10 10:44:47 [INFO] core.token_validator: ✅ Token ready for order — proceeding
2026-06-10 10:44:47 [INFO] core.order_executor: 📊 Margin Discovery [LT]: ₹787.80/share (5.0x) [Source: API (client.margin_required)]
2026-06-10 10:44:47 [ERROR] core.order_executor: ❌ INSUFFICIENT MARGIN/RISK FOR LT | Price: ₹3939.0 | SL: ₹3919.3 | Free Margin: ₹1821 | Margin/Share: ₹787.80 | Risk-qty: 0 | Alloc-qty: 0 | Lever-qty: 2
2026-06-10 10:44:47 [ERROR] core.order_executor: BUY rejected for LT: invalid/insufficient quantity 0 | price=3939.0 | available=1765.0787500000006
2026-06-10 10:44:47 [INFO] core.strategy: BUY SIGNAL TRIGGERED
Symbol: MARUTI
Price: 13120.0
Triggered Set: BUY_THREE_SOLDIERS_MOMENTUM
Set Side: BUY
Confidence: base=50.0 signal_x=1.0 weight_x=1.0 time=10:00-11:30@1.0 market_x=1.0 advisory_x=0.99 final=49.5 min=35.0
Satisfied:
- Three White Soldiers: pattern=True
- OBV Trending Up: OBV started=1305, ended=2479
Why: Three White Soldiers pattern showing pure buying pressure, confirmed by OBV trending up.
2026-06-10 10:44:47 [INFO] core.token_validator: 🔐 Pre-Order Token Check | State: VALID | Info: {'status': 'VALID', 'scope': ['Trade'], 'ucc': 'XD16F', 'expires_at': '2026-06-11T00:00:00', 'issued_at': '2026-06-10T09:36:57', 'seconds_until_expiry': 47713, 'created_seconds_ago': 4070}
2026-06-10 10:44:47 [INFO] core.token_validator: ✅ Token ready for order — proceeding
2026-06-10 10:44:47 [INFO] core.order_executor: 📊 Margin Discovery [MARUTI]: ₹2624.00/share (5.0x) [Source: API (client.margin_required)]
2026-06-10 10:44:47 [ERROR] core.order_executor: ❌ INSUFFICIENT MARGIN/RISK FOR MARUTI | Price: ₹13120.0 | SL: ₹13054.4 | Free Margin: ₹1821 | Margin/Share: ₹2624.00 | Risk-qty: 0 | Alloc-qty: 0 | Lever-qty: 0
2026-06-10 10:44:47 [ERROR] core.order_executor: BUY rejected for MARUTI: invalid/insufficient quantity 0 | price=13120.0 | available=1765.0787500000006
2026-06-10 10:44:48 [INFO] core.strategy: BUY SIGNAL TRIGGERED
Symbol: BAJAJFINSV
Price: 1694.2
Triggered Set: BUY_THREE_SOLDIERS_MOMENTUM
Set Side: BUY
Confidence: base=50.0 signal_x=1.0 weight_x=1.0 time=10:00-11:30@1.0 market_x=1.0 advisory_x=0.99 final=49.5 min=35.0
Satisfied:
- Three White Soldiers: pattern=True
- OBV Trending Up: OBV started=-355920, ended=-333589
Why: Three White Soldiers pattern showing pure buying pressure, confirmed by OBV trending up.
2026-06-10 10:44:48 [INFO] core.token_validator: 🔐 Pre-Order Token Check | State: VALID | Info: {'status': 'VALID', 'scope': ['Trade'], 'ucc': 'XD16F', 'expires_at': '2026-06-11T00:00:00', 'issued_at': '2026-06-10T09:36:57', 'seconds_until_expiry': 47712, 'created_seconds_ago': 4071}
2026-06-10 10:44:48 [INFO] core.token_validator: ✅ Token ready for order — proceeding
2026-06-10 10:44:48 [INFO] core.order_executor: 📊 Margin Discovery [BAJAJFINSV]: ₹338.84/share (5.0x) [Source: API (client.margin_required)]
2026-06-10 10:44:48 [ERROR] core.order_executor: ❌ INSUFFICIENT MARGIN/RISK FOR BAJAJFINSV | Price: ₹1694.2 | SL: ₹1685.73 | Free Margin: ₹1820 | Margin/Share: ₹338.84 | Risk-qty: 2 | Alloc-qty: 0 | Lever-qty: 5
2026-06-10 10:44:48 [ERROR] core.order_executor: BUY rejected for BAJAJFINSV: invalid/insufficient quantity 0 | price=1694.2 | available=1765.0787500000006
2026-06-10 10:44:48 [INFO] core.strategy: BUY SIGNAL TRIGGERED
Symbol: M&M
Price: 2984.0
Triggered Set: BUY_THREE_SOLDIERS_MOMENTUM
Set Side: BUY
Confidence: base=50.0 signal_x=1.0 weight_x=1.0 time=10:00-11:30@1.0 market_x=1.0 advisory_x=0.99 final=49.5 min=35.0
Satisfied:
- Three White Soldiers: pattern=True
- OBV Trending Up: OBV started=876574, ended=914145
Why: Three White Soldiers pattern showing pure buying pressure, confirmed by OBV trending up.
2026-06-10 10:44:48 [INFO] core.token_validator: 🔐 Pre-Order Token Check | State: VALID | Info: {'status': 'VALID', 'scope': ['Trade'], 'ucc': 'XD16F', 'expires_at': '2026-06-11T00:00:00', 'issued_at': '2026-06-10T09:36:57', 'seconds_until_expiry': 47712, 'created_seconds_ago': 4071}
2026-06-10 10:44:48 [INFO] core.token_validator: ✅ Token ready for order — proceeding
2026-06-10 10:44:48 [INFO] core.order_executor: 📊 Margin Discovery [M&M]: ₹596.80/share (5.0x) [Source: API (client.margin_required)]
2026-06-10 10:44:48 [ERROR] core.order_executor: ❌ INSUFFICIENT MARGIN/RISK FOR M&M | Price: ₹2984.0 | SL: ₹2969.08 | Free Margin: ₹1821 | Margin/Share: ₹596.80 | Risk-qty: 1 | Alloc-qty: 0 | Lever-qty: 3
2026-06-10 10:44:48 [ERROR] core.order_executor: BUY rejected for M&M: invalid/insufficient quantity 0 | price=2984.0 | available=1765.0787500000006
2026-06-10 10:44:52 [INFO] core.strategy: BUY SIGNAL TRIGGERED
Symbol: LT
Price: 3938.2
Triggered Set: BUY_THREE_SOLDIERS_MOMENTUM
Set Side: BUY
Confidence: base=50.0 signal_x=1.0 weight_x=1.0 time=10:00-11:30@1.0 market_x=1.0 advisory_x=0.99 final=49.5 min=35.0
Satisfied:
- Three White Soldiers: pattern=True
- OBV Trending Up: OBV started=316749, ended=369720
Why: Three White Soldiers pattern showing pure buying pressure, confirmed by OBV trending up.
2026-06-10 10:44:52 [INFO] core.token_validator: 🔐 Pre-Order Token Check | State: VALID | Info: {'status': 'VALID', 'scope': ['Trade'], 'ucc': 'XD16F', 'expires_at': '2026-06-11T00:00:00', 'issued_at': '2026-06-10T09:36:57', 'seconds_until_expiry': 47708, 'created_seconds_ago': 4075}
2026-06-10 10:44:52 [INFO] core.token_validator: ✅ Token ready for order — proceeding
2026-06-10 10:44:52 [INFO] core.order_executor: 📊 Margin Discovery [LT]: ₹787.64/share (5.0x) [Source: API (client.margin_required)]
2026-06-10 10:44:52 [ERROR] core.order_executor: ❌ INSUFFICIENT MARGIN/RISK FOR LT | Price: ₹3938.2 | SL: ₹3918.51 | Free Margin: ₹1818 | Margin/Share: ₹787.64 | Risk-qty: 0 | Alloc-qty: 0 | Lever-qty: 2
2026-06-10 10:44:52 [ERROR] core.order_executor: BUY rejected for LT: invalid/insufficient quantity 0 | price=3938.2 | available=1765.0787500000006
2026-06-10 10:44:52 [INFO] core.strategy: BUY SIGNAL TRIGGERED
Symbol: MARUTI
Price: 13120.0
Triggered Set: BUY_THREE_SOLDIERS_MOMENTUM
Set Side: BUY
Confidence: base=50.0 signal_x=1.0 weight_x=1.0 time=10:00-11:30@1.0 market_x=1.0 advisory_x=0.99 final=49.5 min=35.0
Satisfied:
- Three White Soldiers: pattern=True
- OBV Trending Up: OBV started=1305, ended=2479
Why: Three White Soldiers pattern showing pure buying pressure, confirmed by OBV trending up.
2026-06-10 10:44:52 [INFO] core.token_validator: 🔐 Pre-Order Token Check | State: VALID | Info: {'status': 'VALID', 'scope': ['Trade'], 'ucc': 'XD16F', 'expires_at': '2026-06-11T00:00:00', 'issued_at': '2026-06-10T09:36:57', 'seconds_until_expiry': 47708, 'created_seconds_ago': 4075}
2026-06-10 10:44:52 [INFO] core.token_validator: ✅ Token ready for order — proceeding
2026-06-10 10:44:52 [INFO] core.order_executor: 📊 Margin Discovery [MARUTI]: ₹2624.00/share (5.0x) [Source: API (client.margin_required)]
2026-06-10 10:44:52 [ERROR] core.order_executor: ❌ INSUFFICIENT MARGIN/RISK FOR MARUTI | Price: ₹13120.0 | SL: ₹13054.4 | Free Margin: ₹1818 | Margin/Share: ₹2624.00 | Risk-qty: 0 | Alloc-qty: 0 | Lever-qty: 0
2026-06-10 10:44:52 [ERROR] core.order_executor: BUY rejected for MARUTI: invalid/insufficient quantity 0 | price=13120.0 | available=1765.0787500000006
2026-06-10 10:44:53 [INFO] core.strategy: BUY SIGNAL TRIGGERED
Symbol: BAJAJFINSV
Price: 1693.4
Triggered Set: BUY_THREE_SOLDIERS_MOMENTUM
Set Side: BUY
Confidence: base=50.0 signal_x=1.0 weight_x=1.0 time=10:00-11:30@1.0 market_x=1.0 advisory_x=0.99 final=49.5 min=35.0
Satisfied:
- Three White Soldiers: pattern=True
- OBV Trending Up: OBV started=-355920, ended=-333589
Why: Three White Soldiers pattern showing pure buying pressure, confirmed by OBV trending up.
2026-06-10 10:44:53 [INFO] core.token_validator: 🔐 Pre-Order Token Check | State: VALID | Info: {'status': 'VALID', 'scope': ['Trade'], 'ucc': 'XD16F', 'expires_at': '2026-06-11T00:00:00', 'issued_at': '2026-06-10T09:36:57', 'seconds_until_expiry': 47707, 'created_seconds_ago': 4076}
2026-06-10 10:44:53 [INFO] core.token_validator: ✅ Token ready for order — proceeding
2026-06-10 10:44:53 [INFO] core.order_executor: 📊 Margin Discovery [BAJAJFINSV]: ₹338.68/share (5.0x) [Source: API (client.margin_required)]
2026-06-10 10:44:53 [ERROR] core.order_executor: ❌ INSUFFICIENT MARGIN/RISK FOR BAJAJFINSV | Price: ₹1693.4 | SL: ₹1684.93 | Free Margin: ₹1819 | Margin/Share: ₹338.68 | Risk-qty: 2 | Alloc-qty: 0 | Lever-qty: 5
2026-06-10 10:44:53 [ERROR] core.order_executor: BUY rejected for BAJAJFINSV: invalid/insufficient quantity 0 | price=1693.4 | available=1765.0787500000006
2026-06-10 10:44:53 [INFO] core.strategy: BUY SIGNAL TRIGGERED
Symbol: M&M
Price: 2985.2
Triggered Set: BUY_THREE_SOLDIERS_MOMENTUM
Set Side: BUY
Confidence: base=50.0 signal_x=1.0 weight_x=1.0 time=10:00-11:30@1.0 market_x=1.0 advisory_x=0.99 final=49.5 min=35.0
Satisfied:
- Three White Soldiers: pattern=True
- OBV Trending Up: OBV started=876574, ended=914145
Why: Three White Soldiers pattern showing pure buying pressure, confirmed by OBV trending up.
2026-06-10 10:44:53 [INFO] core.token_validator: 🔐 Pre-Order Token Check | State: VALID | Info: {'status': 'VALID', 'scope': ['Trade'], 'ucc': 'XD16F', 'expires_at': '2026-06-11T00:00:00', 'issued_at': '2026-06-10T09:36:57', 'seconds_until_expiry': 47707, 'created_seconds_ago': 4076}
2026-06-10 10:44:53 [INFO] core.token_validator: ✅ Token ready for order — proceeding
2026-06-10 10:44:54 [INFO] core.order_executor: 📊 Margin Discovery [M&M]: ₹597.04/share (5.0x) [Source: API (client.margin_required)]
2026-06-10 10:44:54 [ERROR] core.order_executor: ❌ INSUFFICIENT MARGIN/RISK FOR M&M | Price: ₹2985.2 | SL: ₹2970.27 | Free Margin: ₹1819 | Margin/Share: ₹597.04 | Risk-qty: 1 | Alloc-qty: 0 | Lever-qty: 3
2026-06-10 10:44:54 [ERROR] core.order_executor: BUY rejected for M&M: invalid/insufficient quantity 0 | price=2985.2 | available=1765.0787500000006
2026-06-10 10:44:57 [INFO] core.strategy: BUY SIGNAL TRIGGERED
Symbol: LT
Price: 3938.2
Triggered Set: BUY_THREE_SOLDIERS_MOMENTUM
Set Side: BUY
Confidence: base=50.0 signal_x=1.0 weight_x=1.0 time=10:00-11:30@1.0 market_x=1.0 advisory_x=0.99 final=49.5 min=35.0
Satisfied:
- Three White Soldiers: pattern=True
- OBV Trending Up: OBV started=316749, ended=369720
Why: Three White Soldiers pattern showing pure buying pressure, confirmed by OBV trending up.
2026-06-10 10:44:57 [INFO] core.token_validator: 🔐 Pre-Order Token Check | State: VALID | Info: {'status': 'VALID', 'scope': ['Trade'], 'ucc': 'XD16F', 'expires_at': '2026-06-11T00:00:00', 'issued_at': '2026-06-10T09:36:57', 'seconds_until_expiry': 47703, 'created_seconds_ago': 4080}
2026-06-10 10:44:57 [INFO] core.token_validator: ✅ Token ready for order — proceeding
2026-06-10 10:44:57 [INFO] core.order_executor: 📊 Margin Discovery [LT]: ₹787.64/share (5.0x) [Source: API (client.margin_required)]
2026-06-10 10:44:57 [ERROR] core.order_executor: ❌ INSUFFICIENT MARGIN/RISK FOR LT | Price: ₹3938.2 | SL: ₹3918.51 | Free Margin: ₹1819 | Margin/Share: ₹787.64 | Risk-qty: 0 | Alloc-qty: 0 | Lever-qty: 2
2026-06-10 10:44:57 [ERROR] core.order_executor: BUY rejected for LT: invalid/insufficient quantity 0 | price=3938.2 | available=1765.0787500000006
2026-06-10 10:44:58 [INFO] core.strategy: BUY SIGNAL TRIGGERED
Symbol: MARUTI
Price: 13120.0
Triggered Set: BUY_THREE_SOLDIERS_MOMENTUM
Set Side: BUY
Confidence: base=50.0 signal_x=1.0 weight_x=1.0 time=10:00-11:30@1.0 market_x=1.0 advisory_x=0.99 final=49.5 min=35.0
Satisfied:
- Three White Soldiers: pattern=True
- OBV Trending Up: OBV started=1305, ended=2479
Why: Three White Soldiers pattern showing pure buying pressure, confirmed by OBV trending up.
2026-06-10 10:44:58 [INFO] core.token_validator: 🔐 Pre-Order Token Check | State: VALID | Info: {'status': 'VALID', 'scope': ['Trade'], 'ucc': 'XD16F', 'expires_at': '2026-06-11T00:00:00', 'issued_at': '2026-06-10T09:36:57', 'seconds_until_expiry': 47702, 'created_seconds_ago': 4081}
2026-06-10 10:44:58 [INFO] core.token_validator: ✅ Token ready for order — proceeding
2026-06-10 10:44:58 [INFO] core.order_executor: 📊 Margin Discovery [MARUTI]: ₹2624.00/share (5.0x) [Source: API (client.margin_required)]
2026-06-10 10:44:58 [ERROR] core.order_executor: ❌ INSUFFICIENT MARGIN/RISK FOR MARUTI | Price: ₹13120.0 | SL: ₹13054.4 | Free Margin: ₹1819 | Margin/Share: ₹2624.00 | Risk-qty: 0 | Alloc-qty: 0 | Lever-qty: 0
2026-06-10 10:44:58 [ERROR] core.order_executor: BUY rejected for MARUTI: invalid/insufficient quantity 0 | price=13120.0 | available=1765.0787500000006
2026-06-10 10:44:58 [INFO] core.strategy: BUY SIGNAL TRIGGERED
Symbol: BAJAJFINSV
Price: 1693.4
Triggered Set: BUY_THREE_SOLDIERS_MOMENTUM
Set Side: BUY
Confidence: base=50.0 signal_x=1.0 weight_x=1.0 time=10:00-11:30@1.0 market_x=1.0 advisory_x=0.99 final=49.5 min=35.0
Satisfied:
- Three White Soldiers: pattern=True
- OBV Trending Up: OBV started=-355920, ended=-333589
Why: Three White Soldiers pattern showing pure buying pressure, confirmed by OBV trending up.
2026-06-10 10:44:58 [INFO] core.token_validator: 🔐 Pre-Order Token Check | State: VALID | Info: {'status': 'VALID', 'scope': ['Trade'], 'ucc': 'XD16F', 'expires_at': '2026-06-11T00:00:00', 'issued_at': '2026-06-10T09:36:57', 'seconds_until_expiry': 47702, 'created_seconds_ago': 4081}
2026-06-10 10:44:58 [INFO] core.token_validator: ✅ Token ready for order — proceeding
2026-06-10 10:44:58 [INFO] core.order_executor: 📊 Margin Discovery [BAJAJFINSV]: ₹338.68/share (5.0x) [Source: API (client.margin_required)]
2026-06-10 10:44:58 [ERROR] core.order_executor: ❌ INSUFFICIENT MARGIN/RISK FOR BAJAJFINSV | Price: ₹1693.4 | SL: ₹1684.93 | Free Margin: ₹1819 | Margin/Share: ₹338.68 | Risk-qty: 2 | Alloc-qty: 0 | Lever-qty: 5
2026-06-10 10:44:58 [ERROR] core.order_executor: BUY rejected for BAJAJFINSV: invalid/insufficient quantity 0 | price=1693.4 | available=1765.0787500000006
2026-06-10 10:44:59 [INFO] core.strategy: BUY SIGNAL TRIGGERED
Symbol: M&M
Price: 2985.8
Triggered Set: BUY_THREE_SOLDIERS_MOMENTUM
Set Side: BUY
Confidence: base=50.0 signal_x=1.0 weight_x=1.0 time=10:00-11:30@1.0 market_x=1.0 advisory_x=0.99 final=49.5 min=35.0
Satisfied:
- Three White Soldiers: pattern=True
- OBV Trending Up: OBV started=876574, ended=914145
Why: Three White Soldiers pattern showing pure buying pressure, confirmed by OBV trending up.
2026-06-10 10:44:59 [INFO] core.token_validator: 🔐 Pre-Order Token Check | State: VALID | Info: {'status': 'VALID', 'scope': ['Trade'], 'ucc': 'XD16F', 'expires_at': '2026-06-11T00:00:00', 'issued_at': '2026-06-10T09:36:57', 'seconds_until_expiry': 47701, 'created_seconds_ago': 4082}
2026-06-10 10:44:59 [INFO] core.token_validator: ✅ Token ready for order — proceeding
2026-06-10 10:44:59 [INFO] core.order_executor: 📊 Margin Discovery [M&M]: ₹597.16/share (5.0x) [Source: API (client.margin_required)]
2026-06-10 10:44:59 [ERROR] core.order_executor: ❌ INSUFFICIENT MARGIN/RISK FOR M&M | Price: ₹2985.8 | SL: ₹2970.87 | Free Margin: ₹1819 | Margin/Share: ₹597.16 | Risk-qty: 1 | Alloc-qty: 0 | Lever-qty: 3
2026-06-10 10:44:59 [ERROR] core.order_executor: BUY rejected for M&M: invalid/insufficient quantity 0 | price=2985.8 | available=1765.0787500000006
2026-06-10 10:45:00 [INFO] core.data_fetcher: 🕯️ Candle closed: BHARTIARTL | 2026-06-10 10:40 | O:1791.40 H:1792.40 L:1790.70 C:1791.80 V:33128.0
2026-06-10 10:45:00 [INFO] core.data_fetcher: 🕯️ Candle closed: RELIANCE | 2026-06-10 10:40 | O:1280.50 H:1280.50 L:1278.70 C:1280.00 V:195985.0
2026-06-10 10:45:00 [INFO] core.data_fetcher: 🕯️ Candle closed: ICICIBANK | 2026-06-10 10:40 | O:1289.60 H:1293.00 L:1289.30 C:1291.80 V:657348.0
2026-06-10 10:45:00 [INFO] core.data_fetcher: 🕯️ Candle closed: NTPC | 2026-06-10 10:40 | O:356.30 H:358.25 L:356.30 C:357.70 V:842347.0
2026-06-10 10:45:00 [INFO] core.data_fetcher: 🕯️ Candle closed: M&M | 2026-06-10 10:40 | O:2979.40 H:2986.80 L:2978.40 C:2985.80 V:39549.0
2026-06-10 10:45:00 [INFO] core.data_fetcher: 🕯️ Candle closed: WIPRO | 2026-06-10 10:40 | O:180.75 H:181.08 L:180.72 C:181.05 V:155213.0
2026-06-10 10:45:00 [INFO] core.data_fetcher: 🕯️ Candle closed: NESTLEIND | 2026-06-10 10:40 | O:1446.60 H:1452.40 L:1446.60 C:1451.10 V:33123.0
2026-06-10 10:45:00 [INFO] core.data_fetcher: 🕯️ Candle closed: HINDUNILVR | 2026-06-10 10:40 | O:2184.40 H:2189.60 L:2179.10 C:2186.40 V:105308.0
2026-06-10 10:45:00 [INFO] core.data_fetcher: 🕯️ Candle closed: HDFCBANK | 2026-06-10 10:40 | O:738.10 H:738.90 L:738.00 C:738.50 V:393037.0
2026-06-10 10:45:00 [INFO] core.data_fetcher: 🕯️ Candle closed: SUNPHARMA | 2026-06-10 10:40 | O:1784.70 H:1788.90 L:1784.50 C:1788.00 V:20071.0
2026-06-10 10:45:00 [INFO] core.data_fetcher: 🕯️ Candle closed: DRREDDY | 2026-06-10 10:40 | O:1273.00 H:1273.40 L:1272.10 C:1272.90 V:6099.0
2026-06-10 10:45:00 [INFO] core.data_fetcher: 🕯️ Candle closed: HDFCLIFE | 2026-06-10 10:40 | O:563.15 H:563.30 L:562.80 C:563.30 V:10055.0
2026-06-10 10:45:00 [INFO] core.data_fetcher: 🕯️ Candle closed: ITC | 2026-06-10 10:40 | O:283.35 H:283.40 L:283.10 C:283.20 V:385686.0
2026-06-10 10:45:00 [INFO] core.data_fetcher: 🕯️ Candle closed: BAJAJFINSV | 2026-06-10 10:40 | O:1693.20 H:1695.00 L:1691.90 C:1692.80 V:5455.0
2026-06-10 10:45:00 [INFO] core.data_fetcher: 🕯️ Candle closed: JSWSTEEL | 2026-06-10 10:40 | O:1264.20 H:1268.60 L:1263.40 C:1265.70 V:24322.0
2026-06-10 10:45:01 [INFO] core.data_fetcher: 🕯️ Candle closed: TATACONSUM | 2026-06-10 10:40 | O:1121.60 H:1124.50 L:1121.30 C:1124.40 V:12360.0
2026-06-10 10:45:01 [INFO] core.data_fetcher: 🕯️ Candle closed: TATASTEEL | 2026-06-10 10:40 | O:201.46 H:201.80 L:201.41 C:201.67 V:242892.0
2026-06-10 10:45:01 [INFO] core.data_fetcher: 🕯️ Candle closed: MARUTI | 2026-06-10 10:40 | O:13117.00 H:13120.00 L:13108.00 C:13119.00 V:2956.0
2026-06-10 10:45:01 [INFO] core.data_fetcher: 🕯️ Candle closed: LT | 2026-06-10 10:40 | O:3934.40 H:3940.60 L:3932.90 C:3938.30 V:25745.0
2026-06-10 10:45:02 [INFO] core.data_fetcher: 🕯️ Candle closed: HCLTECH | 2026-06-10 10:40 | O:1146.00 H:1146.50 L:1145.50 C:1146.40 V:22582.0
2026-06-10 10:45:02 [INFO] core.data_fetcher: 🕯️ Candle closed: HINDALCO | 2026-06-10 10:40 | O:1037.90 H:1039.80 L:1037.40 C:1038.70 V:41325.0
2026-06-10 10:45:02 [INFO] core.data_fetcher: 🕯️ Candle closed: TITAN | 2026-06-10 10:40 | O:4113.30 H:4113.40 L:4109.50 C:4113.00 V:2374.0
2026-06-10 10:45:02 [INFO] core.data_fetcher: 📡 Live feed | ticks received: 30/30 symbols | active=['SUNPHARMA', 'DIVISLAB', 'TATASTEEL', 'SBIN', 'TITAN', 'RELIANCE', 'NTPC', 'HDFCLIFE']...
2026-06-10 10:45:02 [INFO] core.data_fetcher: 🕯️ Candle closed: EICHERMOT | 2026-06-10 10:40 | O:7227.00 H:7230.50 L:7220.00 C:7220.00 V:1402.0
2026-06-10 10:45:02 [INFO] core.data_fetcher: 🕯️ Candle closed: SBIN | 2026-06-10 10:40 | O:1009.15 H:1009.65 L:1008.00 C:1008.05 V:138213.0
2026-06-10 10:45:03 [INFO] core.strategy: BUY SIGNAL TRIGGERED
Symbol: LT
Price: 3937.5
Triggered Set: BUY_THREE_SOLDIERS_MOMENTUM
Set Side: BUY
Confidence: base=50.0 signal_x=1.0 weight_x=1.0 time=10:00-11:30@1.0 market_x=1.0 advisory_x=0.99 final=49.5 min=35.0
Satisfied:
- Three White Soldiers: pattern=True
- OBV Trending Up: OBV started=369720, ended=395465
Why: Three White Soldiers pattern showing pure buying pressure, confirmed by OBV trending up.
2026-06-10 10:45:03 [INFO] core.token_validator: 🔐 Pre-Order Token Check | State: VALID | Info: {'status': 'VALID', 'scope': ['Trade'], 'ucc': 'XD16F', 'expires_at': '2026-06-11T00:00:00', 'issued_at': '2026-06-10T09:36:57', 'seconds_until_expiry': 47697, 'created_seconds_ago': 4086}
2026-06-10 10:45:03 [INFO] core.token_validator: ✅ Token ready for order — proceeding
2026-06-10 10:45:03 [INFO] core.order_executor: 📊 Margin Discovery [LT]: ₹787.50/share (5.0x) [Source: API (client.margin_required)]
2026-06-10 10:45:03 [ERROR] core.order_executor: ❌ INSUFFICIENT MARGIN/RISK FOR LT | Price: ₹3937.5 | SL: ₹3917.81 | Free Margin: ₹1816 | Margin/Share: ₹787.50 | Risk-qty: 0 | Alloc-qty: 0 | Lever-qty: 2
2026-06-10 10:45:03 [ERROR] core.order_executor: BUY rejected for LT: invalid/insufficient quantity 0 | price=3937.5 | available=1765.0787500000006
2026-06-10 10:45:03 [INFO] core.strategy: BUY SIGNAL TRIGGERED
Symbol: MARUTI
Price: 13120.0
Triggered Set: BUY_THREE_SOLDIERS_MOMENTUM
Set Side: BUY
Confidence: base=50.0 signal_x=1.0 weight_x=1.0 time=10:00-11:30@1.0 market_x=1.0 advisory_x=0.99 final=49.5 min=35.0
Satisfied:
- Three White Soldiers: pattern=True
- OBV Trending Up: OBV started=2479, ended=5435
Why: Three White Soldiers pattern showing pure buying pressure, confirmed by OBV trending up.
2026-06-10 10:45:03 [INFO] core.token_validator: 🔐 Pre-Order Token Check | State: VALID | Info: {'status': 'VALID', 'scope': ['Trade'], 'ucc': 'XD16F', 'expires_at': '2026-06-11T00:00:00', 'issued_at': '2026-06-10T09:36:57', 'seconds_until_expiry': 47697, 'created_seconds_ago': 4086}
2026-06-10 10:45:03 [INFO] core.token_validator: ✅ Token ready for order — proceeding
2026-06-10 10:45:04 [INFO] core.order_executor: 📊 Margin Discovery [MARUTI]: ₹2624.00/share (5.0x) [Source: API (client.margin_required)]
2026-06-10 10:45:04 [ERROR] core.order_executor: ❌ INSUFFICIENT MARGIN/RISK FOR MARUTI | Price: ₹13120.0 | SL: ₹13054.4 | Free Margin: ₹1816 | Margin/Share: ₹2624.00 | Risk-qty: 0 | Alloc-qty: 0 | Lever-qty: 0
2026-06-10 10:45:04 [ERROR] core.order_executor: BUY rejected for MARUTI: invalid/insufficient quantity 0 | price=13120.0 | available=1765.0787500000006
2026-06-10 10:45:04 [INFO] core.data_fetcher: 🕯️ Candle closed: TCS | 2026-06-10 10:40 | O:2163.10 H:2164.90 L:2163.00 C:2164.50 V:16719.0
2026-06-10 10:45:04 [INFO] core.data_fetcher: 🕯️ Candle closed: DIVISLAB | 2026-06-10 10:40 | O:6782.50 H:6795.00 L:6776.50 C:6791.50 V:7309.0
2026-06-10 10:45:05 [INFO] core.strategy: BUY SIGNAL TRIGGERED
Symbol: M&M
Price: 2985.8
Triggered Set: BUY_THREE_SOLDIERS_MOMENTUM
Set Side: BUY
Confidence: base=50.0 signal_x=1.0 weight_x=1.0 time=10:00-11:30@1.0 market_x=1.0 advisory_x=0.99 final=49.5 min=35.0
Satisfied:
- Three White Soldiers: pattern=True
- OBV Trending Up: OBV started=914145, ended=953694
Why: Three White Soldiers pattern showing pure buying pressure, confirmed by OBV trending up.
2026-06-10 10:45:05 [INFO] core.token_validator: 🔐 Pre-Order Token Check | State: VALID | Info: {'status': 'VALID', 'scope': ['Trade'], 'ucc': 'XD16F', 'expires_at': '2026-06-11T00:00:00', 'issued_at': '2026-06-10T09:36:57', 'seconds_until_expiry': 47695, 'created_seconds_ago': 4088}
2026-06-10 10:45:05 [INFO] core.token_validator: ✅ Token ready for order — proceeding
2026-06-10 10:45:05 [INFO] core.order_executor: 📊 Margin Discovery [M&M]: ₹597.16/share (5.0x) [Source: API (client.margin_required)]
2026-06-10 10:45:05 [ERROR] core.order_executor: ❌ INSUFFICIENT MARGIN/RISK FOR M&M | Price: ₹2985.8 | SL: ₹2970.87 | Free Margin: ₹1817 | Margin/Share: ₹597.16 | Risk-qty: 1 | Alloc-qty: 0 | Lever-qty: 3
2026-06-10 10:45:05 [ERROR] core.order_executor: BUY rejected for M&M: invalid/insufficient quantity 0 | price=2985.8 | available=1765.0787500000006
2026-06-10 10:45:06 [INFO] core.data_fetcher: 🕯️ Candle closed: HEROMOTOCO | 2026-06-10 10:40 | O:4926.20 H:4928.60 L:4920.10 C:4922.70 V:5240.0
2026-06-10 10:45:08 [INFO] core.strategy: BUY SIGNAL TRIGGERED
Symbol: LT
Price: 3938.8
Triggered Set: BUY_THREE_SOLDIERS_MOMENTUM
Set Side: BUY
Confidence: base=50.0 signal_x=1.0 weight_x=1.0 time=10:00-11:30@1.0 market_x=1.0 advisory_x=0.99 final=49.5 min=35.0
Satisfied:
- Three White Soldiers: pattern=True
- OBV Trending Up: OBV started=369720, ended=395465
Why: Three White Soldiers pattern showing pure buying pressure, confirmed by OBV trending up.
2026-06-10 10:45:08 [INFO] core.token_validator: 🔐 Pre-Order Token Check | State: VALID | Info: {'status': 'VALID', 'scope': ['Trade'], 'ucc': 'XD16F', 'expires_at': '2026-06-11T00:00:00', 'issued_at': '2026-06-10T09:36:57', 'seconds_until_expiry': 47692, 'created_seconds_ago': 4091}
2026-06-10 10:45:08 [INFO] core.token_validator: ✅ Token ready for order — proceeding
2026-06-10 10:45:08 [INFO] core.order_executor: 📊 Margin Discovery [LT]: ₹787.76/share (5.0x) [Source: API (client.margin_required)]
2026-06-10 10:45:08 [ERROR] core.order_executor: ❌ INSUFFICIENT MARGIN/RISK FOR LT | Price: ₹3938.8 | SL: ₹3919.11 | Free Margin: ₹1817 | Margin/Share: ₹787.76 | Risk-qty: 0 | Alloc-qty: 0 | Lever-qty: 2
2026-06-10 10:45:08 [ERROR] core.order_executor: BUY rejected for LT: invalid/insufficient quantity 0 | price=3938.8 | available=1765.0787500000006
2026-06-10 10:45:09 [INFO] core.strategy: BUY SIGNAL TRIGGERED
Symbol: MARUTI
Price: 13114.0
Triggered Set: BUY_THREE_SOLDIERS_MOMENTUM
Set Side: BUY
Confidence: base=50.0 signal_x=1.0 weight_x=1.0 time=10:00-11:30@1.0 market_x=1.0 advisory_x=0.99 final=49.5 min=35.0
Satisfied:
- Three White Soldiers: pattern=True
- OBV Trending Up: OBV started=2479, ended=5435
Why: Three White Soldiers pattern showing pure buying pressure, confirmed by OBV trending up.
2026-06-10 10:45:09 [INFO] core.token_validator: 🔐 Pre-Order Token Check | State: VALID | Info: {'status': 'VALID', 'scope': ['Trade'], 'ucc': 'XD16F', 'expires_at': '2026-06-11T00:00:00', 'issued_at': '2026-06-10T09:36:57', 'seconds_until_expiry': 47691, 'created_seconds_ago': 4092}
2026-06-10 10:45:09 [INFO] core.token_validator: ✅ Token ready for order — proceeding
2026-06-10 10:45:09 [INFO] core.order_executor: 📊 Margin Discovery [MARUTI]: ₹2622.80/share (5.0x) [Source: API (client.margin_required)]
2026-06-10 10:45:09 [ERROR] core.order_executor: ❌ INSUFFICIENT MARGIN/RISK FOR MARUTI | Price: ₹13114.0 | SL: ₹13048.43 | Free Margin: ₹1817 | Margin/Share: ₹2622.80 | Risk-qty: 0 | Alloc-qty: 0 | Lever-qty: 0
2026-06-10 10:45:09 [ERROR] core.order_executor: BUY rejected for MARUTI: invalid/insufficient quantity 0 | price=13114.0 | available=1765.0787500000006
2026-06-10 10:45:09 [INFO] core.data_fetcher: 🕯️ Candle closed: APOLLOHOSP | 2026-06-10 10:40 | O:8612.00 H:8619.00 L:8608.00 C:8608.50 V:6674.0
2026-06-10 10:45:10 [INFO] core.strategy: BUY SIGNAL TRIGGERED
Symbol: M&M
Price: 2984.7
Triggered Set: BUY_THREE_SOLDIERS_MOMENTUM
Set Side: BUY
Confidence: base=50.0 signal_x=1.0 weight_x=1.0 time=10:00-11:30@1.0 market_x=1.0 advisory_x=0.99 final=49.5 min=35.0
Satisfied:
- Three White Soldiers: pattern=True
- OBV Trending Up: OBV started=914145, ended=953694
Why: Three White Soldiers pattern showing pure buying pressure, confirmed by OBV trending up.
2026-06-10 10:45:10 [INFO] core.token_validator: 🔐 Pre-Order Token Check | State: VALID | Info: {'status': 'VALID', 'scope': ['Trade'], 'ucc': 'XD16F', 'expires_at': '2026-06-11T00:00:00', 'issued_at': '2026-06-10T09:36:57', 'seconds_until_expiry': 47690, 'created_seconds_ago': 4093}
2026-06-10 10:45:10 [INFO] core.token_validator: ✅ Token ready for order — proceeding
2026-06-10 10:45:10 [INFO] core.order_executor: 📊 Margin Discovery [M&M]: ₹596.94/share (5.0x) [Source: API (client.margin_required)]
2026-06-10 10:45:10 [ERROR] core.order_executor: ❌ INSUFFICIENT MARGIN/RISK FOR M&M | Price: ₹2984.7 | SL: ₹2969.78 | Free Margin: ₹1817 | Margin/Share: ₹596.94 | Risk-qty: 1 | Alloc-qty: 0 | Lever-qty: 3
2026-06-10 10:45:10 [ERROR] core.order_executor: BUY rejected for M&M: invalid/insufficient quantity 0 | price=2984.7 | available=1765.0787500000006
2026-06-10 10:45:12 [INFO] core.state_manager: [BRIEFING] Loading from data/session_briefing.json...
2026-06-10 10:45:12 [INFO] core.state_manager: [BRIEFING] Loaded Valid: 8 approved + 22 watchlist (MORNING_SCREENER)
2026-06-10 10:45:12 [INFO] core.data_fetcher: 🕯️ Candle closed: INFY | 2026-06-10 10:40 | O:1158.50 H:1159.10 L:1157.50 C:1158.50 V:53366.0
2026-06-10 10:45:13 [INFO] core.strategy: BUY SIGNAL TRIGGERED
Symbol: LT
Price: 3938.6
Triggered Set: BUY_THREE_SOLDIERS_MOMENTUM
Set Side: BUY
Confidence: base=50.0 signal_x=1.0 weight_x=1.0 time=10:00-11:30@1.0 market_x=1.0 advisory_x=0.99 final=49.5 min=35.0
Satisfied:
- Three White Soldiers: pattern=True
- OBV Trending Up: OBV started=369720, ended=395465
Why: Three White Soldiers pattern showing pure buying pressure, confirmed by OBV trending up.
2026-06-10 10:45:13 [INFO] core.token_validator: 🔐 Pre-Order Token Check | State: VALID | Info: {'status': 'VALID', 'scope': ['Trade'], 'ucc': 'XD16F', 'expires_at': '2026-06-11T00:00:00', 'issued_at': '2026-06-10T09:36:57', 'seconds_until_expiry': 47687, 'created_seconds_ago': 4096}
2026-06-10 10:45:13 [INFO] core.token_validator: ✅ Token ready for order — proceeding
2026-06-10 10:45:14 [INFO] core.order_executor: 📊 Margin Discovery [LT]: ₹787.72/share (5.0x) [Source: API (client.margin_required)]
2026-06-10 10:45:14 [ERROR] core.order_executor: ❌ INSUFFICIENT MARGIN/RISK FOR LT | Price: ₹3938.6 | SL: ₹3918.91 | Free Margin: ₹1820 | Margin/Share: ₹787.72 | Risk-qty: 0 | Alloc-qty: 0 | Lever-qty: 2
2026-06-10 10:45:14 [ERROR] core.order_executor: BUY rejected for LT: invalid/insufficient quantity 0 | price=3938.6 | available=1765.0787500000006
2026-06-10 10:45:14 [INFO] core.strategy: BUY SIGNAL TRIGGERED
Symbol: MARUTI
Price: 13119.0
Triggered Set: BUY_THREE_SOLDIERS_MOMENTUM
Set Side: BUY
Confidence: base=50.0 signal_x=1.0 weight_x=1.0 time=10:00-11:30@1.0 market_x=1.0 advisory_x=0.99 final=49.5 min=35.0
Satisfied:
- Three White Soldiers: pattern=True
- OBV Trending Up: OBV started=2479, ended=5435
Why: Three White Soldiers pattern showing pure buying pressure, confirmed by OBV trending up.
2026-06-10 10:45:14 [INFO] core.token_validator: 🔐 Pre-Order Token Check | State: VALID | Info: {'status': 'VALID', 'scope': ['Trade'], 'ucc': 'XD16F', 'expires_at': '2026-06-11T00:00:00', 'issued_at': '2026-06-10T09:36:57', 'seconds_until_expiry': 47686, 'created_seconds_ago': 4097}
2026-06-10 10:45:14 [INFO] core.token_validator: ✅ Token ready for order — proceeding
2026-06-10 10:45:14 [INFO] core.order_executor: 📊 Margin Discovery [MARUTI]: ₹2623.80/share (5.0x) [Source: API (client.margin_required)]
2026-06-10 10:45:14 [ERROR] core.order_executor: ❌ INSUFFICIENT MARGIN/RISK FOR MARUTI | Price: ₹13119.0 | SL: ₹13053.41 | Free Margin: ₹1821 | Margin/Share: ₹2623.80 | Risk-qty: 0 | Alloc-qty: 0 | Lever-qty: 0
2026-06-10 10:45:14 [ERROR] core.order_executor: BUY rejected for MARUTI: invalid/insufficient quantity 0 | price=13119.0 | available=1765.0787500000006
2026-06-10 10:45:15 [INFO] core.strategy: BUY SIGNAL TRIGGERED
Symbol: M&M
Price: 2985.3
Triggered Set: BUY_THREE_SOLDIERS_MOMENTUM
Set Side: BUY
Confidence: base=50.0 signal_x=1.0 weight_x=1.0 time=10:00-11:30@1.0 market_x=1.0 advisory_x=0.99 final=49.5 min=35.0
Satisfied:
- Three White Soldiers: pattern=True
- OBV Trending Up: OBV started=914145, ended=953694
Why: Three White Soldiers pattern showing pure buying pressure, confirmed by OBV trending up.
2026-06-10 10:45:15 [INFO] core.token_validator: 🔐 Pre-Order Token Check | State: VALID | Info: {'status': 'VALID', 'scope': ['Trade'], 'ucc': 'XD16F', 'expires_at': '2026-06-11T00:00:00', 'issued_at': '2026-06-10T09:36:57', 'seconds_until_expiry': 47685, 'created_seconds_ago': 4098}
2026-06-10 10:45:15 [INFO] core.token_validator: ✅ Token ready for order — proceeding
2026-06-10 10:45:15 [INFO] core.order_executor: 📊 Margin Discovery [M&M]: ₹597.06/share (5.0x) [Source: API (client.margin_required)]
2026-06-10 10:45:15 [ERROR] core.order_executor: ❌ INSUFFICIENT MARGIN/RISK FOR M&M | Price: ₹2985.3 | SL: ₹2970.37 | Free Margin: ₹1821 | Margin/Share: ₹597.06 | Risk-qty: 1 | Alloc-qty: 0 | Lever-qty: 3
2026-06-10 10:45:15 [ERROR] core.order_executor: BUY rejected for M&M: invalid/insufficient quantity 0 | price=2985.3 | available=1765.0787500000006
2026-06-10 10:45:19 [INFO] core.strategy: BUY SIGNAL TRIGGERED
Symbol: LT
Price: 3939.4
Triggered Set: BUY_THREE_SOLDIERS_MOMENTUM
Set Side: BUY
Confidence: base=50.0 signal_x=1.0 weight_x=1.0 time=10:00-11:30@1.0 market_x=1.0 advisory_x=0.99 final=49.5 min=35.0
Satisfied:
- Three White Soldiers: pattern=True
- OBV Trending Up: OBV started=369720, ended=395465
Why: Three White Soldiers pattern showing pure buying pressure, confirmed by OBV trending up.
2026-06-10 10:45:19 [INFO] core.token_validator: 🔐 Pre-Order Token Check | State: VALID | Info: {'status': 'VALID', 'scope': ['Trade'], 'ucc': 'XD16F', 'expires_at': '2026-06-11T00:00:00', 'issued_at': '2026-06-10T09:36:57', 'seconds_until_expiry': 47681, 'created_seconds_ago': 4102}
2026-06-10 10:45:19 [INFO] core.token_validator: ✅ Token ready for order — proceeding
2026-06-10 10:45:19 [INFO] core.order_executor: 📊 Margin Discovery [LT]: ₹787.88/share (5.0x) [Source: API (client.margin_required)]
2026-06-10 10:45:19 [ERROR] core.order_executor: ❌ INSUFFICIENT MARGIN/RISK FOR LT | Price: ₹3939.4 | SL: ₹3919.7 | Free Margin: ₹1819 | Margin/Share: ₹787.88 | Risk-qty: 0 | Alloc-qty: 0 | Lever-qty: 2
2026-06-10 10:45:19 [ERROR] core.order_executor: BUY rejected for LT: invalid/insufficient quantity 0 | price=3939.4 | available=1765.0787500000006
2026-06-10 10:45:19 [INFO] core.strategy: BUY SIGNAL TRIGGERED
Symbol: MARUTI
Price: 13125.0
Triggered Set: BUY_THREE_SOLDIERS_MOMENTUM
Set Side: BUY
Confidence: base=50.0 signal_x=1.0 weight_x=1.0 time=10:00-11:30@1.0 market_x=1.0 advisory_x=0.99 final=49.5 min=35.0
Satisfied:
- Three White Soldiers: pattern=True
- OBV Trending Up: OBV started=2479, ended=5435
Why: Three White Soldiers pattern showing pure buying pressure, confirmed by OBV trending up.
2026-06-10 10:45:19 [INFO] core.token_validator: 🔐 Pre-Order Token Check | State: VALID | Info: {'status': 'VALID', 'scope': ['Trade'], 'ucc': 'XD16F', 'expires_at': '2026-06-11T00:00:00', 'issued_at': '2026-06-10T09:36:57', 'seconds_until_expiry': 47681, 'created_seconds_ago': 4102}
2026-06-10 10:45:19 [INFO] core.token_validator: ✅ Token ready for order — proceeding
2026-06-10 10:45:19 [INFO] core.order_executor: 📊 Margin Discovery [MARUTI]: ₹2625.00/share (5.0x) [Source: API (client.margin_required)]
2026-06-10 10:45:19 [ERROR] core.order_executor: ❌ INSUFFICIENT MARGIN/RISK FOR MARUTI | Price: ₹13125.0 | SL: ₹13059.38 | Free Margin: ₹1819 | Margin/Share: ₹2625.00 | Risk-qty: 0 | Alloc-qty: 0 | Lever-qty: 0
2026-06-10 10:45:19 [ERROR] core.order_executor: BUY rejected for MARUTI: invalid/insufficient quantity 0 | price=13125.0 | available=1765.0787500000006
2026-06-10 10:45:48 [INFO] core.data_fetcher: 🕯️ Candle closed: SBILIFE | 2026-06-10 10:40 | O:1768.50 H:1768.80 L:1765.80 C:1768.60 V:52905.0
2026-06-10 10:46:15 [INFO] core.state_manager: [BRIEFING] Loading from data/session_briefing.json...
2026-06-10 10:46:15 [INFO] core.state_manager: [BRIEFING] Loaded Valid: 8 approved + 22 watchlist (MORNING_SCREENER)
2026-06-10 10:46:19 [INFO] core.strategy: ─── Scan summary (30 subscribed) ───
  [Cognition] SUNPHARMA: ticks=1543 | live_candles=15
  [Cognition] DIVISLAB: ticks=1063 | live_candles=15
  [Cognition] TATASTEEL: ticks=2883 | live_candles=15
  [Cognition] SBIN: ticks=3304 | live_candles=15
  [Cognition] TITAN: ticks=1427 | live_candles=15
  [Cognition] RELIANCE: ticks=3504 | live_candles=15
  [Cognition] NTPC: ticks=2525 | live_candles=15
  [Cognition] HDFCLIFE: ticks=616 | live_candles=15
  [Math] ICICIBANK: ticks=2683 | live_candles=15
  [Math] APOLLOHOSP: ticks=1360 | live_candles=15
  [Math] TCS: ticks=2684 | live_candles=15
  [Math] HDFCBANK: ticks=2735 | live_candles=15
  [Math] INFY: ticks=2425 | live_candles=15
  [Math] HINDUNILVR: ticks=2796 | live_candles=15
  [Math] ITC: ticks=3219 | live_candles=15
  [Math] BHARTIARTL: ticks=3083 | live_candles=15
  [Math] LT: ticks=1989 | live_candles=15
  [Math] HCLTECH: ticks=1353 | live_candles=15
  [Math] MARUTI: ticks=859 | live_candles=15
  [Math] WIPRO: ticks=2541 | live_candles=15
  [Math] NESTLEIND: ticks=2035 | live_candles=15
  [Math] BAJAJFINSV: ticks=1184 | live_candles=15
  [Math] DRREDDY: ticks=546 | live_candles=15
  [Math] EICHERMOT: ticks=1025 | live_candles=15
  [Math] HEROMOTOCO: ticks=1703 | live_candles=15
  [Math] HINDALCO: ticks=2478 | live_candles=15
  [Math] JSWSTEEL: ticks=972 | live_candles=15
  [Math] M&M: ticks=2247 | live_candles=15
  [Math] SBILIFE: ticks=654 | live_candles=15
  [Math] TATACONSUM: ticks=1416 | live_candles=15
2026-06-10 10:47:02 [INFO] core.data_fetcher: 📡 Live feed | ticks received: 30/30 symbols | active=['SUNPHARMA', 'DIVISLAB', 'TATASTEEL', 'SBIN', 'TITAN', 'RELIANCE', 'NTPC', 'HDFCLIFE']...
2026-06-10 10:47:15 [INFO] core.state_manager: [BRIEFING] Loading from data/session_briefing.json...
2026-06-10 10:47:15 [INFO] core.state_manager: [BRIEFING] Loaded Valid: 8 approved + 22 watchlist (MORNING_SCREENER)
2026-06-10 10:47:52 [INFO] core.strategy: ─── Scan summary (30 subscribed) ───
  [Cognition] SUNPHARMA: ticks=1569 | live_candles=15
  [Cognition] DIVISLAB: ticks=1069 | live_candles=15
  [Cognition] TATASTEEL: ticks=2944 | live_candles=15
  [Cognition] SBIN: ticks=3370 | live_candles=15
  [Cognition] TITAN: ticks=1459 | live_candles=15
  [Cognition] RELIANCE: ticks=3564 | live_candles=15
  [Cognition] NTPC: ticks=2567 | live_candles=15
  [Cognition] HDFCLIFE: ticks=631 | live_candles=15
  [Math] ICICIBANK: ticks=2740 | live_candles=15
  [Math] APOLLOHOSP: ticks=1374 | live_candles=15
  [Math] TCS: ticks=2723 | live_candles=15
  [Math] HDFCBANK: ticks=2775 | live_candles=15
  [Math] INFY: ticks=2452 | live_candles=15
  [Math] HINDUNILVR: ticks=2834 | live_candles=15
  [Math] ITC: ticks=3298 | live_candles=15
  [Math] BHARTIARTL: ticks=3130 | live_candles=15
  [Math] LT: ticks=2054 | live_candles=15
  [Math] HCLTECH: ticks=1379 | live_candles=15
  [Math] MARUTI: ticks=873 | live_candles=15
  [Math] WIPRO: ticks=2589 | live_candles=15
  [Math] NESTLEIND: ticks=2055 | live_candles=15
  [Math] BAJAJFINSV: ticks=1199 | live_candles=15
  [Math] DRREDDY: ticks=555 | live_candles=15
  [Math] EICHERMOT: ticks=1046 | live_candles=15
  [Math] HEROMOTOCO: ticks=1741 | live_candles=15
  [Math] HINDALCO: ticks=2518 | live_candles=15
  [Math] JSWSTEEL: ticks=993 | live_candles=15
  [Math] M&M: ticks=2297 | live_candles=15
  [Math] SBILIFE: ticks=663 | live_candles=15
  [Math] TATACONSUM: ticks=1437 | live_candles=15
2026-06-10 10:48:15 [INFO] core.state_manager: [BRIEFING] Loading from data/session_briefing.json...
2026-06-10 10:48:15 [INFO] core.state_manager: [BRIEFING] Loaded Valid: 8 approved + 22 watchlist (MORNING_SCREENER)
2026-06-10 10:49:02 [INFO] core.data_fetcher: 📡 Live feed | ticks received: 30/30 symbols | active=['SUNPHARMA', 'DIVISLAB', 'TATASTEEL', 'SBIN', 'TITAN', 'RELIANCE', 'NTPC', 'HDFCLIFE']...
2026-06-10 10:49:17 [INFO] core.state_manager: [BRIEFING] Loading from data/session_briefing.json...
2026-06-10 10:49:17 [INFO] core.state_manager: [BRIEFING] Loaded Valid: 8 approved + 22 watchlist (MORNING_SCREENER)
2026-06-10 10:49:27 [INFO] core.strategy: ─── Scan summary (30 subscribed) ───
  [Cognition] SUNPHARMA: ticks=1592 | live_candles=15
  [Cognition] DIVISLAB: ticks=1091 | live_candles=15
  [Cognition] TATASTEEL: ticks=3000 | live_candles=15
  [Cognition] SBIN: ticks=3428 | live_candles=15
  [Cognition] TITAN: ticks=1491 | live_candles=15
  [Cognition] RELIANCE: ticks=3619 | live_candles=15
  [Cognition] NTPC: ticks=2615 | live_candles=15
  [Cognition] HDFCLIFE: ticks=642 | live_candles=15
  [Math] ICICIBANK: ticks=2789 | live_candles=15
  [Math] APOLLOHOSP: ticks=1390 | live_candles=15
  [Math] TCS: ticks=2767 | live_candles=15
  [Math] HDFCBANK: ticks=2821 | live_candles=15
  [Math] INFY: ticks=2478 | live_candles=15
  [Math] HINDUNILVR: ticks=2870 | live_candles=15
  [Math] ITC: ticks=3373 | live_candles=15
  [Math] BHARTIARTL: ticks=3194 | live_candles=15
  [Math] LT: ticks=2097 | live_candles=15
  [Math] HCLTECH: ticks=1396 | live_candles=15
  [Math] MARUTI: ticks=885 | live_candles=15
  [Math] WIPRO: ticks=2632 | live_candles=15
  [Math] NESTLEIND: ticks=2085 | live_candles=15
  [Math] BAJAJFINSV: ticks=1246 | live_candles=15
  [Math] DRREDDY: ticks=569 | live_candles=15
  [Math] EICHERMOT: ticks=1063 | live_candles=15
  [Math] HEROMOTOCO: ticks=1771 | live_candles=15
  [Math] HINDALCO: ticks=2548 | live_candles=15
  [Math] JSWSTEEL: ticks=1017 | live_candles=15
  [Math] M&M: ticks=2341 | live_candles=15
  [Math] SBILIFE: ticks=675 | live_candles=15
  [Math] TATACONSUM: ticks=1456 | live_candles=15
2026-06-10 10:49:36 [WARNING] core.order_executor: 🔄 SL recovery attempt #9 for ICICIBANK | Qty: 2 | Trigger: ₹1279.47 | delay_was: 300s
2026-06-10 10:49:36 [INFO] core.order_executor: 🔄 [SL] Starting SL order placement | Symbol: ICICIBANK-EQ | Qty: 2 | Software SL: ₹1279.47 | Broker Trigger: ₹1266.7 | Broker Limit: ₹1266.05
2026-06-10 10:49:36 [INFO] core.order_executor: 📋 SL ORDER KWARGS (WILL SEND TO KOTAK):
2026-06-10 10:49:36 [INFO] core.order_executor:     exchange_segment     = nse_cm
2026-06-10 10:49:36 [INFO] core.order_executor:     product              = MIS
2026-06-10 10:49:36 [INFO] core.order_executor:     price                = 1266.05
2026-06-10 10:49:36 [INFO] core.order_executor:     order_type           = SL
2026-06-10 10:49:36 [INFO] core.order_executor:     quantity             = 2
2026-06-10 10:49:36 [INFO] core.order_executor:     validity             = DAY
2026-06-10 10:49:36 [INFO] core.order_executor:     trading_symbol       = ICICIBANK-EQ
2026-06-10 10:49:36 [INFO] core.order_executor:     transaction_type     = S
2026-06-10 10:49:36 [INFO] core.order_executor:     amo                  = NO
2026-06-10 10:49:36 [INFO] core.order_executor:     disclosed_quantity   = 0
2026-06-10 10:49:36 [INFO] core.order_executor:     market_protection    = 0
2026-06-10 10:49:36 [INFO] core.order_executor:     pf                   = N
2026-06-10 10:49:36 [INFO] core.order_executor:     trigger_price        = 1266.7
2026-06-10 10:49:36 [INFO] core.order_executor:    ℹ️ If Kotak rejects: Try exchange_segment='NSE' instead of 'nse_cm'
2026-06-10 10:49:36 [INFO] core.order_executor:    ℹ️ If Kotak rejects: Check if product 'MIS' supports SL orders (try 'CNC' if 'MIS' rejected)
2026-06-10 10:49:36 [INFO] core.token_validator: ✅ Trade token + sid confirmed and set on client (scope=['Trade'])
2026-06-10 10:49:36 [INFO] core.order_executor: 📋 PRE-ORDER CONFIG DUMP (SL-M) | host=PROD | access_token=SET | edit_token=SET | edit_sid=e49b550c-ee0f-432c-92c3-ccdcf265eeaa | serverId=24028c3e-9b6c-4189-a4e2-d41f429a24e3 | base_url=https://e41.kotaksecurities.com
2026-06-10 10:49:38 [ERROR] core.order_verifier: Order 260610000172659 rejected: 16283 : Order price is not a multiple of tick size  
2026-06-10 10:49:38 [ERROR] core.order_executor: ❌ SL Recovery Order rejected by broker! Backing off...
2026-06-10 10:49:53 [INFO] core.order_executor: 🎯 TSL ACTIVATED | ICICIBANK | Price ₹1295.4 | Entry ₹1285.9 | Profit +0.74% | Mode: TRAILING
2026-06-10 10:49:53 [INFO] core.order_executor: 📈 TRAILING SL | ICICIBANK | ₹1279.47 → ₹1292.8
2026-06-10 10:49:58 [INFO] core.order_executor: 📈 TRAILING SL | ICICIBANK | ₹1292.8 → ₹1293.1
2026-06-10 10:50:00 [INFO] core.data_fetcher: 🕯️ Candle closed: TATACONSUM | 2026-06-10 10:45 | O:1124.20 H:1124.20 L:1121.10 C:1121.20 V:11465.0
2026-06-10 10:50:00 [INFO] core.data_fetcher: 🕯️ Candle closed: TATASTEEL | 2026-06-10 10:45 | O:201.69 H:201.70 L:201.42 C:201.50 V:179058.0
2026-06-10 10:50:00 [INFO] core.data_fetcher: 🕯️ Candle closed: ICICIBANK | 2026-06-10 10:45 | O:1291.90 H:1295.80 L:1291.90 C:1295.70 V:389037.0
2026-06-10 10:50:00 [INFO] core.data_fetcher: 🕯️ Candle closed: INFY | 2026-06-10 10:45 | O:1158.60 H:1159.40 L:1158.60 C:1159.00 V:23796.0
2026-06-10 10:50:00 [INFO] core.data_fetcher: 🕯️ Candle closed: TCS | 2026-06-10 10:45 | O:2164.40 H:2165.10 L:2163.00 C:2164.10 V:13853.0
2026-06-10 10:50:00 [INFO] core.data_fetcher: 🕯️ Candle closed: SBIN | 2026-06-10 10:45 | O:1008.00 H:1008.80 L:1007.60 C:1008.45 V:150856.0
2026-06-10 10:50:00 [INFO] core.data_fetcher: 🕯️ Candle closed: SBILIFE | 2026-06-10 10:45 | O:1768.50 H:1769.50 L:1767.70 C:1769.50 V:20096.0
2026-06-10 10:50:00 [INFO] core.data_fetcher: 🕯️ Candle closed: WIPRO | 2026-06-10 10:45 | O:181.01 H:181.35 L:181.01 C:181.27 V:217388.0
2026-06-10 10:50:00 [INFO] core.data_fetcher: 🕯️ Candle closed: HCLTECH | 2026-06-10 10:45 | O:1146.30 H:1146.80 L:1145.80 C:1145.90 V:14041.0
2026-06-10 10:50:00 [INFO] core.data_fetcher: 🕯️ Candle closed: ITC | 2026-06-10 10:45 | O:283.30 H:283.35 L:283.00 C:283.25 V:224796.0
2026-06-10 10:50:00 [INFO] core.data_fetcher: 🕯️ Candle closed: BAJAJFINSV | 2026-06-10 10:45 | O:1693.10 H:1693.60 L:1688.20 C:1689.10 V:12227.0
2026-06-10 10:50:00 [INFO] core.data_fetcher: 🕯️ Candle closed: NTPC | 2026-06-10 10:45 | O:357.75 H:358.55 L:357.25 C:357.25 V:1101956.0
2026-06-10 10:50:00 [INFO] core.data_fetcher: 🕯️ Candle closed: NESTLEIND | 2026-06-10 10:45 | O:1451.40 H:1451.50 L:1447.20 C:1447.80 V:18281.0
2026-06-10 10:50:00 [INFO] core.data_fetcher: 🕯️ Candle closed: HINDUNILVR | 2026-06-10 10:45 | O:2186.00 H:2186.30 L:2184.00 C:2184.00 V:27609.0
2026-06-10 10:50:00 [INFO] core.data_fetcher: 🕯️ Candle closed: HDFCBANK | 2026-06-10 10:45 | O:738.55 H:739.00 L:737.95 C:738.95 V:451547.0
2026-06-10 10:50:01 [INFO] core.data_fetcher: 🕯️ Candle closed: HINDALCO | 2026-06-10 10:45 | O:1038.80 H:1039.30 L:1038.20 C:1038.60 V:39215.0
2026-06-10 10:50:01 [INFO] core.data_fetcher: 🕯️ Candle closed: TITAN | 2026-06-10 10:45 | O:4113.20 H:4114.00 L:4103.50 C:4109.40 V:7061.0
2026-06-10 10:50:01 [INFO] core.data_fetcher: 🕯️ Candle closed: JSWSTEEL | 2026-06-10 10:45 | O:1265.90 H:1266.50 L:1263.20 C:1266.10 V:66003.0
2026-06-10 10:50:01 [INFO] core.data_fetcher: 🕯️ Candle closed: SUNPHARMA | 2026-06-10 10:45 | O:1788.10 H:1788.80 L:1786.50 C:1788.70 V:8430.0
2026-06-10 10:50:01 [INFO] core.data_fetcher: 🕯️ Candle closed: EICHERMOT | 2026-06-10 10:45 | O:7220.50 H:7224.50 L:7212.00 C:7215.00 V:1441.0
2026-06-10 10:50:01 [INFO] core.data_fetcher: 🕯️ Candle closed: LT | 2026-06-10 10:45 | O:3938.00 H:3947.50 L:3937.50 C:3945.00 V:32590.0
2026-06-10 10:50:01 [INFO] core.data_fetcher: 🕯️ Candle closed: HEROMOTOCO | 2026-06-10 10:45 | O:4921.90 H:4922.00 L:4908.20 C:4915.90 V:7032.0
2026-06-10 10:50:02 [INFO] core.data_fetcher: 🕯️ Candle closed: DRREDDY | 2026-06-10 10:45 | O:1272.80 H:1274.50 L:1272.20 C:1273.70 V:6220.0
2026-06-10 10:50:03 [INFO] core.data_fetcher: 🕯️ Candle closed: DIVISLAB | 2026-06-10 10:45 | O:6791.00 H:6791.50 L:6781.00 C:6790.50 V:3251.0
2026-06-10 10:50:03 [INFO] core.data_fetcher: 🕯️ Candle closed: M&M | 2026-06-10 10:45 | O:2985.60 H:2986.50 L:2984.40 C:2986.00 V:25881.0
2026-06-10 10:50:05 [INFO] core.data_fetcher: 🕯️ Candle closed: RELIANCE | 2026-06-10 10:45 | O:1280.30 H:1281.20 L:1279.10 C:1281.20 V:144993.0
2026-06-10 10:50:06 [INFO] core.data_fetcher: 🕯️ Candle closed: BHARTIARTL | 2026-06-10 10:45 | O:1791.90 H:1793.10 L:1790.90 C:1792.10 V:46801.0
2026-06-10 10:50:07 [INFO] core.data_fetcher: 🕯️ Candle closed: MARUTI | 2026-06-10 10:45 | O:13120.00 H:13125.00 L:13111.00 C:13119.00 V:1187.0
2026-06-10 10:50:09 [INFO] core.data_fetcher: 🕯️ Candle closed: APOLLOHOSP | 2026-06-10 10:45 | O:8609.50 H:8610.00 L:8596.50 C:8606.00 V:4220.0
2026-06-10 10:50:16 [INFO] core.data_fetcher: 🕯️ Candle closed: HDFCLIFE | 2026-06-10 10:45 | O:563.10 H:563.40 L:562.95 C:563.10 V:21320.0
2026-06-10 10:50:18 [INFO] core.state_manager: [BRIEFING] Loading from data/session_briefing.json...
2026-06-10 10:50:18 [INFO] core.state_manager: [BRIEFING] Loaded Valid: 8 approved + 22 watchlist (MORNING_SCREENER)
2026-06-10 10:51:01 [INFO] core.strategy: ─── Scan summary (30 subscribed) ───
  [Cognition] SUNPHARMA: ticks=1628 | live_candles=16
  [Cognition] DIVISLAB: ticks=1108 | live_candles=16
  [Cognition] TATASTEEL: ticks=3059 | live_candles=16
  [Cognition] SBIN: ticks=3498 | live_candles=16
  [Cognition] TITAN: ticks=1522 | live_candles=16
  [Cognition] RELIANCE: ticks=3671 | live_candles=16
  [Cognition] NTPC: ticks=2647 | live_candles=16
  [Cognition] HDFCLIFE: ticks=646 | live_candles=16
  [Math] ICICIBANK: ticks=2870 | live_candles=16
  [Math] APOLLOHOSP: ticks=1404 | live_candles=16
  [Math] TCS: ticks=2810 | live_candles=16
  [Math] HDFCBANK: ticks=2883 | live_candles=16
  [Math] INFY: ticks=2509 | live_candles=16
  [Math] HINDUNILVR: ticks=2909 | live_candles=16
  [Math] ITC: ticks=3448 | live_candles=16
  [Math] BHARTIARTL: ticks=3245 | live_candles=16
  [Math] LT: ticks=2144 | live_candles=16
  [Math] HCLTECH: ticks=1429 | live_candles=16
  [Math] MARUTI: ticks=900 | live_candles=16
  [Math] WIPRO: ticks=2663 | live_candles=16
  [Math] NESTLEIND: ticks=2106 | live_candles=16
  [Math] BAJAJFINSV: ticks=1263 | live_candles=16
  [Math] DRREDDY: ticks=578 | live_candles=16
  [Math] EICHERMOT: ticks=1086 | live_candles=16
  [Math] HEROMOTOCO: ticks=1797 | live_candles=16
  [Math] HINDALCO: ticks=2592 | live_candles=16
  [Math] JSWSTEEL: ticks=1029 | live_candles=16
  [Math] M&M: ticks=2384 | live_candles=16
  [Math] SBILIFE: ticks=696 | live_candles=16
  [Math] TATACONSUM: ticks=1500 | live_candles=16
2026-06-10 10:51:03 [INFO] core.data_fetcher: 📡 Live feed | ticks received: 30/30 symbols | active=['SUNPHARMA', 'DIVISLAB', 'TATASTEEL', 'SBIN', 'TITAN', 'RELIANCE', 'NTPC', 'HDFCLIFE']...
2026-06-10 10:51:20 [INFO] core.state_manager: [BRIEFING] Loading from data/session_briefing.json...
2026-06-10 10:51:20 [INFO] core.state_manager: [BRIEFING] Loaded Valid: 8 approved + 22 watchlist (MORNING_SCREENER)
2026-06-10 10:51:54 [INFO] core.order_executor: 📈 TRAILING SL | ICICIBANK | ₹1293.1 → ₹1293.3
2026-06-10 10:52:01 [INFO] apscheduler.executors.default: Running job "Market Observation Loop (trigger: interval[0:15:00], next run at: 2026-06-10 11:07:01 IST)" (scheduled at 2026-06-10 10:52:01.484149+05:30)
2026-06-10 10:52:01 [INFO] reflection.observation_loop: 🔍 Running observation cycle...
2026-06-10 10:52:01 [INFO] core.state_manager: [BRIEFING] Loading from data/session_briefing.json...
2026-06-10 10:52:01 [INFO] core.state_manager: [BRIEFING] Loaded Valid: 8 approved + 22 watchlist (MORNING_SCREENER)
2026-06-10 10:52:02 [INFO] reflection.observation_loop: 📊 Observation recorded:
   Market: RANGING | Trend: WEAK
   Vol: LOW | Breakouts: LOW
   Reversals: LOW
2026-06-10 10:52:02 [INFO] apscheduler.executors.default: Job "Market Observation Loop (trigger: interval[0:15:00], next run at: 2026-06-10 11:07:01 IST)" executed successfully
2026-06-10 10:52:03 [INFO] core.order_executor: 📈 TRAILING SL | ICICIBANK | ₹1293.3 → ₹1293.6
2026-06-10 10:52:03 [INFO] core.order_executor: 🎯 TARGET HIT | ICICIBANK | ₹1296.2 ≥ Target ₹1296.2
2026-06-10 10:52:03 [INFO] core.order_executor: 📋 Preparing S order | Symbol: ICICIBANK-EQ | Qty: 2 | Price: ₹1289.7
2026-06-10 10:52:03 [INFO] core.token_validator: 🔐 Pre-Order Token Check | State: VALID | Info: {'status': 'VALID', 'scope': ['Trade'], 'ucc': 'XD16F', 'expires_at': '2026-06-11T00:00:00', 'issued_at': '2026-06-10T09:36:57', 'seconds_until_expiry': 47277, 'created_seconds_ago': 4506}
2026-06-10 10:52:03 [INFO] core.token_validator: ✅ Token ready for order — proceeding
2026-06-10 10:52:03 [INFO] core.token_validator: ✅ Trade token + sid confirmed and set on client (scope=['Trade'])
2026-06-10 10:52:03 [INFO] core.order_executor: 📋 PRE-ORDER CONFIG DUMP (ATTEMPT 1/2) | host=PROD | access_token=eyJhbGciOiJSUzI1NiIs... | edit_token=eyJhbGciOiJSUzI1NiIs... | tokens_match=True | edit_sid=e49b550c-ee0f-432c-92c3-ccdcf265eeaa | serverId=24028c3e-9b6c-4189-a4e2-d41f429a24e3 | base_url=https://e41.kotaksecurities.com
2026-06-10 10:52:04 [INFO] core.order_executor: ✅ Order placed (attempt 1/2) | Order ID: 260610000175085
2026-06-10 10:52:04 [INFO] core.order_verifier: 📤 Order recorded: 260610000175085 (ICICIBANK)
2026-06-10 10:52:04 [INFO] core.order_verifier: ✅ Order 260610000175085 verified as COMPLETE
2026-06-10 10:52:04 [INFO] core.state_manager: FX12 Txn Costs applied for ICICIBANK: Gross=₹20.20, Costs=₹1.55, Net=₹18.65
2026-06-10 10:52:04 [INFO] core.state_manager: Position closed: ICICIBANK | 1296.0 | P&L: 18.65 | TARGET | price_source=broker_fill
2026-06-10 10:52:24 [INFO] core.state_manager: [BRIEFING] Loading from data/session_briefing.json...
2026-06-10 10:52:24 [INFO] core.state_manager: [BRIEFING] Loaded Valid: 8 approved + 22 watchlist (MORNING_SCREENER)
2026-06-10 10:52:34 [INFO] core.strategy: ─── Scan summary (30 subscribed) ───
  [Cognition] SUNPHARMA: ticks=1662 | live_candles=16
  [Cognition] DIVISLAB: ticks=1133 | live_candles=16
  [Cognition] TATASTEEL: ticks=3119 | live_candles=16
  [Cognition] SBIN: ticks=3568 | live_candles=16
  [Cognition] TITAN: ticks=1545 | live_candles=16
  [Cognition] RELIANCE: ticks=3738 | live_candles=16
  [Cognition] NTPC: ticks=2689 | live_candles=16
  [Cognition] HDFCLIFE: ticks=664 | live_candles=16
  [Math] ICICIBANK: ticks=2959 | live_candles=16
  [Math] APOLLOHOSP: ticks=1419 | live_candles=16
  [Math] TCS: ticks=2856 | live_candles=16
  [Math] HDFCBANK: ticks=2949 | live_candles=16
  [Math] INFY: ticks=2553 | live_candles=16
  [Math] HINDUNILVR: ticks=2949 | live_candles=16
  [Math] ITC: ticks=3522 | live_candles=16
  [Math] BHARTIARTL: ticks=3322 | live_candles=16
  [Math] LT: ticks=2195 | live_candles=16
  [Math] HCLTECH: ticks=1462 | live_candles=16
  [Math] MARUTI: ticks=917 | live_candles=16
  [Math] WIPRO: ticks=2722 | live_candles=16
  [Math] NESTLEIND: ticks=2131 | live_candles=16
  [Math] BAJAJFINSV: ticks=1287 | live_candles=16
  [Math] DRREDDY: ticks=588 | live_candles=16
  [Math] EICHERMOT: ticks=1109 | live_candles=16
  [Math] HEROMOTOCO: ticks=1812 | live_candles=16
  [Math] HINDALCO: ticks=2619 | live_candles=16
  [Math] JSWSTEEL: ticks=1050 | live_candles=16
  [Math] M&M: ticks=2437 | live_candles=16
  [Math] SBILIFE: ticks=712 | live_candles=16
  [Math] TATACONSUM: ticks=1557 | live_candles=16
2026-06-10 10:53:03 [INFO] core.data_fetcher: 📡 Live feed | ticks received: 30/30 symbols | active=['SUNPHARMA', 'DIVISLAB', 'TATASTEEL', 'SBIN', 'TITAN', 'RELIANCE', 'NTPC', 'HDFCLIFE']...
2026-06-10 10:53:28 [INFO] core.state_manager: [BRIEFING] Loading from data/session_briefing.json...
2026-06-10 10:53:28 [INFO] core.state_manager: [BRIEFING] Loaded Valid: 8 approved + 22 watchlist (MORNING_SCREENER)
2026-06-10 10:54:08 [INFO] core.strategy: ─── Scan summary (30 subscribed) ───
  [Cognition] SUNPHARMA: ticks=1698 | live_candles=16
  [Cognition] DIVISLAB: ticks=1153 | live_candles=16
  [Cognition] TATASTEEL: ticks=3177 | live_candles=16
  [Cognition] SBIN: ticks=3627 | live_candles=16
  [Cognition] TITAN: ticks=1575 | live_candles=16
  [Cognition] RELIANCE: ticks=3813 | live_candles=16
  [Cognition] NTPC: ticks=2736 | live_candles=16
  [Cognition] HDFCLIFE: ticks=673 | live_candles=16
  [Math] ICICIBANK: ticks=3049 | live_candles=16
  [Math] APOLLOHOSP: ticks=1430 | live_candles=16
  [Math] TCS: ticks=2894 | live_candles=16
  [Math] HDFCBANK: ticks=3017 | live_candles=16
  [Math] INFY: ticks=2588 | live_candles=16
  [Math] HINDUNILVR: ticks=2997 | live_candles=16
  [Math] ITC: ticks=3588 | live_candles=16
  [Math] BHARTIARTL: ticks=3387 | live_candles=16
  [Math] LT: ticks=2246 | live_candles=16
  [Math] HCLTECH: ticks=1482 | live_candles=16
  [Math] MARUTI: ticks=927 | live_candles=16
  [Math] WIPRO: ticks=2778 | live_candles=16
  [Math] NESTLEIND: ticks=2163 | live_candles=16
  [Math] BAJAJFINSV: ticks=1309 | live_candles=16
  [Math] DRREDDY: ticks=593 | live_candles=16
  [Math] EICHERMOT: ticks=1123 | live_candles=16
  [Math] HEROMOTOCO: ticks=1844 | live_candles=16
  [Math] HINDALCO: ticks=2663 | live_candles=16
  [Math] JSWSTEEL: ticks=1077 | live_candles=16
  [Math] M&M: ticks=2479 | live_candles=16
  [Math] SBILIFE: ticks=726 | live_candles=16
  [Math] TATACONSUM: ticks=1591 | live_candles=16
2026-06-10 10:54:28 [INFO] core.state_manager: [BRIEFING] Loading from data/session_briefing.json...
2026-06-10 10:54:28 [INFO] core.state_manager: [BRIEFING] Loaded Valid: 8 approved + 22 watchlist (MORNING_SCREENER)
2026-06-10 10:55:00 [INFO] core.data_fetcher: 🕯️ Candle closed: BHARTIARTL | 2026-06-10 10:50 | O:1792.30 H:1794.50 L:1791.70 C:1793.30 V:46010.0
2026-06-10 10:55:00 [INFO] core.data_fetcher: 🕯️ Candle closed: TCS | 2026-06-10 10:50 | O:2164.40 H:2165.90 L:2163.10 C:2164.60 V:24995.0
2026-06-10 10:55:00 [INFO] core.data_fetcher: 🕯️ Candle closed: HINDALCO | 2026-06-10 10:50 | O:1038.70 H:1041.00 L:1038.50 C:1040.30 V:42617.0
2026-06-10 10:55:00 [INFO] core.data_fetcher: 🕯️ Candle closed: ICICIBANK | 2026-06-10 10:50 | O:1295.90 H:1297.30 L:1294.30 C:1297.10 V:836633.0
2026-06-10 10:55:00 [INFO] core.data_fetcher: 🕯️ Candle closed: WIPRO | 2026-06-10 10:50 | O:181.26 H:181.40 L:181.16 C:181.30 V:235309.0
2026-06-10 10:55:00 [INFO] core.data_fetcher: 🕯️ Candle closed: ITC | 2026-06-10 10:50 | O:283.35 H:283.35 L:283.05 C:283.15 V:88003.0
2026-06-10 10:55:01 [INFO] core.data_fetcher: 🕯️ Candle closed: RELIANCE | 2026-06-10 10:50 | O:1281.10 H:1283.30 L:1280.90 C:1282.20 V:258124.0
2026-06-10 10:55:01 [INFO] core.data_fetcher: 🕯️ Candle closed: M&M | 2026-06-10 10:50 | O:2986.10 H:2986.10 L:2979.30 C:2981.30 V:20685.0
2026-06-10 10:55:01 [INFO] core.data_fetcher: 🕯️ Candle closed: LT | 2026-06-10 10:50 | O:3945.30 H:3948.80 L:3941.70 C:3944.90 V:16255.0
2026-06-10 10:55:01 [INFO] core.data_fetcher: 🕯️ Candle closed: NESTLEIND | 2026-06-10 10:50 | O:1447.30 H:1448.40 L:1446.40 C:1447.10 V:14623.0
2026-06-10 10:55:01 [INFO] core.data_fetcher: 🕯️ Candle closed: JSWSTEEL | 2026-06-10 10:50 | O:1266.30 H:1272.00 L:1265.60 C:1271.30 V:35438.0
2026-06-10 10:55:01 [INFO] core.data_fetcher: 🕯️ Candle closed: BAJAJFINSV | 2026-06-10 10:50 | O:1689.50 H:1692.00 L:1689.40 C:1690.60 V:1194.0
2026-06-10 10:55:01 [INFO] core.data_fetcher: 🕯️ Candle closed: HINDUNILVR | 2026-06-10 10:50 | O:2184.20 H:2188.30 L:2184.00 C:2185.70 V:39940.0
2026-06-10 10:55:01 [INFO] core.data_fetcher: 🕯️ Candle closed: TATACONSUM | 2026-06-10 10:50 | O:1121.00 H:1121.00 L:1117.20 C:1118.20 V:48862.0
2026-06-10 10:55:01 [INFO] core.data_fetcher: 🕯️ Candle closed: INFY | 2026-06-10 10:50 | O:1159.10 H:1159.10 L:1158.00 C:1158.60 V:59981.0
2026-06-10 10:55:01 [INFO] core.data_fetcher: 🕯️ Candle closed: SUNPHARMA | 2026-06-10 10:50 | O:1788.60 H:1790.90 L:1786.90 C:1787.20 V:15913.0
2026-06-10 10:55:01 [INFO] core.data_fetcher: 🕯️ Candle closed: HEROMOTOCO | 2026-06-10 10:50 | O:4912.20 H:4920.00 L:4910.10 C:4914.00 V:2987.0
2026-06-10 10:55:01 [INFO] core.data_fetcher: 🕯️ Candle closed: TATASTEEL | 2026-06-10 10:50 | O:201.49 H:201.80 L:201.31 C:201.70 V:224478.0
2026-06-10 10:55:01 [INFO] core.data_fetcher: 🕯️ Candle closed: NTPC | 2026-06-10 10:50 | O:357.35 H:357.80 L:357.05 C:357.50 V:185727.0
2026-06-10 10:55:01 [INFO] core.data_fetcher: 🕯️ Candle closed: SBIN | 2026-06-10 10:50 | O:1008.40 H:1009.70 L:1007.50 C:1009.65 V:195479.0
2026-06-10 10:55:02 [INFO] core.data_fetcher: 🕯️ Candle closed: HDFCBANK | 2026-06-10 10:50 | O:738.90 H:740.10 L:738.80 C:739.45 V:522564.0
2026-06-10 10:55:03 [INFO] core.data_fetcher: 🕯️ Candle closed: DRREDDY | 2026-06-10 10:50 | O:1273.60 H:1276.40 L:1273.60 C:1274.60 V:7240.0
2026-06-10 10:55:03 [INFO] core.data_fetcher: 📡 Live feed | ticks received: 30/30 symbols | active=['SUNPHARMA', 'DIVISLAB', 'TATASTEEL', 'SBIN', 'TITAN', 'RELIANCE', 'NTPC', 'HDFCLIFE']...
2026-06-10 10:55:04 [INFO] core.data_fetcher: 🕯️ Candle closed: EICHERMOT | 2026-06-10 10:50 | O:7212.00 H:7212.00 L:7204.00 C:7208.50 V:1449.0
2026-06-10 10:55:04 [INFO] core.data_fetcher: 🕯️ Candle closed: DIVISLAB | 2026-06-10 10:50 | O:6792.00 H:6803.50 L:6787.50 C:6787.50 V:6058.0
2026-06-10 10:55:04 [INFO] core.data_fetcher: 🕯️ Candle closed: HCLTECH | 2026-06-10 10:50 | O:1146.00 H:1146.10 L:1144.30 C:1144.60 V:13176.0
2026-06-10 10:55:07 [INFO] core.data_fetcher: 🕯️ Candle closed: HDFCLIFE | 2026-06-10 10:50 | O:562.95 H:563.00 L:562.40 C:562.85 V:14779.0
2026-06-10 10:55:07 [INFO] core.data_fetcher: 🕯️ Candle closed: TITAN | 2026-06-10 10:50 | O:4109.50 H:4109.60 L:4104.00 C:4105.20 V:1656.0
2026-06-10 10:55:20 [INFO] core.data_fetcher: 🕯️ Candle closed: MARUTI | 2026-06-10 10:50 | O:13118.00 H:13123.00 L:13112.00 C:13120.00 V:1180.0
2026-06-10 10:55:32 [INFO] core.state_manager: [BRIEFING] Loading from data/session_briefing.json...
2026-06-10 10:55:32 [INFO] core.state_manager: [BRIEFING] Loaded Valid: 8 approved + 22 watchlist (MORNING_SCREENER)
2026-06-10 10:55:43 [INFO] core.strategy: ─── Scan summary (30 subscribed) ───
  [Cognition] SUNPHARMA: ticks=1734 | live_candles=17
  [Cognition] DIVISLAB: ticks=1174 | live_candles=17
  [Cognition] TATASTEEL: ticks=3239 | live_candles=17
  [Cognition] SBIN: ticks=3681 | live_candles=17
  [Cognition] TITAN: ticks=1595 | live_candles=17
  [Cognition] RELIANCE: ticks=3894 | live_candles=17
  [Cognition] NTPC: ticks=2769 | live_candles=17
  [Cognition] HDFCLIFE: ticks=687 | live_candles=17
  [Math] ICICIBANK: ticks=3114 | live_candles=17
  [Math] APOLLOHOSP: ticks=1440 | live_candles=16
  [Math] TCS: ticks=2946 | live_candles=17
  [Math] HDFCBANK: ticks=3075 | live_candles=17
  [Math] INFY: ticks=2622 | live_candles=17
  [Math] HINDUNILVR: ticks=3034 | live_candles=17
  [Math] ITC: ticks=3659 | live_candles=17
  [Math] BHARTIARTL: ticks=3470 | live_candles=17
  [Math] LT: ticks=2312 | live_candles=17
  [Math] HCLTECH: ticks=1513 | live_candles=17
  [Math] MARUTI: ticks=937 | live_candles=17
  [Math] WIPRO: ticks=2847 | live_candles=17
  [Math] NESTLEIND: ticks=2188 | live_candles=17
  [Math] BAJAJFINSV: ticks=1332 | live_candles=17
  [Math] DRREDDY: ticks=604 | live_candles=17
  [Math] EICHERMOT: ticks=1142 | live_candles=17
  [Math] HEROMOTOCO: ticks=1865 | live_candles=17
  [Math] HINDALCO: ticks=2708 | live_candles=17
  [Math] JSWSTEEL: ticks=1130 | live_candles=17
  [Math] M&M: ticks=2531 | live_candles=17
  [Math] SBILIFE: ticks=733 | live_candles=16
  [Math] TATACONSUM: ticks=1615 | live_candles=17
2026-06-10 10:55:56 [INFO] core.data_fetcher: 🕯️ Candle closed: APOLLOHOSP | 2026-06-10 10:50 | O:8604.00 H:8616.50 L:8604.00 C:8611.50 V:4005.0
2026-06-10 10:56:11 [INFO] core.data_fetcher: 🕯️ Candle closed: SBILIFE | 2026-06-10 10:50 | O:1768.60 H:1770.20 L:1766.90 C:1768.90 V:27042.0
2026-06-10 10:56:37 [INFO] core.state_manager: [BRIEFING] Loading from data/session_briefing.json...
2026-06-10 10:56:37 [INFO] core.state_manager: [BRIEFING] Loaded Valid: 8 approved + 22 watchlist (MORNING_SCREENER)
2026-06-10 10:57:03 [INFO] core.data_fetcher: 📡 Live feed | ticks received: 30/30 symbols | active=['SUNPHARMA', 'DIVISLAB', 'TATASTEEL', 'SBIN', 'TITAN', 'RELIANCE', 'NTPC', 'HDFCLIFE']...
2026-06-10 10:57:16 [INFO] core.strategy: ─── Scan summary (30 subscribed) ───
  [Cognition] SUNPHARMA: ticks=1768 | live_candles=17
  [Cognition] DIVISLAB: ticks=1185 | live_candles=17
  [Cognition] TATASTEEL: ticks=3298 | live_candles=17
  [Cognition] SBIN: ticks=3755 | live_candles=17
  [Cognition] TITAN: ticks=1622 | live_candles=17
  [Cognition] RELIANCE: ticks=3970 | live_candles=17
  [Cognition] NTPC: ticks=2817 | live_candles=17
  [Cognition] HDFCLIFE: ticks=703 | live_candles=17
  [Math] ICICIBANK: ticks=3191 | live_candles=17
  [Math] APOLLOHOSP: ticks=1464 | live_candles=17
  [Math] TCS: ticks=3016 | live_candles=17
  [Math] HDFCBANK: ticks=3149 | live_candles=17
  [Math] INFY: ticks=2650 | live_candles=17
  [Math] HINDUNILVR: ticks=3075 | live_candles=17
  [Math] ITC: ticks=3720 | live_candles=17
  [Math] BHARTIARTL: ticks=3567 | live_candles=17
  [Math] LT: ticks=2376 | live_candles=17
  [Math] HCLTECH: ticks=1544 | live_candles=17
  [Math] MARUTI: ticks=957 | live_candles=17
  [Math] WIPRO: ticks=2905 | live_candles=17
  [Math] NESTLEIND: ticks=2228 | live_candles=17
  [Math] BAJAJFINSV: ticks=1368 | live_candles=17
  [Math] DRREDDY: ticks=610 | live_candles=17
  [Math] EICHERMOT: ticks=1162 | live_candles=17
  [Math] HEROMOTOCO: ticks=1896 | live_candles=17
  [Math] HINDALCO: ticks=2750 | live_candles=17
  [Math] JSWSTEEL: ticks=1163 | live_candles=17
  [Math] M&M: ticks=2598 | live_candles=17
  [Math] SBILIFE: ticks=744 | live_candles=17
  [Math] TATACONSUM: ticks=1654 | live_candles=17
2026-06-10 10:57:40 [INFO] core.state_manager: [BRIEFING] Loading from data/session_briefing.json...
2026-06-10 10:57:40 [INFO] core.state_manager: [BRIEFING] Loaded Valid: 8 approved + 22 watchlist (MORNING_SCREENER)
2026-06-10 10:58:44 [INFO] core.state_manager: [BRIEFING] Loading from data/session_briefing.json...
2026-06-10 10:58:44 [INFO] core.state_manager: [BRIEFING] Loaded Valid: 8 approved + 22 watchlist (MORNING_SCREENER)
2026-06-10 10:58:49 [INFO] core.strategy: ─── Scan summary (30 subscribed) ───
  [Cognition] SUNPHARMA: ticks=1803 | live_candles=17
  [Cognition] DIVISLAB: ticks=1206 | live_candles=17
  [Cognition] TATASTEEL: ticks=3354 | live_candles=17
  [Cognition] SBIN: ticks=3817 | live_candles=17
  [Cognition] TITAN: ticks=1642 | live_candles=17
  [Cognition] RELIANCE: ticks=4029 | live_candles=17
  [Cognition] NTPC: ticks=2857 | live_candles=17
  [Cognition] HDFCLIFE: ticks=712 | live_candles=17
  [Math] ICICIBANK: ticks=3265 | live_candles=17
  [Math] APOLLOHOSP: ticks=1485 | live_candles=17
  [Math] TCS: ticks=3083 | live_candles=17
  [Math] HDFCBANK: ticks=3221 | live_candles=17
  [Math] INFY: ticks=2673 | live_candles=17
  [Math] HINDUNILVR: ticks=3132 | live_candles=17
  [Math] ITC: ticks=3773 | live_candles=17
  [Math] BHARTIARTL: ticks=3642 | live_candles=17
  [Math] LT: ticks=2427 | live_candles=17
  [Math] HCLTECH: ticks=1572 | live_candles=17
  [Math] MARUTI: ticks=964 | live_candles=17
  [Math] WIPRO: ticks=2948 | live_candles=17
  [Math] NESTLEIND: ticks=2276 | live_candles=17
  [Math] BAJAJFINSV: ticks=1401 | live_candles=17
  [Math] DRREDDY: ticks=621 | live_candles=17
  [Math] EICHERMOT: ticks=1180 | live_candles=17
  [Math] HEROMOTOCO: ticks=1920 | live_candles=17
  [Math] HINDALCO: ticks=2788 | live_candles=17
  [Math] JSWSTEEL: ticks=1196 | live_candles=17
  [Math] M&M: ticks=2632 | live_candles=17
  [Math] SBILIFE: ticks=750 | live_candles=17
  [Math] TATACONSUM: ticks=1691 | live_candles=17
2026-06-10 10:59:03 [INFO] core.data_fetcher: 📡 Live feed | ticks received: 30/30 symbols | active=['SUNPHARMA', 'DIVISLAB', 'TATASTEEL', 'SBIN', 'TITAN', 'RELIANCE', 'NTPC', 'HDFCLIFE']...
2026-06-10 10:59:48 [INFO] core.state_manager: [BRIEFING] Loading from data/session_briefing.json...
2026-06-10 10:59:48 [INFO] core.state_manager: [BRIEFING] Loaded Valid: 8 approved + 22 watchlist (MORNING_SCREENER)
2026-06-10 11:00:00 [INFO] core.data_fetcher: 🕯️ Candle closed: HINDUNILVR | 2026-06-10 10:55 | O:2185.60 H:2186.90 L:2172.80 C:2174.00 V:42635.0
2026-06-10 11:00:00 [INFO] core.data_fetcher: 🕯️ Candle closed: TATASTEEL | 2026-06-10 10:55 | O:201.66 H:201.82 L:201.47 C:201.81 V:279267.0
2026-06-10 11:00:00 [INFO] core.data_fetcher: 🕯️ Candle closed: RELIANCE | 2026-06-10 10:55 | O:1282.40 H:1283.00 L:1281.10 C:1283.00 V:319438.0
2026-06-10 11:00:00 [INFO] core.data_fetcher: 🕯️ Candle closed: HDFCBANK | 2026-06-10 10:55 | O:739.40 H:741.30 L:739.00 C:740.90 V:818874.0
2026-06-10 11:00:00 [INFO] core.data_fetcher: 🕯️ Candle closed: INFY | 2026-06-10 10:55 | O:1158.50 H:1159.00 L:1158.00 C:1158.90 V:46071.0
2026-06-10 11:00:00 [INFO] core.data_fetcher: 🕯️ Candle closed: SUNPHARMA | 2026-06-10 10:55 | O:1787.10 H:1788.00 L:1784.00 C:1784.80 V:11945.0
2026-06-10 11:00:00 [INFO] core.data_fetcher: 🕯️ Candle closed: TCS | 2026-06-10 10:55 | O:2164.90 H:2168.20 L:2161.50 C:2166.20 V:64514.0
2026-06-10 11:00:00 [INFO] core.data_fetcher: 🕯️ Candle closed: SBIN | 2026-06-10 10:55 | O:1009.50 H:1010.70 L:1008.50 C:1010.05 V:349869.0
2026-06-10 11:00:00 [INFO] core.data_fetcher: 🕯️ Candle closed: MARUTI | 2026-06-10 10:55 | O:13116.00 H:13129.00 L:13110.00 C:13129.00 V:1466.0
2026-06-10 11:00:00 [INFO] core.data_fetcher: 🕯️ Candle closed: WIPRO | 2026-06-10 10:55 | O:181.32 H:181.35 L:181.15 C:181.32 V:208320.0
2026-06-10 11:00:00 [INFO] core.data_fetcher: 🕯️ Candle closed: HCLTECH | 2026-06-10 10:55 | O:1144.50 H:1146.10 L:1143.80 C:1146.10 V:26381.0
2026-06-10 11:00:00 [INFO] core.data_fetcher: 🕯️ Candle closed: HINDALCO | 2026-06-10 10:55 | O:1040.50 H:1042.50 L:1039.40 C:1042.00 V:85728.0
2026-06-10 11:00:00 [INFO] core.data_fetcher: 🕯️ Candle closed: M&M | 2026-06-10 10:55 | O:2981.20 H:2983.10 L:2979.80 C:2983.10 V:11679.0
2026-06-10 11:00:01 [INFO] core.data_fetcher: 🕯️ Candle closed: LT | 2026-06-10 10:55 | O:3944.50 H:3946.30 L:3941.20 C:3945.00 V:23386.0
2026-06-10 11:00:01 [INFO] core.data_fetcher: 🕯️ Candle closed: BAJAJFINSV | 2026-06-10 10:55 | O:1691.10 H:1692.90 L:1690.10 C:1691.40 V:4077.0
2026-06-10 11:00:01 [INFO] core.data_fetcher: 🕯️ Candle closed: HEROMOTOCO | 2026-06-10 10:55 | O:4916.50 H:4917.80 L:4904.00 C:4905.10 V:8275.0
2026-06-10 11:00:01 [INFO] core.data_fetcher: 🕯️ Candle closed: BHARTIARTL | 2026-06-10 10:55 | O:1792.60 H:1796.10 L:1790.20 C:1796.10 V:217663.0
2026-06-10 11:00:01 [INFO] core.data_fetcher: 🕯️ Candle closed: ICICIBANK | 2026-06-10 10:55 | O:1296.80 H:1298.80 L:1294.90 C:1296.40 V:618563.0
2026-06-10 11:00:01 [INFO] core.data_fetcher: 🕯️ Candle closed: DRREDDY | 2026-06-10 10:55 | O:1274.50 H:1275.50 L:1273.40 C:1273.90 V:4953.0
2026-06-10 11:00:01 [INFO] core.data_fetcher: 🕯️ Candle closed: HDFCLIFE | 2026-06-10 10:55 | O:562.90 H:563.30 L:562.85 C:563.10 V:8857.0
2026-06-10 11:00:01 [INFO] core.data_fetcher: 🕯️ Candle closed: ITC | 2026-06-10 10:55 | O:283.10 H:283.30 L:283.05 C:283.25 V:103227.0
2026-06-10 11:00:01 [INFO] core.data_fetcher: 🕯️ Candle closed: NESTLEIND | 2026-06-10 10:55 | O:1447.20 H:1447.70 L:1445.20 C:1445.20 V:28018.0
2026-06-10 11:00:01 [INFO] core.data_fetcher: 🕯️ Candle closed: TITAN | 2026-06-10 10:55 | O:4105.50 H:4109.20 L:4103.90 C:4109.20 V:2108.0
2026-06-10 11:00:01 [INFO] core.data_fetcher: 🕯️ Candle closed: JSWSTEEL | 2026-06-10 10:55 | O:1271.70 H:1276.50 L:1269.50 C:1276.00 V:81114.0
2026-06-10 11:00:02 [INFO] core.data_fetcher: 🕯️ Candle closed: NTPC | 2026-06-10 10:55 | O:357.35 H:357.50 L:356.85 C:357.10 V:85841.0
2026-06-10 11:00:03 [INFO] core.data_fetcher: 🕯️ Candle closed: APOLLOHOSP | 2026-06-10 10:55 | O:8612.50 H:8612.50 L:8593.00 C:8598.50 V:3889.0
2026-06-10 11:00:03 [INFO] core.data_fetcher: 🕯️ Candle closed: SBILIFE | 2026-06-10 10:55 | O:1768.80 H:1770.90 L:1768.50 C:1770.70 V:3252.0
2026-06-10 11:00:05 [INFO] core.data_fetcher: 🕯️ Candle closed: TATACONSUM | 2026-06-10 10:55 | O:1118.00 H:1118.80 L:1114.60 C:1117.60 V:24515.0
2026-06-10 11:00:07 [INFO] core.data_fetcher: 🕯️ Candle closed: EICHERMOT | 2026-06-10 10:55 | O:7208.00 H:7217.50 L:7208.00 C:7214.50 V:1427.0
2026-06-10 11:00:10 [INFO] core.data_fetcher: 🕯️ Candle closed: DIVISLAB | 2026-06-10 10:55 | O:6787.00 H:6793.00 L:6782.50 C:6787.50 V:2175.0
2026-06-10 11:00:19 [INFO] core.strategy: ─── Scan summary (30 subscribed) ───
  [Cognition] SUNPHARMA: ticks=1836 | live_candles=18
  [Cognition] DIVISLAB: ticks=1223 | live_candles=18
  [Cognition] TATASTEEL: ticks=3412 | live_candles=18
  [Cognition] SBIN: ticks=3881 | live_candles=18
  [Cognition] TITAN: ticks=1664 | live_candles=18
  [Cognition] RELIANCE: ticks=4083 | live_candles=18
  [Cognition] NTPC: ticks=2872 | live_candles=18
  [Cognition] HDFCLIFE: ticks=718 | live_candles=18
  [Math] ICICIBANK: ticks=3331 | live_candles=18
  [Math] APOLLOHOSP: ticks=1501 | live_candles=18
  [Math] TCS: ticks=3120 | live_candles=18
  [Math] HDFCBANK: ticks=3286 | live_candles=18
  [Math] INFY: ticks=2702 | live_candles=18
  [Math] HINDUNILVR: ticks=3208 | live_candles=18
  [Math] ITC: ticks=3849 | live_candles=18
  [Math] BHARTIARTL: ticks=3714 | live_candles=18
  [Math] LT: ticks=2482 | live_candles=18
  [Math] HCLTECH: ticks=1600 | live_candles=18
  [Math] MARUTI: ticks=985 | live_candles=18
  [Math] WIPRO: ticks=3010 | live_candles=18
  [Math] NESTLEIND: ticks=2303 | live_candles=18
  [Math] BAJAJFINSV: ticks=1431 | live_candles=18
  [Math] DRREDDY: ticks=633 | live_candles=18
  [Math] EICHERMOT: ticks=1194 | live_candles=18
  [Math] HEROMOTOCO: ticks=1954 | live_candles=18
  [Math] HINDALCO: ticks=2849 | live_candles=18
  [Math] JSWSTEEL: ticks=1250 | live_candles=18
  [Math] M&M: ticks=2671 | live_candles=18
  [Math] SBILIFE: ticks=761 | live_candles=18
  [Math] TATACONSUM: ticks=1706 | live_candles=18
2026-06-10 11:00:49 [INFO] core.state_manager: [BRIEFING] Loading from data/session_briefing.json...
2026-06-10 11:00:49 [INFO] core.state_manager: [BRIEFING] Loaded Valid: 8 approved + 22 watchlist (MORNING_SCREENER)
2026-06-10 11:01:03 [INFO] core.data_fetcher: 📡 Live feed | ticks received: 30/30 symbols | active=['SUNPHARMA', 'DIVISLAB', 'TATASTEEL', 'SBIN', 'TITAN', 'RELIANCE', 'NTPC', 'HDFCLIFE']...
2026-06-10 11:01:53 [INFO] core.state_manager: [BRIEFING] Loading from data/session_briefing.json...
2026-06-10 11:01:53 [INFO] core.state_manager: [BRIEFING] Loaded Valid: 8 approved + 22 watchlist (MORNING_SCREENER)
2026-06-10 11:01:53 [INFO] core.strategy: ─── Scan summary (30 subscribed) ───
  [Cognition] SUNPHARMA: ticks=1872 | live_candles=18
  [Cognition] DIVISLAB: ticks=1242 | live_candles=18
  [Cognition] TATASTEEL: ticks=3482 | live_candles=18
  [Cognition] SBIN: ticks=3941 | live_candles=18
  [Cognition] TITAN: ticks=1698 | live_candles=18
  [Cognition] RELIANCE: ticks=4156 | live_candles=18
  [Cognition] NTPC: ticks=2905 | live_candles=18
  [Cognition] HDFCLIFE: ticks=729 | live_candles=18
  [Math] ICICIBANK: ticks=3392 | live_candles=18
  [Math] APOLLOHOSP: ticks=1527 | live_candles=18
  [Math] TCS: ticks=3159 | live_candles=18
  [Math] HDFCBANK: ticks=3349 | live_candles=18
  [Math] INFY: ticks=2744 | live_candles=18
  [Math] HINDUNILVR: ticks=3262 | live_candles=18
  [Math] ITC: ticks=3911 | live_candles=18
  [Math] BHARTIARTL: ticks=3787 | live_candles=18
  [Math] LT: ticks=2551 | live_candles=18
  [Math] HCLTECH: ticks=1626 | live_candles=18
  [Math] MARUTI: ticks=1016 | live_candles=18
  [Math] WIPRO: ticks=3072 | live_candles=18
  [Math] NESTLEIND: ticks=2323 | live_candles=18
  [Math] BAJAJFINSV: ticks=1455 | live_candles=18
  [Math] DRREDDY: ticks=641 | live_candles=18
  [Math] EICHERMOT: ticks=1212 | live_candles=18
  [Math] HEROMOTOCO: ticks=1979 | live_candles=18
  [Math] HINDALCO: ticks=2886 | live_candles=18
  [Math] JSWSTEEL: ticks=1280 | live_candles=18
  [Math] M&M: ticks=2738 | live_candles=18
  [Math] SBILIFE: ticks=768 | live_candles=18
  [Math] TATACONSUM: ticks=1725 | live_candles=18
2026-06-10 11:02:16 [WARNING] core.order_verifier: ⚠️  Removing old pending order: 260610000175085
2026-06-10 11:02:57 [INFO] core.state_manager: [BRIEFING] Loading from data/session_briefing.json...
2026-06-10 11:02:57 [INFO] core.state_manager: [BRIEFING] Loaded Valid: 8 approved + 22 watchlist (MORNING_SCREENER)
2026-06-10 11:03:03 [INFO] core.data_fetcher: 📡 Live feed | ticks received: 30/30 symbols | active=['SUNPHARMA', 'DIVISLAB', 'TATASTEEL', 'SBIN', 'TITAN', 'RELIANCE', 'NTPC', 'HDFCLIFE']...
2026-06-10 11:03:26 [INFO] core.strategy: ─── Scan summary (30 subscribed) ───
  [Cognition] SUNPHARMA: ticks=1905 | live_candles=18
  [Cognition] DIVISLAB: ticks=1269 | live_candles=18
  [Cognition] TATASTEEL: ticks=3555 | live_candles=18
  [Cognition] SBIN: ticks=4014 | live_candles=18
  [Cognition] TITAN: ticks=1732 | live_candles=18
  [Cognition] RELIANCE: ticks=4221 | live_candles=18
  [Cognition] NTPC: ticks=2936 | live_candles=18
  [Cognition] HDFCLIFE: ticks=741 | live_candles=18
  [Math] ICICIBANK: ticks=3450 | live_candles=18
  [Math] APOLLOHOSP: ticks=1543 | live_candles=18
  [Math] TCS: ticks=3204 | live_candles=18
  [Math] HDFCBANK: ticks=3391 | live_candles=18
  [Math] INFY: ticks=2786 | live_candles=18
  [Math] HINDUNILVR: ticks=3331 | live_candles=18
  [Math] ITC: ticks=3972 | live_candles=18
  [Math] BHARTIARTL: ticks=3842 | live_candles=18
  [Math] LT: ticks=2610 | live_candles=18
  [Math] HCLTECH: ticks=1652 | live_candles=18
  [Math] MARUTI: ticks=1050 | live_candles=18
  [Math] WIPRO: ticks=3107 | live_candles=18
  [Math] NESTLEIND: ticks=2346 | live_candles=18
  [Math] BAJAJFINSV: ticks=1475 | live_candles=18
  [Math] DRREDDY: ticks=654 | live_candles=18
  [Math] EICHERMOT: ticks=1228 | live_candles=18
  [Math] HEROMOTOCO: ticks=2010 | live_candles=18
  [Math] HINDALCO: ticks=2942 | live_candles=18
  [Math] JSWSTEEL: ticks=1334 | live_candles=18
  [Math] M&M: ticks=2776 | live_candles=18
  [Math] SBILIFE: ticks=777 | live_candles=18
  [Math] TATACONSUM: ticks=1737 | live_candles=18
2026-06-10 11:04:00 [INFO] core.state_manager: [BRIEFING] Loading from data/session_briefing.json...
2026-06-10 11:04:00 [INFO] core.state_manager: [BRIEFING] Loaded Valid: 8 approved + 22 watchlist (MORNING_SCREENER)
2026-06-10 11:04:59 [INFO] core.strategy: ─── Scan summary (30 subscribed) ───
  [Cognition] SUNPHARMA: ticks=1928 | live_candles=18
  [Cognition] DIVISLAB: ticks=1286 | live_candles=18
  [Cognition] TATASTEEL: ticks=3610 | live_candles=18
  [Cognition] SBIN: ticks=4083 | live_candles=18
  [Cognition] TITAN: ticks=1762 | live_candles=18
  [Cognition] RELIANCE: ticks=4285 | live_candles=18
  [Cognition] NTPC: ticks=2960 | live_candles=18
  [Cognition] HDFCLIFE: ticks=752 | live_candles=18
  [Math] ICICIBANK: ticks=3517 | live_candles=18
  [Math] APOLLOHOSP: ticks=1555 | live_candles=18
  [Math] TCS: ticks=3246 | live_candles=18
  [Math] HDFCBANK: ticks=3451 | live_candles=18
  [Math] INFY: ticks=2828 | live_candles=18
  [Math] HINDUNILVR: ticks=3371 | live_candles=18
  [Math] ITC: ticks=4042 | live_candles=18
  [Math] BHARTIARTL: ticks=3912 | live_candles=18
  [Math] LT: ticks=2660 | live_candles=18
  [Math] HCLTECH: ticks=1674 | live_candles=18
  [Math] MARUTI: ticks=1090 | live_candles=18
  [Math] WIPRO: ticks=3141 | live_candles=18
  [Math] NESTLEIND: ticks=2361 | live_candles=18
  [Math] BAJAJFINSV: ticks=1503 | live_candles=18
  [Math] DRREDDY: ticks=658 | live_candles=18
  [Math] EICHERMOT: ticks=1244 | live_candles=18
  [Math] HEROMOTOCO: ticks=2026 | live_candles=18
  [Math] HINDALCO: ticks=2986 | live_candles=18
  [Math] JSWSTEEL: ticks=1362 | live_candles=18
  [Math] M&M: ticks=2810 | live_candles=18
  [Math] SBILIFE: ticks=783 | live_candles=18
  [Math] TATACONSUM: ticks=1755 | live_candles=18
2026-06-10 11:05:00 [INFO] core.data_fetcher: 🕯️ Candle closed: TATASTEEL | 2026-06-10 11:00 | O:201.85 H:201.99 L:201.63 C:201.80 V:261340.0
2026-06-10 11:05:00 [INFO] core.data_fetcher: 🕯️ Candle closed: BHARTIARTL | 2026-06-10 11:00 | O:1796.00 H:1797.50 L:1795.20 C:1796.60 V:101828.0
2026-06-10 11:05:00 [INFO] core.data_fetcher: 🕯️ Candle closed: RELIANCE | 2026-06-10 11:00 | O:1282.80 H:1283.90 L:1280.20 C:1281.80 V:143398.0
2026-06-10 11:05:00 [INFO] core.data_fetcher: 🕯️ Candle closed: INFY | 2026-06-10 11:00 | O:1159.00 H:1159.50 L:1158.00 C:1158.50 V:35934.0
2026-06-10 11:05:00 [INFO] core.data_fetcher: 🕯️ Candle closed: SBIN | 2026-06-10 11:00 | O:1010.25 H:1010.65 L:1009.10 C:1009.40 V:124492.0
2026-06-10 11:05:00 [INFO] core.data_fetcher: 🕯️ Candle closed: HINDALCO | 2026-06-10 11:00 | O:1042.10 H:1044.90 L:1041.00 C:1044.70 V:87076.0
2026-06-10 11:05:00 [INFO] core.data_fetcher: 🕯️ Candle closed: SUNPHARMA | 2026-06-10 11:00 | O:1785.70 H:1786.90 L:1784.70 C:1786.00 V:72105.0
2026-06-10 11:05:00 [INFO] core.data_fetcher: 🕯️ Candle closed: NTPC | 2026-06-10 11:00 | O:357.15 H:357.15 L:356.55 C:356.70 V:73498.0
2026-06-10 11:05:00 [INFO] core.data_fetcher: 🕯️ Candle closed: HCLTECH | 2026-06-10 11:00 | O:1146.00 H:1146.50 L:1145.40 C:1145.90 V:14154.0
2026-06-10 11:05:01 [INFO] core.data_fetcher: 🕯️ Candle closed: ITC | 2026-06-10 11:00 | O:283.20 H:283.80 L:283.15 C:283.60 V:439039.0
2026-06-10 11:05:01 [INFO] core.data_fetcher: 🕯️ Candle closed: M&M | 2026-06-10 11:00 | O:2983.80 H:2984.90 L:2978.00 C:2980.90 V:22436.0
2026-06-10 11:05:01 [INFO] core.data_fetcher: 🕯️ Candle closed: LT | 2026-06-10 11:00 | O:3944.80 H:3945.40 L:3935.50 C:3941.30 V:21502.0
2026-06-10 11:05:01 [INFO] core.data_fetcher: 🕯️ Candle closed: HDFCBANK | 2026-06-10 11:00 | O:740.95 H:741.05 L:739.85 C:740.45 V:333469.0
2026-06-10 11:05:01 [INFO] core.data_fetcher: 🕯️ Candle closed: ICICIBANK | 2026-06-10 11:00 | O:1296.90 H:1298.90 L:1296.30 C:1298.90 V:139898.0
2026-06-10 11:05:01 [INFO] core.data_fetcher: 🕯️ Candle closed: DIVISLAB | 2026-06-10 11:00 | O:6789.00 H:6790.00 L:6779.50 C:6779.50 V:1721.0
2026-06-10 11:05:02 [INFO] core.data_fetcher: 🕯️ Candle closed: TCS | 2026-06-10 11:00 | O:2166.70 H:2167.80 L:2163.70 C:2165.00 V:12960.0
2026-06-10 11:05:02 [INFO] core.data_fetcher: 🕯️ Candle closed: NESTLEIND | 2026-06-10 11:00 | O:1445.70 H:1447.10 L:1445.10 C:1445.80 V:12416.0
2026-06-10 11:05:02 [INFO] core.data_fetcher: 🕯️ Candle closed: APOLLOHOSP | 2026-06-10 11:00 | O:8599.00 H:8610.00 L:8599.00 C:8605.00 V:5239.0
2026-06-10 11:05:02 [INFO] core.data_fetcher: 🕯️ Candle closed: TATACONSUM | 2026-06-10 11:00 | O:1118.40 H:1118.90 L:1116.60 C:1117.70 V:10549.0
2026-06-10 11:05:02 [INFO] core.data_fetcher: 🕯️ Candle closed: MARUTI | 2026-06-10 11:00 | O:13135.00 H:13179.00 L:13127.00 C:13175.00 V:6281.0
2026-06-10 11:05:02 [INFO] core.data_fetcher: 🕯️ Candle closed: JSWSTEEL | 2026-06-10 11:00 | O:1277.00 H:1279.90 L:1274.00 C:1278.30 V:67102.0
2026-06-10 11:05:03 [INFO] core.data_fetcher: 🕯️ Candle closed: HINDUNILVR | 2026-06-10 11:00 | O:2174.10 H:2175.90 L:2172.10 C:2174.70 V:17206.0
2026-06-10 11:05:03 [INFO] core.data_fetcher: 🕯️ Candle closed: EICHERMOT | 2026-06-10 11:00 | O:7216.00 H:7220.00 L:7210.50 C:7218.00 V:1108.0
2026-06-10 11:05:03 [INFO] core.data_fetcher: 🕯️ Candle closed: HDFCLIFE | 2026-06-10 11:00 | O:563.05 H:563.25 L:562.65 C:563.25 V:8588.0
2026-06-10 11:05:03 [INFO] core.data_fetcher: 📡 Live feed | ticks received: 30/30 symbols | active=['SUNPHARMA', 'DIVISLAB', 'TATASTEEL', 'SBIN', 'TITAN', 'RELIANCE', 'NTPC', 'HDFCLIFE']...
2026-06-10 11:05:04 [INFO] core.data_fetcher: 🕯️ Candle closed: TITAN | 2026-06-10 11:00 | O:4110.00 H:4118.90 L:4109.50 C:4117.90 V:5229.0
2026-06-10 11:05:04 [INFO] core.state_manager: [BRIEFING] Loading from data/session_briefing.json...
2026-06-10 11:05:04 [INFO] core.state_manager: [BRIEFING] Loaded Valid: 8 approved + 22 watchlist (MORNING_SCREENER)
2026-06-10 11:05:04 [INFO] core.data_fetcher: 🕯️ Candle closed: HEROMOTOCO | 2026-06-10 11:00 | O:4907.80 H:4913.00 L:4900.00 C:4913.00 V:3901.0
2026-06-10 11:05:05 [INFO] core.data_fetcher: 🕯️ Candle closed: DRREDDY | 2026-06-10 11:00 | O:1273.80 H:1274.50 L:1272.80 C:1273.40 V:4305.0
2026-06-10 11:05:08 [INFO] core.data_fetcher: 🕯️ Candle closed: WIPRO | 2026-06-10 11:00 | O:181.38 H:181.46 L:181.14 C:181.30 V:135704.0
2026-06-10 11:05:08 [INFO] core.data_fetcher: 🕯️ Candle closed: BAJAJFINSV | 2026-06-10 11:00 | O:1691.80 H:1693.40 L:1690.10 C:1693.40 V:7760.0
2026-06-10 11:05:23 [INFO] core.data_fetcher: 🕯️ Candle closed: SBILIFE | 2026-06-10 11:00 | O:1770.50 H:1770.80 L:1769.10 C:1770.30 V:1711.0
2026-06-10 11:06:08 [INFO] core.state_manager: [BRIEFING] Loading from data/session_briefing.json...
2026-06-10 11:06:08 [INFO] core.state_manager: [BRIEFING] Loaded Valid: 8 approved + 22 watchlist (MORNING_SCREENER)
2026-06-10 11:06:32 [INFO] core.strategy: ─── Scan summary (30 subscribed) ───
  [Cognition] SUNPHARMA: ticks=1955 | live_candles=19
  [Cognition] DIVISLAB: ticks=1307 | live_candles=19
  [Cognition] TATASTEEL: ticks=3680 | live_candles=19
  [Cognition] SBIN: ticks=4138 | live_candles=19
  [Cognition] TITAN: ticks=1798 | live_candles=19
  [Cognition] RELIANCE: ticks=4347 | live_candles=19
  [Cognition] NTPC: ticks=2997 | live_candles=19
  [Cognition] HDFCLIFE: ticks=765 | live_candles=19
  [Math] ICICIBANK: ticks=3576 | live_candles=19
  [Math] APOLLOHOSP: ticks=1562 | live_candles=19
  [Math] TCS: ticks=3271 | live_candles=19
  [Math] HDFCBANK: ticks=3520 | live_candles=19
  [Math] INFY: ticks=2865 | live_candles=19
  [Math] HINDUNILVR: ticks=3417 | live_candles=19
  [Math] ITC: ticks=4127 | live_candles=19
  [Math] BHARTIARTL: ticks=3980 | live_candles=19
  [Math] LT: ticks=2710 | live_candles=19
  [Math] HCLTECH: ticks=1695 | live_candles=19
  [Math] MARUTI: ticks=1121 | live_candles=19
  [Math] WIPRO: ticks=3160 | live_candles=19
  [Math] NESTLEIND: ticks=2383 | live_candles=19
  [Math] BAJAJFINSV: ticks=1524 | live_candles=19
  [Math] DRREDDY: ticks=670 | live_candles=19
  [Math] EICHERMOT: ticks=1262 | live_candles=19
  [Math] HEROMOTOCO: ticks=2049 | live_candles=19
  [Math] HINDALCO: ticks=3025 | live_candles=19
  [Math] JSWSTEEL: ticks=1386 | live_candles=19
  [Math] M&M: ticks=2868 | live_candles=19
  [Math] SBILIFE: ticks=795 | live_candles=19
  [Math] TATACONSUM: ticks=1768 | live_candles=19
2026-06-10 11:07:01 [INFO] apscheduler.executors.default: Running job "Market Observation Loop (trigger: interval[0:15:00], next run at: 2026-06-10 11:22:01 IST)" (scheduled at 2026-06-10 11:07:01.484149+05:30)
2026-06-10 11:07:01 [INFO] reflection.observation_loop: 🔍 Running observation cycle...
2026-06-10 11:07:01 [INFO] core.state_manager: [BRIEFING] Loading from data/session_briefing.json...
2026-06-10 11:07:01 [INFO] core.state_manager: [BRIEFING] Loaded Valid: 8 approved + 22 watchlist (MORNING_SCREENER)
2026-06-10 11:07:01 [INFO] reflection.observation_loop: 📊 Observation recorded:
   Market: RANGING | Trend: WEAK
   Vol: LOW | Breakouts: LOW
   Reversals: LOW
2026-06-10 11:07:01 [INFO] apscheduler.executors.default: Job "Market Observation Loop (trigger: interval[0:15:00], next run at: 2026-06-10 11:22:01 IST)" executed successfully
2026-06-10 11:07:03 [INFO] core.data_fetcher: 📡 Live feed | ticks received: 30/30 symbols | active=['SUNPHARMA', 'DIVISLAB', 'TATASTEEL', 'SBIN', 'TITAN', 'RELIANCE', 'NTPC', 'HDFCLIFE']...
2026-06-10 11:07:11 [INFO] core.state_manager: [BRIEFING] Loading from data/session_briefing.json...
2026-06-10 11:07:11 [INFO] core.state_manager: [BRIEFING] Loaded Valid: 8 approved + 22 watchlist (MORNING_SCREENER)
2026-06-10 11:08:05 [INFO] core.strategy: ─── Scan summary (30 subscribed) ───
  [Cognition] SUNPHARMA: ticks=1981 | live_candles=19
  [Cognition] DIVISLAB: ticks=1325 | live_candles=19
  [Cognition] TATASTEEL: ticks=3741 | live_candles=19
  [Cognition] SBIN: ticks=4204 | live_candles=19
  [Cognition] TITAN: ticks=1817 | live_candles=19
  [Cognition] RELIANCE: ticks=4414 | live_candles=19
  [Cognition] NTPC: ticks=3016 | live_candles=19
  [Cognition] HDFCLIFE: ticks=781 | live_candles=19
  [Math] ICICIBANK: ticks=3644 | live_candles=19
  [Math] APOLLOHOSP: ticks=1575 | live_candles=19
  [Math] TCS: ticks=3320 | live_candles=19
  [Math] HDFCBANK: ticks=3580 | live_candles=19
  [Math] INFY: ticks=2917 | live_candles=19
  [Math] HINDUNILVR: ticks=3483 | live_candles=19
  [Math] ITC: ticks=4191 | live_candles=19
  [Math] BHARTIARTL: ticks=4034 | live_candles=19
  [Math] LT: ticks=2765 | live_candles=19
  [Math] HCLTECH: ticks=1711 | live_candles=19
  [Math] MARUTI: ticks=1150 | live_candles=19
  [Math] WIPRO: ticks=3206 | live_candles=19
  [Math] NESTLEIND: ticks=2407 | live_candles=19
  [Math] BAJAJFINSV: ticks=1536 | live_candles=19
  [Math] DRREDDY: ticks=685 | live_candles=19
  [Math] EICHERMOT: ticks=1278 | live_candles=19
  [Math] HEROMOTOCO: ticks=2072 | live_candles=19
  [Math] HINDALCO: ticks=3065 | live_candles=19
  [Math] JSWSTEEL: ticks=1411 | live_candles=19
  [Math] M&M: ticks=2905 | live_candles=19
  [Math] SBILIFE: ticks=803 | live_candles=19
  [Math] TATACONSUM: ticks=1786 | live_candles=19
2026-06-10 11:08:14 [INFO] core.state_manager: [BRIEFING] Loading from data/session_briefing.json...
2026-06-10 11:08:14 [INFO] core.state_manager: [BRIEFING] Loaded Valid: 8 approved + 22 watchlist (MORNING_SCREENER)
2026-06-10 11:09:04 [INFO] core.data_fetcher: 📡 Live feed | ticks received: 30/30 symbols | active=['SUNPHARMA', 'DIVISLAB', 'TATASTEEL', 'SBIN', 'TITAN', 'RELIANCE', 'NTPC', 'HDFCLIFE']...
2026-06-10 11:09:19 [INFO] core.state_manager: [BRIEFING] Loading from data/session_briefing.json...
2026-06-10 11:09:19 [INFO] core.state_manager: [BRIEFING] Loaded Valid: 8 approved + 22 watchlist (MORNING_SCREENER)
2026-06-10 11:09:38 [INFO] core.strategy: ─── Scan summary (30 subscribed) ───
  [Cognition] SUNPHARMA: ticks=2016 | live_candles=19
  [Cognition] DIVISLAB: ticks=1350 | live_candles=19
  [Cognition] TATASTEEL: ticks=3795 | live_candles=19
  [Cognition] SBIN: ticks=4266 | live_candles=19
  [Cognition] TITAN: ticks=1839 | live_candles=19
  [Cognition] RELIANCE: ticks=4471 | live_candles=19
  [Cognition] NTPC: ticks=3053 | live_candles=19
  [Cognition] HDFCLIFE: ticks=800 | live_candles=19
  [Math] ICICIBANK: ticks=3705 | live_candles=19
  [Math] APOLLOHOSP: ticks=1595 | live_candles=19
  [Math] TCS: ticks=3348 | live_candles=19
  [Math] HDFCBANK: ticks=3643 | live_candles=19
  [Math] INFY: ticks=2958 | live_candles=19
  [Math] HINDUNILVR: ticks=3532 | live_candles=19
  [Math] ITC: ticks=4265 | live_candles=19
  [Math] BHARTIARTL: ticks=4093 | live_candles=19
  [Math] LT: ticks=2807 | live_candles=19
  [Math] HCLTECH: ticks=1738 | live_candles=19
  [Math] MARUTI: ticks=1167 | live_candles=19
  [Math] WIPRO: ticks=3248 | live_candles=19
  [Math] NESTLEIND: ticks=2444 | live_candles=19
  [Math] BAJAJFINSV: ticks=1559 | live_candles=19
  [Math] DRREDDY: ticks=694 | live_candles=19
  [Math] EICHERMOT: ticks=1298 | live_candles=19
  [Math] HEROMOTOCO: ticks=2096 | live_candles=19
  [Math] HINDALCO: ticks=3099 | live_candles=19
  [Math] JSWSTEEL: ticks=1440 | live_candles=19
  [Math] M&M: ticks=2945 | live_candles=19
  [Math] SBILIFE: ticks=817 | live_candles=19
  [Math] TATACONSUM: ticks=1816 | live_candles=19
2026-06-10 11:10:00 [INFO] core.data_fetcher: 🕯️ Candle closed: BHARTIARTL | 2026-06-10 11:05 | O:1796.10 H:1798.40 L:1793.80 C:1797.80 V:148793.0
2026-06-10 11:10:00 [INFO] core.data_fetcher: 🕯️ Candle closed: TCS | 2026-06-10 11:05 | O:2164.90 H:2167.80 L:2164.80 C:2167.80 V:10948.0
2026-06-10 11:10:00 [INFO] core.data_fetcher: 🕯️ Candle closed: NTPC | 2026-06-10 11:05 | O:356.75 H:357.10 L:356.40 C:356.80 V:97382.0
2026-06-10 11:10:00 [INFO] core.data_fetcher: 🕯️ Candle closed: HCLTECH | 2026-06-10 11:05 | O:1146.00 H:1147.10 L:1145.60 C:1147.10 V:17511.0
2026-06-10 11:10:00 [INFO] core.data_fetcher: 🕯️ Candle closed: ITC | 2026-06-10 11:05 | O:283.45 H:284.05 L:283.30 C:283.95 V:625381.0
2026-06-10 11:10:00 [INFO] core.data_fetcher: 🕯️ Candle closed: LT | 2026-06-10 11:05 | O:3941.20 H:3941.20 L:3934.00 C:3939.10 V:32841.0
2026-06-10 11:10:00 [INFO] core.data_fetcher: 🕯️ Candle closed: RELIANCE | 2026-06-10 11:05 | O:1281.50 H:1281.70 L:1279.80 C:1281.00 V:79777.0
2026-06-10 11:10:00 [INFO] core.data_fetcher: 🕯️ Candle closed: HDFCBANK | 2026-06-10 11:05 | O:740.40 H:740.40 L:739.00 C:739.20 V:368546.0
2026-06-10 11:10:00 [INFO] core.data_fetcher: 🕯️ Candle closed: APOLLOHOSP | 2026-06-10 11:05 | O:8605.50 H:8611.50 L:8599.50 C:8605.00 V:3363.0
2026-06-10 11:10:00 [INFO] core.data_fetcher: 🕯️ Candle closed: SBIN | 2026-06-10 11:05 | O:1009.15 H:1009.55 L:1008.15 C:1008.40 V:110752.0
2026-06-10 11:10:00 [INFO] core.data_fetcher: 🕯️ Candle closed: HINDALCO | 2026-06-10 11:05 | O:1044.30 H:1044.70 L:1042.70 C:1043.10 V:55864.0
2026-06-10 11:10:01 [INFO] core.data_fetcher: 🕯️ Candle closed: HINDUNILVR | 2026-06-10 11:05 | O:2174.60 H:2183.40 L:2174.60 C:2182.20 V:20825.0
2026-06-10 11:10:01 [INFO] core.data_fetcher: 🕯️ Candle closed: WIPRO | 2026-06-10 11:05 | O:181.28 H:181.41 L:181.26 C:181.41 V:125779.0
2026-06-10 11:10:01 [INFO] core.data_fetcher: 🕯️ Candle closed: TITAN | 2026-06-10 11:05 | O:4117.40 H:4119.00 L:4112.20 C:4119.00 V:2740.0
2026-06-10 11:10:01 [INFO] core.data_fetcher: 🕯️ Candle closed: M&M | 2026-06-10 11:05 | O:2980.40 H:2983.70 L:2977.50 C:2981.80 V:28677.0
2026-06-10 11:10:01 [INFO] core.data_fetcher: 🕯️ Candle closed: ICICIBANK | 2026-06-10 11:05 | O:1298.80 H:1298.90 L:1296.40 C:1298.90 V:208281.0
2026-06-10 11:10:01 [INFO] core.data_fetcher: 🕯️ Candle closed: BAJAJFINSV | 2026-06-10 11:05 | O:1693.00 H:1697.30 L:1691.10 C:1696.50 V:4450.0
2026-06-10 11:10:01 [INFO] core.data_fetcher: 🕯️ Candle closed: HEROMOTOCO | 2026-06-10 11:05 | O:4915.90 H:4921.00 L:4909.30 C:4918.30 V:4798.0
2026-06-10 11:10:01 [INFO] core.data_fetcher: 🕯️ Candle closed: JSWSTEEL | 2026-06-10 11:05 | O:1278.70 H:1278.70 L:1274.20 C:1275.50 V:39063.0
2026-06-10 11:10:02 [INFO] core.data_fetcher: 🕯️ Candle closed: DRREDDY | 2026-06-10 11:05 | O:1273.30 H:1274.60 L:1272.80 C:1274.60 V:4130.0
2026-06-10 11:10:02 [INFO] core.data_fetcher: 🕯️ Candle closed: NESTLEIND | 2026-06-10 11:05 | O:1445.70 H:1446.70 L:1443.90 C:1444.50 V:28348.0
2026-06-10 11:10:03 [INFO] core.data_fetcher: 🕯️ Candle closed: TATASTEEL | 2026-06-10 11:05 | O:201.79 H:201.80 L:201.42 C:201.54 V:207733.0
2026-06-10 11:10:03 [INFO] core.data_fetcher: 🕯️ Candle closed: SUNPHARMA | 2026-06-10 11:05 | O:1785.10 H:1788.80 L:1785.00 C:1788.20 V:17412.0
2026-06-10 11:10:03 [INFO] core.data_fetcher: 🕯️ Candle closed: HDFCLIFE | 2026-06-10 11:05 | O:563.15 H:563.50 L:563.00 C:563.35 V:13287.0
2026-06-10 11:10:05 [INFO] core.data_fetcher: 🕯️ Candle closed: TATACONSUM | 2026-06-10 11:05 | O:1117.50 H:1119.30 L:1114.60 C:1117.30 V:96988.0
2026-06-10 11:10:05 [INFO] core.data_fetcher: 🕯️ Candle closed: MARUTI | 2026-06-10 11:05 | O:13173.00 H:13173.00 L:13150.00 C:13156.00 V:5261.0
2026-06-10 11:10:07 [INFO] core.data_fetcher: 🕯️ Candle closed: EICHERMOT | 2026-06-10 11:05 | O:7217.50 H:7229.00 L:7215.00 C:7223.00 V:2427.0
2026-06-10 11:10:08 [INFO] core.data_fetcher: 🕯️ Candle closed: INFY | 2026-06-10 11:05 | O:1158.10 H:1160.60 L:1158.00 C:1160.00 V:89891.0
2026-06-10 11:10:09 [INFO] core.data_fetcher: 🕯️ Candle closed: DIVISLAB | 2026-06-10 11:05 | O:6778.00 H:6805.00 L:6778.00 C:6805.00 V:5318.0
2026-06-10 11:10:10 [INFO] core.data_fetcher: 🕯️ Candle closed: SBILIFE | 2026-06-10 11:05 | O:1769.90 H:1770.60 L:1768.00 C:1769.60 V:4966.0
2026-06-10 11:10:23 [INFO] core.state_manager: [BRIEFING] Loading from data/session_briefing.json...
2026-06-10 11:10:23 [INFO] core.state_manager: [BRIEFING] Loaded Valid: 8 approved + 22 watchlist (MORNING_SCREENER)
2026-06-10 11:11:04 [INFO] core.data_fetcher: 📡 Live feed | ticks received: 30/30 symbols | active=['SUNPHARMA', 'DIVISLAB', 'TATASTEEL', 'SBIN', 'TITAN', 'RELIANCE', 'NTPC', 'HDFCLIFE']...
2026-06-10 11:11:11 [INFO] core.strategy: ─── Scan summary (30 subscribed) ───
  [Cognition] SUNPHARMA: ticks=2042 | live_candles=20
  [Cognition] DIVISLAB: ticks=1379 | live_candles=20
  [Cognition] TATASTEEL: ticks=3852 | live_candles=20
  [Cognition] SBIN: ticks=4340 | live_candles=20
  [Cognition] TITAN: ticks=1865 | live_candles=20
  [Cognition] RELIANCE: ticks=4539 | live_candles=20
  [Cognition] NTPC: ticks=3091 | live_candles=20
  [Cognition] HDFCLIFE: ticks=812 | live_candles=20
  [Math] ICICIBANK: ticks=3780 | live_candles=20
  [Math] APOLLOHOSP: ticks=1618 | live_candles=20
  [Math] TCS: ticks=3375 | live_candles=20
  [Math] HDFCBANK: ticks=3708 | live_candles=20
  [Math] INFY: ticks=2994 | live_candles=20
  [Math] HINDUNILVR: ticks=3584 | live_candles=20
  [Math] ITC: ticks=4349 | live_candles=20
  [Math] BHARTIARTL: ticks=4131 | live_candles=20
  [Math] LT: ticks=2856 | live_candles=20
  [Math] HCLTECH: ticks=1763 | live_candles=20
  [Math] MARUTI: ticks=1178 | live_candles=20
  [Math] WIPRO: ticks=3284 | live_candles=20
  [Math] NESTLEIND: ticks=2468 | live_candles=20
  [Math] BAJAJFINSV: ticks=1600 | live_candles=20
  [Math] DRREDDY: ticks=703 | live_candles=20
  [Math] EICHERMOT: ticks=1315 | live_candles=20
  [Math] HEROMOTOCO: ticks=2127 | live_candles=20
  [Math] HINDALCO: ticks=3140 | live_candles=20
  [Math] JSWSTEEL: ticks=1484 | live_candles=20
  [Math] M&M: ticks=3000 | live_candles=20
  [Math] SBILIFE: ticks=832 | live_candles=20
  [Math] TATACONSUM: ticks=1831 | live_candles=20
2026-06-10 11:11:25 [INFO] core.state_manager: [BRIEFING] Loading from data/session_briefing.json...
2026-06-10 11:11:25 [INFO] core.state_manager: [BRIEFING] Loaded Valid: 8 approved + 22 watchlist (MORNING_SCREENER)
2026-06-10 11:12:28 [INFO] core.state_manager: [BRIEFING] Loading from data/session_briefing.json...
2026-06-10 11:12:28 [INFO] core.state_manager: [BRIEFING] Loaded Valid: 8 approved + 22 watchlist (MORNING_SCREENER)
2026-06-10 11:12:43 [INFO] core.strategy: ─── Scan summary (30 subscribed) ───
  [Cognition] SUNPHARMA: ticks=2070 | live_candles=20
  [Cognition] DIVISLAB: ticks=1411 | live_candles=20
  [Cognition] TATASTEEL: ticks=3915 | live_candles=20
  [Cognition] SBIN: ticks=4410 | live_candles=20
  [Cognition] TITAN: ticks=1900 | live_candles=20
  [Cognition] RELIANCE: ticks=4604 | live_candles=20
  [Cognition] NTPC: ticks=3141 | live_candles=20
  [Cognition] HDFCLIFE: ticks=830 | live_candles=20
  [Math] ICICIBANK: ticks=3863 | live_candles=20
  [Math] APOLLOHOSP: ticks=1633 | live_candles=20
  [Math] TCS: ticks=3419 | live_candles=20
  [Math] HDFCBANK: ticks=3764 | live_candles=20
  [Math] INFY: ticks=3035 | live_candles=20
  [Math] HINDUNILVR: ticks=3663 | live_candles=20
  [Math] ITC: ticks=4424 | live_candles=20
  [Math] BHARTIARTL: ticks=4173 | live_candles=20
  [Math] LT: ticks=2918 | live_candles=20
  [Math] HCLTECH: ticks=1790 | live_candles=20
  [Math] MARUTI: ticks=1202 | live_candles=20
  [Math] WIPRO: ticks=3325 | live_candles=20
  [Math] NESTLEIND: ticks=2496 | live_candles=20
  [Math] BAJAJFINSV: ticks=1638 | live_candles=20
  [Math] DRREDDY: ticks=715 | live_candles=20
  [Math] EICHERMOT: ticks=1333 | live_candles=20
  [Math] HEROMOTOCO: ticks=2137 | live_candles=20
  [Math] HINDALCO: ticks=3166 | live_candles=20
  [Math] JSWSTEEL: ticks=1511 | live_candles=20
  [Math] M&M: ticks=3050 | live_candles=20
  [Math] SBILIFE: ticks=847 | live_candles=20
  [Math] TATACONSUM: ticks=1847 | live_candles=20
2026-06-10 11:13:04 [INFO] core.data_fetcher: 📡 Live feed | ticks received: 30/30 symbols | active=['SUNPHARMA', 'DIVISLAB', 'TATASTEEL', 'SBIN', 'TITAN', 'RELIANCE', 'NTPC', 'HDFCLIFE']...
2026-06-10 11:13:33 [INFO] core.state_manager: [BRIEFING] Loading from data/session_briefing.json...
2026-06-10 11:13:33 [INFO] core.state_manager: [BRIEFING] Loaded Valid: 8 approved + 22 watchlist (MORNING_SCREENER)
2026-06-10 11:14:17 [INFO] core.strategy: ─── Scan summary (30 subscribed) ───
  [Cognition] SUNPHARMA: ticks=2087 | live_candles=20
  [Cognition] DIVISLAB: ticks=1437 | live_candles=20
  [Cognition] TATASTEEL: ticks=3964 | live_candles=20
  [Cognition] SBIN: ticks=4464 | live_candles=20
  [Cognition] TITAN: ticks=1924 | live_candles=20
  [Cognition] RELIANCE: ticks=4674 | live_candles=20
  [Cognition] NTPC: ticks=3184 | live_candles=20
  [Cognition] HDFCLIFE: ticks=846 | live_candles=20
  [Math] ICICIBANK: ticks=3944 | live_candles=20
  [Math] APOLLOHOSP: ticks=1651 | live_candles=20
  [Math] TCS: ticks=3467 | live_candles=20
  [Math] HDFCBANK: ticks=3822 | live_candles=20
  [Math] INFY: ticks=3075 | live_candles=20
  [Math] HINDUNILVR: ticks=3742 | live_candles=20
  [Math] ITC: ticks=4504 | live_candles=20
  [Math] BHARTIARTL: ticks=4217 | live_candles=20
  [Math] LT: ticks=2960 | live_candles=20
  [Math] HCLTECH: ticks=1817 | live_candles=20
  [Math] MARUTI: ticks=1210 | live_candles=20
  [Math] WIPRO: ticks=3368 | live_candles=20
  [Math] NESTLEIND: ticks=2520 | live_candles=20
  [Math] BAJAJFINSV: ticks=1670 | live_candles=20
  [Math] DRREDDY: ticks=719 | live_candles=20
  [Math] EICHERMOT: ticks=1349 | live_candles=20
  [Math] HEROMOTOCO: ticks=2148 | live_candles=20
  [Math] HINDALCO: ticks=3199 | live_candles=20
  [Math] JSWSTEEL: ticks=1557 | live_candles=20
  [Math] M&M: ticks=3091 | live_candles=20
  [Math] SBILIFE: ticks=862 | live_candles=20
  [Math] TATACONSUM: ticks=1856 | live_candles=20
2026-06-10 11:14:37 [INFO] core.state_manager: [BRIEFING] Loading from data/session_briefing.json...
2026-06-10 11:14:37 [INFO] core.state_manager: [BRIEFING] Loaded Valid: 8 approved + 22 watchlist (MORNING_SCREENER)
2026-06-10 11:15:00 [INFO] core.data_fetcher: 🕯️ Candle closed: HINDUNILVR | 2026-06-10 11:10 | O:2182.30 H:2197.20 L:2182.30 C:2195.40 V:86877.0
2026-06-10 11:15:00 [INFO] core.data_fetcher: 🕯️ Candle closed: TATASTEEL | 2026-06-10 11:10 | O:201.52 H:201.70 L:201.45 C:201.58 V:263547.0
2026-06-10 11:15:00 [INFO] core.data_fetcher: 🕯️ Candle closed: RELIANCE | 2026-06-10 11:10 | O:1281.20 H:1281.50 L:1280.30 C:1281.20 V:103051.0
2026-06-10 11:15:00 [INFO] core.data_fetcher: 🕯️ Candle closed: BHARTIARTL | 2026-06-10 11:10 | O:1797.90 H:1799.10 L:1797.00 C:1797.90 V:73373.0
2026-06-10 11:15:00 [INFO] core.data_fetcher: 🕯️ Candle closed: TCS | 2026-06-10 11:10 | O:2167.70 H:2167.80 L:2164.50 C:2164.60 V:13576.0
2026-06-10 11:15:00 [INFO] core.data_fetcher: 🕯️ Candle closed: HINDALCO | 2026-06-10 11:10 | O:1043.60 H:1044.50 L:1042.70 C:1044.10 V:42873.0
2026-06-10 11:15:01 [INFO] core.data_fetcher: 🕯️ Candle closed: ICICIBANK | 2026-06-10 11:10 | O:1298.80 H:1301.00 L:1298.10 C:1298.50 V:704787.0
2026-06-10 11:15:01 [INFO] core.data_fetcher: 🕯️ Candle closed: DIVISLAB | 2026-06-10 11:10 | O:6804.00 H:6810.00 L:6794.50 C:6802.00 V:11063.0
2026-06-10 11:15:01 [INFO] core.data_fetcher: 🕯️ Candle closed: NTPC | 2026-06-10 11:10 | O:356.95 H:356.95 L:355.95 C:356.50 V:158921.0
2026-06-10 11:15:01 [INFO] core.data_fetcher: 🕯️ Candle closed: HDFCLIFE | 2026-06-10 11:10 | O:563.30 H:563.45 L:563.10 C:563.20 V:12078.0
2026-06-10 11:15:01 [INFO] core.data_fetcher: 🕯️ Candle closed: M&M | 2026-06-10 11:10 | O:2981.40 H:2984.20 L:2980.00 C:2982.20 V:14648.0
2026-06-10 11:15:01 [INFO] core.data_fetcher: 🕯️ Candle closed: BAJAJFINSV | 2026-06-10 11:10 | O:1696.70 H:1699.90 L:1694.90 C:1695.70 V:9294.0
2026-06-10 11:15:01 [INFO] core.data_fetcher: 🕯️ Candle closed: TITAN | 2026-06-10 11:10 | O:4118.90 H:4119.10 L:4115.30 C:4117.10 V:3524.0
2026-06-10 11:15:01 [INFO] core.data_fetcher: 🕯️ Candle closed: JSWSTEEL | 2026-06-10 11:10 | O:1275.70 H:1282.40 L:1275.20 C:1282.00 V:75791.0
2026-06-10 11:15:01 [INFO] core.data_fetcher: 🕯️ Candle closed: HDFCBANK | 2026-06-10 11:10 | O:739.15 H:739.35 L:738.20 C:738.20 V:312896.0
2026-06-10 11:15:02 [INFO] core.data_fetcher: 🕯️ Candle closed: MARUTI | 2026-06-10 11:10 | O:13157.00 H:13162.00 L:13145.00 C:13154.00 V:1351.0
2026-06-10 11:15:02 [INFO] core.data_fetcher: 🕯️ Candle closed: LT | 2026-06-10 11:10 | O:3939.70 H:3943.50 L:3936.10 C:3937.80 V:29330.0
2026-06-10 11:15:02 [INFO] core.data_fetcher: 🕯️ Candle closed: APOLLOHOSP | 2026-06-10 11:10 | O:8605.50 H:8610.50 L:8598.50 C:8603.00 V:3430.0
2026-06-10 11:15:02 [INFO] core.data_fetcher: 🕯️ Candle closed: SBILIFE | 2026-06-10 11:10 | O:1769.50 H:1772.10 L:1769.30 C:1769.70 V:137309.0
2026-06-10 11:15:02 [INFO] core.data_fetcher: 🕯️ Candle closed: SUNPHARMA | 2026-06-10 11:10 | O:1788.50 H:1789.40 L:1787.50 C:1789.20 V:10504.0
2026-06-10 11:15:03 [INFO] core.data_fetcher: 🕯️ Candle closed: NESTLEIND | 2026-06-10 11:10 | O:1444.00 H:1444.90 L:1443.00 C:1443.00 V:18949.0
2026-06-10 11:15:03 [INFO] core.data_fetcher: 🕯️ Candle closed: EICHERMOT | 2026-06-10 11:10 | O:7224.50 H:7225.50 L:7220.00 C:7221.00 V:1405.0
2026-06-10 11:15:03 [INFO] core.data_fetcher: 🕯️ Candle closed: ITC | 2026-06-10 11:10 | O:284.00 H:284.80 L:283.85 C:284.40 V:550724.0
2026-06-10 11:15:04 [INFO] core.data_fetcher: 📡 Live feed | ticks received: 30/30 symbols | active=['SUNPHARMA', 'DIVISLAB', 'TATASTEEL', 'SBIN', 'TITAN', 'RELIANCE', 'NTPC', 'HDFCLIFE']...
2026-06-10 11:15:04 [INFO] core.data_fetcher: 🕯️ Candle closed: INFY | 2026-06-10 11:10 | O:1159.90 H:1160.40 L:1158.20 C:1158.80 V:84778.0
2026-06-10 11:15:05 [INFO] core.data_fetcher: 🕯️ Candle closed: WIPRO | 2026-06-10 11:10 | O:181.40 H:181.42 L:181.17 C:181.23 V:73748.0
2026-06-10 11:15:06 [INFO] core.data_fetcher: 🕯️ Candle closed: HEROMOTOCO | 2026-06-10 11:10 | O:4918.50 H:4923.00 L:4917.80 C:4919.80 V:2578.0
2026-06-10 11:15:07 [INFO] core.data_fetcher: 🕯️ Candle closed: SBIN | 2026-06-10 11:10 | O:1008.45 H:1009.00 L:1007.75 C:1008.05 V:138623.0
2026-06-10 11:15:12 [INFO] core.data_fetcher: 🕯️ Candle closed: TATACONSUM | 2026-06-10 11:10 | O:1117.50 H:1118.20 L:1116.00 C:1116.00 V:16568.0
2026-06-10 11:15:13 [INFO] core.data_fetcher: 🕯️ Candle closed: HCLTECH | 2026-06-10 11:10 | O:1146.80 H:1147.50 L:1145.80 C:1145.90 V:13979.0
2026-06-10 11:15:20 [INFO] core.data_fetcher: 🕯️ Candle closed: DRREDDY | 2026-06-10 11:10 | O:1274.50 H:1274.60 L:1273.30 C:1274.10 V:9287.0
2026-06-10 11:15:39 [INFO] core.state_manager: [BRIEFING] Loading from data/session_briefing.json...
2026-06-10 11:15:39 [INFO] core.state_manager: [BRIEFING] Loaded Valid: 8 approved + 22 watchlist (MORNING_SCREENER)
2026-06-10 11:15:50 [INFO] core.strategy: ─── Scan summary (30 subscribed) ───
  [Cognition] SUNPHARMA: ticks=2123 | live_candles=21
  [Cognition] DIVISLAB: ticks=1460 | live_candles=21
  [Cognition] TATASTEEL: ticks=4021 | live_candles=21
  [Cognition] SBIN: ticks=4525 | live_candles=21
  [Cognition] TITAN: ticks=1945 | live_candles=21
  [Cognition] RELIANCE: ticks=4744 | live_candles=21
  [Cognition] NTPC: ticks=3230 | live_candles=21
  [Cognition] HDFCLIFE: ticks=857 | live_candles=21
  [Math] ICICIBANK: ticks=4009 | live_candles=21
  [Math] APOLLOHOSP: ticks=1668 | live_candles=21
  [Math] TCS: ticks=3514 | live_candles=21
  [Math] HDFCBANK: ticks=3882 | live_candles=21
  [Math] INFY: ticks=3106 | live_candles=21
  [Math] HINDUNILVR: ticks=3810 | live_candles=21
  [Math] ITC: ticks=4581 | live_candles=21
  [Math] BHARTIARTL: ticks=4269 | live_candles=21
  [Math] LT: ticks=2998 | live_candles=21
  [Math] HCLTECH: ticks=1832 | live_candles=21
  [Math] MARUTI: ticks=1225 | live_candles=21
  [Math] WIPRO: ticks=3404 | live_candles=21
  [Math] NESTLEIND: ticks=2553 | live_candles=21
  [Math] BAJAJFINSV: ticks=1695 | live_candles=21
  [Math] DRREDDY: ticks=735 | live_candles=21
  [Math] EICHERMOT: ticks=1363 | live_candles=21
  [Math] HEROMOTOCO: ticks=2160 | live_candles=21
  [Math] HINDALCO: ticks=3243 | live_candles=21
  [Math] JSWSTEEL: ticks=1589 | live_candles=21
  [Math] M&M: ticks=3126 | live_candles=21
  [Math] SBILIFE: ticks=876 | live_candles=21
  [Math] TATACONSUM: ticks=1874 | live_candles=21
2026-06-10 11:16:43 [INFO] core.state_manager: [BRIEFING] Loading from data/session_briefing.json...
2026-06-10 11:16:43 [INFO] core.state_manager: [BRIEFING] Loaded Valid: 8 approved + 22 watchlist (MORNING_SCREENER)
2026-06-10 11:17:04 [INFO] core.data_fetcher: 📡 Live feed | ticks received: 30/30 symbols | active=['SUNPHARMA', 'DIVISLAB', 'TATASTEEL', 'SBIN', 'TITAN', 'RELIANCE', 'NTPC', 'HDFCLIFE']...
2026-06-10 11:17:23 [INFO] core.strategy: ─── Scan summary (30 subscribed) ───
  [Cognition] SUNPHARMA: ticks=2148 | live_candles=21
  [Cognition] DIVISLAB: ticks=1484 | live_candles=21
  [Cognition] TATASTEEL: ticks=4085 | live_candles=21
  [Cognition] SBIN: ticks=4625 | live_candles=21
  [Cognition] TITAN: ticks=1969 | live_candles=21
  [Cognition] RELIANCE: ticks=4786 | live_candles=21
  [Cognition] NTPC: ticks=3276 | live_candles=21
  [Cognition] HDFCLIFE: ticks=871 | live_candles=21
  [Math] ICICIBANK: ticks=4093 | live_candles=21
  [Math] APOLLOHOSP: ticks=1687 | live_candles=21
  [Math] TCS: ticks=3586 | live_candles=21
  [Math] HDFCBANK: ticks=3931 | live_candles=21
  [Math] INFY: ticks=3161 | live_candles=21
  [Math] HINDUNILVR: ticks=3864 | live_candles=21
  [Math] ITC: ticks=4648 | live_candles=21
  [Math] BHARTIARTL: ticks=4338 | live_candles=21
  [Math] LT: ticks=3036 | live_candles=21
  [Math] HCLTECH: ticks=1855 | live_candles=21
  [Math] MARUTI: ticks=1236 | live_candles=21
  [Math] WIPRO: ticks=3434 | live_candles=21
  [Math] NESTLEIND: ticks=2583 | live_candles=21
  [Math] BAJAJFINSV: ticks=1726 | live_candles=21
  [Math] DRREDDY: ticks=739 | live_candles=21
  [Math] EICHERMOT: ticks=1382 | live_candles=21
  [Math] HEROMOTOCO: ticks=2176 | live_candles=21
  [Math] HINDALCO: ticks=3270 | live_candles=21
  [Math] JSWSTEEL: ticks=1614 | live_candles=21
  [Math] M&M: ticks=3181 | live_candles=21
  [Math] SBILIFE: ticks=897 | live_candles=21
  [Math] TATACONSUM: ticks=1893 | live_candles=21
2026-06-10 11:17:43 [INFO] core.state_manager: [BRIEFING] Loading from data/session_briefing.json...
2026-06-10 11:17:43 [INFO] core.state_manager: [BRIEFING] Loaded Valid: 8 approved + 22 watchlist (MORNING_SCREENER)
2026-06-10 11:18:48 [INFO] core.state_manager: [BRIEFING] Loading from data/session_briefing.json...
2026-06-10 11:18:48 [INFO] core.state_manager: [BRIEFING] Loaded Valid: 8 approved + 22 watchlist (MORNING_SCREENER)
2026-06-10 11:18:58 [INFO] core.strategy: ─── Scan summary (30 subscribed) ───
  [Cognition] SUNPHARMA: ticks=2174 | live_candles=21
  [Cognition] DIVISLAB: ticks=1500 | live_candles=21
  [Cognition] TATASTEEL: ticks=4157 | live_candles=21
  [Cognition] SBIN: ticks=4708 | live_candles=21
  [Cognition] TITAN: ticks=1995 | live_candles=21
  [Cognition] RELIANCE: ticks=4853 | live_candles=21
  [Cognition] NTPC: ticks=3318 | live_candles=21
  [Cognition] HDFCLIFE: ticks=893 | live_candles=21
  [Math] ICICIBANK: ticks=4155 | live_candles=21
  [Math] APOLLOHOSP: ticks=1705 | live_candles=21
  [Math] TCS: ticks=3624 | live_candles=21
  [Math] HDFCBANK: ticks=3981 | live_candles=21
  [Math] INFY: ticks=3231 | live_candles=21
  [Math] HINDUNILVR: ticks=3916 | live_candles=21
  [Math] ITC: ticks=4728 | live_candles=21
  [Math] BHARTIARTL: ticks=4405 | live_candles=21
  [Math] LT: ticks=3062 | live_candles=21
  [Math] HCLTECH: ticks=1881 | live_candles=21
  [Math] MARUTI: ticks=1274 | live_candles=21
  [Math] WIPRO: ticks=3479 | live_candles=21
  [Math] NESTLEIND: ticks=2615 | live_candles=21
  [Math] BAJAJFINSV: ticks=1747 | live_candles=21
  [Math] DRREDDY: ticks=750 | live_candles=21
  [Math] EICHERMOT: ticks=1395 | live_candles=21
  [Math] HEROMOTOCO: ticks=2202 | live_candles=21
  [Math] HINDALCO: ticks=3318 | live_candles=21
  [Math] JSWSTEEL: ticks=1642 | live_candles=21
  [Math] M&M: ticks=3219 | live_candles=21
  [Math] SBILIFE: ticks=911 | live_candles=21
  [Math] TATACONSUM: ticks=1915 | live_candles=21
2026-06-10 11:19:04 [INFO] core.data_fetcher: 📡 Live feed | ticks received: 30/30 symbols | active=['SUNPHARMA', 'DIVISLAB', 'TATASTEEL', 'SBIN', 'TITAN', 'RELIANCE', 'NTPC', 'HDFCLIFE']...
2026-06-10 11:19:51 [INFO] core.state_manager: [BRIEFING] Loading from data/session_briefing.json...
2026-06-10 11:19:51 [INFO] core.state_manager: [BRIEFING] Loaded Valid: 8 approved + 22 watchlist (MORNING_SCREENER)
2026-06-10 11:20:00 [INFO] core.data_fetcher: 🕯️ Candle closed: HINDUNILVR | 2026-06-10 11:15 | O:2195.20 H:2196.40 L:2191.20 C:2193.90 V:20194.0
2026-06-10 11:20:00 [INFO] core.data_fetcher: 🕯️ Candle closed: MARUTI | 2026-06-10 11:15 | O:13151.00 H:13158.00 L:13131.00 C:13137.00 V:6699.0
2026-06-10 11:20:00 [INFO] core.data_fetcher: 🕯️ Candle closed: HDFCLIFE | 2026-06-10 11:15 | O:563.30 H:563.40 L:563.20 C:563.40 V:9535.0
2026-06-10 11:20:00 [INFO] core.data_fetcher: 🕯️ Candle closed: M&M | 2026-06-10 11:15 | O:2982.50 H:2983.20 L:2980.10 C:2981.20 V:11767.0
2026-06-10 11:20:00 [INFO] core.data_fetcher: 🕯️ Candle closed: TATASTEEL | 2026-06-10 11:15 | O:201.57 H:201.60 L:201.00 C:201.18 V:355019.0
2026-06-10 11:20:00 [INFO] core.data_fetcher: 🕯️ Candle closed: RELIANCE | 2026-06-10 11:15 | O:1281.40 H:1282.00 L:1278.80 C:1279.30 V:247630.0
2026-06-10 11:20:00 [INFO] core.data_fetcher: 🕯️ Candle closed: HDFCBANK | 2026-06-10 11:15 | O:738.15 H:739.20 L:738.10 C:738.30 V:495759.0
2026-06-10 11:20:00 [INFO] core.data_fetcher: 🕯️ Candle closed: INFY | 2026-06-10 11:15 | O:1158.60 H:1160.80 L:1156.40 C:1156.80 V:148198.0
2026-06-10 11:20:00 [INFO] core.data_fetcher: 🕯️ Candle closed: SBIN | 2026-06-10 11:15 | O:1008.00 H:1009.20 L:1007.90 C:1008.55 V:318122.0
2026-06-10 11:20:00 [INFO] core.data_fetcher: 🕯️ Candle closed: WIPRO | 2026-06-10 11:15 | O:181.21 H:181.35 L:181.01 C:181.05 V:83552.0
2026-06-10 11:20:00 [INFO] core.data_fetcher: 🕯️ Candle closed: ITC | 2026-06-10 11:15 | O:284.45 H:284.50 L:284.15 C:284.20 V:139199.0
2026-06-10 11:20:01 [INFO] core.data_fetcher: 🕯️ Candle closed: SUNPHARMA | 2026-06-10 11:15 | O:1789.40 H:1791.20 L:1787.60 C:1789.00 V:15399.0
2026-06-10 11:20:01 [INFO] core.data_fetcher: 🕯️ Candle closed: TCS | 2026-06-10 11:15 | O:2165.20 H:2169.60 L:2164.80 C:2166.00 V:41261.0
2026-06-10 11:20:01 [INFO] core.data_fetcher: 🕯️ Candle closed: BAJAJFINSV | 2026-06-10 11:15 | O:1695.80 H:1697.30 L:1693.50 C:1694.30 V:15763.0
2026-06-10 11:20:01 [INFO] core.data_fetcher: 🕯️ Candle closed: JSWSTEEL | 2026-06-10 11:15 | O:1281.90 H:1282.00 L:1279.10 C:1279.10 V:30490.0
2026-06-10 11:20:01 [INFO] core.data_fetcher: 🕯️ Candle closed: APOLLOHOSP | 2026-06-10 11:15 | O:8604.00 H:8609.50 L:8597.00 C:8608.50 V:3686.0
2026-06-10 11:20:01 [INFO] core.data_fetcher: 🕯️ Candle closed: NTPC | 2026-06-10 11:15 | O:356.60 H:356.80 L:356.05 C:356.10 V:111950.0
2026-06-10 11:20:01 [INFO] core.data_fetcher: 🕯️ Candle closed: HCLTECH | 2026-06-10 11:15 | O:1145.80 H:1146.60 L:1144.00 C:1144.60 V:18561.0
2026-06-10 11:20:01 [INFO] core.data_fetcher: 🕯️ Candle closed: HINDALCO | 2026-06-10 11:15 | O:1043.80 H:1043.90 L:1041.50 C:1042.20 V:36164.0
2026-06-10 11:20:01 [INFO] core.data_fetcher: 🕯️ Candle closed: DRREDDY | 2026-06-10 11:15 | O:1274.20 H:1275.50 L:1274.20 C:1275.00 V:5271.0
2026-06-10 11:20:02 [INFO] core.data_fetcher: 🕯️ Candle closed: NESTLEIND | 2026-06-10 11:15 | O:1443.10 H:1447.00 L:1441.70 C:1444.80 V:44964.0
2026-06-10 11:20:02 [INFO] core.data_fetcher: 🕯️ Candle closed: LT | 2026-06-10 11:15 | O:3937.00 H:3937.90 L:3931.20 C:3933.70 V:14670.0
2026-06-10 11:20:02 [INFO] core.data_fetcher: 🕯️ Candle closed: TITAN | 2026-06-10 11:15 | O:4117.20 H:4117.60 L:4112.00 C:4114.90 V:2476.0
2026-06-10 11:20:02 [INFO] core.data_fetcher: 🕯️ Candle closed: BHARTIARTL | 2026-06-10 11:15 | O:1798.00 H:1803.50 L:1795.40 C:1796.00 V:123523.0
2026-06-10 11:20:02 [INFO] core.data_fetcher: 🕯️ Candle closed: EICHERMOT | 2026-06-10 11:15 | O:7220.00 H:7224.00 L:7217.00 C:7221.00 V:7565.0
2026-06-10 11:20:03 [INFO] core.data_fetcher: 🕯️ Candle closed: ICICIBANK | 2026-06-10 11:15 | O:1298.60 H:1301.00 L:1298.50 C:1300.40 V:429680.0
2026-06-10 11:20:03 [INFO] core.data_fetcher: 🕯️ Candle closed: SBILIFE | 2026-06-10 11:15 | O:1769.90 H:1770.00 L:1768.20 C:1769.00 V:12933.0
2026-06-10 11:20:05 [INFO] core.data_fetcher: 🕯️ Candle closed: TATACONSUM | 2026-06-10 11:15 | O:1115.90 H:1116.80 L:1114.00 C:1114.00 V:35684.0
2026-06-10 11:20:05 [INFO] core.data_fetcher: 🕯️ Candle closed: HEROMOTOCO | 2026-06-10 11:15 | O:4920.00 H:4924.20 L:4915.20 C:4919.80 V:8358.0
2026-06-10 11:20:09 [INFO] core.data_fetcher: 🕯️ Candle closed: DIVISLAB | 2026-06-10 11:15 | O:6801.50 H:6805.00 L:6797.00 C:6800.50 V:7717.0
2026-06-10 11:20:31 [INFO] core.strategy: ─── Scan summary (30 subscribed) ───
  [Cognition] SUNPHARMA: ticks=2198 | live_candles=22
  [Cognition] DIVISLAB: ticks=1522 | live_candles=22
  [Cognition] TATASTEEL: ticks=4218 | live_candles=22
  [Cognition] SBIN: ticks=4780 | live_candles=22
  [Cognition] TITAN: ticks=2020 | live_candles=22
  [Cognition] RELIANCE: ticks=4932 | live_candles=22
  [Cognition] NTPC: ticks=3360 | live_candles=22
  [Cognition] HDFCLIFE: ticks=913 | live_candles=22
  [Math] ICICIBANK: ticks=4238 | live_candles=22
  [Math] APOLLOHOSP: ticks=1723 | live_candles=22
  [Math] TCS: ticks=3666 | live_candles=22
  [Math] HDFCBANK: ticks=4046 | live_candles=22
  [Math] INFY: ticks=3294 | live_candles=22
  [Math] HINDUNILVR: ticks=3960 | live_candles=22
  [Math] ITC: ticks=4805 | live_candles=22
  [Math] BHARTIARTL: ticks=4471 | live_candles=22
  [Math] LT: ticks=3098 | live_candles=22
  [Math] HCLTECH: ticks=1913 | live_candles=22
  [Math] MARUTI: ticks=1303 | live_candles=22
  [Math] WIPRO: ticks=3518 | live_candles=22
  [Math] NESTLEIND: ticks=2649 | live_candles=22
  [Math] BAJAJFINSV: ticks=1771 | live_candles=22
  [Math] DRREDDY: ticks=760 | live_candles=22
  [Math] EICHERMOT: ticks=1407 | live_candles=22
  [Math] HEROMOTOCO: ticks=2218 | live_candles=22
  [Math] HINDALCO: ticks=3355 | live_candles=22
  [Math] JSWSTEEL: ticks=1668 | live_candles=22
  [Math] M&M: ticks=3259 | live_candles=22
  [Math] SBILIFE: ticks=931 | live_candles=22
  [Math] TATACONSUM: ticks=1933 | live_candles=22
2026-06-10 11:20:55 [INFO] core.state_manager: [BRIEFING] Loading from data/session_briefing.json...
2026-06-10 11:20:55 [INFO] core.state_manager: [BRIEFING] Loaded Valid: 8 approved + 22 watchlist (MORNING_SCREENER)
2026-06-10 11:21:04 [INFO] core.data_fetcher: 📡 Live feed | ticks received: 30/30 symbols | active=['SUNPHARMA', 'DIVISLAB', 'TATASTEEL', 'SBIN', 'TITAN', 'RELIANCE', 'NTPC', 'HDFCLIFE']...
2026-06-10 11:21:58 [INFO] core.state_manager: [BRIEFING] Loading from data/session_briefing.json...
2026-06-10 11:21:58 [INFO] core.state_manager: [BRIEFING] Loaded Valid: 8 approved + 22 watchlist (MORNING_SCREENER)
2026-06-10 11:22:01 [INFO] apscheduler.executors.default: Running job "Market Observation Loop (trigger: interval[0:15:00], next run at: 2026-06-10 11:37:01 IST)" (scheduled at 2026-06-10 11:22:01.484149+05:30)
2026-06-10 11:22:01 [INFO] reflection.observation_loop: 🔍 Running observation cycle...
2026-06-10 11:22:01 [INFO] core.state_manager: [BRIEFING] Loading from data/session_briefing.json...
2026-06-10 11:22:01 [INFO] core.state_manager: [BRIEFING] Loaded Valid: 8 approved + 22 watchlist (MORNING_SCREENER)
2026-06-10 11:22:01 [INFO] reflection.observation_loop: 📊 Observation recorded:
   Market: RANGING | Trend: WEAK
   Vol: LOW | Breakouts: LOW
   Reversals: LOW
2026-06-10 11:22:01 [INFO] apscheduler.executors.default: Job "Market Observation Loop (trigger: interval[0:15:00], next run at: 2026-06-10 11:37:01 IST)" executed successfully
2026-06-10 11:22:03 [INFO] core.strategy: ─── Scan summary (30 subscribed) ───
  [Cognition] SUNPHARMA: ticks=2227 | live_candles=22
  [Cognition] DIVISLAB: ticks=1539 | live_candles=22
  [Cognition] TATASTEEL: ticks=4257 | live_candles=22
  [Cognition] SBIN: ticks=4855 | live_candles=22
  [Cognition] TITAN: ticks=2032 | live_candles=22
  [Cognition] RELIANCE: ticks=5000 | live_candles=22
  [Cognition] NTPC: ticks=3408 | live_candles=22
  [Cognition] HDFCLIFE: ticks=935 | live_candles=22
  [Math] ICICIBANK: ticks=4312 | live_candles=22
  [Math] APOLLOHOSP: ticks=1745 | live_candles=22
  [Math] TCS: ticks=3691 | live_candles=22
  [Math] HDFCBANK: ticks=4124 | live_candles=22
  [Math] INFY: ticks=3357 | live_candles=22
  [Math] HINDUNILVR: ticks=4016 | live_candles=22
  [Math] ITC: ticks=4886 | live_candles=22
  [Math] BHARTIARTL: ticks=4524 | live_candles=22
  [Math] LT: ticks=3136 | live_candles=22
  [Math] HCLTECH: ticks=1934 | live_candles=22
  [Math] MARUTI: ticks=1327 | live_candles=22
  [Math] WIPRO: ticks=3553 | live_candles=22
  [Math] NESTLEIND: ticks=2667 | live_candles=22
  [Math] BAJAJFINSV: ticks=1799 | live_candles=22
  [Math] DRREDDY: ticks=771 | live_candles=22
  [Math] EICHERMOT: ticks=1417 | live_candles=22
  [Math] HEROMOTOCO: ticks=2244 | live_candles=22
  [Math] HINDALCO: ticks=3404 | live_candles=22
  [Math] JSWSTEEL: ticks=1684 | live_candles=22
  [Math] M&M: ticks=3289 | live_candles=22
  [Math] SBILIFE: ticks=943 | live_candles=22
  [Math] TATACONSUM: ticks=1955 | live_candles=22
2026-06-10 11:23:02 [INFO] core.state_manager: [BRIEFING] Loading from data/session_briefing.json...
2026-06-10 11:23:02 [INFO] core.state_manager: [BRIEFING] Loaded Valid: 8 approved + 22 watchlist (MORNING_SCREENER)
2026-06-10 11:23:04 [INFO] core.data_fetcher: 📡 Live feed | ticks received: 30/30 symbols | active=['SUNPHARMA', 'DIVISLAB', 'TATASTEEL', 'SBIN', 'TITAN', 'RELIANCE', 'NTPC', 'HDFCLIFE']...
2026-06-10 11:23:37 [INFO] core.strategy: ─── Scan summary (30 subscribed) ───
  [Cognition] SUNPHARMA: ticks=2255 | live_candles=22
  [Cognition] DIVISLAB: ticks=1556 | live_candles=22
  [Cognition] TATASTEEL: ticks=4298 | live_candles=22
  [Cognition] SBIN: ticks=4930 | live_candles=22
  [Cognition] TITAN: ticks=2052 | live_candles=22
  [Cognition] RELIANCE: ticks=5080 | live_candles=22
  [Cognition] NTPC: ticks=3472 | live_candles=22
  [Cognition] HDFCLIFE: ticks=946 | live_candles=22
  [Math] ICICIBANK: ticks=4382 | live_candles=22
  [Math] APOLLOHOSP: ticks=1766 | live_candles=22
  [Math] TCS: ticks=3731 | live_candles=22
  [Math] HDFCBANK: ticks=4201 | live_candles=22
  [Math] INFY: ticks=3433 | live_candles=22
  [Math] HINDUNILVR: ticks=4059 | live_candles=22
  [Math] ITC: ticks=4964 | live_candles=22
  [Math] BHARTIARTL: ticks=4587 | live_candles=22
  [Math] LT: ticks=3173 | live_candles=22
  [Math] HCLTECH: ticks=1962 | live_candles=22
  [Math] MARUTI: ticks=1354 | live_candles=22
  [Math] WIPRO: ticks=3582 | live_candles=22
  [Math] NESTLEIND: ticks=2688 | live_candles=22
  [Math] BAJAJFINSV: ticks=1825 | live_candles=22
  [Math] DRREDDY: ticks=776 | live_candles=22
  [Math] EICHERMOT: ticks=1432 | live_candles=22
  [Math] HEROMOTOCO: ticks=2256 | live_candles=22
  [Math] HINDALCO: ticks=3442 | live_candles=22
  [Math] JSWSTEEL: ticks=1714 | live_candles=22
  [Math] M&M: ticks=3322 | live_candles=22
  [Math] SBILIFE: ticks=962 | live_candles=22
  [Math] TATACONSUM: ticks=1977 | live_candles=22
2026-06-10 11:24:07 [INFO] core.state_manager: [BRIEFING] Loading from data/session_briefing.json...
2026-06-10 11:24:07 [INFO] core.state_manager: [BRIEFING] Loaded Valid: 8 approved + 22 watchlist (MORNING_SCREENER)
2026-06-10 11:25:00 [INFO] core.data_fetcher: 🕯️ Candle closed: BHARTIARTL | 2026-06-10 11:20 | O:1796.20 H:1797.30 L:1794.50 C:1796.80 V:47307.0
2026-06-10 11:25:00 [INFO] core.data_fetcher: 🕯️ Candle closed: RELIANCE | 2026-06-10 11:20 | O:1279.00 H:1280.70 L:1278.10 C:1279.90 V:238040.0
2026-06-10 11:25:00 [INFO] core.data_fetcher: 🕯️ Candle closed: M&M | 2026-06-10 11:20 | O:2981.80 H:2982.30 L:2980.40 C:2981.70 V:9085.0
2026-06-10 11:25:01 [INFO] core.data_fetcher: 🕯️ Candle closed: ICICIBANK | 2026-06-10 11:20 | O:1300.30 H:1301.80 L:1299.00 C:1299.50 V:605497.0
2026-06-10 11:25:01 [INFO] core.data_fetcher: 🕯️ Candle closed: SUNPHARMA | 2026-06-10 11:20 | O:1789.10 H:1790.60 L:1788.10 C:1789.00 V:13392.0
2026-06-10 11:25:01 [INFO] core.data_fetcher: 🕯️ Candle closed: APOLLOHOSP | 2026-06-10 11:20 | O:8609.50 H:8618.00 L:8608.50 C:8617.50 V:3100.0
2026-06-10 11:25:01 [INFO] core.data_fetcher: 🕯️ Candle closed: DIVISLAB | 2026-06-10 11:20 | O:6800.00 H:6806.50 L:6800.00 C:6806.50 V:4594.0
2026-06-10 11:25:01 [INFO] core.data_fetcher: 🕯️ Candle closed: WIPRO | 2026-06-10 11:20 | O:181.02 H:181.25 L:181.01 C:181.25 V:66579.0
2026-06-10 11:25:01 [INFO] core.data_fetcher: 🕯️ Candle closed: BAJAJFINSV | 2026-06-10 11:20 | O:1694.20 H:1697.10 L:1693.80 C:1695.90 V:3203.0
2026-06-10 11:25:01 [INFO] core.data_fetcher: 🕯️ Candle closed: HINDUNILVR | 2026-06-10 11:20 | O:2193.60 H:2193.90 L:2190.00 C:2191.20 V:24902.0
2026-06-10 11:25:01 [INFO] core.data_fetcher: 🕯️ Candle closed: TATASTEEL | 2026-06-10 11:20 | O:201.15 H:201.49 L:201.00 C:201.37 V:316503.0
2026-06-10 11:25:01 [INFO] core.data_fetcher: 🕯️ Candle closed: HDFCBANK | 2026-06-10 11:20 | O:738.40 H:740.90 L:738.40 C:740.60 V:657559.0
2026-06-10 11:25:01 [INFO] core.data_fetcher: 🕯️ Candle closed: INFY | 2026-06-10 11:20 | O:1156.60 H:1156.70 L:1155.00 C:1156.20 V:109164.0
2026-06-10 11:25:01 [INFO] core.data_fetcher: 🕯️ Candle closed: EICHERMOT | 2026-06-10 11:20 | O:7219.00 H:7230.50 L:7218.00 C:7230.50 V:2156.0
2026-06-10 11:25:01 [INFO] core.data_fetcher: 🕯️ Candle closed: NTPC | 2026-06-10 11:20 | O:356.05 H:356.10 L:355.50 C:355.95 V:126087.0
2026-06-10 11:25:01 [INFO] core.data_fetcher: 🕯️ Candle closed: SBIN | 2026-06-10 11:20 | O:1008.80 H:1008.90 L:1008.00 C:1008.45 V:115289.0
2026-06-10 11:25:01 [INFO] core.data_fetcher: 🕯️ Candle closed: ITC | 2026-06-10 11:20 | O:284.25 H:284.30 L:284.05 C:284.15 V:119301.0
2026-06-10 11:25:01 [INFO] core.data_fetcher: 🕯️ Candle closed: JSWSTEEL | 2026-06-10 11:20 | O:1279.40 H:1282.80 L:1278.60 C:1282.20 V:22772.0
2026-06-10 11:25:03 [INFO] core.data_fetcher: 🕯️ Candle closed: HDFCLIFE | 2026-06-10 11:20 | O:563.25 H:563.45 L:562.95 C:563.25 V:14633.0
2026-06-10 11:25:03 [INFO] core.data_fetcher: 🕯️ Candle closed: NESTLEIND | 2026-06-10 11:20 | O:1444.70 H:1445.20 L:1443.00 C:1444.30 V:9807.0
2026-06-10 11:25:04 [INFO] core.data_fetcher: 🕯️ Candle closed: HEROMOTOCO | 2026-06-10 11:20 | O:4918.50 H:4922.20 L:4910.60 C:4920.20 V:4228.0
2026-06-10 11:25:04 [INFO] core.data_fetcher: 📡 Live feed | ticks received: 30/30 symbols | active=['SUNPHARMA', 'DIVISLAB', 'TATASTEEL', 'SBIN', 'TITAN', 'RELIANCE', 'NTPC', 'HDFCLIFE']...
2026-06-10 11:25:05 [INFO] core.data_fetcher: 🕯️ Candle closed: MARUTI | 2026-06-10 11:20 | O:13135.00 H:13142.00 L:13129.00 C:13135.00 V:3456.0
2026-06-10 11:25:06 [INFO] core.data_fetcher: 🕯️ Candle closed: TITAN | 2026-06-10 11:20 | O:4114.60 H:4116.40 L:4111.10 C:4115.20 V:2548.0
2026-06-10 11:25:06 [INFO] core.data_fetcher: 🕯️ Candle closed: TCS | 2026-06-10 11:20 | O:2166.10 H:2166.10 L:2163.60 C:2165.70 V:11275.0
2026-06-10 11:25:06 [INFO] core.data_fetcher: 🕯️ Candle closed: DRREDDY | 2026-06-10 11:20 | O:1275.10 H:1276.90 L:1275.00 C:1276.80 V:3996.0
2026-06-10 11:25:06 [INFO] core.data_fetcher: 🕯️ Candle closed: LT | 2026-06-10 11:20 | O:3933.50 H:3937.70 L:3933.00 C:3937.10 V:9140.0
2026-06-10 11:25:09 [INFO] core.data_fetcher: 🕯️ Candle closed: SBILIFE | 2026-06-10 11:20 | O:1768.50 H:1768.80 L:1768.00 C:1768.60 V:12635.0
2026-06-10 11:25:10 [INFO] core.state_manager: [BRIEFING] Loading from data/session_briefing.json...
2026-06-10 11:25:10 [INFO] core.state_manager: [BRIEFING] Loaded Valid: 8 approved + 22 watchlist (MORNING_SCREENER)
2026-06-10 11:25:10 [INFO] core.strategy: ─── Scan summary (30 subscribed) ───
  [Cognition] SUNPHARMA: ticks=2288 | live_candles=23
  [Cognition] DIVISLAB: ticks=1576 | live_candles=23
  [Cognition] TATASTEEL: ticks=4335 | live_candles=23
  [Cognition] SBIN: ticks=4990 | live_candles=23
  [Cognition] TITAN: ticks=2079 | live_candles=23
  [Cognition] RELIANCE: ticks=5147 | live_candles=23
  [Cognition] NTPC: ticks=3523 | live_candles=23
  [Cognition] HDFCLIFE: ticks=965 | live_candles=23
  [Math] ICICIBANK: ticks=4437 | live_candles=23
  [Math] APOLLOHOSP: ticks=1786 | live_candles=23
  [Math] TCS: ticks=3758 | live_candles=23
  [Math] HDFCBANK: ticks=4264 | live_candles=23
  [Math] INFY: ticks=3491 | live_candles=23
  [Math] HINDUNILVR: ticks=4101 | live_candles=23
  [Math] ITC: ticks=5033 | live_candles=23
  [Math] BHARTIARTL: ticks=4639 | live_candles=23
  [Math] LT: ticks=3204 | live_candles=23
  [Math] HCLTECH: ticks=1976 | live_candles=22
  [Math] MARUTI: ticks=1375 | live_candles=23
  [Math] WIPRO: ticks=3606 | live_candles=23
  [Math] NESTLEIND: ticks=2713 | live_candles=23
  [Math] BAJAJFINSV: ticks=1844 | live_candles=23
  [Math] DRREDDY: ticks=781 | live_candles=23
  [Math] EICHERMOT: ticks=1443 | live_candles=23
  [Math] HEROMOTOCO: ticks=2267 | live_candles=23
  [Math] HINDALCO: ticks=3476 | live_candles=22
  [Math] JSWSTEEL: ticks=1746 | live_candles=23
  [Math] M&M: ticks=3375 | live_candles=23
  [Math] SBILIFE: ticks=981 | live_candles=23
  [Math] TATACONSUM: ticks=1992 | live_candles=22
2026-06-10 11:25:12 [INFO] core.data_fetcher: 🕯️ Candle closed: HINDALCO | 2026-06-10 11:20 | O:1042.00 H:1044.70 L:1041.20 C:1044.50 V:44427.0
2026-06-10 11:25:15 [INFO] core.data_fetcher: 🕯️ Candle closed: TATACONSUM | 2026-06-10 11:20 | O:1114.30 H:1115.90 L:1113.20 C:1113.90 V:28878.0
2026-06-10 11:25:21 [INFO] core.data_fetcher: 🕯️ Candle closed: HCLTECH | 2026-06-10 11:20 | O:1144.40 H:1145.70 L:1144.00 C:1145.50 V:13690.0
2026-06-10 11:26:14 [INFO] core.state_manager: [BRIEFING] Loading from data/session_briefing.json...
2026-06-10 11:26:14 [INFO] core.state_manager: [BRIEFING] Loaded Valid: 8 approved + 22 watchlist (MORNING_SCREENER)
2026-06-10 11:26:44 [INFO] core.strategy: ─── Scan summary (30 subscribed) ───
  [Cognition] SUNPHARMA: ticks=2313 | live_candles=23
  [Cognition] DIVISLAB: ticks=1595 | live_candles=23
  [Cognition] TATASTEEL: ticks=4387 | live_candles=23
  [Cognition] SBIN: ticks=5037 | live_candles=23
  [Cognition] TITAN: ticks=2092 | live_candles=23
  [Cognition] RELIANCE: ticks=5214 | live_candles=23
  [Cognition] NTPC: ticks=3585 | live_candles=23
  [Cognition] HDFCLIFE: ticks=972 | live_candles=23
  [Math] ICICIBANK: ticks=4481 | live_candles=23
  [Math] APOLLOHOSP: ticks=1814 | live_candles=23
  [Math] TCS: ticks=3803 | live_candles=23
  [Math] HDFCBANK: ticks=4336 | live_candles=23
  [Math] INFY: ticks=3559 | live_candles=23
  [Math] HINDUNILVR: ticks=4132 | live_candles=23
  [Math] ITC: ticks=5099 | live_candles=23
  [Math] BHARTIARTL: ticks=4686 | live_candles=23
  [Math] LT: ticks=3236 | live_candles=23
  [Math] HCLTECH: ticks=1995 | live_candles=23
  [Math] MARUTI: ticks=1408 | live_candles=23
  [Math] WIPRO: ticks=3632 | live_candles=23
  [Math] NESTLEIND: ticks=2728 | live_candles=23
  [Math] BAJAJFINSV: ticks=1865 | live_candles=23
  [Math] DRREDDY: ticks=792 | live_candles=23
  [Math] EICHERMOT: ticks=1454 | live_candles=23
  [Math] HEROMOTOCO: ticks=2281 | live_candles=23
  [Math] HINDALCO: ticks=3525 | live_candles=23
  [Math] JSWSTEEL: ticks=1793 | live_candles=23
  [Math] M&M: ticks=3422 | live_candles=23
  [Math] SBILIFE: ticks=998 | live_candles=23
  [Math] TATACONSUM: ticks=2006 | live_candles=23
2026-06-10 11:27:05 [INFO] core.data_fetcher: 📡 Live feed | ticks received: 30/30 symbols | active=['SUNPHARMA', 'DIVISLAB', 'TATASTEEL', 'SBIN', 'TITAN', 'RELIANCE', 'NTPC', 'HDFCLIFE']...
2026-06-10 11:27:14 [INFO] core.state_manager: [BRIEFING] Loading from data/session_briefing.json...
2026-06-10 11:27:14 [INFO] core.state_manager: [BRIEFING] Loaded Valid: 8 approved + 22 watchlist (MORNING_SCREENER)
2026-06-10 11:28:19 [INFO] core.state_manager: [BRIEFING] Loading from data/session_briefing.json...
2026-06-10 11:28:19 [INFO] core.state_manager: [BRIEFING] Loaded Valid: 8 approved + 22 watchlist (MORNING_SCREENER)
2026-06-10 11:28:19 [INFO] core.strategy: ─── Scan summary (30 subscribed) ───
  [Cognition] SUNPHARMA: ticks=2342 | live_candles=23
  [Cognition] DIVISLAB: ticks=1616 | live_candles=23
  [Cognition] TATASTEEL: ticks=4462 | live_candles=23
  [Cognition] SBIN: ticks=5107 | live_candles=23
  [Cognition] TITAN: ticks=2121 | live_candles=23
  [Cognition] RELIANCE: ticks=5298 | live_candles=23
  [Cognition] NTPC: ticks=3630 | live_candles=23
  [Cognition] HDFCLIFE: ticks=987 | live_candles=23
  [Math] ICICIBANK: ticks=4544 | live_candles=23
  [Math] APOLLOHOSP: ticks=1844 | live_candles=23
  [Math] TCS: ticks=3853 | live_candles=23
  [Math] HDFCBANK: ticks=4413 | live_candles=23
  [Math] INFY: ticks=3630 | live_candles=23
  [Math] HINDUNILVR: ticks=4168 | live_candles=23
  [Math] ITC: ticks=5172 | live_candles=23
  [Math] BHARTIARTL: ticks=4775 | live_candles=23
  [Math] LT: ticks=3277 | live_candles=23
  [Math] HCLTECH: ticks=2009 | live_candles=23
  [Math] MARUTI: ticks=1432 | live_candles=23
  [Math] WIPRO: ticks=3669 | live_candles=23
  [Math] NESTLEIND: ticks=2745 | live_candles=23
  [Math] BAJAJFINSV: ticks=1893 | live_candles=23
  [Math] DRREDDY: ticks=801 | live_candles=23
  [Math] EICHERMOT: ticks=1468 | live_candles=23
  [Math] HEROMOTOCO: ticks=2301 | live_candles=23
  [Math] HINDALCO: ticks=3591 | live_candles=23
  [Math] JSWSTEEL: ticks=1833 | live_candles=23
  [Math] M&M: ticks=3464 | live_candles=23
  [Math] SBILIFE: ticks=1020 | live_candles=23
  [Math] TATACONSUM: ticks=2023 | live_candles=23
2026-06-10 11:29:05 [INFO] core.data_fetcher: 📡 Live feed | ticks received: 30/30 symbols | active=['SUNPHARMA', 'DIVISLAB', 'TATASTEEL', 'SBIN', 'TITAN', 'RELIANCE', 'NTPC', 'HDFCLIFE']...
2026-06-10 11:29:23 [INFO] core.state_manager: [BRIEFING] Loading from data/session_briefing.json...
2026-06-10 11:29:23 [INFO] core.state_manager: [BRIEFING] Loaded Valid: 8 approved + 22 watchlist (MORNING_SCREENER)
2026-06-10 11:29:52 [INFO] core.strategy: ─── Scan summary (30 subscribed) ───
  [Cognition] SUNPHARMA: ticks=2372 | live_candles=23
  [Cognition] DIVISLAB: ticks=1640 | live_candles=23
  [Cognition] TATASTEEL: ticks=4544 | live_candles=23
  [Cognition] SBIN: ticks=5184 | live_candles=23
  [Cognition] TITAN: ticks=2144 | live_candles=23
  [Cognition] RELIANCE: ticks=5368 | live_candles=23
  [Cognition] NTPC: ticks=3669 | live_candles=23
  [Cognition] HDFCLIFE: ticks=1002 | live_candles=23
  [Math] ICICIBANK: ticks=4612 | live_candles=23
  [Math] APOLLOHOSP: ticks=1857 | live_candles=23
  [Math] TCS: ticks=3891 | live_candles=23
  [Math] HDFCBANK: ticks=4477 | live_candles=23
  [Math] INFY: ticks=3691 | live_candles=23
  [Math] HINDUNILVR: ticks=4210 | live_candles=23
  [Math] ITC: ticks=5246 | live_candles=23
  [Math] BHARTIARTL: ticks=4830 | live_candles=23
  [Math] LT: ticks=3305 | live_candles=23
  [Math] HCLTECH: ticks=2028 | live_candles=23
  [Math] MARUTI: ticks=1452 | live_candles=23
  [Math] WIPRO: ticks=3704 | live_candles=23
  [Math] NESTLEIND: ticks=2773 | live_candles=23
  [Math] BAJAJFINSV: ticks=1925 | live_candles=23
  [Math] DRREDDY: ticks=806 | live_candles=23
  [Math] EICHERMOT: ticks=1481 | live_candles=23
  [Math] HEROMOTOCO: ticks=2324 | live_candles=23
  [Math] HINDALCO: ticks=3662 | live_candles=23
  [Math] JSWSTEEL: ticks=1889 | live_candles=23
  [Math] M&M: ticks=3512 | live_candles=23
  [Math] SBILIFE: ticks=1033 | live_candles=23
  [Math] TATACONSUM: ticks=2045 | live_candles=23
2026-06-10 11:30:00 [INFO] core.data_fetcher: 🕯️ Candle closed: TATASTEEL | 2026-06-10 11:25 | O:201.35 H:202.20 L:201.30 C:202.12 V:391442.0
2026-06-10 11:30:00 [INFO] core.data_fetcher: 🕯️ Candle closed: RELIANCE | 2026-06-10 11:25 | O:1280.30 H:1281.00 L:1279.30 C:1280.00 V:309178.0
2026-06-10 11:30:00 [INFO] core.data_fetcher: 🕯️ Candle closed: TCS | 2026-06-10 11:25 | O:2165.60 H:2169.00 L:2165.10 C:2169.00 V:18788.0
2026-06-10 11:30:00 [INFO] core.data_fetcher: 🕯️ Candle closed: SBIN | 2026-06-10 11:25 | O:1008.40 H:1009.65 L:1008.00 C:1009.05 V:127946.0
2026-06-10 11:30:00 [INFO] core.data_fetcher: 🕯️ Candle closed: HINDALCO | 2026-06-10 11:25 | O:1044.40 H:1051.30 L:1043.90 C:1049.60 V:183633.0
2026-06-10 11:30:01 [INFO] core.data_fetcher: 🕯️ Candle closed: HINDUNILVR | 2026-06-10 11:25 | O:2191.40 H:2192.00 L:2190.00 C:2190.70 V:10892.0
2026-06-10 11:30:01 [INFO] core.data_fetcher: 🕯️ Candle closed: BHARTIARTL | 2026-06-10 11:25 | O:1796.90 H:1798.00 L:1795.60 C:1795.90 V:58870.0
2026-06-10 11:30:01 [INFO] core.data_fetcher: 🕯️ Candle closed: HDFCBANK | 2026-06-10 11:25 | O:740.65 H:741.70 L:740.30 C:740.95 V:1703498.0
2026-06-10 11:30:01 [INFO] core.data_fetcher: 🕯️ Candle closed: INFY | 2026-06-10 11:25 | O:1156.30 H:1156.40 L:1154.50 C:1155.50 V:138691.0
2026-06-10 11:30:01 [INFO] core.data_fetcher: 🕯️ Candle closed: HCLTECH | 2026-06-10 11:25 | O:1145.40 H:1146.50 L:1144.70 C:1146.00 V:22572.0
2026-06-10 11:30:01 [INFO] core.data_fetcher: 🕯️ Candle closed: HDFCLIFE | 2026-06-10 11:25 | O:563.20 H:563.70 L:563.20 C:563.20 V:22800.0
2026-06-10 11:30:01 [INFO] core.data_fetcher: 🕯️ Candle closed: ITC | 2026-06-10 11:25 | O:284.10 H:284.35 L:284.05 C:284.30 V:91649.0
2026-06-10 11:30:01 [INFO] core.data_fetcher: 🕯️ Candle closed: NESTLEIND | 2026-06-10 11:25 | O:1444.20 H:1444.70 L:1443.00 C:1444.10 V:13638.0
2026-06-10 11:30:01 [INFO] core.data_fetcher: 🕯️ Candle closed: TATACONSUM | 2026-06-10 11:25 | O:1114.00 H:1116.20 L:1113.60 C:1115.80 V:36716.0
2026-06-10 11:30:01 [INFO] core.data_fetcher: 🕯️ Candle closed: SUNPHARMA | 2026-06-10 11:25 | O:1789.90 H:1790.20 L:1788.70 C:1790.10 V:6559.0
2026-06-10 11:30:01 [INFO] core.data_fetcher: 🕯️ Candle closed: LT | 2026-06-10 11:25 | O:3936.90 H:3942.00 L:3935.00 C:3940.00 V:10146.0
2026-06-10 11:30:01 [INFO] core.data_fetcher: 🕯️ Candle closed: TITAN | 2026-06-10 11:25 | O:4115.10 H:4118.00 L:4113.70 C:4116.00 V:3363.0
2026-06-10 11:30:01 [INFO] core.data_fetcher: 🕯️ Candle closed: JSWSTEEL | 2026-06-10 11:25 | O:1282.40 H:1289.00 L:1281.90 C:1287.90 V:104089.0
2026-06-10 11:30:02 [INFO] core.data_fetcher: 🕯️ Candle closed: NTPC | 2026-06-10 11:25 | O:355.90 H:356.70 L:355.75 C:356.25 V:200543.0
2026-06-10 11:30:02 [INFO] core.data_fetcher: 🕯️ Candle closed: ICICIBANK | 2026-06-10 11:25 | O:1299.70 H:1302.60 L:1299.30 C:1302.40 V:397445.0
2026-06-10 11:30:02 [INFO] core.data_fetcher: 🕯️ Candle closed: M&M | 2026-06-10 11:25 | O:2981.30 H:2983.30 L:2980.20 C:2982.40 V:15792.0
2026-06-10 11:30:03 [INFO] core.data_fetcher: 🕯️ Candle closed: EICHERMOT | 2026-06-10 11:25 | O:7230.00 H:7237.00 L:7229.00 C:7236.50 V:3212.0
2026-06-10 11:30:05 [INFO] core.data_fetcher: 🕯️ Candle closed: APOLLOHOSP | 2026-06-10 11:25 | O:8618.00 H:8623.00 L:8615.00 C:8617.00 V:5505.0
2026-06-10 11:30:05 [INFO] core.data_fetcher: 🕯️ Candle closed: MARUTI | 2026-06-10 11:25 | O:13133.00 H:13158.00 L:13132.00 C:13150.00 V:8749.0
2026-06-10 11:30:05 [INFO] core.data_fetcher: 🕯️ Candle closed: BAJAJFINSV | 2026-06-10 11:25 | O:1696.00 H:1698.50 L:1695.50 C:1698.10 V:1932.0
2026-06-10 11:30:05 [INFO] core.data_fetcher: 🕯️ Candle closed: SBILIFE | 2026-06-10 11:25 | O:1768.50 H:1768.60 L:1766.10 C:1768.20 V:4823.0
2026-06-10 11:30:07 [INFO] core.data_fetcher: 🕯️ Candle closed: DIVISLAB | 2026-06-10 11:25 | O:6805.50 H:6808.00 L:6800.00 C:6800.50 V:2029.0
2026-06-10 11:30:07 [INFO] core.data_fetcher: 🕯️ Candle closed: HEROMOTOCO | 2026-06-10 11:25 | O:4917.70 H:4919.90 L:4907.50 C:4908.80 V:3797.0
2026-06-10 11:30:07 [INFO] core.data_fetcher: 🕯️ Candle closed: DRREDDY | 2026-06-10 11:25 | O:1276.90 H:1277.00 L:1276.80 C:1277.00 V:4279.0
2026-06-10 11:30:15 [INFO] core.data_fetcher: 🕯️ Candle closed: WIPRO | 2026-06-10 11:25 | O:181.16 H:181.40 L:181.12 C:181.35 V:87213.0
2026-06-10 11:30:27 [INFO] core.state_manager: [BRIEFING] Loading from data/session_briefing.json...
2026-06-10 11:30:27 [INFO] core.state_manager: [BRIEFING] Loaded Valid: 8 approved + 22 watchlist (MORNING_SCREENER)
2026-06-10 11:31:05 [INFO] core.data_fetcher: 📡 Live feed | ticks received: 30/30 symbols | active=['SUNPHARMA', 'DIVISLAB', 'TATASTEEL', 'SBIN', 'TITAN', 'RELIANCE', 'NTPC', 'HDFCLIFE']...
2026-06-10 11:31:25 [INFO] core.strategy: ─── Scan summary (30 subscribed) ───
  [Cognition] SUNPHARMA: ticks=2400 | live_candles=24
  [Cognition] DIVISLAB: ticks=1663 | live_candles=24
  [Cognition] TATASTEEL: ticks=4606 | live_candles=24
  [Cognition] SBIN: ticks=5252 | live_candles=24
  [Cognition] TITAN: ticks=2172 | live_candles=24
  [Cognition] RELIANCE: ticks=5441 | live_candles=24
  [Cognition] NTPC: ticks=3707 | live_candles=24
  [Cognition] HDFCLIFE: ticks=1015 | live_candles=24
  [Math] ICICIBANK: ticks=4679 | live_candles=24
  [Math] APOLLOHOSP: ticks=1871 | live_candles=24
  [Math] TCS: ticks=3940 | live_candles=24
  [Math] HDFCBANK: ticks=4555 | live_candles=24
  [Math] INFY: ticks=3757 | live_candles=24
  [Math] HINDUNILVR: ticks=4243 | live_candles=24
  [Math] ITC: ticks=5319 | live_candles=24
  [Math] BHARTIARTL: ticks=4884 | live_candles=24
  [Math] LT: ticks=3332 | live_candles=24
  [Math] HCLTECH: ticks=2047 | live_candles=24
  [Math] MARUTI: ticks=1479 | live_candles=24
  [Math] WIPRO: ticks=3725 | live_candles=24
  [Math] NESTLEIND: ticks=2790 | live_candles=24
  [Math] BAJAJFINSV: ticks=1954 | live_candles=24
  [Math] DRREDDY: ticks=819 | live_candles=24
  [Math] EICHERMOT: ticks=1494 | live_candles=24
  [Math] HEROMOTOCO: ticks=2359 | live_candles=24
  [Math] HINDALCO: ticks=3729 | live_candles=24
  [Math] JSWSTEEL: ticks=1935 | live_candles=24
  [Math] M&M: ticks=3564 | live_candles=24
  [Math] SBILIFE: ticks=1050 | live_candles=24
  [Math] TATACONSUM: ticks=2066 | live_candles=24
2026-06-10 11:31:30 [INFO] core.state_manager: [BRIEFING] Loading from data/session_briefing.json...
2026-06-10 11:31:30 [INFO] core.state_manager: [BRIEFING] Loaded Valid: 8 approved + 22 watchlist (MORNING_SCREENER)
2026-06-10 11:32:34 [INFO] core.state_manager: [BRIEFING] Loading from data/session_briefing.json...
2026-06-10 11:32:34 [INFO] core.state_manager: [BRIEFING] Loaded Valid: 8 approved + 22 watchlist (MORNING_SCREENER)
2026-06-10 11:32:59 [INFO] core.strategy: ─── Scan summary (30 subscribed) ───
  [Cognition] SUNPHARMA: ticks=2433 | live_candles=24
  [Cognition] DIVISLAB: ticks=1685 | live_candles=24
  [Cognition] TATASTEEL: ticks=4663 | live_candles=24
  [Cognition] SBIN: ticks=5313 | live_candles=24
  [Cognition] TITAN: ticks=2198 | live_candles=24
  [Cognition] RELIANCE: ticks=5519 | live_candles=24
  [Cognition] NTPC: ticks=3739 | live_candles=24
  [Cognition] HDFCLIFE: ticks=1038 | live_candles=24
  [Math] ICICIBANK: ticks=4739 | live_candles=24
  [Math] APOLLOHOSP: ticks=1879 | live_candles=24
  [Math] TCS: ticks=3984 | live_candles=24
  [Math] HDFCBANK: ticks=4629 | live_candles=24
  [Math] INFY: ticks=3820 | live_candles=24
  [Math] HINDUNILVR: ticks=4299 | live_candles=24
  [Math] ITC: ticks=5388 | live_candles=24
  [Math] BHARTIARTL: ticks=4943 | live_candles=24
  [Math] LT: ticks=3362 | live_candles=24
  [Math] HCLTECH: ticks=2068 | live_candles=24
  [Math] MARUTI: ticks=1506 | live_candles=24
  [Math] WIPRO: ticks=3755 | live_candles=24
  [Math] NESTLEIND: ticks=2813 | live_candles=24
  [Math] BAJAJFINSV: ticks=1971 | live_candles=24
  [Math] DRREDDY: ticks=825 | live_candles=24
  [Math] EICHERMOT: ticks=1507 | live_candles=24
  [Math] HEROMOTOCO: ticks=2393 | live_candles=24
  [Math] HINDALCO: ticks=3776 | live_candles=24
  [Math] JSWSTEEL: ticks=1975 | live_candles=24
  [Math] M&M: ticks=3620 | live_candles=24
  [Math] SBILIFE: ticks=1067 | live_candles=24
  [Math] TATACONSUM: ticks=2076 | live_candles=24
2026-06-10 11:33:05 [INFO] core.data_fetcher: 📡 Live feed | ticks received: 30/30 symbols | active=['SUNPHARMA', 'DIVISLAB', 'TATASTEEL', 'SBIN', 'TITAN', 'RELIANCE', 'NTPC', 'HDFCLIFE']...
2026-06-10 11:33:38 [INFO] core.state_manager: [BRIEFING] Loading from data/session_briefing.json...
2026-06-10 11:33:38 [INFO] core.state_manager: [BRIEFING] Loaded Valid: 8 approved + 22 watchlist (MORNING_SCREENER)
2026-06-10 11:34:33 [INFO] core.strategy: ─── Scan summary (30 subscribed) ───
  [Cognition] SUNPHARMA: ticks=2458 | live_candles=24
  [Cognition] DIVISLAB: ticks=1714 | live_candles=24
  [Cognition] TATASTEEL: ticks=4723 | live_candles=24
  [Cognition] SBIN: ticks=5366 | live_candles=24
  [Cognition] TITAN: ticks=2229 | live_candles=24
  [Cognition] RELIANCE: ticks=5596 | live_candles=24
  [Cognition] NTPC: ticks=3787 | live_candles=24
  [Cognition] HDFCLIFE: ticks=1049 | live_candles=24
  [Math] ICICIBANK: ticks=4805 | live_candles=24
  [Math] APOLLOHOSP: ticks=1897 | live_candles=24
  [Math] TCS: ticks=4035 | live_candles=24
  [Math] HDFCBANK: ticks=4684 | live_candles=24
  [Math] INFY: ticks=3897 | live_candles=24
  [Math] HINDUNILVR: ticks=4340 | live_candles=24
  [Math] ITC: ticks=5460 | live_candles=24
  [Math] BHARTIARTL: ticks=5010 | live_candles=24
  [Math] LT: ticks=3393 | live_candles=24
  [Math] HCLTECH: ticks=2080 | live_candles=24
  [Math] MARUTI: ticks=1545 | live_candles=24
  [Math] WIPRO: ticks=3781 | live_candles=24
  [Math] NESTLEIND: ticks=2829 | live_candles=24
  [Math] BAJAJFINSV: ticks=1994 | live_candles=24
  [Math] DRREDDY: ticks=833 | live_candles=24
  [Math] EICHERMOT: ticks=1522 | live_candles=24
  [Math] HEROMOTOCO: ticks=2428 | live_candles=24
  [Math] HINDALCO: ticks=3821 | live_candles=24
  [Math] JSWSTEEL: ticks=1998 | live_candles=24
  [Math] M&M: ticks=3665 | live_candles=24
  [Math] SBILIFE: ticks=1091 | live_candles=24
  [Math] TATACONSUM: ticks=2094 | live_candles=24
2026-06-10 11:34:42 [INFO] core.state_manager: [BRIEFING] Loading from data/session_briefing.json...
2026-06-10 11:34:42 [INFO] core.state_manager: [BRIEFING] Loaded Valid: 8 approved + 22 watchlist (MORNING_SCREENER)
2026-06-10 11:35:00 [INFO] core.data_fetcher: 🕯️ Candle closed: ITC | 2026-06-10 11:30 | O:284.20 H:284.40 L:284.20 C:284.25 V:61932.0
2026-06-10 11:35:00 [INFO] core.data_fetcher: 🕯️ Candle closed: NESTLEIND | 2026-06-10 11:30 | O:1443.50 H:1445.00 L:1443.50 C:1444.80 V:12106.0
2026-06-10 11:35:00 [INFO] core.data_fetcher: 🕯️ Candle closed: SBIN | 2026-06-10 11:30 | O:1009.00 H:1009.20 L:1008.30 C:1009.15 V:86738.0
2026-06-10 11:35:01 [INFO] core.data_fetcher: 🕯️ Candle closed: HINDUNILVR | 2026-06-10 11:30 | O:2190.40 H:2193.60 L:2190.00 C:2192.00 V:17484.0
2026-06-10 11:35:01 [INFO] core.data_fetcher: 🕯️ Candle closed: BHARTIARTL | 2026-06-10 11:30 | O:1796.00 H:1796.10 L:1792.60 C:1793.10 V:102130.0
2026-06-10 11:35:01 [INFO] core.data_fetcher: 🕯️ Candle closed: ICICIBANK | 2026-06-10 11:30 | O:1302.50 H:1302.60 L:1300.80 C:1301.00 V:398967.0
2026-06-10 11:35:01 [INFO] core.data_fetcher: 🕯️ Candle closed: RELIANCE | 2026-06-10 11:30 | O:1280.50 H:1280.60 L:1278.00 C:1278.50 V:120218.0
2026-06-10 11:35:01 [INFO] core.data_fetcher: 🕯️ Candle closed: HDFCBANK | 2026-06-10 11:30 | O:740.90 H:742.30 L:740.65 C:741.60 V:314811.0
2026-06-10 11:35:01 [INFO] core.data_fetcher: 🕯️ Candle closed: SUNPHARMA | 2026-06-10 11:30 | O:1790.00 H:1791.30 L:1789.50 C:1791.10 V:10282.0
2026-06-10 11:35:01 [INFO] core.data_fetcher: 🕯️ Candle closed: SBILIFE | 2026-06-10 11:30 | O:1767.80 H:1769.00 L:1766.40 C:1768.50 V:2645.0
2026-06-10 11:35:01 [INFO] core.data_fetcher: 🕯️ Candle closed: TCS | 2026-06-10 11:30 | O:2168.90 H:2169.50 L:2166.50 C:2167.60 V:16307.0
2026-06-10 11:35:01 [INFO] core.data_fetcher: 🕯️ Candle closed: DRREDDY | 2026-06-10 11:30 | O:1276.90 H:1278.80 L:1276.10 C:1278.50 V:10485.0
2026-06-10 11:35:01 [INFO] core.data_fetcher: 🕯️ Candle closed: HCLTECH | 2026-06-10 11:30 | O:1146.10 H:1146.20 L:1145.30 C:1145.90 V:7563.0
2026-06-10 11:35:01 [INFO] core.data_fetcher: 🕯️ Candle closed: HDFCLIFE | 2026-06-10 11:30 | O:563.30 H:563.30 L:562.50 C:562.50 V:11004.0
2026-06-10 11:35:01 [INFO] core.data_fetcher: 🕯️ Candle closed: HINDALCO | 2026-06-10 11:30 | O:1050.10 H:1051.80 L:1048.40 C:1048.40 V:666365.0
2026-06-10 11:35:01 [INFO] core.data_fetcher: 🕯️ Candle closed: M&M | 2026-06-10 11:30 | O:2982.30 H:2982.70 L:2980.00 C:2982.60 V:9777.0
2026-06-10 11:35:01 [INFO] core.data_fetcher: 🕯️ Candle closed: LT | 2026-06-10 11:30 | O:3940.40 H:3942.00 L:3935.00 C:3936.00 V:9466.0
2026-06-10 11:35:02 [INFO] core.data_fetcher: 🕯️ Candle closed: TATASTEEL | 2026-06-10 11:30 | O:202.09 H:202.15 L:201.76 C:201.76 V:402046.0
2026-06-10 11:35:02 [INFO] core.data_fetcher: 🕯️ Candle closed: INFY | 2026-06-10 11:30 | O:1155.70 H:1155.80 L:1155.00 C:1155.20 V:54223.0
2026-06-10 11:35:02 [INFO] core.data_fetcher: 🕯️ Candle closed: BAJAJFINSV | 2026-06-10 11:30 | O:1698.00 H:1698.50 L:1695.50 C:1695.70 V:3809.0
2026-06-10 11:35:02 [INFO] core.data_fetcher: 🕯️ Candle closed: TITAN | 2026-06-10 11:30 | O:4116.10 H:4118.70 L:4110.00 C:4118.10 V:3351.0
2026-06-10 11:35:02 [INFO] core.data_fetcher: 🕯️ Candle closed: JSWSTEEL | 2026-06-10 11:30 | O:1288.00 H:1289.50 L:1287.10 C:1287.50 V:34127.0
2026-06-10 11:35:03 [INFO] core.data_fetcher: 🕯️ Candle closed: NTPC | 2026-06-10 11:30 | O:356.30 H:356.30 L:355.70 C:355.80 V:47895.0
2026-06-10 11:35:03 [INFO] core.data_fetcher: 🕯️ Candle closed: TATACONSUM | 2026-06-10 11:30 | O:1116.00 H:1116.00 L:1113.90 C:1113.90 V:11570.0
2026-06-10 11:35:03 [INFO] core.data_fetcher: 🕯️ Candle closed: MARUTI | 2026-06-10 11:30 | O:13148.00 H:13204.00 L:13135.00 C:13196.00 V:8635.0
2026-06-10 11:35:04 [INFO] core.data_fetcher: 🕯️ Candle closed: DIVISLAB | 2026-06-10 11:30 | O:6800.00 H:6810.00 L:6800.00 C:6802.50 V:4313.0
2026-06-10 11:35:05 [INFO] core.data_fetcher: 📡 Live feed | ticks received: 30/30 symbols | active=['SUNPHARMA', 'DIVISLAB', 'TATASTEEL', 'SBIN', 'TITAN', 'RELIANCE', 'NTPC', 'HDFCLIFE']...
2026-06-10 11:35:09 [INFO] core.data_fetcher: 🕯️ Candle closed: WIPRO | 2026-06-10 11:30 | O:181.33 H:181.34 L:181.19 C:181.25 V:34540.0
2026-06-10 11:35:09 [INFO] core.data_fetcher: 🕯️ Candle closed: HEROMOTOCO | 2026-06-10 11:30 | O:4910.60 H:4922.00 L:4900.40 C:4921.80 V:11310.0
2026-06-10 11:35:10 [INFO] core.data_fetcher: 🕯️ Candle closed: APOLLOHOSP | 2026-06-10 11:30 | O:8618.00 H:8620.50 L:8615.00 C:8619.50 V:2648.0
2026-06-10 11:35:19 [INFO] core.data_fetcher: 🕯️ Candle closed: EICHERMOT | 2026-06-10 11:30 | O:7233.50 H:7235.00 L:7229.50 C:7230.00 V:3250.0
2026-06-10 11:35:31 [INFO] core.order_executor: 🎯 TSL ACTIVATED | SUNPHARMA | Price ₹1792.2 | Entry ₹1779.6 | Profit +0.71% | Mode: TRAILING
2026-06-10 11:35:31 [INFO] core.order_executor: 📈 TRAILING SL | SUNPHARMA | ₹1770.7 → ₹1788.6
2026-06-10 11:35:31 [INFO] core.token_validator: ✅ Trade token + sid confirmed and set on client (scope=['Trade'])
2026-06-10 11:35:31 [INFO] core.order_executor: SL modified | OrderID: 260610000120681 | Software SL: ₹1788.6 | Broker Trigger: ₹1770.71 | Broker Limit: ₹1769.82
2026-06-10 11:35:46 [INFO] core.state_manager: [BRIEFING] Loading from data/session_briefing.json...
2026-06-10 11:35:46 [INFO] core.state_manager: [BRIEFING] Loaded Valid: 8 approved + 22 watchlist (MORNING_SCREENER)
2026-06-10 11:35:56 [INFO] core.order_executor: 📈 TRAILING SL | SUNPHARMA | ₹1788.6 → ₹1788.9
2026-06-10 11:35:56 [INFO] core.token_validator: ✅ Trade token + sid confirmed and set on client (scope=['Trade'])
2026-06-10 11:35:56 [INFO] core.order_executor: SL modified | OrderID: 260610000120681 | Software SL: ₹1788.9 | Broker Trigger: ₹1771.01 | Broker Limit: ₹1770.12
2026-06-10 11:36:01 [INFO] core.order_executor: 📈 TRAILING SL | SUNPHARMA | ₹1788.9 → ₹1789.0
2026-06-10 11:36:01 [INFO] core.token_validator: ✅ Trade token + sid confirmed and set on client (scope=['Trade'])
2026-06-10 11:36:02 [INFO] core.order_executor: SL modified | OrderID: 260610000120681 | Software SL: ₹1789.0 | Broker Trigger: ₹1771.11 | Broker Limit: ₹1770.22
2026-06-10 11:36:06 [INFO] core.strategy: ─── Scan summary (30 subscribed) ───
  [Cognition] SUNPHARMA: ticks=2503 | live_candles=25
  [Cognition] DIVISLAB: ticks=1734 | live_candles=25
  [Cognition] TATASTEEL: ticks=4769 | live_candles=25
  [Cognition] SBIN: ticks=5421 | live_candles=25
  [Cognition] TITAN: ticks=2251 | live_candles=25
  [Cognition] RELIANCE: ticks=5671 | live_candles=25
  [Cognition] NTPC: ticks=3845 | live_candles=25
  [Cognition] HDFCLIFE: ticks=1073 | live_candles=25
  [Math] ICICIBANK: ticks=4864 | live_candles=25
  [Math] APOLLOHOSP: ticks=1911 | live_candles=25
  [Math] TCS: ticks=4080 | live_candles=25
  [Math] HDFCBANK: ticks=4744 | live_candles=25
  [Math] INFY: ticks=3957 | live_candles=25
  [Math] HINDUNILVR: ticks=4370 | live_candles=25
  [Math] ITC: ticks=5531 | live_candles=25
  [Math] BHARTIARTL: ticks=5074 | live_candles=25
  [Math] LT: ticks=3422 | live_candles=25
  [Math] HCLTECH: ticks=2102 | live_candles=25
  [Math] MARUTI: ticks=1592 | live_candles=25
  [Math] WIPRO: ticks=3810 | live_candles=25
  [Math] NESTLEIND: ticks=2858 | live_candles=25
  [Math] BAJAJFINSV: ticks=2019 | live_candles=25
  [Math] DRREDDY: ticks=842 | live_candles=25
  [Math] EICHERMOT: ticks=1533 | live_candles=25
  [Math] HEROMOTOCO: ticks=2451 | live_candles=25
  [Math] HINDALCO: ticks=3873 | live_candles=25
  [Math] JSWSTEEL: ticks=2027 | live_candles=25
  [Math] M&M: ticks=3705 | live_candles=25
  [Math] SBILIFE: ticks=1107 | live_candles=25
  [Math] TATACONSUM: ticks=2119 | live_candles=25
2026-06-10 11:36:06 [INFO] core.order_executor: 📈 TRAILING SL | SUNPHARMA | ₹1789.0 → ₹1789.4
2026-06-10 11:36:06 [INFO] core.token_validator: ✅ Trade token + sid confirmed and set on client (scope=['Trade'])
2026-06-10 11:36:07 [INFO] core.order_executor: SL modified | OrderID: 260610000120681 | Software SL: ₹1789.4 | Broker Trigger: ₹1771.51 | Broker Limit: ₹1770.62
2026-06-10 11:36:36 [INFO] core.order_executor: 📈 TRAILING SL | SUNPHARMA | ₹1789.4 → ₹1789.5
2026-06-10 11:36:36 [INFO] core.token_validator: ✅ Trade token + sid confirmed and set on client (scope=['Trade'])
2026-06-10 11:36:36 [INFO] core.order_executor: SL modified | OrderID: 260610000120681 | Software SL: ₹1789.5 | Broker Trigger: ₹1771.61 | Broker Limit: ₹1770.72
2026-06-10 11:36:51 [INFO] core.state_manager: [BRIEFING] Loading from data/session_briefing.json...
2026-06-10 11:36:51 [INFO] core.state_manager: [BRIEFING] Loaded Valid: 8 approved + 22 watchlist (MORNING_SCREENER)
2026-06-10 11:37:03 [WARNING] apscheduler.executors.default: Run time of job "Market Observation Loop (trigger: interval[0:15:00], next run at: 2026-06-10 11:52:01 IST)" was missed by 0:00:02.343547
2026-06-10 11:37:05 [INFO] core.data_fetcher: 📡 Live feed | ticks received: 30/30 symbols | active=['SUNPHARMA', 'DIVISLAB', 'TATASTEEL', 'SBIN', 'TITAN', 'RELIANCE', 'NTPC', 'HDFCLIFE']...
2026-06-10 11:37:05 [INFO] core.order_executor: 📈 TRAILING SL | SUNPHARMA | ₹1789.5 → ₹1789.6
2026-06-10 11:37:05 [INFO] core.token_validator: ✅ Trade token + sid confirmed and set on client (scope=['Trade'])
2026-06-10 11:37:06 [INFO] core.order_executor: SL modified | OrderID: 260610000120681 | Software SL: ₹1789.6 | Broker Trigger: ₹1771.7 | Broker Limit: ₹1770.81
2026-06-10 11:37:21 [INFO] core.order_executor: 📈 TRAILING SL | SUNPHARMA | ₹1789.6 → ₹1789.8
2026-06-10 11:37:21 [INFO] core.token_validator: ✅ Trade token + sid confirmed and set on client (scope=['Trade'])
2026-06-10 11:37:21 [INFO] core.order_executor: SL modified | OrderID: 260610000120681 | Software SL: ₹1789.8 | Broker Trigger: ₹1771.9 | Broker Limit: ₹1771.01
2026-06-10 11:37:37 [INFO] core.strategy: ─── Scan summary (30 subscribed) ───
  [Cognition] SUNPHARMA: ticks=2551 | live_candles=25
  [Cognition] DIVISLAB: ticks=1751 | live_candles=25
  [Cognition] TATASTEEL: ticks=4824 | live_candles=25
  [Cognition] SBIN: ticks=5493 | live_candles=25
  [Cognition] TITAN: ticks=2277 | live_candles=25
  [Cognition] RELIANCE: ticks=5752 | live_candles=25
  [Cognition] NTPC: ticks=3902 | live_candles=25
  [Cognition] HDFCLIFE: ticks=1096 | live_candles=25
  [Math] ICICIBANK: ticks=4930 | live_candles=25
  [Math] APOLLOHOSP: ticks=1925 | live_candles=25
  [Math] TCS: ticks=4120 | live_candles=25
  [Math] HDFCBANK: ticks=4815 | live_candles=25
  [Math] INFY: ticks=4035 | live_candles=25
  [Math] HINDUNILVR: ticks=4413 | live_candles=25
  [Math] ITC: ticks=5608 | live_candles=25
  [Math] BHARTIARTL: ticks=5135 | live_candles=25
  [Math] LT: ticks=3465 | live_candles=25
  [Math] HCLTECH: ticks=2132 | live_candles=25
  [Math] MARUTI: ticks=1630 | live_candles=25
  [Math] WIPRO: ticks=3841 | live_candles=25
  [Math] NESTLEIND: ticks=2872 | live_candles=25
  [Math] BAJAJFINSV: ticks=2050 | live_candles=25
  [Math] DRREDDY: ticks=848 | live_candles=25
  [Math] EICHERMOT: ticks=1555 | live_candles=25
  [Math] HEROMOTOCO: ticks=2473 | live_candles=25
  [Math] HINDALCO: ticks=3920 | live_candles=25
  [Math] JSWSTEEL: ticks=2063 | live_candles=25
  [Math] M&M: ticks=3757 | live_candles=25
  [Math] SBILIFE: ticks=1125 | live_candles=25
  [Math] TATACONSUM: ticks=2140 | live_candles=25
2026-06-10 11:37:52 [INFO] core.state_manager: [BRIEFING] Loading from data/session_briefing.json...
2026-06-10 11:37:52 [INFO] core.state_manager: [BRIEFING] Loaded Valid: 8 approved + 22 watchlist (MORNING_SCREENER)
2026-06-10 11:37:57 [INFO] core.order_executor: 📈 TRAILING SL | SUNPHARMA | ₹1789.8 → ₹1790.0
2026-06-10 11:37:57 [INFO] core.token_validator: ✅ Trade token + sid confirmed and set on client (scope=['Trade'])
2026-06-10 11:37:57 [INFO] core.order_executor: SL modified | OrderID: 260610000120681 | Software SL: ₹1790.0 | Broker Trigger: ₹1772.1 | Broker Limit: ₹1771.21
2026-06-10 11:38:12 [INFO] core.order_executor: 📈 TRAILING SL | SUNPHARMA | ₹1790.0 → ₹1790.4
2026-06-10 11:38:12 [INFO] core.token_validator: ✅ Trade token + sid confirmed and set on client (scope=['Trade'])
2026-06-10 11:38:13 [INFO] core.order_executor: SL modified | OrderID: 260610000120681 | Software SL: ₹1790.4 | Broker Trigger: ₹1772.5 | Broker Limit: ₹1771.61
2026-06-10 11:38:13 [INFO] core.order_executor: 🎯 TARGET HIT | SUNPHARMA | ₹1794.0 ≥ Target ₹1793.85
2026-06-10 11:38:13 [INFO] core.order_executor: Order cancelled: 260610000120681
2026-06-10 11:38:13 [INFO] core.order_executor: ✅ Broker SL 260610000120681 successfully cancelled before software sell.
2026-06-10 11:38:13 [INFO] core.order_executor: 📋 Preparing S order | Symbol: SUNPHARMA-EQ | Qty: 2 | Price: ₹1785.05
2026-06-10 11:38:13 [INFO] core.token_validator: 🔐 Pre-Order Token Check | State: VALID | Info: {'status': 'VALID', 'scope': ['Trade'], 'ucc': 'XD16F', 'expires_at': '2026-06-11T00:00:00', 'issued_at': '2026-06-10T09:36:57', 'seconds_until_expiry': 44507, 'created_seconds_ago': 7276}
2026-06-10 11:38:13 [INFO] core.token_validator: ✅ Token ready for order — proceeding
2026-06-10 11:38:13 [INFO] core.token_validator: ✅ Trade token + sid confirmed and set on client (scope=['Trade'])
2026-06-10 11:38:13 [INFO] core.order_executor: 📋 PRE-ORDER CONFIG DUMP (ATTEMPT 1/2) | host=PROD | access_token=eyJhbGciOiJSUzI1NiIs... | edit_token=eyJhbGciOiJSUzI1NiIs... | tokens_match=True | edit_sid=e49b550c-ee0f-432c-92c3-ccdcf265eeaa | serverId=24028c3e-9b6c-4189-a4e2-d41f429a24e3 | base_url=https://e41.kotaksecurities.com
2026-06-10 11:38:13 [INFO] core.order_executor: ✅ Order placed (attempt 1/2) | Order ID: 260610000232889
2026-06-10 11:38:13 [INFO] core.order_verifier: 📤 Order recorded: 260610000232889 (SUNPHARMA)
2026-06-10 11:38:13 [ERROR] core.order_verifier: Order 260610000232889 rejected: 16283 : Order price is not a multiple of tick size  
2026-06-10 11:38:13 [ERROR] core.order_verifier: ❌ Order 260610000232889 rejected by broker
2026-06-10 11:38:13 [ERROR] core.order_executor: ❌ SELL explicitly rejected by broker for SUNPHARMA — keeping local position open (order_id=260610000232889)
2026-06-10 11:38:13 [ERROR] core.order_executor: ❌ SELL blocked after failure: SELL rejected for SUNPHARMA
2026-06-10 11:38:24 [INFO] core.order_executor: 🎯 TARGET HIT | SUNPHARMA | ₹1794.0 ≥ Target ₹1793.85
2026-06-10 11:38:24 [INFO] core.order_executor: Order cancelled: 260610000120681
2026-06-10 11:38:24 [INFO] core.order_executor: ✅ Broker SL 260610000120681 successfully cancelled before software sell.
2026-06-10 11:38:24 [INFO] core.order_executor: 📋 Preparing S order | Symbol: SUNPHARMA-EQ | Qty: 2 | Price: ₹1785.05
2026-06-10 11:38:24 [INFO] core.token_validator: 🔐 Pre-Order Token Check | State: VALID | Info: {'status': 'VALID', 'scope': ['Trade'], 'ucc': 'XD16F', 'expires_at': '2026-06-11T00:00:00', 'issued_at': '2026-06-10T09:36:57', 'seconds_until_expiry': 44496, 'created_seconds_ago': 7287}
2026-06-10 11:38:24 [INFO] core.token_validator: ✅ Token ready for order — proceeding
2026-06-10 11:38:24 [INFO] core.token_validator: ✅ Trade token + sid confirmed and set on client (scope=['Trade'])
2026-06-10 11:38:24 [INFO] core.order_executor: 📋 PRE-ORDER CONFIG DUMP (ATTEMPT 1/2) | host=PROD | access_token=eyJhbGciOiJSUzI1NiIs... | edit_token=eyJhbGciOiJSUzI1NiIs... | tokens_match=True | edit_sid=e49b550c-ee0f-432c-92c3-ccdcf265eeaa | serverId=24028c3e-9b6c-4189-a4e2-d41f429a24e3 | base_url=https://e41.kotaksecurities.com
2026-06-10 11:38:25 [INFO] core.order_executor: ✅ Order placed (attempt 1/2) | Order ID: 260610000233037
2026-06-10 11:38:25 [INFO] core.order_verifier: 📤 Order recorded: 260610000233037 (SUNPHARMA)
2026-06-10 11:38:25 [ERROR] core.order_verifier: Order 260610000233037 rejected: 16283 : Order price is not a multiple of tick size  
2026-06-10 11:38:25 [ERROR] core.order_verifier: ❌ Order 260610000233037 rejected by broker
2026-06-10 11:38:25 [ERROR] core.order_executor: ❌ SELL explicitly rejected by broker for SUNPHARMA — keeping local position open (order_id=260610000233037)
2026-06-10 11:38:25 [ERROR] core.order_executor: ❌ SELL blocked after failure: SELL rejected for SUNPHARMA
2026-06-10 11:38:30 [INFO] core.order_executor: 🎯 TARGET HIT | SUNPHARMA | ₹1794.0 ≥ Target ₹1793.85
2026-06-10 11:38:30 [INFO] core.order_executor: Order cancelled: 260610000120681
2026-06-10 11:38:30 [INFO] core.order_executor: ✅ Broker SL 260610000120681 successfully cancelled before software sell.
2026-06-10 11:38:30 [INFO] core.order_executor: 📋 Preparing S order | Symbol: SUNPHARMA-EQ | Qty: 2 | Price: ₹1785.05
2026-06-10 11:38:30 [INFO] core.token_validator: 🔐 Pre-Order Token Check | State: VALID | Info: {'status': 'VALID', 'scope': ['Trade'], 'ucc': 'XD16F', 'expires_at': '2026-06-11T00:00:00', 'issued_at': '2026-06-10T09:36:57', 'seconds_until_expiry': 44490, 'created_seconds_ago': 7293}
2026-06-10 11:38:30 [INFO] core.token_validator: ✅ Token ready for order — proceeding
2026-06-10 11:38:30 [INFO] core.token_validator: ✅ Trade token + sid confirmed and set on client (scope=['Trade'])
2026-06-10 11:38:30 [INFO] core.order_executor: 📋 PRE-ORDER CONFIG DUMP (ATTEMPT 1/2) | host=PROD | access_token=eyJhbGciOiJSUzI1NiIs... | edit_token=eyJhbGciOiJSUzI1NiIs... | tokens_match=True | edit_sid=e49b550c-ee0f-432c-92c3-ccdcf265eeaa | serverId=24028c3e-9b6c-4189-a4e2-d41f429a24e3 | base_url=https://e41.kotaksecurities.com
2026-06-10 11:38:30 [INFO] core.order_executor: ✅ Order placed (attempt 1/2) | Order ID: 260610000233143
2026-06-10 11:38:30 [INFO] core.order_verifier: 📤 Order recorded: 260610000233143 (SUNPHARMA)
2026-06-10 11:38:31 [ERROR] core.order_verifier: Order 260610000233143 rejected: 16283 : Order price is not a multiple of tick size  
2026-06-10 11:38:31 [ERROR] core.order_verifier: ❌ Order 260610000233143 rejected by broker
2026-06-10 11:38:31 [ERROR] core.order_executor: ❌ SELL explicitly rejected by broker for SUNPHARMA — keeping local position open (order_id=260610000233143)
2026-06-10 11:38:31 [ERROR] core.order_executor: ❌ SELL blocked after failure: SELL rejected for SUNPHARMA
2026-06-10 11:38:36 [INFO] core.order_executor: 📈 TRAILING SL | SUNPHARMA | ₹1790.4 → ₹1790.6
2026-06-10 11:38:36 [INFO] core.token_validator: ✅ Trade token + sid confirmed and set on client (scope=['Trade'])
2026-06-10 11:38:36 [INFO] core.order_executor: SL modified | OrderID: 260610000120681 | Software SL: ₹1790.6 | Broker Trigger: ₹1772.69 | Broker Limit: ₹1771.8
2026-06-10 11:38:36 [INFO] core.order_executor: 🎯 TARGET HIT | SUNPHARMA | ₹1794.2 ≥ Target ₹1793.85
2026-06-10 11:38:36 [INFO] core.order_executor: Order cancelled: 260610000120681
2026-06-10 11:38:36 [INFO] core.order_executor: ✅ Broker SL 260610000120681 successfully cancelled before software sell.
2026-06-10 11:38:36 [INFO] core.order_executor: 📋 Preparing S order | Symbol: SUNPHARMA-EQ | Qty: 2 | Price: ₹1785.25
2026-06-10 11:38:36 [INFO] core.token_validator: 🔐 Pre-Order Token Check | State: VALID | Info: {'status': 'VALID', 'scope': ['Trade'], 'ucc': 'XD16F', 'expires_at': '2026-06-11T00:00:00', 'issued_at': '2026-06-10T09:36:57', 'seconds_until_expiry': 44484, 'created_seconds_ago': 7299}
2026-06-10 11:38:36 [INFO] core.token_validator: ✅ Token ready for order — proceeding
2026-06-10 11:38:36 [INFO] core.token_validator: ✅ Trade token + sid confirmed and set on client (scope=['Trade'])
2026-06-10 11:38:36 [INFO] core.order_executor: 📋 PRE-ORDER CONFIG DUMP (ATTEMPT 1/2) | host=PROD | access_token=eyJhbGciOiJSUzI1NiIs... | edit_token=eyJhbGciOiJSUzI1NiIs... | tokens_match=True | edit_sid=e49b550c-ee0f-432c-92c3-ccdcf265eeaa | serverId=24028c3e-9b6c-4189-a4e2-d41f429a24e3 | base_url=https://e41.kotaksecurities.com
2026-06-10 11:38:37 [INFO] core.order_executor: ✅ Order placed (attempt 1/2) | Order ID: 260610000233311
2026-06-10 11:38:37 [INFO] core.order_verifier: 📤 Order recorded: 260610000233311 (SUNPHARMA)
2026-06-10 11:38:37 [ERROR] core.order_verifier: Order 260610000233311 rejected: 16283 : Order price is not a multiple of tick size  
2026-06-10 11:38:37 [ERROR] core.order_verifier: ❌ Order 260610000233311 rejected by broker
2026-06-10 11:38:37 [ERROR] core.order_executor: ❌ SELL explicitly rejected by broker for SUNPHARMA — keeping local position open (order_id=260610000233311)
2026-06-10 11:38:37 [ERROR] core.order_executor: ❌ SELL blocked after failure: SELL rejected for SUNPHARMA
2026-06-10 11:38:42 [INFO] core.order_executor: 🎯 TARGET HIT | SUNPHARMA | ₹1794.2 ≥ Target ₹1793.85
2026-06-10 11:38:42 [INFO] core.order_executor: Order cancelled: 260610000120681
2026-06-10 11:38:42 [INFO] core.order_executor: ✅ Broker SL 260610000120681 successfully cancelled before software sell.
2026-06-10 11:38:42 [INFO] core.order_executor: 📋 Preparing S order | Symbol: SUNPHARMA-EQ | Qty: 2 | Price: ₹1785.25
2026-06-10 11:38:42 [INFO] core.token_validator: 🔐 Pre-Order Token Check | State: VALID | Info: {'status': 'VALID', 'scope': ['Trade'], 'ucc': 'XD16F', 'expires_at': '2026-06-11T00:00:00', 'issued_at': '2026-06-10T09:36:57', 'seconds_until_expiry': 44478, 'created_seconds_ago': 7305}
2026-06-10 11:38:42 [INFO] core.token_validator: ✅ Token ready for order — proceeding
2026-06-10 11:38:42 [INFO] core.token_validator: ✅ Trade token + sid confirmed and set on client (scope=['Trade'])
2026-06-10 11:38:42 [INFO] core.order_executor: 📋 PRE-ORDER CONFIG DUMP (ATTEMPT 1/2) | host=PROD | access_token=eyJhbGciOiJSUzI1NiIs... | edit_token=eyJhbGciOiJSUzI1NiIs... | tokens_match=True | edit_sid=e49b550c-ee0f-432c-92c3-ccdcf265eeaa | serverId=24028c3e-9b6c-4189-a4e2-d41f429a24e3 | base_url=https://e41.kotaksecurities.com
2026-06-10 11:38:42 [INFO] core.order_executor: ✅ Order placed (attempt 1/2) | Order ID: 260610000233467
2026-06-10 11:38:42 [INFO] core.order_verifier: 📤 Order recorded: 260610000233467 (SUNPHARMA)
2026-06-10 11:38:42 [ERROR] core.order_verifier: Order 260610000233467 rejected: 16283 : Order price is not a multiple of tick size  
2026-06-10 11:38:42 [ERROR] core.order_verifier: ❌ Order 260610000233467 rejected by broker
2026-06-10 11:38:42 [ERROR] core.order_executor: ❌ SELL explicitly rejected by broker for SUNPHARMA — keeping local position open (order_id=260610000233467)
2026-06-10 11:38:42 [ERROR] core.order_executor: ❌ SELL blocked after failure: SELL rejected for SUNPHARMA
2026-06-10 11:38:48 [INFO] core.order_executor: 🎯 TARGET HIT | SUNPHARMA | ₹1794.2 ≥ Target ₹1793.85
2026-06-10 11:38:48 [INFO] core.order_executor: Order cancelled: 260610000120681
2026-06-10 11:38:48 [INFO] core.order_executor: ✅ Broker SL 260610000120681 successfully cancelled before software sell.
2026-06-10 11:38:48 [INFO] core.order_executor: 📋 Preparing S order | Symbol: SUNPHARMA-EQ | Qty: 2 | Price: ₹1785.25
2026-06-10 11:38:48 [INFO] core.token_validator: 🔐 Pre-Order Token Check | State: VALID | Info: {'status': 'VALID', 'scope': ['Trade'], 'ucc': 'XD16F', 'expires_at': '2026-06-11T00:00:00', 'issued_at': '2026-06-10T09:36:57', 'seconds_until_expiry': 44472, 'created_seconds_ago': 7311}
2026-06-10 11:38:48 [INFO] core.token_validator: ✅ Token ready for order — proceeding
2026-06-10 11:38:48 [INFO] core.token_validator: ✅ Trade token + sid confirmed and set on client (scope=['Trade'])
2026-06-10 11:38:48 [INFO] core.order_executor: 📋 PRE-ORDER CONFIG DUMP (ATTEMPT 1/2) | host=PROD | access_token=eyJhbGciOiJSUzI1NiIs... | edit_token=eyJhbGciOiJSUzI1NiIs... | tokens_match=True | edit_sid=e49b550c-ee0f-432c-92c3-ccdcf265eeaa | serverId=24028c3e-9b6c-4189-a4e2-d41f429a24e3 | base_url=https://e41.kotaksecurities.com
2026-06-10 11:38:48 [INFO] core.order_executor: ✅ Order placed (attempt 1/2) | Order ID: 260610000233644
2026-06-10 11:38:48 [INFO] core.order_verifier: 📤 Order recorded: 260610000233644 (SUNPHARMA)
2026-06-10 11:38:48 [ERROR] core.order_verifier: Order 260610000233644 rejected: 16283 : Order price is not a multiple of tick size  
2026-06-10 11:38:48 [ERROR] core.order_verifier: ❌ Order 260610000233644 rejected by broker
2026-06-10 11:38:48 [ERROR] core.order_executor: ❌ SELL explicitly rejected by broker for SUNPHARMA — keeping local position open (order_id=260610000233644)
2026-06-10 11:38:48 [ERROR] core.order_executor: ❌ SELL blocked after failure: SELL rejected for SUNPHARMA
2026-06-10 11:38:53 [INFO] core.state_manager: [BRIEFING] Loading from data/session_briefing.json...
2026-06-10 11:38:53 [INFO] core.state_manager: [BRIEFING] Loaded Valid: 8 approved + 22 watchlist (MORNING_SCREENER)
2026-06-10 11:38:53 [INFO] core.order_executor: 🎯 TARGET HIT | SUNPHARMA | ₹1794.1 ≥ Target ₹1793.85
2026-06-10 11:38:53 [INFO] core.order_executor: Order cancelled: 260610000120681
2026-06-10 11:38:53 [INFO] core.order_executor: ✅ Broker SL 260610000120681 successfully cancelled before software sell.
2026-06-10 11:38:53 [INFO] core.order_executor: 📋 Preparing S order | Symbol: SUNPHARMA-EQ | Qty: 2 | Price: ₹1785.15
2026-06-10 11:38:53 [INFO] core.token_validator: 🔐 Pre-Order Token Check | State: VALID | Info: {'status': 'VALID', 'scope': ['Trade'], 'ucc': 'XD16F', 'expires_at': '2026-06-11T00:00:00', 'issued_at': '2026-06-10T09:36:57', 'seconds_until_expiry': 44467, 'created_seconds_ago': 7316}
2026-06-10 11:38:53 [INFO] core.token_validator: ✅ Token ready for order — proceeding
2026-06-10 11:38:53 [INFO] core.token_validator: ✅ Trade token + sid confirmed and set on client (scope=['Trade'])
2026-06-10 11:38:53 [INFO] core.order_executor: 📋 PRE-ORDER CONFIG DUMP (ATTEMPT 1/2) | host=PROD | access_token=eyJhbGciOiJSUzI1NiIs... | edit_token=eyJhbGciOiJSUzI1NiIs... | tokens_match=True | edit_sid=e49b550c-ee0f-432c-92c3-ccdcf265eeaa | serverId=24028c3e-9b6c-4189-a4e2-d41f429a24e3 | base_url=https://e41.kotaksecurities.com
2026-06-10 11:38:54 [INFO] core.order_executor: ✅ Order placed (attempt 1/2) | Order ID: 260610000233776
2026-06-10 11:38:54 [INFO] core.order_verifier: 📤 Order recorded: 260610000233776 (SUNPHARMA)
2026-06-10 11:38:54 [ERROR] core.order_verifier: Order 260610000233776 rejected: 16283 : Order price is not a multiple of tick size  
2026-06-10 11:38:54 [ERROR] core.order_verifier: ❌ Order 260610000233776 rejected by broker
2026-06-10 11:38:54 [ERROR] core.order_executor: ❌ SELL explicitly rejected by broker for SUNPHARMA — keeping local position open (order_id=260610000233776)
2026-06-10 11:38:54 [ERROR] core.order_executor: ❌ SELL blocked after failure: SELL rejected for SUNPHARMA
2026-06-10 11:39:00 [INFO] core.order_executor: 🎯 TARGET HIT | SUNPHARMA | ₹1794.2 ≥ Target ₹1793.85
2026-06-10 11:39:00 [INFO] core.order_executor: Order cancelled: 260610000120681
2026-06-10 11:39:00 [INFO] core.order_executor: ✅ Broker SL 260610000120681 successfully cancelled before software sell.
2026-06-10 11:39:00 [INFO] core.order_executor: 📋 Preparing S order | Symbol: SUNPHARMA-EQ | Qty: 2 | Price: ₹1785.25
2026-06-10 11:39:00 [INFO] core.token_validator: 🔐 Pre-Order Token Check | State: VALID | Info: {'status': 'VALID', 'scope': ['Trade'], 'ucc': 'XD16F', 'expires_at': '2026-06-11T00:00:00', 'issued_at': '2026-06-10T09:36:57', 'seconds_until_expiry': 44460, 'created_seconds_ago': 7323}
2026-06-10 11:39:00 [INFO] core.token_validator: ✅ Token ready for order — proceeding
2026-06-10 11:39:00 [INFO] core.token_validator: ✅ Trade token + sid confirmed and set on client (scope=['Trade'])
2026-06-10 11:39:00 [INFO] core.order_executor: 📋 PRE-ORDER CONFIG DUMP (ATTEMPT 1/2) | host=PROD | access_token=eyJhbGciOiJSUzI1NiIs... | edit_token=eyJhbGciOiJSUzI1NiIs... | tokens_match=True | edit_sid=e49b550c-ee0f-432c-92c3-ccdcf265eeaa | serverId=24028c3e-9b6c-4189-a4e2-d41f429a24e3 | base_url=https://e41.kotaksecurities.com
2026-06-10 11:39:00 [INFO] core.order_executor: ✅ Order placed (attempt 1/2) | Order ID: 260610000233901
2026-06-10 11:39:00 [INFO] core.order_verifier: 📤 Order recorded: 260610000233901 (SUNPHARMA)
2026-06-10 11:39:01 [ERROR] core.order_verifier: Order 260610000233901 rejected: 16283 : Order price is not a multiple of tick size  
2026-06-10 11:39:01 [ERROR] core.order_verifier: ❌ Order 260610000233901 rejected by broker
2026-06-10 11:39:01 [ERROR] core.order_executor: ❌ SELL explicitly rejected by broker for SUNPHARMA — keeping local position open (order_id=260610000233901)
2026-06-10 11:39:01 [ERROR] core.order_executor: ❌ SELL blocked after failure: SELL rejected for SUNPHARMA
2026-06-10 11:39:01 [WARNING] core.strategy: Entries disabled by session state LIQUIDATING (EMERGENCY_SQUAREOFF_REQUESTED). Exit checks continue; BUY scan skipped.
2026-06-10 11:39:03 [INFO] core.order_executor: 🎯 TARGET HIT | SUNPHARMA | ₹1794.0 ≥ Target ₹1793.85
2026-06-10 11:39:03 [INFO] core.order_executor: Order cancelled: 260610000120681
2026-06-10 11:39:03 [INFO] core.order_executor: ✅ Broker SL 260610000120681 successfully cancelled before software sell.
2026-06-10 11:39:03 [INFO] core.order_executor: 📋 Preparing S order | Symbol: SUNPHARMA-EQ | Qty: 2 | Price: ₹1785.05
2026-06-10 11:39:03 [INFO] core.token_validator: 🔐 Pre-Order Token Check | State: VALID | Info: {'status': 'VALID', 'scope': ['Trade'], 'ucc': 'XD16F', 'expires_at': '2026-06-11T00:00:00', 'issued_at': '2026-06-10T09:36:57', 'seconds_until_expiry': 44457, 'created_seconds_ago': 7326}
2026-06-10 11:39:03 [INFO] core.token_validator: ✅ Token ready for order — proceeding
2026-06-10 11:39:03 [INFO] core.token_validator: ✅ Trade token + sid confirmed and set on client (scope=['Trade'])
2026-06-10 11:39:03 [INFO] core.order_executor: 📋 PRE-ORDER CONFIG DUMP (ATTEMPT 1/2) | host=PROD | access_token=eyJhbGciOiJSUzI1NiIs... | edit_token=eyJhbGciOiJSUzI1NiIs... | tokens_match=True | edit_sid=e49b550c-ee0f-432c-92c3-ccdcf265eeaa | serverId=24028c3e-9b6c-4189-a4e2-d41f429a24e3 | base_url=https://e41.kotaksecurities.com
2026-06-10 11:39:04 [INFO] core.order_executor: ✅ Order placed (attempt 1/2) | Order ID: 260610000234052
2026-06-10 11:39:04 [INFO] core.order_verifier: 📤 Order recorded: 260610000234052 (SUNPHARMA)
2026-06-10 11:39:04 [ERROR] core.order_verifier: Order 260610000234052 rejected: 16283 : Order price is not a multiple of tick size  
2026-06-10 11:39:04 [ERROR] core.order_verifier: ❌ Order 260610000234052 rejected by broker
2026-06-10 11:39:04 [ERROR] core.order_executor: ❌ SELL explicitly rejected by broker for SUNPHARMA — keeping local position open (order_id=260610000234052)
2026-06-10 11:39:04 [ERROR] core.order_executor: ❌ SELL blocked after failure: SELL rejected for SUNPHARMA
2026-06-10 11:39:04 [WARNING] core.strategy: Entries disabled by session state LIQUIDATING (EMERGENCY_SQUAREOFF_REQUESTED). Exit checks continue; BUY scan skipped.
2026-06-10 11:39:05 [INFO] core.data_fetcher: 📡 Live feed | ticks received: 30/30 symbols | active=['SUNPHARMA', 'DIVISLAB', 'TATASTEEL', 'SBIN', 'TITAN', 'RELIANCE', 'NTPC', 'HDFCLIFE']...
2026-06-10 11:39:06 [INFO] core.order_executor: 🎯 TARGET HIT | SUNPHARMA | ₹1794.2 ≥ Target ₹1793.85
2026-06-10 11:39:06 [INFO] core.order_executor: Order cancelled: 260610000120681
2026-06-10 11:39:06 [INFO] core.order_executor: ✅ Broker SL 260610000120681 successfully cancelled before software sell.
2026-06-10 11:39:06 [INFO] core.order_executor: 📋 Preparing S order | Symbol: SUNPHARMA-EQ | Qty: 2 | Price: ₹1785.25
2026-06-10 11:39:06 [INFO] core.token_validator: 🔐 Pre-Order Token Check | State: VALID | Info: {'status': 'VALID', 'scope': ['Trade'], 'ucc': 'XD16F', 'expires_at': '2026-06-11T00:00:00', 'issued_at': '2026-06-10T09:36:57', 'seconds_until_expiry': 44454, 'created_seconds_ago': 7329}
2026-06-10 11:39:06 [INFO] core.token_validator: ✅ Token ready for order — proceeding
2026-06-10 11:39:06 [INFO] core.token_validator: ✅ Trade token + sid confirmed and set on client (scope=['Trade'])
2026-06-10 11:39:06 [INFO] core.order_executor: 📋 PRE-ORDER CONFIG DUMP (ATTEMPT 1/2) | host=PROD | access_token=eyJhbGciOiJSUzI1NiIs... | edit_token=eyJhbGciOiJSUzI1NiIs... | tokens_match=True | edit_sid=e49b550c-ee0f-432c-92c3-ccdcf265eeaa | serverId=24028c3e-9b6c-4189-a4e2-d41f429a24e3 | base_url=https://e41.kotaksecurities.com
2026-06-10 11:39:06 [INFO] core.order_executor: ✅ Order placed (attempt 1/2) | Order ID: 260610000234151
2026-06-10 11:39:06 [INFO] core.order_verifier: 📤 Order recorded: 260610000234151 (SUNPHARMA)
2026-06-10 11:39:07 [ERROR] core.order_verifier: Order 260610000234151 rejected: 16283 : Order price is not a multiple of tick size  
2026-06-10 11:39:07 [ERROR] core.order_verifier: ❌ Order 260610000234151 rejected by broker
2026-06-10 11:39:07 [ERROR] core.order_executor: ❌ SELL explicitly rejected by broker for SUNPHARMA — keeping local position open (order_id=260610000234151)
2026-06-10 11:39:07 [ERROR] core.order_executor: ❌ SELL blocked after failure: SELL rejected for SUNPHARMA
2026-06-10 11:39:07 [WARNING] core.strategy: Entries disabled by session state LIQUIDATING (EMERGENCY_SQUAREOFF_REQUESTED). Exit checks continue; BUY scan skipped.
2026-06-10 11:39:09 [INFO] core.strategy: ─── Scan summary (30 subscribed) ───
  [Cognition] SUNPHARMA: ticks=2591 | live_candles=25
  [Cognition] DIVISLAB: ticks=1777 | live_candles=25
  [Cognition] TATASTEEL: ticks=4890 | live_candles=25
  [Cognition] SBIN: ticks=5561 | live_candles=25
  [Cognition] TITAN: ticks=2306 | live_candles=25
  [Cognition] RELIANCE: ticks=5827 | live_candles=25
  [Cognition] NTPC: ticks=3942 | live_candles=25
  [Cognition] HDFCLIFE: ticks=1121 | live_candles=25
  [Math] ICICIBANK: ticks=5009 | live_candles=25
  [Math] APOLLOHOSP: ticks=1956 | live_candles=25
  [Math] TCS: ticks=4171 | live_candles=25
  [Math] HDFCBANK: ticks=4880 | live_candles=25
  [Math] INFY: ticks=4115 | live_candles=25
  [Math] HINDUNILVR: ticks=4467 | live_candles=25
  [Math] ITC: ticks=5672 | live_candles=25
  [Math] BHARTIARTL: ticks=5206 | live_candles=25
  [Math] LT: ticks=3520 | live_candles=25
  [Math] HCLTECH: ticks=2163 | live_candles=25
  [Math] MARUTI: ticks=1664 | live_candles=25
  [Math] WIPRO: ticks=3881 | live_candles=25
  [Math] NESTLEIND: ticks=2904 | live_candles=25
  [Math] BAJAJFINSV: ticks=2082 | live_candles=25
  [Math] DRREDDY: ticks=860 | live_candles=25
  [Math] EICHERMOT: ticks=1571 | live_candles=25
  [Math] HEROMOTOCO: ticks=2491 | live_candles=25
  [Math] HINDALCO: ticks=3968 | live_candles=25
  [Math] JSWSTEEL: ticks=2099 | live_candles=25
  [Math] M&M: ticks=3822 | live_candles=25
  [Math] SBILIFE: ticks=1146 | live_candles=25
  [Math] TATACONSUM: ticks=2158 | live_candles=25
2026-06-10 11:39:09 [WARNING] core.strategy: Entries disabled by session state LIQUIDATING (EMERGENCY_SQUAREOFF_REQUESTED). Exit checks continue; BUY scan skipped.
2026-06-10 11:39:11 [WARNING] core.strategy: Entries disabled by session state LIQUIDATING (EMERGENCY_SQUAREOFF_REQUESTED). Exit checks continue; BUY scan skipped.
2026-06-10 11:39:13 [WARNING] core.strategy: Entries disabled by session state LIQUIDATING (EMERGENCY_SQUAREOFF_REQUESTED). Exit checks continue; BUY scan skipped.
2026-06-10 11:39:15 [WARNING] core.strategy: Entries disabled by session state LIQUIDATING (EMERGENCY_SQUAREOFF_REQUESTED). Exit checks continue; BUY scan skipped.
2026-06-10 11:39:17 [WARNING] core.strategy: Entries disabled by session state LIQUIDATING (EMERGENCY_SQUAREOFF_REQUESTED). Exit checks continue; BUY scan skipped.
2026-06-10 11:39:20 [WARNING] core.strategy: Entries disabled by session state LIQUIDATING (EMERGENCY_SQUAREOFF_REQUESTED). Exit checks continue; BUY scan skipped.
2026-06-10 11:39:22 [WARNING] core.strategy: Entries disabled by session state LIQUIDATING (EMERGENCY_SQUAREOFF_REQUESTED). Exit checks continue; BUY scan skipped.
2026-06-10 11:39:24 [WARNING] core.strategy: Entries disabled by session state LIQUIDATING (EMERGENCY_SQUAREOFF_REQUESTED). Exit checks continue; BUY scan skipped.
2026-06-10 11:39:26 [WARNING] core.strategy: Entries disabled by session state FLAT_LOCKED (EMERGENCY_SQUAREOFF_SUCCESS). Exit checks continue; BUY scan skipped.
2026-06-10 11:39:28 [WARNING] core.strategy: Entries disabled by session state FLAT_LOCKED (EMERGENCY_SQUAREOFF_SUCCESS). Exit checks continue; BUY scan skipped.
2026-06-10 11:39:30 [WARNING] core.strategy: Entries disabled by session state FLAT_LOCKED (EMERGENCY_SQUAREOFF_SUCCESS). Exit checks continue; BUY scan skipped.
2026-06-10 11:39:32 [WARNING] core.strategy: Entries disabled by session state FLAT_LOCKED (EMERGENCY_SQUAREOFF_SUCCESS). Exit checks continue; BUY scan skipped.
2026-06-10 11:39:34 [WARNING] core.strategy: Entries disabled by session state FLAT_LOCKED (EMERGENCY_SQUAREOFF_SUCCESS). Exit checks continue; BUY scan skipped.
2026-06-10 11:39:36 [WARNING] core.strategy: Entries disabled by session state FLAT_LOCKED (EMERGENCY_SQUAREOFF_SUCCESS). Exit checks continue; BUY scan skipped.
2026-06-10 11:39:38 [WARNING] core.strategy: Entries disabled by session state FLAT_LOCKED (EMERGENCY_SQUAREOFF_SUCCESS). Exit checks continue; BUY scan skipped.
2026-06-10 11:39:40 [WARNING] core.strategy: Entries disabled by session state FLAT_LOCKED (EMERGENCY_SQUAREOFF_SUCCESS). Exit checks continue; BUY scan skipped.
2026-06-10 11:39:42 [WARNING] core.strategy: Entries disabled by session state FLAT_LOCKED (EMERGENCY_SQUAREOFF_SUCCESS). Exit checks continue; BUY scan skipped.
2026-06-10 11:39:44 [WARNING] core.strategy: Entries disabled by session state FLAT_LOCKED (EMERGENCY_SQUAREOFF_SUCCESS). Exit checks continue; BUY scan skipped.
2026-06-10 11:39:46 [WARNING] core.strategy: Entries disabled by session state FLAT_LOCKED (EMERGENCY_SQUAREOFF_SUCCESS). Exit checks continue; BUY scan skipped.
2026-06-10 11:39:48 [WARNING] core.strategy: Entries disabled by session state FLAT_LOCKED (EMERGENCY_SQUAREOFF_SUCCESS). Exit checks continue; BUY scan skipped.
2026-06-10 11:39:50 [WARNING] core.strategy: Entries disabled by session state FLAT_LOCKED (EMERGENCY_SQUAREOFF_SUCCESS). Exit checks continue; BUY scan skipped.
2026-06-10 11:39:52 [WARNING] core.strategy: Entries disabled by session state FLAT_LOCKED (EMERGENCY_SQUAREOFF_SUCCESS). Exit checks continue; BUY scan skipped.
2026-06-10 11:39:54 [INFO] core.state_manager: [BRIEFING] Loading from data/session_briefing.json...
2026-06-10 11:39:54 [INFO] core.state_manager: [BRIEFING] Loaded Valid: 8 approved + 22 watchlist (MORNING_SCREENER)
2026-06-10 11:39:54 [WARNING] core.strategy: Entries disabled by session state FLAT_LOCKED (EMERGENCY_SQUAREOFF_SUCCESS). Exit checks continue; BUY scan skipped.
2026-06-10 11:40:00 [INFO] core.data_fetcher: 🕯️ Candle closed: HINDUNILVR | 2026-06-10 11:35 | O:2191.80 H:2195.00 L:2190.60 C:2195.00 V:12874.0
2026-06-10 11:40:00 [INFO] core.data_fetcher: 🕯️ Candle closed: BHARTIARTL | 2026-06-10 11:35 | O:1793.20 H:1795.00 L:1792.60 C:1794.10 V:94090.0
2026-06-10 11:40:00 [INFO] core.data_fetcher: 🕯️ Candle closed: ICICIBANK | 2026-06-10 11:35 | O:1301.40 H:1305.40 L:1300.90 C:1304.00 V:452110.0
2026-06-10 11:40:00 [INFO] core.data_fetcher: 🕯️ Candle closed: INFY | 2026-06-10 11:35 | O:1155.00 H:1156.30 L:1155.00 C:1155.90 V:49129.0
2026-06-10 11:40:00 [INFO] core.data_fetcher: 🕯️ Candle closed: APOLLOHOSP | 2026-06-10 11:35 | O:8618.50 H:8622.00 L:8603.00 C:8606.00 V:7362.0
2026-06-10 11:40:00 [INFO] core.data_fetcher: 🕯️ Candle closed: TCS | 2026-06-10 11:35 | O:2167.70 H:2168.70 L:2166.30 C:2167.20 V:16140.0
2026-06-10 11:40:00 [INFO] core.data_fetcher: 🕯️ Candle closed: HDFCBANK | 2026-06-10 11:35 | O:741.70 H:742.70 L:741.60 C:742.40 V:280376.0
2026-06-10 11:40:00 [INFO] core.data_fetcher: 🕯️ Candle closed: SBIN | 2026-06-10 11:35 | O:1009.20 H:1009.20 L:1007.70 C:1008.50 V:145811.0
2026-06-10 11:40:00 [INFO] core.data_fetcher: 🕯️ Candle closed: ITC | 2026-06-10 11:35 | O:284.20 H:284.40 L:284.15 C:284.35 V:95721.0
2026-06-10 11:40:00 [INFO] core.data_fetcher: 🕯️ Candle closed: JSWSTEEL | 2026-06-10 11:35 | O:1287.60 H:1289.40 L:1286.50 C:1289.10 V:27306.0
2026-06-10 11:40:00 [INFO] core.data_fetcher: 🕯️ Candle closed: TATACONSUM | 2026-06-10 11:35 | O:1113.80 H:1115.10 L:1112.50 C:1114.70 V:42059.0
2026-06-10 11:40:00 [INFO] core.data_fetcher: 🕯️ Candle closed: TATASTEEL | 2026-06-10 11:35 | O:201.75 H:202.19 L:201.65 C:202.00 V:422024.0
2026-06-10 11:40:00 [INFO] core.data_fetcher: 🕯️ Candle closed: RELIANCE | 2026-06-10 11:35 | O:1278.40 H:1279.00 L:1277.10 C:1278.60 V:128623.0
2026-06-10 11:40:00 [INFO] core.data_fetcher: 🕯️ Candle closed: SUNPHARMA | 2026-06-10 11:35 | O:1791.20 H:1794.70 L:1791.20 C:1794.70 V:20355.0
2026-06-10 11:40:00 [INFO] core.data_fetcher: 🕯️ Candle closed: SBILIFE | 2026-06-10 11:35 | O:1768.40 H:1768.50 L:1766.30 C:1766.50 V:2712.0
2026-06-10 11:40:00 [INFO] core.data_fetcher: 🕯️ Candle closed: MARUTI | 2026-06-10 11:35 | O:13195.00 H:13198.00 L:13185.00 C:13192.00 V:3461.0
2026-06-10 11:40:00 [INFO] core.data_fetcher: 🕯️ Candle closed: HCLTECH | 2026-06-10 11:35 | O:1146.00 H:1147.30 L:1145.80 C:1146.50 V:24121.0
2026-06-10 11:40:00 [INFO] core.data_fetcher: 🕯️ Candle closed: M&M | 2026-06-10 11:35 | O:2982.50 H:2986.50 L:2981.00 C:2986.30 V:18031.0
2026-06-10 11:40:00 [INFO] core.data_fetcher: 🕯️ Candle closed: LT | 2026-06-10 11:35 | O:3935.10 H:3941.90 L:3934.40 C:3941.90 V:13402.0
2026-06-10 11:40:01 [INFO] core.data_fetcher: 🕯️ Candle closed: NTPC | 2026-06-10 11:35 | O:355.95 H:356.65 L:355.60 C:356.40 V:175093.0
2026-06-10 11:40:01 [INFO] core.data_fetcher: 🕯️ Candle closed: HINDALCO | 2026-06-10 11:35 | O:1048.50 H:1050.90 L:1047.90 C:1048.90 V:66711.0
2026-06-10 11:40:01 [INFO] core.data_fetcher: 🕯️ Candle closed: BAJAJFINSV | 2026-06-10 11:35 | O:1695.60 H:1696.80 L:1695.10 C:1696.50 V:2047.0
2026-06-10 11:40:02 [INFO] core.data_fetcher: 🕯️ Candle closed: HDFCLIFE | 2026-06-10 11:35 | O:562.65 H:562.65 L:561.45 C:562.00 V:33466.0
2026-06-10 11:40:02 [INFO] core.data_fetcher: 🕯️ Candle closed: DRREDDY | 2026-06-10 11:35 | O:1278.60 H:1278.60 L:1276.60 C:1277.10 V:8032.0
2026-06-10 11:40:03 [INFO] core.data_fetcher: 🕯️ Candle closed: TITAN | 2026-06-10 11:35 | O:4117.90 H:4117.90 L:4112.00 C:4114.00 V:2322.0
2026-06-10 11:40:04 [INFO] core.data_fetcher: 🕯️ Candle closed: WIPRO | 2026-06-10 11:35 | O:181.22 H:181.34 L:181.17 C:181.24 V:89994.0
2026-06-10 11:40:04 [INFO] core.data_fetcher: 🕯️ Candle closed: NESTLEIND | 2026-06-10 11:35 | O:1445.00 H:1445.50 L:1444.00 C:1445.50 V:15330.0
2026-06-10 11:40:05 [INFO] core.data_fetcher: 🕯️ Candle closed: DIVISLAB | 2026-06-10 11:35 | O:6803.00 H:6810.00 L:6800.00 C:6800.50 V:6226.0
2026-06-10 11:40:10 [INFO] core.data_fetcher: 🕯️ Candle closed: HEROMOTOCO | 2026-06-10 11:35 | O:4921.00 H:4921.80 L:4910.40 C:4917.20 V:4334.0
2026-06-10 11:40:12 [INFO] AlcoSoft: Shutdown signal received. Stopping gracefully...
2026-06-10 11:40:12 [INFO] core.strategy: Strategy loop stopped.
2026-06-10 11:40:12 [INFO] AlcoSoft: Running cleanup...
2026-06-10 11:40:12 [INFO] AlcoSoft: Scheduler stopped.
2026-06-10 11:40:12 [INFO] core.state_manager: [BRIEFING] Loading from data/session_briefing.json...
2026-06-10 11:40:12 [INFO] core.state_manager: [BRIEFING] Loaded Valid: 8 approved + 22 watchlist (MORNING_SCREENER)
2026-06-10 11:40:12 [INFO] core.data_fetcher: Live feed stopped.
2026-06-10 11:40:12 [INFO] AlcoSoft: Live feed stopped.
2026-06-10 11:40:12 [INFO] core.kotak_client: Kotak session logged out cleanly.
2026-06-10 11:40:12 [INFO] AlcoSoft: Kotak session closed.
2026-06-10 11:40:12 [INFO] AlcoSoft: AlcoSoft shutdown complete. Goodbye.
2026-06-10 11:40:12 [INFO] apscheduler.scheduler: Scheduler has been shut down
2026-06-10 11:41:46 [INFO] reflection.reflection_statistics: ✅ Reflection statistics database initialized
2026-06-10 11:41:46 [INFO] AlcoSoft: =======================================================
2026-06-10 11:41:46 [INFO] AlcoSoft:   ALCOSOFT FINANCIAL SERVICES — SYSTEM STARTING
2026-06-10 11:41:46 [INFO] AlcoSoft:   Mode: LIVE | Strategy: INTRADAY
2026-06-10 11:41:46 [INFO] AlcoSoft: =======================================================
2026-06-10 11:41:46 [INFO] AlcoSoft: [0/6] Initializing database...
2026-06-10 11:41:46 [INFO] core.state_manager: Database initialized.
2026-06-10 11:41:46 [INFO] AlcoSoft: [0.5/6] Initializing daily capital tracking...
2026-06-10 11:41:46 [INFO] AlcoSoft: [1/6] Running preflight health checks...
2026-06-10 11:41:46 [INFO] core.health_monitor: 🔍 Running preflight health checks...
2026-06-10 11:41:46 [INFO] core.health_monitor: ✅ API Credentials: All API keys configured
2026-06-10 11:41:46 [INFO] core.kotak_client: Initializing Kotak Neo session...
2026-06-10 11:41:46 [INFO] core.kotak_client: TOTP generated: 842240
2026-06-10 11:41:46 [INFO] core.kotak_client: TOTP login response: {'data': {'token': 'eyJhbGciOiJSUzI1NiIsInR5cCI6IkpXVCJ9.eyJqdGkiOiJlZDkzOTUyZS1jMzYyLTRjZWQtODA2MS0wZDQwYzZlMjExMTciLCJpc3MiOiJsb2dpbi1zZXJ2aWNlIiwic3ViIjoiZDZiODIzNzgtNDMzMy00OTcyLTk2ZTgtOTllOWYwMzE0N2MwIiwidWNjIjoiWEQxNkYiLCJuYXAiOiIiLCJ5Y2UiOiJlWVxcNiAvKjU9dFx1MDAwNlx1MDAwYlx1MDAwNHVcdTAwMDBcdTAwMTBiIiwiY2F0ZWdvcmlzYXRpb24iOiIiLCJzY29wZSI6WyJWaWV3Il0sImV4cCI6MTc4MTExNjIwMCwiaWF0IjoxNzgxMDcxOTA2LCJmZXRjaGNhY2hpbmdydWxlIjowfQ.jMzxAncyvJDQMiI44tBVcnonTk_9gqe0Gol4J87VrhTg7zL0okI9CvUP4TjQbmL1XreYcW_KZsEsqsEuCuav1on6ZPK33uefhkaTllWpw-tjRr9D_SwyxT7kYNRAaPQPCXGBqXAWH8RM6s3FPBvBMaJ5ucyv_Oj6dfoh_n1SomEFM0vDbb26zmO0H5g6r284yXJHjJ8yMBEDN6GQvy-RVqkathsz3uFVBWpB68S-yMItur2fz4s3ps3fIkruO7UIsWJFfbK-WB3LOaXmy4s981WUTUODok0XdOFqtuDlmiJbwLl84tSNkUr2XnhtD6bY7R1ZOaSgpEM3RPqz6IsJ4g', 'sid': '36724ed5-f0cb-487b-9a83-71d15b54a1c9', 'rid': '7bfac81f-1d10-46f8-b447-dabc0329bccf', 'hsServerId': '', 'isUserPwdExpired': False, 'ucc': 'XD16F', 'greetingName': 'MANOJ', 'isTrialAccount': False, 'dataCenter': 'E41', 'derivativesRiskDisclosure': 'Risk Disclosure on Derivatives\n\nAs per a SEBI study dated 25 Jan 2023- \n• 9 out of 10 individual traders in equity Futures and Options Segment, incurred net losses.\n• On an average, loss makers registered net trading loss close to Rs.50,000.\n• Over and above the net trading losses incurred, loss makers expended an additional 28% of net trading losses as transaction costs.\n• Those making net trading profits, incurred between 15% to 50% of such profits as transaction cost.\n\nFor more information please check out : https://www.sebi.gov.in/reports-and-statistics/research/jan-2023/study-analysis-of-profit-and-loss-of-individual-traders-dealing-in-equity-fando-segment_67525.html', 'mfAccess': 1, 'dataCenterMap': None, 'dormancyStatus': 'A', 'asbaStatus': '', 'clientType': 'RI', 'isNRI': False, 'kId': 'ADDPR4621C', 'kType': 'View', 'status': 'success', 'incRange': 0, 'incUpdFlag': '', 'clientGroup': '', 'kraStatus': '', 'rcFlag': 0}}
2026-06-10 11:41:46 [INFO] core.kotak_client: 🔍 TOTP login data keys: ['token', 'sid', 'rid', 'hsServerId', 'isUserPwdExpired', 'ucc', 'greetingName', 'isTrialAccount', 'dataCenter', 'derivativesRiskDisclosure', 'mfAccess', 'dataCenterMap', 'dormancyStatus', 'asbaStatus', 'clientType', 'isNRI', 'kId', 'kType', 'status', 'incRange', 'incUpdFlag', 'clientGroup', 'kraStatus', 'rcFlag']
2026-06-10 11:41:48 [INFO] core.kotak_client: MPIN validation response: {'data': {'token': 'eyJhbGciOiJSUzI1NiIsInR5cCI6IkpXVCJ9.eyJqdGkiOiI0MDkzOGMzZi1kZTQ4LTRmN2UtOTEyMS05MjgzM2NjYWNiYTIiLCJpc3MiOiJsb2dpbi1zZXJ2aWNlIiwic3ViIjoiZDZiODIzNzgtNDMzMy00OTcyLTk2ZTgtOTllOWYwMzE0N2MwIiwidWNjIjoiWEQxNkYiLCJuYXAiOiIiLCJ5Y2UiOiJlWVxcNiAvKjU9dFx1MDAwNlx1MDAwYlx1MDAwNHVcdTAwMDBcdTAwMTBiIiwiY2F0ZWdvcmlzYXRpb24iOiIiLCJzY29wZSI6WyJUcmFkZSJdLCJleHAiOjE3ODExMTYyMDAsImlhdCI6MTc4MTA3MTkwOCwiZmV0Y2hjYWNoaW5ncnVsZSI6MH0.rIwKslscfhZ1GmIrMgHVAY1XZixwbY-iD6Ac508nzIrafKqKOQ8MG_aINDCNQCj5MAogupJ0ui4neTfp20NCiKQbnalWEmTFjRJKFjAJu6-GWv0oHV7u_zoZ47swZZCUKtVRTa37EdHLHmmOih8Fkvq3auDR2EvwHc7xzKdOtjHDtmYYjPgD-mPE1vdxrl9eKW6VEqUmtLy0vqkYzk2rq2vHIzrxsdrsXQJyvYpHqrCPU8BbwAsWZs1cjJs6ls5qOxFOZ1zLpBKzIxyM8GDWVKsdqxjhHvFRQ1RE0dPz7Ns881Pwii3CbgdQd0bYvwFkv2ufmTvr_FQLnnRGZTF-qA', 'sid': '37104f33-534d-4ec1-a556-c8d7331d3cda', 'rid': '7bfac81f-1d10-46f8-b447-dabc0329bccf', 'baseUrl': 'https://e41.kotaksecurities.com', 'hsServerId': '', 'isUserPwdExpired': False, 'ucc': 'XD16F', 'greetingName': 'MANOJ', 'isTrialAccount': False, 'dataCenter': 'E41', 'derivativesRiskDisclosure': 'Risk Disclosure on Derivatives\n\nAs per a SEBI study dated 25 Jan 2023- \n• 9 out of 10 individual traders in equity Futures and Options Segment, incurred net losses.\n• On an average, loss makers registered net trading loss close to Rs.50,000.\n• Over and above the net trading losses incurred, loss makers expended an additional 28% of net trading losses as transaction costs.\n• Those making net trading profits, incurred between 15% to 50% of such profits as transaction cost.\n\nFor more information please check out : https://www.sebi.gov.in/reports-and-statistics/research/jan-2023/study-analysis-of-profit-and-loss-of-individual-traders-dealing-in-equity-fando-segment_67525.html', 'mfAccess': 1, 'dataCenterMap': None, 'dormancyStatus': 'A', 'asbaStatus': '', 'clientType': 'RI', 'isNRI': False, 'kId': 'ADDPR4621C', 'kType': 'Trade', 'status': 'success', 'incRange': 0, 'incUpdFlag': '', 'clientGroup': '', 'kraStatus': '', 'rcFlag': 0}}
2026-06-10 11:41:48 [INFO] core.kotak_client: 🔍 MPIN response data keys: ['token', 'sid', 'rid', 'baseUrl', 'hsServerId', 'isUserPwdExpired', 'ucc', 'greetingName', 'isTrialAccount', 'dataCenter', 'derivativesRiskDisclosure', 'mfAccess', 'dataCenterMap', 'dormancyStatus', 'asbaStatus', 'clientType', 'isNRI', 'kId', 'kType', 'status', 'incRange', 'incUpdFlag', 'clientGroup', 'kraStatus', 'rcFlag']
2026-06-10 11:41:48 [INFO] core.kotak_client: ✅ NeoAPI configuration.edit_token & edit_sid SET (confirmed)
2026-06-10 11:41:48 [INFO] core.kotak_client: ✅ Trade token verified (kType=Trade) | sid present | baseUrl set
2026-06-10 11:41:48 [INFO] core.kotak_client: ✅ Kotak Neo session established successfully.
2026-06-10 11:41:49 [INFO] core.health_monitor: ✅ Broker Connection: Connected
2026-06-10 11:41:49 [INFO] core.health_monitor: ✅ Database: DB OK (0 open positions)
2026-06-10 11:41:49 [INFO] core.state_manager: [BRIEFING] Loading from data/session_briefing.json...
2026-06-10 11:41:49 [INFO] core.state_manager: [BRIEFING] Loaded Valid: 8 approved + 22 watchlist (MORNING_SCREENER)
2026-06-10 11:41:49 [INFO] core.state_manager: [BRIEFING] Validation PASSED: 8 approved + 22 watchlist (MORNING_SCREENER)
2026-06-10 11:41:49 [INFO] core.health_monitor: ✅ Trading Briefing: Briefing OK (8 cognition, 22 watchlist, 30 total)
2026-06-10 11:41:49 [INFO] core.health_monitor: ✅ Live Feed: Feed not started yet (starts after briefing load)
2026-06-10 11:41:49 [INFO] core.health_monitor: ✅ Market Hours: Market is OPEN
2026-06-10 11:41:49 [INFO] core.health_monitor: ✅ Available Capital: Capital ₹4740
2026-06-10 11:41:49 [INFO] core.health_monitor: ✅ Daily Loss Limit: Daily loss OK
2026-06-10 11:41:49 [INFO] core.health_monitor: 
======================================================================
SYSTEM HEALTH REPORT — 2026-06-10T11:41:46.831713
======================================================================

✅ PASSED (8):
   • API Credentials
   • Broker Connection
   • Database
   • Trading Briefing
   • Live Feed
   • Market Hours
   • Available Capital
   • Daily Loss Limit

======================================================================

2026-06-10 11:41:49 [INFO] AlcoSoft: [2/6] Checking for previous state...
2026-06-10 11:41:49 [INFO] core.state_manager: [BRIEFING] Loading from data/session_briefing.json...
2026-06-10 11:41:49 [INFO] core.state_manager: [BRIEFING] Loaded Valid: 8 approved + 22 watchlist (MORNING_SCREENER)
2026-06-10 11:41:49 [INFO] core.state_manager: No open positions found. Clean startup.
2026-06-10 11:41:49 [INFO] AlcoSoft: [3/6] Connecting to Kotak Neo...
2026-06-10 11:41:49 [INFO] AlcoSoft: ✅ Kotak session established successfully.
2026-06-10 11:41:49 [INFO] AlcoSoft: [3b/6] Reconciling broker vs local positions...
2026-06-10 11:41:49 [WARNING] core.broker_reconciliation: 🔍 BROKER POSITIONS RAW RESPONSE: {'stat': 'ok', 'stCode': 200, 'data': [{'actId': 'XD16F', 'brdLtQty': 1, 'cfBuyAmt': '0.00', 'cfSellAmt': '0.00', 'cfBuyQty': '0', 'cfSellQty': '0', 'exSeg': 'nse_cm', 'buyAmt': '8531.25', 'sellAmt': '8558.80', 'flBuyQty': '24', 'flSellQty': '24', 'prod': 'MIS', 'series': 'EQ', 'tok': '11630', 'trdSym': 'NTPC-EQ', 'optTp': '- ', 'stkPrc': '0.00', 'type': 'NA', 'sym': 'NTPC', 'sqrFlg': 'Y', 'posFlg': 'true', 'lotSz': '1', 'multiplier': '1', 'precision': '2', 'prcNum': '1', 'prcDen': '1', 'hsUpTm': '2026/06/10 11:39:13', 'expDt': 'NA', 'exp': '--', 'genNum': '1', 'genDen': '1', 'dscQty': '', 'upldPrc': '0.00', 'updRecvTm': 1781071753064428790}, {'actId': 'XD16F', 'brdLtQty': 1, 'cfBuyAmt': '0.00', 'cfSellAmt': '0.00', 'cfBuyQty': '0', 'cfSellQty': '0', 'exSeg': 'nse_cm', 'buyAmt': '3559.20', 'sellAmt': '3588.00', 'flBuyQty': '2', 'flSellQty': '2', 'prod': 'MIS', 'series': 'EQ', 'tok': '3351', 'trdSym': 'SUNPHARMA-EQ', 'optTp': '- ', 'stkPrc': '0.00', 'type': 'NA', 'sym': 'SUNPHARMA', 'sqrFlg': 'Y', 'posFlg': 'true', 'lotSz': '1', 'multiplier': '1', 'precision': '2', 'prcNum': '1', 'prcDen': '1', 'hsUpTm': '2026/06/10 11:39:08', 'expDt': 'NA', 'exp': '--', 'genNum': '1', 'genDen': '1', 'dscQty': '', 'upldPrc': '0.00', 'updRecvTm': 1781071748698033962}, {'actId': 'XD16F', 'brdLtQty': 1, 'cfBuyAmt': '0.00', 'cfSellAmt': '0.00', 'cfBuyQty': '0', 'cfSellQty': '0', 'exSeg': 'nse_cm', 'buyAmt': '2571.80', 'sellAmt': '2592.00', 'flBuyQty': '2', 'flSellQty': '2', 'prod': 'MIS', 'series': 'EQ', 'tok': '4963', 'trdSym': 'ICICIBANK-EQ', 'optTp': '- ', 'stkPrc': '0.00', 'type': 'NA', 'sym': 'ICICIBANK', 'sqrFlg': 'Y', 'posFlg': 'true', 'lotSz': '1', 'multiplier': '1', 'precision': '2', 'prcNum': '1', 'prcDen': '1', 'hsUpTm': '2026/06/10 10:52:04', 'expDt': 'NA', 'exp': '--', 'genNum': '1', 'genDen': '1', 'dscQty': '', 'upldPrc': '0.00', 'updRecvTm': 1781068924113905179}, {'actId': 'XD16F', 'brdLtQty': 1, 'cfBuyAmt': '0.00', 'cfSellAmt': '0.00', 'cfBuyQty': '0', 'cfSellQty': '0', 'exSeg': 'nse_cm', 'buyAmt': '2550.15', 'sellAmt': '2559.15', 'flBuyQty': '9', 'flSellQty': '9', 'prod': 'MIS', 'series': 'EQ', 'tok': '1660', 'trdSym': 'ITC-EQ', 'optTp': '- ', 'stkPrc': '0.00', 'type': 'NA', 'sym': 'ITC', 'sqrFlg': 'Y', 'posFlg': 'true', 'lotSz': '1', 'multiplier': '1', 'precision': '2', 'prcNum': '1', 'prcDen': '1', 'hsUpTm': '2026/06/10 11:39:16', 'expDt': 'NA', 'exp': '--', 'genNum': '1', 'genDen': '1', 'dscQty': '', 'upldPrc': '0.00', 'updRecvTm': 1781071756730234225}, {'actId': 'XD16F', 'brdLtQty': 1, 'cfBuyAmt': '0.00', 'cfSellAmt': '0.00', 'cfBuyQty': '0', 'cfSellQty': '0', 'exSeg': 'nse_cm', 'buyAmt': '1276.80', 'sellAmt': '1276.60', 'flBuyQty': '1', 'flSellQty': '1', 'prod': 'MIS', 'series': 'EQ', 'tok': '881', 'trdSym': 'DRREDDY-EQ', 'optTp': '- ', 'stkPrc': '0.00', 'type': 'NA', 'sym': 'DRREDDY', 'sqrFlg': 'Y', 'posFlg': 'true', 'lotSz': '1', 'multiplier': '1', 'precision': '2', 'prcNum': '1', 'prcDen': '1', 'hsUpTm': '2026/06/10 11:39:20', 'expDt': 'NA', 'exp': '--', 'genNum': '1', 'genDen': '1', 'dscQty': '', 'upldPrc': '0.00', 'updRecvTm': 1781071760230346698}, {'actId': 'XD16F', 'brdLtQty': 1, 'cfBuyAmt': '0.00', 'cfSellAmt': '0.00', 'cfBuyQty': '0', 'cfSellQty': '0', 'exSeg': 'nse_cm', 'buyAmt': '1007.85', 'sellAmt': '1008.35', 'flBuyQty': '1', 'flSellQty': '1', 'prod': 'MIS', 'series': 'EQ', 'tok': '3045', 'trdSym': 'SBIN-EQ', 'optTp': '- ', 'stkPrc': '0.00', 'type': 'NA', 'sym': 'SBIN', 'sqrFlg': 'Y', 'posFlg': 'true', 'lotSz': '1', 'multiplier': '1', 'precision': '2', 'prcNum': '1', 'prcDen': '1', 'hsUpTm': '2026/06/10 11:39:23', 'expDt': 'NA', 'exp': '--', 'genNum': '1', 'genDen': '1', 'dscQty': '', 'upldPrc': '0.00', 'updRecvTm': 1781071763591486601}, {'actId': 'XD16F', 'brdLtQty': 1, 'cfBuyAmt': '0.00', 'cfSellAmt': '0.00', 'cfBuyQty': '0', 'cfSellQty': '0', 'exSeg': 'nse_cm', 'buyAmt': '3528.40', 'sellAmt': '3530.00', 'flBuyQty': '2', 'flSellQty': '2', 'prod': 'MIS', 'series': 'EQ', 'tok': '21808', 'trdSym': 'SBILIFE-EQ', 'optTp': '- ', 'stkPrc': '0.00', 'type': 'NA', 'sym': 'SBILIFE', 'sqrFlg': 'Y', 'posFlg': 'true', 'lotSz': '1', 'multiplier': '1', 'precision': '2', 'prcNum': '1', 'prcDen': '1', 'hsUpTm': '2026/06/10 09:34:46', 'expDt': 'NA', 'exp': '--', 'genNum': '1', 'genDen': '1', 'dscQty': '', 'upldPrc': '0.00', 'updRecvTm': 1781064286180980811}]}
2026-06-10 11:41:49 [WARNING] core.broker_reconciliation:    Data structure: <class 'list'>
2026-06-10 11:41:49 [WARNING] core.broker_reconciliation:    First row keys: ['actId', 'brdLtQty', 'cfBuyAmt', 'cfSellAmt', 'cfBuyQty', 'cfSellQty', 'exSeg', 'buyAmt', 'sellAmt', 'flBuyQty', 'flSellQty', 'prod', 'series', 'tok', 'trdSym', 'optTp', 'stkPrc', 'type', 'sym', 'sqrFlg', 'posFlg', 'lotSz', 'multiplier', 'precision', 'prcNum', 'prcDen', 'hsUpTm', 'expDt', 'exp', 'genNum', 'genDen', 'dscQty', 'upldPrc', 'updRecvTm']
2026-06-10 11:41:49 [WARNING] core.broker_reconciliation:    Parsed positions: 0 | Details: {}
2026-06-10 11:41:49 [INFO] core.broker_reconciliation: Broker reconciliation OK | 0 position(s) matched
2026-06-10 11:41:49 [INFO] AlcoSoft: [3c/6] Validating capital allocation configuration...
2026-06-10 11:41:49 [INFO] core.order_executor: ✅ Allocation configuration valid
2026-06-10 11:41:49 [INFO] AlcoSoft: ✅ Capital allocation configuration valid
2026-06-10 11:41:49 [INFO] AlcoSoft: [4/6] Checking today's morning screener briefing...
2026-06-10 11:41:49 [INFO] core.state_manager: [BRIEFING] Loading from data/session_briefing.json...
2026-06-10 11:41:49 [INFO] core.state_manager: [BRIEFING] Loaded Valid: 8 approved + 22 watchlist (MORNING_SCREENER)
2026-06-10 11:41:49 [INFO] core.state_manager: [BRIEFING] Validation PASSED: 8 approved + 22 watchlist (MORNING_SCREENER)
2026-06-10 11:41:49 [INFO] AlcoSoft: [4/6] Skipping screener: today's MORNING_SCREENER briefing exists (8 approved + 22 watchlist).
2026-06-10 11:41:49 [INFO] AlcoSoft: [5/6] Loading and validating briefing for trading...
2026-06-10 11:41:49 [INFO] core.state_manager: [BRIEFING] Loading from data/session_briefing.json...
2026-06-10 11:41:49 [INFO] core.state_manager: [BRIEFING] Loaded Valid: 8 approved + 22 watchlist (MORNING_SCREENER)
2026-06-10 11:41:49 [INFO] core.state_manager: [BRIEFING] Validation PASSED: 8 approved + 22 watchlist (MORNING_SCREENER)
2026-06-10 11:41:49 [INFO] core.state_manager: [BRIEFING] Safety gate PASSED: Ready for trading
2026-06-10 11:41:49 [INFO] core.state_manager: [BRIEFING] Validation PASSED: 8 approved + 22 watchlist (MORNING_SCREENER)
2026-06-10 11:41:49 [INFO] AlcoSoft: [BRIEFING] Validated ✅
2026-06-10 11:41:49 [INFO] AlcoSoft: [BRIEFING] Subscribing live feed: 30 symbols (8 cognition + 22 watchlist)
2026-06-10 11:41:49 [INFO] core.data_fetcher: Starting live feed for 30 symbols: ['SUNPHARMA', 'DIVISLAB', 'TATASTEEL', 'SBIN', 'TITAN', 'RELIANCE', 'NTPC', 'HDFCLIFE', 'ICICIBANK', 'APOLLOHOSP', 'TCS', 'HDFCBANK', 'INFY', 'HINDUNILVR', 'ITC', 'BHARTIARTL', 'LT', 'HCLTECH', 'MARUTI', 'WIPRO', 'NESTLEIND', 'BAJAJFINSV', 'DRREDDY', 'EICHERMOT', 'HEROMOTOCO', 'HINDALCO', 'JSWSTEEL', 'M&M', 'SBILIFE', 'TATACONSUM']
2026-06-10 11:41:49 [INFO] core.data_fetcher: Subscribing to 30 instruments...
2026-06-10 11:41:49 [INFO] core.data_fetcher: ✅ Subscribed to live feed: ['3351', '10940', '3499', '3045', '3506', '2885', '11630', '467', '4963', '157', '11536', '1333', '1594', '1394', '1660', '10604', '11483', '7229', '10999', '3787', '17963', '16675', '881', '910', '1348', '1363', '11723', '2031', '21808', '3432']
2026-06-10 11:41:49 [INFO] core.state_manager: [BRIEFING] Saving to data/session_briefing.json...
2026-06-10 11:41:49 [INFO] core.state_manager: [BRIEFING] Saved and verified: data/session_briefing.json
2026-06-10 11:41:49 [INFO] core.state_manager: [BRIEFING]   - Approved: 8
2026-06-10 11:41:49 [INFO] core.state_manager: [BRIEFING]   - Watchlist: 22
2026-06-10 11:41:49 [INFO] AlcoSoft: [BRIEFING] Saved
2026-06-10 11:41:49 [INFO] AlcoSoft: Live feed active for 30 symbols.
2026-06-10 11:41:49 [INFO] AlcoSoft:   Cognition picks : ['SUNPHARMA', 'DIVISLAB', 'TATASTEEL', 'SBIN', 'TITAN', 'RELIANCE', 'NTPC', 'HDFCLIFE']
2026-06-10 11:41:49 [INFO] AlcoSoft:   Math watchlist : ['ICICIBANK', 'APOLLOHOSP', 'TCS', 'HDFCBANK', 'INFY', 'HINDUNILVR', 'ITC', 'BHARTIARTL', 'LT', 'HCLTECH', 'MARUTI', 'WIPRO', 'NESTLEIND', 'BAJAJFINSV', 'DRREDDY', 'EICHERMOT', 'HEROMOTOCO', 'HINDALCO', 'JSWSTEEL', 'M&M', 'SBILIFE', 'TATACONSUM']
2026-06-10 11:41:49 [INFO] AlcoSoft: [6/6] Verifying live feed...
2026-06-10 11:41:49 [INFO] core.data_fetcher: ✅ WebSocket connection opened.
2026-06-10 11:41:49 [INFO] core.data_fetcher: 📡 Live feed | ticks received: 30/30 symbols | active=['SUNPHARMA', 'DIVISLAB', 'TATASTEEL', 'SBIN', 'TITAN', 'RELIANCE', 'NTPC', 'HDFCLIFE']...
2026-06-10 11:41:52 [INFO] AlcoSoft: ✅ Live feed: Ticks flowing (54 total); building candles (3+ needed for health OK)
2026-06-10 11:41:52 [INFO] AlcoSoft: ✅ System startup complete. Trading ready.
2026-06-10 11:41:52 [INFO] apscheduler.scheduler: Adding job tentatively -- it will be properly scheduled when the scheduler starts
2026-06-10 11:41:52 [INFO] apscheduler.scheduler: Adding job tentatively -- it will be properly scheduled when the scheduler starts
2026-06-10 11:41:52 [INFO] apscheduler.scheduler: Adding job tentatively -- it will be properly scheduled when the scheduler starts
2026-06-10 11:41:52 [INFO] apscheduler.scheduler: Adding job tentatively -- it will be properly scheduled when the scheduler starts
2026-06-10 11:41:52 [INFO] apscheduler.scheduler: Adding job tentatively -- it will be properly scheduled when the scheduler starts
2026-06-10 11:41:52 [INFO] apscheduler.scheduler: Added job "Morning Stock Screener" to job store "default"
2026-06-10 11:41:52 [INFO] apscheduler.scheduler: Added job "Market Observation Loop" to job store "default"
2026-06-10 11:41:52 [INFO] apscheduler.scheduler: Added job "Emergency Squareoff" to job store "default"
2026-06-10 11:41:52 [INFO] apscheduler.scheduler: Added job "Owl Alpha Reflection" to job store "default"
2026-06-10 11:41:52 [INFO] apscheduler.scheduler: Added job "End-of-Day Report" to job store "default"
2026-06-10 11:41:52 [INFO] apscheduler.scheduler: Scheduler started
2026-06-10 11:41:52 [INFO] AlcoSoft: Scheduler started:
   08:45 AM - Morning screener
   Every 15 min - Observation loop
   15:15 PM - Emergency squareoff (before close)
   15:30 PM - Market close report
   15:35 PM - Reflection cycle
2026-06-10 11:41:52 [INFO] AlcoSoft: Starting strategy loop. Press Ctrl+C to shutdown safely.
2026-06-10 11:41:52 [INFO] core.strategy: ⚡ Strategy loop started | Mode: INTRADAY | Lookback: 3 candles | Buy sets: 10 | Sell sets: 6 | Buy gate: 2+ completed live WS candles | Config: strategy_sets.json
2026-06-10 11:41:52 [INFO] core.state_manager: [BRIEFING] Loading from data/session_briefing.json...
2026-06-10 11:41:52 [INFO] core.state_manager: [BRIEFING] Loaded Valid: 8 approved + 22 watchlist (MORNING_SCREENER)
2026-06-10 11:41:52 [INFO] core.strategy: ─── Scan summary (30 subscribed) ───
  [Cognition] SUNPHARMA: ticks=2 | live_candles=1
  [Cognition] DIVISLAB: ticks=1 | live_candles=1
  [Cognition] TATASTEEL: ticks=3 | live_candles=1
  [Cognition] SBIN: ticks=2 | live_candles=1
  [Cognition] TITAN: ticks=1 | live_candles=1
  [Cognition] RELIANCE: ticks=3 | live_candles=1
  [Cognition] NTPC: ticks=1 | live_candles=1
  [Cognition] HDFCLIFE: ticks=1 | live_candles=1
  [Math] ICICIBANK: ticks=1 | live_candles=1
  [Math] APOLLOHOSP: ticks=2 | live_candles=1
  [Math] TCS: ticks=1 | live_candles=1
  [Math] HDFCBANK: ticks=3 | live_candles=1
  [Math] INFY: ticks=2 | live_candles=1
  [Math] HINDUNILVR: ticks=3 | live_candles=1
  [Math] ITC: ticks=3 | live_candles=1
  [Math] BHARTIARTL: ticks=2 | live_candles=1
  [Math] LT: ticks=2 | live_candles=1
  [Math] HCLTECH: ticks=1 | live_candles=1
  [Math] MARUTI: ticks=3 | live_candles=1
  [Math] WIPRO: ticks=3 | live_candles=1
  [Math] NESTLEIND: ticks=1 | live_candles=1
  [Math] BAJAJFINSV: ticks=2 | live_candles=1
  [Math] DRREDDY: ticks=1 | live_candles=1
  [Math] EICHERMOT: ticks=1 | live_candles=1
  [Math] HEROMOTOCO: ticks=1 | live_candles=1
  [Math] HINDALCO: ticks=2 | live_candles=1
  [Math] JSWSTEEL: ticks=1 | live_candles=1
  [Math] M&M: ticks=2 | live_candles=1
  [Math] SBILIFE: ticks=2 | live_candles=1
  [Math] TATACONSUM: ticks=1 | live_candles=1
2026-06-10 11:42:53 [INFO] core.state_manager: [BRIEFING] Loading from data/session_briefing.json...
2026-06-10 11:42:53 [INFO] core.state_manager: [BRIEFING] Loaded Valid: 8 approved + 22 watchlist (MORNING_SCREENER)
2026-06-10 11:43:23 [INFO] core.strategy: ─── Scan summary (30 subscribed) ───
  [Cognition] SUNPHARMA: ticks=40 | live_candles=1
  [Cognition] DIVISLAB: ticks=19 | live_candles=1
  [Cognition] TATASTEEL: ticks=52 | live_candles=1
  [Cognition] SBIN: ticks=71 | live_candles=1
  [Cognition] TITAN: ticks=18 | live_candles=1
  [Cognition] RELIANCE: ticks=62 | live_candles=1
  [Cognition] NTPC: ticks=35 | live_candles=1
  [Cognition] HDFCLIFE: ticks=25 | live_candles=1
  [Math] ICICIBANK: ticks=79 | live_candles=1
  [Math] APOLLOHOSP: ticks=18 | live_candles=1
  [Math] TCS: ticks=38 | live_candles=1
  [Math] HDFCBANK: ticks=69 | live_candles=1
  [Math] INFY: ticks=68 | live_candles=1
  [Math] HINDUNILVR: ticks=45 | live_candles=1
  [Math] ITC: ticks=72 | live_candles=1
  [Math] BHARTIARTL: ticks=55 | live_candles=1
  [Math] LT: ticks=39 | live_candles=1
  [Math] HCLTECH: ticks=16 | live_candles=1
  [Math] MARUTI: ticks=28 | live_candles=1
  [Math] WIPRO: ticks=31 | live_candles=1
  [Math] NESTLEIND: ticks=18 | live_candles=1
  [Math] BAJAJFINSV: ticks=19 | live_candles=1
  [Math] DRREDDY: ticks=11 | live_candles=1
  [Math] EICHERMOT: ticks=22 | live_candles=1
  [Math] HEROMOTOCO: ticks=12 | live_candles=1
  [Math] HINDALCO: ticks=41 | live_candles=1
  [Math] JSWSTEEL: ticks=56 | live_candles=1
  [Math] M&M: ticks=39 | live_candles=1
  [Math] SBILIFE: ticks=14 | live_candles=1
  [Math] TATACONSUM: ticks=29 | live_candles=1
2026-06-10 11:43:49 [INFO] core.data_fetcher: 📡 Live feed | ticks received: 30/30 symbols | active=['SUNPHARMA', 'DIVISLAB', 'TATASTEEL', 'SBIN', 'TITAN', 'RELIANCE', 'NTPC', 'HDFCLIFE']...
2026-06-10 11:43:54 [INFO] core.state_manager: [BRIEFING] Loading from data/session_briefing.json...
2026-06-10 11:43:54 [INFO] core.state_manager: [BRIEFING] Loaded Valid: 8 approved + 22 watchlist (MORNING_SCREENER)
2026-06-10 11:44:54 [INFO] core.strategy: ─── Scan summary (30 subscribed) ───
  [Cognition] SUNPHARMA: ticks=78 | live_candles=1
  [Cognition] DIVISLAB: ticks=46 | live_candles=1
  [Cognition] TATASTEEL: ticks=93 | live_candles=1
  [Cognition] SBIN: ticks=145 | live_candles=1
  [Cognition] TITAN: ticks=46 | live_candles=1
  [Cognition] RELIANCE: ticks=122 | live_candles=1
  [Cognition] NTPC: ticks=67 | live_candles=1
  [Cognition] HDFCLIFE: ticks=45 | live_candles=1
  [Math] ICICIBANK: ticks=139 | live_candles=1
  [Math] APOLLOHOSP: ticks=31 | live_candles=1
  [Math] TCS: ticks=73 | live_candles=1
  [Math] HDFCBANK: ticks=143 | live_candles=1
  [Math] INFY: ticks=115 | live_candles=1
  [Math] HINDUNILVR: ticks=79 | live_candles=1
  [Math] ITC: ticks=126 | live_candles=1
  [Math] BHARTIARTL: ticks=116 | live_candles=1
  [Math] LT: ticks=82 | live_candles=1
  [Math] HCLTECH: ticks=44 | live_candles=1
  [Math] MARUTI: ticks=52 | live_candles=1
  [Math] WIPRO: ticks=71 | live_candles=1
  [Math] NESTLEIND: ticks=37 | live_candles=1
  [Math] BAJAJFINSV: ticks=39 | live_candles=1
  [Math] DRREDDY: ticks=16 | live_candles=1
  [Math] EICHERMOT: ticks=39 | live_candles=1
  [Math] HEROMOTOCO: ticks=24 | live_candles=1
  [Math] HINDALCO: ticks=80 | live_candles=1
  [Math] JSWSTEEL: ticks=86 | live_candles=1
  [Math] M&M: ticks=86 | live_candles=1
  [Math] SBILIFE: ticks=33 | live_candles=1
  [Math] TATACONSUM: ticks=52 | live_candles=1
2026-06-10 11:44:56 [INFO] core.state_manager: [BRIEFING] Loading from data/session_briefing.json...
2026-06-10 11:44:56 [INFO] core.state_manager: [BRIEFING] Loaded Valid: 8 approved + 22 watchlist (MORNING_SCREENER)
2026-06-10 11:45:00 [INFO] core.data_fetcher: 🕯️ Candle closed: HDFCBANK | 2026-06-10 11:40 | O:742.60 H:743.25 L:741.90 C:742.35 V:265113.0
2026-06-10 11:45:00 [INFO] core.data_fetcher: 🕯️ Candle closed: INFY | 2026-06-10 11:40 | O:1156.10 H:1156.30 L:1155.10 C:1155.10 V:29188.0
2026-06-10 11:45:00 [INFO] core.data_fetcher: 🕯️ Candle closed: SBIN | 2026-06-10 11:40 | O:1008.20 H:1008.60 L:1007.50 C:1008.60 V:136448.0
2026-06-10 11:45:00 [INFO] core.data_fetcher: 🕯️ Candle closed: HCLTECH | 2026-06-10 11:40 | O:1146.00 H:1146.20 L:1145.40 C:1146.00 V:6437.0
2026-06-10 11:45:00 [INFO] core.data_fetcher: 🕯️ Candle closed: HINDALCO | 2026-06-10 11:40 | O:1049.20 H:1051.10 L:1048.40 C:1051.10 V:37740.0
2026-06-10 11:45:00 [INFO] core.data_fetcher: 🕯️ Candle closed: BHARTIARTL | 2026-06-10 11:40 | O:1792.00 H:1793.60 L:1791.90 C:1793.60 V:30040.0
2026-06-10 11:45:00 [INFO] core.data_fetcher: 🕯️ Candle closed: ICICIBANK | 2026-06-10 11:40 | O:1304.10 H:1306.00 L:1303.70 C:1305.00 V:288117.0
2026-06-10 11:45:00 [INFO] core.data_fetcher: 🕯️ Candle closed: M&M | 2026-06-10 11:40 | O:2986.20 H:2988.40 L:2985.10 C:2987.90 V:23766.0
2026-06-10 11:45:01 [INFO] core.data_fetcher: 🕯️ Candle closed: HINDUNILVR | 2026-06-10 11:40 | O:2192.90 H:2194.30 L:2192.00 C:2193.50 V:7290.0
2026-06-10 11:45:01 [INFO] core.data_fetcher: 🕯️ Candle closed: TATASTEEL | 2026-06-10 11:40 | O:202.16 H:202.19 L:202.00 C:202.13 V:83341.0
2026-06-10 11:45:01 [INFO] core.data_fetcher: 🕯️ Candle closed: TATACONSUM | 2026-06-10 11:40 | O:1114.50 H:1118.90 L:1114.20 C:1118.90 V:51745.0
2026-06-10 11:45:01 [INFO] core.data_fetcher: 🕯️ Candle closed: RELIANCE | 2026-06-10 11:40 | O:1278.40 H:1278.90 L:1277.50 C:1277.80 V:84942.0
2026-06-10 11:45:01 [INFO] core.data_fetcher: 🕯️ Candle closed: SUNPHARMA | 2026-06-10 11:40 | O:1793.60 H:1793.60 L:1792.00 C:1793.10 V:6950.0
2026-06-10 11:45:01 [INFO] core.data_fetcher: 🕯️ Candle closed: NTPC | 2026-06-10 11:40 | O:356.50 H:356.55 L:356.50 C:356.50 V:21506.0
2026-06-10 11:45:01 [INFO] core.data_fetcher: 🕯️ Candle closed: WIPRO | 2026-06-10 11:40 | O:181.10 H:181.24 L:181.06 C:181.11 V:94506.0
2026-06-10 11:45:01 [INFO] core.data_fetcher: 🕯️ Candle closed: ITC | 2026-06-10 11:40 | O:284.25 H:284.40 L:284.20 C:284.35 V:28954.0
2026-06-10 11:45:01 [INFO] core.data_fetcher: 🕯️ Candle closed: NESTLEIND | 2026-06-10 11:40 | O:1444.50 H:1445.30 L:1443.70 C:1444.70 V:14726.0
2026-06-10 11:45:01 [INFO] core.data_fetcher: 🕯️ Candle closed: BAJAJFINSV | 2026-06-10 11:40 | O:1696.10 H:1696.10 L:1694.10 C:1696.10 V:1633.0
2026-06-10 11:45:01 [INFO] core.data_fetcher: 🕯️ Candle closed: JSWSTEEL | 2026-06-10 11:40 | O:1292.00 H:1292.00 L:1287.60 C:1289.60 V:41330.0
2026-06-10 11:45:01 [INFO] core.data_fetcher: 🕯️ Candle closed: DIVISLAB | 2026-06-10 11:40 | O:6800.50 H:6800.50 L:6787.50 C:6800.00 V:10720.0
2026-06-10 11:45:01 [INFO] core.data_fetcher: 🕯️ Candle closed: MARUTI | 2026-06-10 11:40 | O:13185.00 H:13200.00 L:13184.00 C:13198.00 V:1189.0
2026-06-10 11:45:02 [INFO] core.data_fetcher: 🕯️ Candle closed: TCS | 2026-06-10 11:40 | O:2168.00 H:2168.50 L:2166.30 C:2166.70 V:10998.0
2026-06-10 11:45:02 [INFO] core.data_fetcher: 🕯️ Candle closed: LT | 2026-06-10 11:40 | O:3941.50 H:3945.00 L:3940.00 C:3940.60 V:6290.0
2026-06-10 11:45:03 [INFO] core.data_fetcher: 🕯️ Candle closed: SBILIFE | 2026-06-10 11:40 | O:1766.40 H:1767.20 L:1766.30 C:1767.20 V:5984.0
2026-06-10 11:45:03 [INFO] core.data_fetcher: 🕯️ Candle closed: HDFCLIFE | 2026-06-10 11:40 | O:561.60 H:562.00 L:561.50 C:561.70 V:11082.0
2026-06-10 11:45:03 [INFO] core.data_fetcher: 🕯️ Candle closed: TITAN | 2026-06-10 11:40 | O:4109.00 H:4115.00 L:4107.00 C:4113.40 V:3403.0
2026-06-10 11:45:05 [INFO] core.data_fetcher: 🕯️ Candle closed: EICHERMOT | 2026-06-10 11:40 | O:7236.00 H:7240.00 L:7233.00 C:7238.50 V:2069.0
2026-06-10 11:45:05 [INFO] core.data_fetcher: 🕯️ Candle closed: HEROMOTOCO | 2026-06-10 11:40 | O:4919.70 H:4925.00 L:4918.50 C:4925.00 V:1628.0
2026-06-10 11:45:12 [INFO] core.data_fetcher: 🕯️ Candle closed: APOLLOHOSP | 2026-06-10 11:40 | O:8604.00 H:8609.50 L:8600.00 C:8605.00 V:2705.0
2026-06-10 11:45:19 [INFO] core.data_fetcher: 🕯️ Candle closed: DRREDDY | 2026-06-10 11:40 | O:1277.00 H:1277.00 L:1276.10 C:1276.20 V:3843.0
2026-06-10 11:45:50 [INFO] core.data_fetcher: 📡 Live feed | ticks received: 30/30 symbols | active=['SUNPHARMA', 'DIVISLAB', 'TATASTEEL', 'SBIN', 'TITAN', 'RELIANCE', 'NTPC', 'HDFCLIFE']...
2026-06-10 11:45:57 [INFO] core.state_manager: [BRIEFING] Loading from data/session_briefing.json...
2026-06-10 11:45:57 [INFO] core.state_manager: [BRIEFING] Loaded Valid: 8 approved + 22 watchlist (MORNING_SCREENER)
2026-06-10 11:46:26 [INFO] core.strategy: ─── Scan summary (30 subscribed) ───
  [Cognition] SUNPHARMA: ticks=116 | live_candles=2
  [Cognition] DIVISLAB: ticks=66 | live_candles=2
  [Cognition] TATASTEEL: ticks=152 | live_candles=2
  [Cognition] SBIN: ticks=211 | live_candles=2
  [Cognition] TITAN: ticks=62 | live_candles=2
  [Cognition] RELIANCE: ticks=189 | live_candles=2
  [Cognition] NTPC: ticks=101 | live_candles=2
  [Cognition] HDFCLIFE: ticks=61 | live_candles=2
  [Math] ICICIBANK: ticks=200 | live_candles=2
  [Math] APOLLOHOSP: ticks=52 | live_candles=2
  [Math] TCS: ticks=115 | live_candles=2
  [Math] HDFCBANK: ticks=202 | live_candles=2
  [Math] INFY: ticks=197 | live_candles=2
  [Math] HINDUNILVR: ticks=128 | live_candles=2
  [Math] ITC: ticks=192 | live_candles=2
  [Math] BHARTIARTL: ticks=174 | live_candles=2
  [Math] LT: ticks=128 | live_candles=2
  [Math] HCLTECH: ticks=71 | live_candles=2
  [Math] MARUTI: ticks=88 | live_candles=2
  [Math] WIPRO: ticks=106 | live_candles=2
  [Math] NESTLEIND: ticks=61 | live_candles=2
  [Math] BAJAJFINSV: ticks=61 | live_candles=2
  [Math] DRREDDY: ticks=28 | live_candles=2
  [Math] EICHERMOT: ticks=52 | live_candles=2
  [Math] HEROMOTOCO: ticks=49 | live_candles=2
  [Math] HINDALCO: ticks=126 | live_candles=2
  [Math] JSWSTEEL: ticks=127 | live_candles=2
  [Math] M&M: ticks=131 | live_candles=2
  [Math] SBILIFE: ticks=83 | live_candles=2
  [Math] TATACONSUM: ticks=81 | live_candles=2
2026-06-10 11:46:57 [INFO] core.state_manager: [BRIEFING] Loading from data/session_briefing.json...
2026-06-10 11:46:57 [INFO] core.state_manager: [BRIEFING] Loaded Valid: 8 approved + 22 watchlist (MORNING_SCREENER)
2026-06-10 11:47:50 [INFO] core.data_fetcher: 📡 Live feed | ticks received: 30/30 symbols | active=['SUNPHARMA', 'DIVISLAB', 'TATASTEEL', 'SBIN', 'TITAN', 'RELIANCE', 'NTPC', 'HDFCLIFE']...
2026-06-10 11:47:56 [INFO] core.strategy: ─── Scan summary (30 subscribed) ───
  [Cognition] SUNPHARMA: ticks=150 | live_candles=2
  [Cognition] DIVISLAB: ticks=86 | live_candles=2
  [Cognition] TATASTEEL: ticks=212 | live_candles=2
  [Cognition] SBIN: ticks=261 | live_candles=2
  [Cognition] TITAN: ticks=87 | live_candles=2
  [Cognition] RELIANCE: ticks=246 | live_candles=2
  [Cognition] NTPC: ticks=137 | live_candles=2
  [Cognition] HDFCLIFE: ticks=78 | live_candles=2
  [Math] ICICIBANK: ticks=283 | live_candles=2
  [Math] APOLLOHOSP: ticks=72 | live_candles=2
  [Math] TCS: ticks=183 | live_candles=2
  [Math] HDFCBANK: ticks=258 | live_candles=2
  [Math] INFY: ticks=262 | live_candles=2
  [Math] HINDUNILVR: ticks=173 | live_candles=2
  [Math] ITC: ticks=251 | live_candles=2
  [Math] BHARTIARTL: ticks=240 | live_candles=2
  [Math] LT: ticks=169 | live_candles=2
  [Math] HCLTECH: ticks=97 | live_candles=2
  [Math] MARUTI: ticks=112 | live_candles=2
  [Math] WIPRO: ticks=141 | live_candles=2
  [Math] NESTLEIND: ticks=78 | live_candles=2
  [Math] BAJAJFINSV: ticks=80 | live_candles=2
  [Math] DRREDDY: ticks=36 | live_candles=2
  [Math] EICHERMOT: ticks=67 | live_candles=2
  [Math] HEROMOTOCO: ticks=62 | live_candles=2
  [Math] HINDALCO: ticks=168 | live_candles=2
  [Math] JSWSTEEL: ticks=151 | live_candles=2
  [Math] M&M: ticks=173 | live_candles=2
  [Math] SBILIFE: ticks=127 | live_candles=2
  [Math] TATACONSUM: ticks=93 | live_candles=2
2026-06-10 11:47:58 [INFO] core.state_manager: [BRIEFING] Loading from data/session_briefing.json...
2026-06-10 11:47:58 [INFO] core.state_manager: [BRIEFING] Loaded Valid: 8 approved + 22 watchlist (MORNING_SCREENER)
2026-06-10 11:48:59 [INFO] core.state_manager: [BRIEFING] Loading from data/session_briefing.json...
2026-06-10 11:48:59 [INFO] core.state_manager: [BRIEFING] Loaded Valid: 8 approved + 22 watchlist (MORNING_SCREENER)
2026-06-10 11:49:28 [INFO] core.strategy: ─── Scan summary (30 subscribed) ───
  [Cognition] SUNPHARMA: ticks=186 | live_candles=2
  [Cognition] DIVISLAB: ticks=104 | live_candles=2
  [Cognition] TATASTEEL: ticks=269 | live_candles=2
  [Cognition] SBIN: ticks=323 | live_candles=2
  [Cognition] TITAN: ticks=116 | live_candles=2
  [Cognition] RELIANCE: ticks=310 | live_candles=2
  [Cognition] NTPC: ticks=173 | live_candles=2
  [Cognition] HDFCLIFE: ticks=98 | live_candles=2
  [Math] ICICIBANK: ticks=365 | live_candles=2
  [Math] APOLLOHOSP: ticks=95 | live_candles=2
  [Math] TCS: ticks=227 | live_candles=2
  [Math] HDFCBANK: ticks=315 | live_candles=2
  [Math] INFY: ticks=300 | live_candles=2
  [Math] HINDUNILVR: ticks=203 | live_candles=2
  [Math] ITC: ticks=330 | live_candles=2
  [Math] BHARTIARTL: ticks=300 | live_candles=2
  [Math] LT: ticks=208 | live_candles=2
  [Math] HCLTECH: ticks=122 | live_candles=2
  [Math] MARUTI: ticks=144 | live_candles=2
  [Math] WIPRO: ticks=169 | live_candles=2
  [Math] NESTLEIND: ticks=109 | live_candles=2
  [Math] BAJAJFINSV: ticks=97 | live_candles=2
  [Math] DRREDDY: ticks=42 | live_candles=2
  [Math] EICHERMOT: ticks=81 | live_candles=2
  [Math] HEROMOTOCO: ticks=86 | live_candles=2
  [Math] HINDALCO: ticks=205 | live_candles=2
  [Math] JSWSTEEL: ticks=176 | live_candles=2
  [Math] M&M: ticks=219 | live_candles=2
  [Math] SBILIFE: ticks=142 | live_candles=2
  [Math] TATACONSUM: ticks=117 | live_candles=2
2026-06-10 11:49:50 [INFO] core.data_fetcher: 📡 Live feed | ticks received: 30/30 symbols | active=['SUNPHARMA', 'DIVISLAB', 'TATASTEEL', 'SBIN', 'TITAN', 'RELIANCE', 'NTPC', 'HDFCLIFE']...
2026-06-10 11:50:00 [INFO] core.data_fetcher: 🕯️ Candle closed: TATASTEEL | 2026-06-10 11:45 | O:202.15 H:202.23 L:201.83 C:202.17 V:325438.0
2026-06-10 11:50:00 [INFO] core.data_fetcher: 🕯️ Candle closed: ICICIBANK | 2026-06-10 11:45 | O:1305.40 H:1305.50 L:1302.90 C:1304.00 V:435900.0
2026-06-10 11:50:00 [INFO] core.data_fetcher: 🕯️ Candle closed: HDFCBANK | 2026-06-10 11:45 | O:742.45 H:742.60 L:742.00 C:742.25 V:196066.0
2026-06-10 11:50:00 [INFO] core.data_fetcher: 🕯️ Candle closed: ITC | 2026-06-10 11:45 | O:284.30 H:284.40 L:284.10 C:284.20 V:406070.0
2026-06-10 11:50:00 [INFO] core.data_fetcher: 🕯️ Candle closed: JSWSTEEL | 2026-06-10 11:45 | O:1289.90 H:1291.50 L:1288.40 C:1290.60 V:16806.0
2026-06-10 11:50:00 [INFO] core.data_fetcher: 🕯️ Candle closed: RELIANCE | 2026-06-10 11:45 | O:1277.70 H:1277.90 L:1276.40 C:1277.00 V:114948.0
2026-06-10 11:50:00 [INFO] core.data_fetcher: 🕯️ Candle closed: SUNPHARMA | 2026-06-10 11:45 | O:1792.50 H:1793.30 L:1791.20 C:1793.00 V:13391.0
2026-06-10 11:50:00 [INFO] core.data_fetcher: 🕯️ Candle closed: NTPC | 2026-06-10 11:45 | O:356.55 H:356.55 L:355.85 C:356.20 V:194623.0
2026-06-10 11:50:00 [INFO] core.data_fetcher: 🕯️ Candle closed: SBIN | 2026-06-10 11:45 | O:1008.50 H:1009.00 L:1007.75 C:1008.80 V:217649.0
2026-06-10 11:50:00 [INFO] core.data_fetcher: 🕯️ Candle closed: TITAN | 2026-06-10 11:45 | O:4115.30 H:4115.40 L:4100.60 C:4105.60 V:18974.0
2026-06-10 11:50:00 [INFO] core.state_manager: [BRIEFING] Loading from data/session_briefing.json...
2026-06-10 11:50:00 [INFO] core.state_manager: [BRIEFING] Loaded Valid: 8 approved + 22 watchlist (MORNING_SCREENER)
2026-06-10 11:50:01 [INFO] core.data_fetcher: 🕯️ Candle closed: HINDUNILVR | 2026-06-10 11:45 | O:2193.90 H:2195.00 L:2190.00 C:2192.20 V:18483.0
2026-06-10 11:50:01 [INFO] core.data_fetcher: 🕯️ Candle closed: BAJAJFINSV | 2026-06-10 11:45 | O:1694.90 H:1695.20 L:1692.40 C:1694.40 V:2832.0
2026-06-10 11:50:01 [INFO] core.data_fetcher: 🕯️ Candle closed: WIPRO | 2026-06-10 11:45 | O:181.12 H:181.15 L:181.01 C:181.08 V:86526.0
2026-06-10 11:50:02 [INFO] core.data_fetcher: 🕯️ Candle closed: BHARTIARTL | 2026-06-10 11:45 | O:1793.40 H:1794.80 L:1791.30 C:1794.80 V:46771.0
2026-06-10 11:50:02 [INFO] core.data_fetcher: 🕯️ Candle closed: HINDALCO | 2026-06-10 11:45 | O:1051.30 H:1051.30 L:1049.20 C:1050.90 V:65022.0
2026-06-10 11:50:03 [INFO] core.data_fetcher: 🕯️ Candle closed: HCLTECH | 2026-06-10 11:45 | O:1145.90 H:1146.00 L:1144.20 C:1145.20 V:17125.0
2026-06-10 11:50:03 [INFO] core.data_fetcher: 🕯️ Candle closed: HDFCLIFE | 2026-06-10 11:45 | O:561.60 H:561.95 L:561.40 C:561.95 V:14034.0
2026-06-10 11:50:03 [INFO] core.data_fetcher: 🕯️ Candle closed: TCS | 2026-06-10 11:45 | O:2166.60 H:2166.90 L:2162.50 C:2164.60 V:38729.0
2026-06-10 11:50:03 [INFO] core.strategy: ✅ SUNPHARMA — Yahoo chart fetched 332 5m candles (attempt 1)
2026-06-10 11:50:03 [INFO] core.strategy: 📦 SUNPHARMA — Combined: 329 yfinance + 3 WebSocket = 332 total candles (dropped 2 duplicate Yahoo candles at stitch boundary)
2026-06-10 11:50:04 [INFO] core.data_fetcher: 🕯️ Candle closed: EICHERMOT | 2026-06-10 11:45 | O:7237.50 H:7237.50 L:7230.00 C:7232.00 V:1058.0
2026-06-10 11:50:04 [INFO] core.strategy: ✅ TATASTEEL — Yahoo chart fetched 331 5m candles (attempt 1)
2026-06-10 11:50:04 [INFO] core.strategy: 📦 TATASTEEL — Combined: 329 yfinance + 3 WebSocket = 332 total candles (dropped 2 duplicate Yahoo candles at stitch boundary)
2026-06-10 11:50:04 [INFO] core.strategy: ✅ SBIN — Yahoo chart fetched 331 5m candles (attempt 1)
2026-06-10 11:50:04 [INFO] core.strategy: 📦 SBIN — Combined: 329 yfinance + 3 WebSocket = 332 total candles (dropped 2 duplicate Yahoo candles at stitch boundary)
2026-06-10 11:50:04 [INFO] core.data_fetcher: 🕯️ Candle closed: DIVISLAB | 2026-06-10 11:45 | O:6801.50 H:6802.00 L:6785.50 C:6795.00 V:7667.0
2026-06-10 11:50:04 [INFO] core.data_fetcher: 🕯️ Candle closed: LT | 2026-06-10 11:45 | O:3942.10 H:3942.30 L:3938.30 C:3939.80 V:33572.0
2026-06-10 11:50:04 [INFO] core.data_fetcher: 🕯️ Candle closed: HEROMOTOCO | 2026-06-10 11:45 | O:4924.70 H:4925.00 L:4916.10 C:4920.30 V:3230.0
2026-06-10 11:50:05 [INFO] core.strategy: ✅ TITAN — Yahoo chart fetched 331 5m candles (attempt 1)
2026-06-10 11:50:05 [INFO] core.strategy: 📦 TITAN — Combined: 329 yfinance + 3 WebSocket = 332 total candles (dropped 2 duplicate Yahoo candles at stitch boundary)
2026-06-10 11:50:05 [INFO] core.strategy: ✅ RELIANCE — Yahoo chart fetched 331 5m candles (attempt 1)
2026-06-10 11:50:05 [INFO] core.strategy: 📦 RELIANCE — Combined: 329 yfinance + 3 WebSocket = 332 total candles (dropped 2 duplicate Yahoo candles at stitch boundary)
2026-06-10 11:50:05 [INFO] core.strategy: ✅ NTPC — Yahoo chart fetched 332 5m candles (attempt 1)
2026-06-10 11:50:05 [INFO] core.strategy: 📦 NTPC — Combined: 329 yfinance + 3 WebSocket = 332 total candles (dropped 2 duplicate Yahoo candles at stitch boundary)
2026-06-10 11:50:05 [INFO] core.strategy: ✅ HDFCLIFE — Yahoo chart fetched 331 5m candles (attempt 1)
2026-06-10 11:50:06 [INFO] core.strategy: 📦 HDFCLIFE — Combined: 329 yfinance + 3 WebSocket = 332 total candles (dropped 2 duplicate Yahoo candles at stitch boundary)
2026-06-10 11:50:06 [INFO] core.strategy: ✅ ICICIBANK — Yahoo chart fetched 331 5m candles (attempt 1)
2026-06-10 11:50:06 [INFO] core.strategy: 📦 ICICIBANK — Combined: 329 yfinance + 3 WebSocket = 332 total candles (dropped 2 duplicate Yahoo candles at stitch boundary)
2026-06-10 11:50:06 [INFO] core.strategy: ✅ TCS — Yahoo chart fetched 331 5m candles (attempt 1)
2026-06-10 11:50:06 [INFO] core.strategy: 📦 TCS — Combined: 329 yfinance + 3 WebSocket = 332 total candles (dropped 2 duplicate Yahoo candles at stitch boundary)
2026-06-10 11:50:06 [INFO] core.strategy: ✅ HDFCBANK — Yahoo chart fetched 331 5m candles (attempt 1)
2026-06-10 11:50:06 [INFO] core.strategy: 📦 HDFCBANK — Combined: 329 yfinance + 3 WebSocket = 332 total candles (dropped 2 duplicate Yahoo candles at stitch boundary)
2026-06-10 11:50:07 [INFO] core.strategy: ✅ HINDUNILVR — Yahoo chart fetched 331 5m candles (attempt 1)
2026-06-10 11:50:07 [INFO] core.strategy: 📦 HINDUNILVR — Combined: 329 yfinance + 3 WebSocket = 332 total candles (dropped 2 duplicate Yahoo candles at stitch boundary)
2026-06-10 11:50:07 [INFO] core.strategy: ✅ ITC — Yahoo chart fetched 331 5m candles (attempt 1)
2026-06-10 11:50:07 [INFO] core.strategy: 📦 ITC — Combined: 329 yfinance + 3 WebSocket = 332 total candles (dropped 2 duplicate Yahoo candles at stitch boundary)
2026-06-10 11:50:07 [INFO] core.strategy: ✅ BHARTIARTL — Yahoo chart fetched 331 5m candles (attempt 1)
2026-06-10 11:50:07 [INFO] core.strategy: 📦 BHARTIARTL — Combined: 329 yfinance + 3 WebSocket = 332 total candles (dropped 2 duplicate Yahoo candles at stitch boundary)
2026-06-10 11:50:08 [INFO] core.strategy: ✅ LT — Yahoo chart fetched 331 5m candles (attempt 1)
2026-06-10 11:50:08 [INFO] core.strategy: 📦 LT — Combined: 329 yfinance + 3 WebSocket = 332 total candles (dropped 2 duplicate Yahoo candles at stitch boundary)
2026-06-10 11:50:08 [INFO] core.data_fetcher: 🕯️ Candle closed: APOLLOHOSP | 2026-06-10 11:45 | O:8602.50 H:8608.00 L:8596.50 C:8597.50 V:4953.0
2026-06-10 11:50:08 [INFO] core.strategy: ✅ HCLTECH — Yahoo chart fetched 331 5m candles (attempt 1)
2026-06-10 11:50:08 [INFO] core.strategy: 📦 HCLTECH — Combined: 329 yfinance + 3 WebSocket = 332 total candles (dropped 2 duplicate Yahoo candles at stitch boundary)
2026-06-10 11:50:08 [INFO] core.strategy: ✅ WIPRO — Yahoo chart fetched 331 5m candles (attempt 1)
2026-06-10 11:50:08 [INFO] core.strategy: 📦 WIPRO — Combined: 329 yfinance + 3 WebSocket = 332 total candles (dropped 2 duplicate Yahoo candles at stitch boundary)
2026-06-10 11:50:08 [INFO] core.data_fetcher: 🕯️ Candle closed: INFY | 2026-06-10 11:45 | O:1155.20 H:1155.20 L:1152.50 C:1154.30 V:185162.0
2026-06-10 11:50:08 [INFO] core.data_fetcher: 🕯️ Candle closed: M&M | 2026-06-10 11:45 | O:2987.40 H:2988.30 L:2985.60 C:2986.10 V:12845.0
2026-06-10 11:50:09 [INFO] core.strategy: ✅ BAJAJFINSV — Yahoo chart fetched 331 5m candles (attempt 1)
2026-06-10 11:50:09 [INFO] core.strategy: 📦 BAJAJFINSV — Combined: 329 yfinance + 3 WebSocket = 332 total candles (dropped 2 duplicate Yahoo candles at stitch boundary)
2026-06-10 11:50:09 [INFO] core.strategy: ✅ EICHERMOT — Yahoo chart fetched 331 5m candles (attempt 1)
2026-06-10 11:50:09 [INFO] core.strategy: 📦 EICHERMOT — Combined: 329 yfinance + 3 WebSocket = 332 total candles (dropped 2 duplicate Yahoo candles at stitch boundary)
2026-06-10 11:50:09 [INFO] core.strategy: ✅ HEROMOTOCO — Yahoo chart fetched 331 5m candles (attempt 1)
2026-06-10 11:50:09 [INFO] core.strategy: 📦 HEROMOTOCO — Combined: 329 yfinance + 3 WebSocket = 332 total candles (dropped 2 duplicate Yahoo candles at stitch boundary)
2026-06-10 11:50:09 [INFO] core.strategy: ✅ HINDALCO — Yahoo chart fetched 331 5m candles (attempt 1)
2026-06-10 11:50:09 [INFO] core.strategy: 📦 HINDALCO — Combined: 329 yfinance + 3 WebSocket = 332 total candles (dropped 2 duplicate Yahoo candles at stitch boundary)
2026-06-10 11:50:10 [INFO] core.strategy: ✅ JSWSTEEL — Yahoo chart fetched 331 5m candles (attempt 1)
2026-06-10 11:50:10 [INFO] core.strategy: 📦 JSWSTEEL — Combined: 329 yfinance + 3 WebSocket = 332 total candles (dropped 2 duplicate Yahoo candles at stitch boundary)
2026-06-10 11:50:10 [INFO] core.strategy: ✅ M&M — Yahoo chart fetched 331 5m candles (attempt 1)
2026-06-10 11:50:10 [INFO] core.strategy: 📦 M&M — Combined: 329 yfinance + 3 WebSocket = 332 total candles (dropped 2 duplicate Yahoo candles at stitch boundary)
2026-06-10 11:50:10 [INFO] core.data_fetcher: 🕯️ Candle closed: TATACONSUM | 2026-06-10 11:45 | O:1118.80 H:1118.80 L:1112.50 C:1112.70 V:37662.0
2026-06-10 11:50:12 [INFO] core.strategy: ✅ DIVISLAB — Yahoo chart fetched 331 5m candles (attempt 1)
2026-06-10 11:50:12 [INFO] core.strategy: 📦 DIVISLAB — Combined: 329 yfinance + 3 WebSocket = 332 total candles (dropped 2 duplicate Yahoo candles at stitch boundary)
2026-06-10 11:50:13 [INFO] core.strategy: ✅ APOLLOHOSP — Yahoo chart fetched 331 5m candles (attempt 1)
2026-06-10 11:50:13 [INFO] core.strategy: 📦 APOLLOHOSP — Combined: 329 yfinance + 3 WebSocket = 332 total candles (dropped 2 duplicate Yahoo candles at stitch boundary)
2026-06-10 11:50:13 [INFO] core.data_fetcher: 🕯️ Candle closed: MARUTI | 2026-06-10 11:45 | O:13196.00 H:13205.00 L:13180.00 C:13201.00 V:4231.0
2026-06-10 11:50:14 [INFO] core.strategy: ✅ INFY — Yahoo chart fetched 331 5m candles (attempt 1)
2026-06-10 11:50:14 [INFO] core.strategy: 📦 INFY — Combined: 329 yfinance + 3 WebSocket = 332 total candles (dropped 2 duplicate Yahoo candles at stitch boundary)
2026-06-10 11:50:14 [INFO] core.strategy: ✅ MARUTI — Yahoo chart fetched 331 5m candles (attempt 1)
2026-06-10 11:50:14 [INFO] core.strategy: 📦 MARUTI — Combined: 329 yfinance + 3 WebSocket = 332 total candles (dropped 2 duplicate Yahoo candles at stitch boundary)
2026-06-10 11:50:15 [INFO] core.strategy: ✅ TATACONSUM — Yahoo chart fetched 331 5m candles (attempt 1)
2026-06-10 11:50:15 [INFO] core.strategy: 📦 TATACONSUM — Combined: 329 yfinance + 3 WebSocket = 332 total candles (dropped 2 duplicate Yahoo candles at stitch boundary)
2026-06-10 11:50:20 [INFO] core.data_fetcher: 🕯️ Candle closed: NESTLEIND | 2026-06-10 11:45 | O:1444.80 H:1444.80 L:1441.00 C:1442.20 V:17676.0
2026-06-10 11:50:21 [INFO] core.strategy: ✅ NESTLEIND — Yahoo chart fetched 331 5m candles (attempt 1)
2026-06-10 11:50:21 [INFO] core.strategy: 📦 NESTLEIND — Combined: 329 yfinance + 3 WebSocket = 332 total candles (dropped 2 duplicate Yahoo candles at stitch boundary)
2026-06-10 11:50:29 [INFO] core.data_fetcher: 🕯️ Candle closed: DRREDDY | 2026-06-10 11:45 | O:1276.10 H:1276.20 L:1276.10 C:1276.20 V:1707.0
2026-06-10 11:50:31 [INFO] core.strategy: ✅ DRREDDY — Yahoo chart fetched 331 5m candles (attempt 1)
2026-06-10 11:50:31 [INFO] core.strategy: 📦 DRREDDY — Combined: 329 yfinance + 3 WebSocket = 332 total candles (dropped 2 duplicate Yahoo candles at stitch boundary)
2026-06-10 11:50:56 [INFO] core.data_fetcher: 🕯️ Candle closed: SBILIFE | 2026-06-10 11:45 | O:1766.40 H:1767.30 L:1765.30 C:1767.20 V:49871.0
2026-06-10 11:50:58 [INFO] core.strategy: ✅ SBILIFE — Yahoo chart fetched 331 5m candles (attempt 1)
2026-06-10 11:50:58 [INFO] core.strategy: 📦 SBILIFE — Combined: 329 yfinance + 3 WebSocket = 332 total candles (dropped 2 duplicate Yahoo candles at stitch boundary)
2026-06-10 11:51:00 [INFO] core.strategy: ─── Scan summary (30 subscribed) ───
  [Cognition] SUNPHARMA: ticks=217 | live_candles=3
  [Cognition] DIVISLAB: ticks=125 | live_candles=3
  [Cognition] TATASTEEL: ticks=326 | live_candles=3
  [Cognition] SBIN: ticks=383 | live_candles=3
  [Cognition] TITAN: ticks=141 | live_candles=3
  [Cognition] RELIANCE: ticks=377 | live_candles=3
  [Cognition] NTPC: ticks=209 | live_candles=3
  [Cognition] HDFCLIFE: ticks=119 | live_candles=3
  [Math] ICICIBANK: ticks=459 | live_candles=3
  [Math] APOLLOHOSP: ticks=110 | live_candles=3
  [Math] TCS: ticks=258 | live_candles=3
  [Math] HDFCBANK: ticks=389 | live_candles=3
  [Math] INFY: ticks=324 | live_candles=3
  [Math] HINDUNILVR: ticks=242 | live_candles=3
  [Math] ITC: ticks=408 | live_candles=3
  [Math] BHARTIARTL: ticks=341 | live_candles=3
  [Math] LT: ticks=245 | live_candles=3
  [Math] HCLTECH: ticks=143 | live_candles=3
  [Math] MARUTI: ticks=160 | live_candles=3
  [Math] WIPRO: ticks=201 | live_candles=3
  [Math] NESTLEIND: ticks=133 | live_candles=3
  [Math] BAJAJFINSV: ticks=116 | live_candles=3
  [Math] DRREDDY: ticks=48 | live_candles=3
  [Math] EICHERMOT: ticks=96 | live_candles=3
  [Math] HEROMOTOCO: ticks=107 | live_candles=3
  [Math] HINDALCO: ticks=241 | live_candles=3
  [Math] JSWSTEEL: ticks=217 | live_candles=3
  [Math] M&M: ticks=256 | live_candles=3
  [Math] SBILIFE: ticks=148 | live_candles=3
  [Math] TATACONSUM: ticks=137 | live_candles=3
2026-06-10 11:51:03 [INFO] core.state_manager: [BRIEFING] Loading from data/session_briefing.json...
2026-06-10 11:51:03 [INFO] core.state_manager: [BRIEFING] Loaded Valid: 8 approved + 22 watchlist (MORNING_SCREENER)
2026-06-10 11:51:50 [INFO] core.data_fetcher: 📡 Live feed | ticks received: 30/30 symbols | active=['SUNPHARMA', 'DIVISLAB', 'TATASTEEL', 'SBIN', 'TITAN', 'RELIANCE', 'NTPC', 'HDFCLIFE']...
2026-06-10 11:52:06 [INFO] core.state_manager: [BRIEFING] Loading from data/session_briefing.json...
2026-06-10 11:52:06 [INFO] core.state_manager: [BRIEFING] Loaded Valid: 8 approved + 22 watchlist (MORNING_SCREENER)
2026-06-10 11:52:33 [INFO] core.strategy: ─── Scan summary (30 subscribed) ───
  [Cognition] SUNPHARMA: ticks=250 | live_candles=3
  [Cognition] DIVISLAB: ticks=141 | live_candles=3
  [Cognition] TATASTEEL: ticks=374 | live_candles=3
  [Cognition] SBIN: ticks=428 | live_candles=3
  [Cognition] TITAN: ticks=190 | live_candles=3
  [Cognition] RELIANCE: ticks=446 | live_candles=3
  [Cognition] NTPC: ticks=248 | live_candles=3
  [Cognition] HDFCLIFE: ticks=146 | live_candles=3
  [Math] ICICIBANK: ticks=545 | live_candles=3
  [Math] APOLLOHOSP: ticks=126 | live_candles=3
  [Math] TCS: ticks=302 | live_candles=3
  [Math] HDFCBANK: ticks=467 | live_candles=3
  [Math] INFY: ticks=367 | live_candles=3
  [Math] HINDUNILVR: ticks=274 | live_candles=3
  [Math] ITC: ticks=490 | live_candles=3
  [Math] BHARTIARTL: ticks=389 | live_candles=3
  [Math] LT: ticks=285 | live_candles=3
  [Math] HCLTECH: ticks=162 | live_candles=3
  [Math] MARUTI: ticks=187 | live_candles=3
  [Math] WIPRO: ticks=233 | live_candles=3
  [Math] NESTLEIND: ticks=160 | live_candles=3
  [Math] BAJAJFINSV: ticks=137 | live_candles=3
  [Math] DRREDDY: ticks=60 | live_candles=3
  [Math] EICHERMOT: ticks=112 | live_candles=3
  [Math] HEROMOTOCO: ticks=125 | live_candles=3
  [Math] HINDALCO: ticks=285 | live_candles=3
  [Math] JSWSTEEL: ticks=244 | live_candles=3
  [Math] M&M: ticks=303 | live_candles=3
  [Math] SBILIFE: ticks=156 | live_candles=3
  [Math] TATACONSUM: ticks=151 | live_candles=3
2026-06-10 11:53:09 [INFO] core.state_manager: [BRIEFING] Loading from data/session_briefing.json...
2026-06-10 11:53:09 [INFO] core.state_manager: [BRIEFING] Loaded Valid: 8 approved + 22 watchlist (MORNING_SCREENER)
2026-06-10 11:53:50 [INFO] core.data_fetcher: 📡 Live feed | ticks received: 30/30 symbols | active=['SUNPHARMA', 'DIVISLAB', 'TATASTEEL', 'SBIN', 'TITAN', 'RELIANCE', 'NTPC', 'HDFCLIFE']...
2026-06-10 11:54:03 [INFO] core.strategy: ─── Scan summary (30 subscribed) ───
  [Cognition] SUNPHARMA: ticks=282 | live_candles=3
  [Cognition] DIVISLAB: ticks=159 | live_candles=3
  [Cognition] TATASTEEL: ticks=428 | live_candles=3
  [Cognition] SBIN: ticks=482 | live_candles=3
  [Cognition] TITAN: ticks=220 | live_candles=3
  [Cognition] RELIANCE: ticks=504 | live_candles=3
  [Cognition] NTPC: ticks=289 | live_candles=3
  [Cognition] HDFCLIFE: ticks=176 | live_candles=3
  [Math] ICICIBANK: ticks=633 | live_candles=3
  [Math] APOLLOHOSP: ticks=151 | live_candles=3
  [Math] TCS: ticks=329 | live_candles=3
  [Math] HDFCBANK: ticks=528 | live_candles=3
  [Math] INFY: ticks=409 | live_candles=3
  [Math] HINDUNILVR: ticks=313 | live_candles=3
  [Math] ITC: ticks=571 | live_candles=3
  [Math] BHARTIARTL: ticks=424 | live_candles=3
  [Math] LT: ticks=328 | live_candles=3
  [Math] HCLTECH: ticks=179 | live_candles=3
  [Math] MARUTI: ticks=218 | live_candles=3
  [Math] WIPRO: ticks=270 | live_candles=3
  [Math] NESTLEIND: ticks=186 | live_candles=3
  [Math] BAJAJFINSV: ticks=163 | live_candles=3
  [Math] DRREDDY: ticks=66 | live_candles=3
  [Math] EICHERMOT: ticks=123 | live_candles=3
  [Math] HEROMOTOCO: ticks=148 | live_candles=3
  [Math] HINDALCO: ticks=326 | live_candles=3
  [Math] JSWSTEEL: ticks=290 | live_candles=3
  [Math] M&M: ticks=350 | live_candles=3
  [Math] SBILIFE: ticks=163 | live_candles=3
  [Math] TATACONSUM: ticks=173 | live_candles=3
2026-06-10 11:54:10 [INFO] core.state_manager: [BRIEFING] Loading from data/session_briefing.json...
2026-06-10 11:54:10 [INFO] core.state_manager: [BRIEFING] Loaded Valid: 8 approved + 22 watchlist (MORNING_SCREENER)
2026-06-10 11:55:00 [INFO] core.data_fetcher: 🕯️ Candle closed: ICICIBANK | 2026-06-10 11:50 | O:1303.80 H:1304.10 L:1301.20 C:1302.60 V:246001.0
2026-06-10 11:55:00 [INFO] core.data_fetcher: 🕯️ Candle closed: RELIANCE | 2026-06-10 11:50 | O:1276.90 H:1277.70 L:1276.50 C:1277.50 V:151077.0
2026-06-10 11:55:00 [INFO] core.data_fetcher: 🕯️ Candle closed: INFY | 2026-06-10 11:50 | O:1154.10 H:1154.80 L:1153.60 C:1154.30 V:30131.0
2026-06-10 11:55:00 [INFO] core.data_fetcher: 🕯️ Candle closed: TCS | 2026-06-10 11:50 | O:2164.50 H:2166.00 L:2164.00 C:2165.80 V:13070.0
2026-06-10 11:55:00 [INFO] core.data_fetcher: 🕯️ Candle closed: WIPRO | 2026-06-10 11:50 | O:181.07 H:181.13 L:181.01 C:181.13 V:86165.0
2026-06-10 11:55:00 [INFO] core.data_fetcher: 🕯️ Candle closed: JSWSTEEL | 2026-06-10 11:50 | O:1291.00 H:1291.50 L:1288.50 C:1289.30 V:39913.0
2026-06-10 11:55:00 [INFO] core.data_fetcher: 🕯️ Candle closed: BHARTIARTL | 2026-06-10 11:50 | O:1794.70 H:1795.00 L:1793.00 C:1793.20 V:32262.0
2026-06-10 11:55:01 [INFO] core.data_fetcher: 🕯️ Candle closed: SBILIFE | 2026-06-10 11:50 | O:1766.90 H:1767.20 L:1766.50 C:1766.70 V:236.0
2026-06-10 11:55:01 [INFO] core.data_fetcher: 🕯️ Candle closed: NTPC | 2026-06-10 11:50 | O:356.25 H:356.45 L:356.25 C:356.30 V:23078.0
2026-06-10 11:55:01 [INFO] core.data_fetcher: 🕯️ Candle closed: HCLTECH | 2026-06-10 11:50 | O:1144.90 H:1146.00 L:1144.90 C:1145.60 V:10287.0
2026-06-10 11:55:01 [INFO] core.data_fetcher: 🕯️ Candle closed: HINDALCO | 2026-06-10 11:50 | O:1051.00 H:1054.90 L:1050.70 C:1052.00 V:82382.0
2026-06-10 11:55:01 [INFO] core.data_fetcher: 🕯️ Candle closed: LT | 2026-06-10 11:50 | O:3939.30 H:3943.00 L:3936.00 C:3942.00 V:29517.0
2026-06-10 11:55:01 [INFO] core.data_fetcher: 🕯️ Candle closed: HINDUNILVR | 2026-06-10 11:50 | O:2192.10 H:2193.00 L:2190.40 C:2191.30 V:10910.0
2026-06-10 11:55:01 [INFO] core.data_fetcher: 🕯️ Candle closed: TATACONSUM | 2026-06-10 11:50 | O:1112.60 H:1113.70 L:1111.50 C:1113.70 V:9632.0
2026-06-10 11:55:01 [INFO] core.data_fetcher: 🕯️ Candle closed: HDFCBANK | 2026-06-10 11:50 | O:742.30 H:742.50 L:742.00 C:742.10 V:210067.0
2026-06-10 11:55:01 [INFO] core.data_fetcher: 🕯️ Candle closed: HEROMOTOCO | 2026-06-10 11:50 | O:4920.40 H:4920.40 L:4905.90 C:4911.40 V:4552.0
2026-06-10 11:55:02 [INFO] core.data_fetcher: 🕯️ Candle closed: NESTLEIND | 2026-06-10 11:50 | O:1442.50 H:1444.40 L:1442.30 C:1443.10 V:13047.0
2026-06-10 11:55:02 [INFO] core.data_fetcher: 🕯️ Candle closed: TATASTEEL | 2026-06-10 11:50 | O:202.15 H:202.40 L:202.09 C:202.25 V:248912.0
2026-06-10 11:55:02 [INFO] core.data_fetcher: 🕯️ Candle closed: HDFCLIFE | 2026-06-10 11:50 | O:561.90 H:562.00 L:560.95 C:561.00 V:35916.0
2026-06-10 11:55:02 [INFO] core.data_fetcher: 🕯️ Candle closed: BAJAJFINSV | 2026-06-10 11:50 | O:1694.50 H:1696.00 L:1692.50 C:1694.10 V:4376.0
2026-06-10 11:55:02 [INFO] core.data_fetcher: 🕯️ Candle closed: TITAN | 2026-06-10 11:50 | O:4105.70 H:4106.00 L:4093.30 C:4094.00 V:12294.0
2026-06-10 11:55:04 [INFO] core.data_fetcher: 🕯️ Candle closed: SBIN | 2026-06-10 11:50 | O:1008.55 H:1009.10 L:1008.30 C:1008.75 V:86680.0
2026-06-10 11:55:04 [INFO] core.data_fetcher: 🕯️ Candle closed: MARUTI | 2026-06-10 11:50 | O:13200.00 H:13202.00 L:13182.00 C:13187.00 V:3914.0
2026-06-10 11:55:04 [INFO] core.data_fetcher: 🕯️ Candle closed: M&M | 2026-06-10 11:50 | O:2986.50 H:2986.50 L:2981.70 C:2983.40 V:11263.0
2026-06-10 11:55:05 [INFO] core.data_fetcher: 🕯️ Candle closed: ITC | 2026-06-10 11:50 | O:284.25 H:284.25 L:284.00 C:284.15 V:95010.0
2026-06-10 11:55:05 [INFO] core.data_fetcher: 🕯️ Candle closed: SUNPHARMA | 2026-06-10 11:50 | O:1792.90 H:1793.70 L:1792.40 C:1793.00 V:9551.0
2026-06-10 11:55:08 [INFO] core.data_fetcher: 🕯️ Candle closed: EICHERMOT | 2026-06-10 11:50 | O:7231.50 H:7234.00 L:7229.00 C:7232.50 V:2867.0
2026-06-10 11:55:12 [INFO] core.state_manager: [BRIEFING] Loading from data/session_briefing.json...
2026-06-10 11:55:12 [INFO] core.state_manager: [BRIEFING] Loaded Valid: 8 approved + 22 watchlist (MORNING_SCREENER)
2026-06-10 11:55:12 [INFO] core.data_fetcher: 🕯️ Candle closed: APOLLOHOSP | 2026-06-10 11:50 | O:8598.50 H:8601.50 L:8595.00 C:8599.50 V:4928.0
2026-06-10 11:55:15 [INFO] core.data_fetcher: 🕯️ Candle closed: DIVISLAB | 2026-06-10 11:50 | O:6797.50 H:6798.00 L:6789.00 C:6795.50 V:1351.0
2026-06-10 11:55:32 [INFO] core.data_fetcher: 🕯️ Candle closed: DRREDDY | 2026-06-10 11:50 | O:1276.10 H:1276.20 L:1276.10 C:1276.20 V:1769.0
2026-06-10 11:55:35 [INFO] core.strategy: ─── Scan summary (30 subscribed) ───
  [Cognition] SUNPHARMA: ticks=317 | live_candles=4
  [Cognition] DIVISLAB: ticks=172 | live_candles=4
  [Cognition] TATASTEEL: ticks=487 | live_candles=4
  [Cognition] SBIN: ticks=530 | live_candles=4
  [Cognition] TITAN: ticks=247 | live_candles=4
  [Cognition] RELIANCE: ticks=580 | live_candles=4
  [Cognition] NTPC: ticks=332 | live_candles=4
  [Cognition] HDFCLIFE: ticks=196 | live_candles=4
  [Math] ICICIBANK: ticks=700 | live_candles=4
  [Math] APOLLOHOSP: ticks=166 | live_candles=4
  [Math] TCS: ticks=366 | live_candles=4
  [Math] HDFCBANK: ticks=591 | live_candles=4
  [Math] INFY: ticks=442 | live_candles=4
  [Math] HINDUNILVR: ticks=351 | live_candles=4
  [Math] ITC: ticks=646 | live_candles=4
  [Math] BHARTIARTL: ticks=459 | live_candles=4
  [Math] LT: ticks=366 | live_candles=4
  [Math] HCLTECH: ticks=198 | live_candles=4
  [Math] MARUTI: ticks=243 | live_candles=4
  [Math] WIPRO: ticks=307 | live_candles=4
  [Math] NESTLEIND: ticks=199 | live_candles=4
  [Math] BAJAJFINSV: ticks=185 | live_candles=4
  [Math] DRREDDY: ticks=71 | live_candles=4
  [Math] EICHERMOT: ticks=134 | live_candles=4
  [Math] HEROMOTOCO: ticks=174 | live_candles=4
  [Math] HINDALCO: ticks=385 | live_candles=4
  [Math] JSWSTEEL: ticks=316 | live_candles=4
  [Math] M&M: ticks=390 | live_candles=4
  [Math] SBILIFE: ticks=172 | live_candles=4
  [Math] TATACONSUM: ticks=193 | live_candles=4
2026-06-10 11:55:50 [INFO] core.data_fetcher: 📡 Live feed | ticks received: 30/30 symbols | active=['SUNPHARMA', 'DIVISLAB', 'TATASTEEL', 'SBIN', 'TITAN', 'RELIANCE', 'NTPC', 'HDFCLIFE']...
2026-06-10 11:56:13 [INFO] core.state_manager: [BRIEFING] Loading from data/session_briefing.json...
2026-06-10 11:56:13 [INFO] core.state_manager: [BRIEFING] Loaded Valid: 8 approved + 22 watchlist (MORNING_SCREENER)
2026-06-10 11:56:52 [INFO] apscheduler.executors.default: Running job "Market Observation Loop (trigger: interval[0:15:00], next run at: 2026-06-10 12:11:52 IST)" (scheduled at 2026-06-10 11:56:52.695993+05:30)
2026-06-10 11:56:52 [INFO] reflection.observation_loop: 🔍 Running observation cycle...
2026-06-10 11:56:52 [INFO] core.state_manager: [BRIEFING] Loading from data/session_briefing.json...
2026-06-10 11:56:52 [INFO] core.state_manager: [BRIEFING] Loaded Valid: 8 approved + 22 watchlist (MORNING_SCREENER)
2026-06-10 11:56:52 [INFO] reflection.observation_loop: 📊 Observation recorded:
   Market: RANGING | Trend: WEAK
   Vol: LOW | Breakouts: LOW
   Reversals: LOW
2026-06-10 11:56:52 [INFO] apscheduler.executors.default: Job "Market Observation Loop (trigger: interval[0:15:00], next run at: 2026-06-10 12:11:52 IST)" executed successfully
2026-06-10 11:57:06 [INFO] core.strategy: ─── Scan summary (30 subscribed) ───
  [Cognition] SUNPHARMA: ticks=346 | live_candles=4
  [Cognition] DIVISLAB: ticks=182 | live_candles=4
  [Cognition] TATASTEEL: ticks=543 | live_candles=4
  [Cognition] SBIN: ticks=576 | live_candles=4
  [Cognition] TITAN: ticks=271 | live_candles=4
  [Cognition] RELIANCE: ticks=641 | live_candles=4
  [Cognition] NTPC: ticks=361 | live_candles=4
  [Cognition] HDFCLIFE: ticks=212 | live_candles=4
  [Math] ICICIBANK: ticks=756 | live_candles=4
  [Math] APOLLOHOSP: ticks=185 | live_candles=4
  [Math] TCS: ticks=396 | live_candles=4
  [Math] HDFCBANK: ticks=643 | live_candles=4
  [Math] INFY: ticks=477 | live_candles=4
  [Math] HINDUNILVR: ticks=385 | live_candles=4
  [Math] ITC: ticks=718 | live_candles=4
  [Math] BHARTIARTL: ticks=501 | live_candles=4
  [Math] LT: ticks=401 | live_candles=4
  [Math] HCLTECH: ticks=220 | live_candles=4
  [Math] MARUTI: ticks=269 | live_candles=4
  [Math] WIPRO: ticks=355 | live_candles=4
  [Math] NESTLEIND: ticks=216 | live_candles=4
  [Math] BAJAJFINSV: ticks=200 | live_candles=4
  [Math] DRREDDY: ticks=82 | live_candles=4
  [Math] EICHERMOT: ticks=151 | live_candles=4
  [Math] HEROMOTOCO: ticks=201 | live_candles=4
  [Math] HINDALCO: ticks=417 | live_candles=4
  [Math] JSWSTEEL: ticks=341 | live_candles=4
  [Math] M&M: ticks=451 | live_candles=4
  [Math] SBILIFE: ticks=180 | live_candles=4
  [Math] TATACONSUM: ticks=207 | live_candles=4
2026-06-10 11:57:13 [INFO] core.strategy: BUY SIGNAL TRIGGERED
Symbol: INFY
Price: 1155.6
Triggered Set: BUY_RSI_35_SUPPORT_BOUNCE
Set Side: BUY
Confidence: base=50.0 signal_x=1.0 weight_x=1.1 time=11:30-1:00@1.0 market_x=1.0 advisory_x=0.99 final=54.5 min=35.0
Satisfied:
- RSI Crosses 35 Up: RSI=35.5, Crossed=True
- Two Green Candles: G1=True, G2=True
Why: Custom strategy: RSI crosses 35 from below, confirmed by two back-to-back green candles acting as support.
2026-06-10 11:57:13 [INFO] core.token_validator: 🔐 Pre-Order Token Check | State: VALID | Info: {'status': 'VALID', 'scope': ['Trade'], 'ucc': 'XD16F', 'expires_at': '2026-06-11T00:00:00', 'issued_at': '2026-06-10T11:41:48', 'seconds_until_expiry': 43367, 'created_seconds_ago': 925}
2026-06-10 11:57:13 [INFO] core.token_validator: ✅ Token ready for order — proceeding
2026-06-10 11:57:13 [INFO] core.order_executor: 📊 Margin Discovery [INFY]: ₹231.12/share (5.0x) [Source: API (client.margin_required)]
2026-06-10 11:57:13 [INFO] core.order_executor: ✅ Quantity calculated | INFY | Price: ₹1155.6 | Qty: 2 | Margin Blocked: ₹462 | Limiting: allocation | Free Margin Left: ₹4352
2026-06-10 11:57:13 [INFO] core.order_executor: 📋 Preparing B order | Symbol: INFY-EQ | Qty: 2 | Price: ₹1155.6
2026-06-10 11:57:13 [INFO] core.token_validator: 🔐 Pre-Order Token Check | State: VALID | Info: {'status': 'VALID', 'scope': ['Trade'], 'ucc': 'XD16F', 'expires_at': '2026-06-11T00:00:00', 'issued_at': '2026-06-10T11:41:48', 'seconds_until_expiry': 43367, 'created_seconds_ago': 925}
2026-06-10 11:57:13 [INFO] core.token_validator: ✅ Token ready for order — proceeding
2026-06-10 11:57:13 [INFO] core.token_validator: ✅ Trade token + sid confirmed and set on client (scope=['Trade'])
2026-06-10 11:57:13 [INFO] core.order_executor: 📋 PRE-ORDER CONFIG DUMP (ATTEMPT 1/2) | host=PROD | access_token=eyJhbGciOiJSUzI1NiIs... | edit_token=eyJhbGciOiJSUzI1NiIs... | tokens_match=True | edit_sid=37104f33-534d-4ec1-a556-c8d7331d3cda | serverId=7bfac81f-1d10-46f8-b447-dabc0329bccf | base_url=https://e41.kotaksecurities.com
2026-06-10 11:57:13 [INFO] core.order_executor: ✅ Order placed (attempt 1/2) | Order ID: 260610000250991
2026-06-10 11:57:13 [INFO] core.order_executor: ✅ BUY order placed: 260610000250991 | Qty: 2
2026-06-10 11:57:13 [INFO] core.order_verifier: 📤 Order recorded: 260610000250991 (INFY)
2026-06-10 11:57:13 [INFO] core.order_verifier: ✅ Order 260610000250991 verified as COMPLETE
2026-06-10 11:57:13 [INFO] core.order_executor: ✅ BUY verified on broker | Symbol: INFY | Qty: 2 | Product: MIS | SL: ₹1149.82
2026-06-10 11:57:15 [INFO] core.order_executor: 🔄 Placing broker SL for INFY | Qty: 2 | Trigger: ₹1149.82 | Trading symbol: INFY-EQ
2026-06-10 11:57:15 [INFO] core.order_executor: 🔄 [SL] Starting SL order placement | Symbol: INFY-EQ | Qty: 2 | Software SL: ₹1149.82 | Broker Trigger: ₹1138.3 | Broker Limit: ₹1137.75
2026-06-10 11:57:15 [INFO] core.order_executor: 📋 SL ORDER KWARGS (WILL SEND TO KOTAK):
2026-06-10 11:57:15 [INFO] core.order_executor:     exchange_segment     = nse_cm
2026-06-10 11:57:15 [INFO] core.order_executor:     product              = MIS
2026-06-10 11:57:15 [INFO] core.order_executor:     price                = 1137.75
2026-06-10 11:57:15 [INFO] core.order_executor:     order_type           = SL
2026-06-10 11:57:15 [INFO] core.order_executor:     quantity             = 2
2026-06-10 11:57:15 [INFO] core.order_executor:     validity             = DAY
2026-06-10 11:57:15 [INFO] core.order_executor:     trading_symbol       = INFY-EQ
2026-06-10 11:57:15 [INFO] core.order_executor:     transaction_type     = S
2026-06-10 11:57:15 [INFO] core.order_executor:     amo                  = NO
2026-06-10 11:57:15 [INFO] core.order_executor:     disclosed_quantity   = 0
2026-06-10 11:57:15 [INFO] core.order_executor:     market_protection    = 0
2026-06-10 11:57:15 [INFO] core.order_executor:     pf                   = N
2026-06-10 11:57:15 [INFO] core.order_executor:     trigger_price        = 1138.30
2026-06-10 11:57:15 [INFO] core.order_executor:    ℹ️ If Kotak rejects: Try exchange_segment='NSE' instead of 'nse_cm'
2026-06-10 11:57:15 [INFO] core.order_executor:    ℹ️ If Kotak rejects: Check if product 'MIS' supports SL orders (try 'CNC' if 'MIS' rejected)
2026-06-10 11:57:15 [INFO] core.token_validator: ✅ Trade token + sid confirmed and set on client (scope=['Trade'])
2026-06-10 11:57:15 [INFO] core.order_executor: 📋 PRE-ORDER CONFIG DUMP (SL-M) | host=PROD | access_token=SET | edit_token=SET | edit_sid=37104f33-534d-4ec1-a556-c8d7331d3cda | serverId=7bfac81f-1d10-46f8-b447-dabc0329bccf | base_url=https://e41.kotaksecurities.com
2026-06-10 11:57:15 [INFO] core.order_executor: 🛡️ Broker SL placed | INFY | Qty: 2 | Trigger: ₹1149.82 | OrderID: 260610000251027 (attempt 1/3)
2026-06-10 11:57:17 [ERROR] core.order_verifier: Order 260610000251027 rejected: 16283 : Order price is not a multiple of tick size  
2026-06-10 11:57:17 [ERROR] core.order_executor: ❌ SL Order rejected by broker! Clearing ID and retrying...
2026-06-10 11:57:18 [WARNING] core.order_executor: ⚠️ SL attempt 1/3 failed/rejected for INFY. Retrying in 2s...
2026-06-10 11:57:20 [INFO] core.order_executor: 🔄 [SL] Starting SL order placement | Symbol: INFY-EQ | Qty: 2 | Software SL: ₹1149.82 | Broker Trigger: ₹1138.3 | Broker Limit: ₹1137.75
2026-06-10 11:57:20 [INFO] core.order_executor: 📋 SL ORDER KWARGS (WILL SEND TO KOTAK):
2026-06-10 11:57:20 [INFO] core.order_executor:     exchange_segment     = nse_cm
2026-06-10 11:57:20 [INFO] core.order_executor:     product              = MIS
2026-06-10 11:57:20 [INFO] core.order_executor:     price                = 1137.75
2026-06-10 11:57:20 [INFO] core.order_executor:     order_type           = SL
2026-06-10 11:57:20 [INFO] core.order_executor:     quantity             = 2
2026-06-10 11:57:20 [INFO] core.order_executor:     validity             = DAY
2026-06-10 11:57:20 [INFO] core.order_executor:     trading_symbol       = INFY-EQ
2026-06-10 11:57:20 [INFO] core.order_executor:     transaction_type     = S
2026-06-10 11:57:20 [INFO] core.order_executor:     amo                  = NO
2026-06-10 11:57:20 [INFO] core.order_executor:     disclosed_quantity   = 0
2026-06-10 11:57:20 [INFO] core.order_executor:     market_protection    = 0
2026-06-10 11:57:20 [INFO] core.order_executor:     pf                   = N
2026-06-10 11:57:20 [INFO] core.order_executor:     trigger_price        = 1138.30
2026-06-10 11:57:20 [INFO] core.order_executor:    ℹ️ If Kotak rejects: Try exchange_segment='NSE' instead of 'nse_cm'
2026-06-10 11:57:20 [INFO] core.order_executor:    ℹ️ If Kotak rejects: Check if product 'MIS' supports SL orders (try 'CNC' if 'MIS' rejected)
2026-06-10 11:57:20 [INFO] core.token_validator: ✅ Trade token + sid confirmed and set on client (scope=['Trade'])
2026-06-10 11:57:20 [INFO] core.order_executor: 📋 PRE-ORDER CONFIG DUMP (SL-M) | host=PROD | access_token=SET | edit_token=SET | edit_sid=37104f33-534d-4ec1-a556-c8d7331d3cda | serverId=7bfac81f-1d10-46f8-b447-dabc0329bccf | base_url=https://e41.kotaksecurities.com
2026-06-10 11:57:20 [INFO] core.order_executor: 🛡️ Broker SL placed | INFY | Qty: 2 | Trigger: ₹1149.82 | OrderID: 260610000251094 (attempt 2/3)
2026-06-10 11:57:22 [ERROR] core.order_verifier: Order 260610000251094 rejected: 16283 : Order price is not a multiple of tick size  
2026-06-10 11:57:22 [ERROR] core.order_executor: ❌ SL Order rejected by broker! Clearing ID and retrying...
2026-06-10 11:57:22 [WARNING] core.order_executor: ⚠️ SL attempt 2/3 failed/rejected for INFY. Retrying in 2s...
2026-06-10 11:57:24 [INFO] core.order_executor: 🔄 [SL] Starting SL order placement | Symbol: INFY-EQ | Qty: 2 | Software SL: ₹1149.82 | Broker Trigger: ₹1138.3 | Broker Limit: ₹1137.75
2026-06-10 11:57:24 [INFO] core.order_executor: 📋 SL ORDER KWARGS (WILL SEND TO KOTAK):
2026-06-10 11:57:24 [INFO] core.order_executor:     exchange_segment     = nse_cm
2026-06-10 11:57:24 [INFO] core.order_executor:     product              = MIS
2026-06-10 11:57:24 [INFO] core.order_executor:     price                = 1137.75
2026-06-10 11:57:24 [INFO] core.order_executor:     order_type           = SL
2026-06-10 11:57:24 [INFO] core.order_executor:     quantity             = 2
2026-06-10 11:57:24 [INFO] core.order_executor:     validity             = DAY
2026-06-10 11:57:24 [INFO] core.order_executor:     trading_symbol       = INFY-EQ
2026-06-10 11:57:24 [INFO] core.order_executor:     transaction_type     = S
2026-06-10 11:57:24 [INFO] core.order_executor:     amo                  = NO
2026-06-10 11:57:24 [INFO] core.order_executor:     disclosed_quantity   = 0
2026-06-10 11:57:24 [INFO] core.order_executor:     market_protection    = 0
2026-06-10 11:57:24 [INFO] core.order_executor:     pf                   = N
2026-06-10 11:57:24 [INFO] core.order_executor:     trigger_price        = 1138.30
2026-06-10 11:57:24 [INFO] core.order_executor:    ℹ️ If Kotak rejects: Try exchange_segment='NSE' instead of 'nse_cm'
2026-06-10 11:57:24 [INFO] core.order_executor:    ℹ️ If Kotak rejects: Check if product 'MIS' supports SL orders (try 'CNC' if 'MIS' rejected)
2026-06-10 11:57:24 [INFO] core.token_validator: ✅ Trade token + sid confirmed and set on client (scope=['Trade'])
2026-06-10 11:57:24 [INFO] core.order_executor: 📋 PRE-ORDER CONFIG DUMP (SL-M) | host=PROD | access_token=SET | edit_token=SET | edit_sid=37104f33-534d-4ec1-a556-c8d7331d3cda | serverId=7bfac81f-1d10-46f8-b447-dabc0329bccf | base_url=https://e41.kotaksecurities.com
2026-06-10 11:57:25 [INFO] core.order_executor: 🛡️ Broker SL placed | INFY | Qty: 2 | Trigger: ₹1149.82 | OrderID: 260610000251164 (attempt 3/3)
2026-06-10 11:57:26 [ERROR] core.order_verifier: Order 260610000251164 rejected: 16283 : Order price is not a multiple of tick size  
2026-06-10 11:57:26 [ERROR] core.order_executor: ❌ SL Order rejected by broker! Clearing ID and retrying...
2026-06-10 11:57:27 [CRITICAL] core.order_executor: 🚨 CRITICAL: Broker SL-M FAILED for INFY after 3 attempts. Position will be saved with SOFTWARE-ONLY protection. Recovery loop will retry broker SL via kotak_sl_order_id=NULL detection. BUY order_id: 260610000250991 | Entry: ₹1155.6 | SL: ₹1149.82
2026-06-10 11:57:28 [INFO] core.order_executor: ✅ [LIVE] BUY | INFY | Qty: 2 | @ ₹1155.6 | SL: ₹1149.82 | Target: ₹1164.85 | Broker SL: ❌ UNPROTECTED (recovery pending)
2026-06-10 11:57:28 [INFO] core.audit_logger: [AUDIT] ORDER_PLACED: {'symbol': 'INFY', 'side': 'BUY', 'quantity': 2, 'price': 1155.6, 'order_id': '260610000250991', 'stop_loss': 1149.82, 'target': 1164.85}
2026-06-10 11:57:28 [INFO] core.state_manager: Position saved: INFY x2 | Target: 1164.85 | SL: 1149.82
2026-06-10 11:57:32 [INFO] core.state_manager: [BRIEFING] Loading from data/session_briefing.json...
2026-06-10 11:57:32 [INFO] core.state_manager: [BRIEFING] Loaded Valid: 8 approved + 22 watchlist (MORNING_SCREENER)
2026-06-10 11:57:32 [WARNING] core.order_executor: 🔄 SL recovery attempt #1 for INFY | Qty: 2 | Trigger: ₹1149.82 | delay_was: 30s
2026-06-10 11:57:32 [INFO] core.order_executor: 🔄 [SL] Starting SL order placement | Symbol: INFY-EQ | Qty: 2 | Software SL: ₹1149.82 | Broker Trigger: ₹1138.3 | Broker Limit: ₹1137.75
2026-06-10 11:57:32 [INFO] core.order_executor: 📋 SL ORDER KWARGS (WILL SEND TO KOTAK):
2026-06-10 11:57:32 [INFO] core.order_executor:     exchange_segment     = nse_cm
2026-06-10 11:57:32 [INFO] core.order_executor:     product              = MIS
2026-06-10 11:57:32 [INFO] core.order_executor:     price                = 1137.75
2026-06-10 11:57:32 [INFO] core.order_executor:     order_type           = SL
2026-06-10 11:57:32 [INFO] core.order_executor:     quantity             = 2
2026-06-10 11:57:32 [INFO] core.order_executor:     validity             = DAY
2026-06-10 11:57:32 [INFO] core.order_executor:     trading_symbol       = INFY-EQ
2026-06-10 11:57:32 [INFO] core.order_executor:     transaction_type     = S
2026-06-10 11:57:32 [INFO] core.order_executor:     amo                  = NO
2026-06-10 11:57:32 [INFO] core.order_executor:     disclosed_quantity   = 0
2026-06-10 11:57:32 [INFO] core.order_executor:     market_protection    = 0
2026-06-10 11:57:32 [INFO] core.order_executor:     pf                   = N
2026-06-10 11:57:32 [INFO] core.order_executor:     trigger_price        = 1138.30
2026-06-10 11:57:32 [INFO] core.order_executor:    ℹ️ If Kotak rejects: Try exchange_segment='NSE' instead of 'nse_cm'
2026-06-10 11:57:32 [INFO] core.order_executor:    ℹ️ If Kotak rejects: Check if product 'MIS' supports SL orders (try 'CNC' if 'MIS' rejected)
2026-06-10 11:57:32 [INFO] core.token_validator: ✅ Trade token + sid confirmed and set on client (scope=['Trade'])
2026-06-10 11:57:32 [INFO] core.order_executor: 📋 PRE-ORDER CONFIG DUMP (SL-M) | host=PROD | access_token=SET | edit_token=SET | edit_sid=37104f33-534d-4ec1-a556-c8d7331d3cda | serverId=7bfac81f-1d10-46f8-b447-dabc0329bccf | base_url=https://e41.kotaksecurities.com
2026-06-10 11:57:35 [ERROR] core.order_verifier: Order 260610000251285 rejected: 16283 : Order price is not a multiple of tick size  
2026-06-10 11:57:35 [ERROR] core.order_executor: ❌ SL Recovery Order rejected by broker! Backing off...
2026-06-10 11:57:35 [CRITICAL] core.order_executor: 🚨 SL recovery FAILED (attempt #1) for INFY. Software SL at ₹1149.82 is the only active protection. Next broker attempt in 60s.
2026-06-10 11:57:50 [INFO] core.data_fetcher: 📡 Live feed | ticks received: 30/30 symbols | active=['SUNPHARMA', 'DIVISLAB', 'TATASTEEL', 'SBIN', 'TITAN', 'RELIANCE', 'NTPC', 'HDFCLIFE']...
2026-06-10 11:58:34 [INFO] core.state_manager: [BRIEFING] Loading from data/session_briefing.json...
2026-06-10 11:58:34 [INFO] core.state_manager: [BRIEFING] Loaded Valid: 8 approved + 22 watchlist (MORNING_SCREENER)
2026-06-10 11:58:34 [WARNING] core.order_executor: 🔄 SL recovery attempt #2 for INFY | Qty: 2 | Trigger: ₹1149.82 | delay_was: 60s
2026-06-10 11:58:34 [INFO] core.order_executor: 🔄 [SL] Starting SL order placement | Symbol: INFY-EQ | Qty: 2 | Software SL: ₹1149.82 | Broker Trigger: ₹1138.3 | Broker Limit: ₹1137.75
2026-06-10 11:58:34 [INFO] core.order_executor: 📋 SL ORDER KWARGS (WILL SEND TO KOTAK):
2026-06-10 11:58:34 [INFO] core.order_executor:     exchange_segment     = nse_cm
2026-06-10 11:58:34 [INFO] core.order_executor:     product              = MIS
2026-06-10 11:58:34 [INFO] core.order_executor:     price                = 1137.75
2026-06-10 11:58:34 [INFO] core.order_executor:     order_type           = SL
2026-06-10 11:58:34 [INFO] core.order_executor:     quantity             = 2
2026-06-10 11:58:34 [INFO] core.order_executor:     validity             = DAY
2026-06-10 11:58:34 [INFO] core.order_executor:     trading_symbol       = INFY-EQ
2026-06-10 11:58:34 [INFO] core.order_executor:     transaction_type     = S
2026-06-10 11:58:34 [INFO] core.order_executor:     amo                  = NO
2026-06-10 11:58:34 [INFO] core.order_executor:     disclosed_quantity   = 0
2026-06-10 11:58:34 [INFO] core.order_executor:     market_protection    = 0
2026-06-10 11:58:34 [INFO] core.order_executor:     pf                   = N
2026-06-10 11:58:34 [INFO] core.order_executor:     trigger_price        = 1138.30
2026-06-10 11:58:34 [INFO] core.order_executor:    ℹ️ If Kotak rejects: Try exchange_segment='NSE' instead of 'nse_cm'
2026-06-10 11:58:34 [INFO] core.order_executor:    ℹ️ If Kotak rejects: Check if product 'MIS' supports SL orders (try 'CNC' if 'MIS' rejected)
2026-06-10 11:58:34 [INFO] core.token_validator: ✅ Trade token + sid confirmed and set on client (scope=['Trade'])
2026-06-10 11:58:34 [INFO] core.order_executor: 📋 PRE-ORDER CONFIG DUMP (SL-M) | host=PROD | access_token=SET | edit_token=SET | edit_sid=37104f33-534d-4ec1-a556-c8d7331d3cda | serverId=7bfac81f-1d10-46f8-b447-dabc0329bccf | base_url=https://e41.kotaksecurities.com
2026-06-10 11:58:37 [ERROR] core.order_verifier: Order 260610000252007 rejected: 16283 : Order price is not a multiple of tick size  
2026-06-10 11:58:37 [ERROR] core.order_executor: ❌ SL Recovery Order rejected by broker! Backing off...
2026-06-10 11:58:42 [INFO] core.strategy: ─── Scan summary (30 subscribed) ───
  [Cognition] SUNPHARMA: ticks=372 | live_candles=4
  [Cognition] DIVISLAB: ticks=194 | live_candles=4
  [Cognition] TATASTEEL: ticks=594 | live_candles=4
  [Cognition] SBIN: ticks=637 | live_candles=4
  [Cognition] TITAN: ticks=295 | live_candles=4
  [Cognition] RELIANCE: ticks=712 | live_candles=4
  [Cognition] NTPC: ticks=399 | live_candles=4
  [Cognition] HDFCLIFE: ticks=230 | live_candles=4
  [Math] ICICIBANK: ticks=836 | live_candles=4
  [Math] APOLLOHOSP: ticks=220 | live_candles=4
  [Math] TCS: ticks=441 | live_candles=4
  [Math] HDFCBANK: ticks=699 | live_candles=4
  [Math] INFY: ticks=515 | live_candles=4
  [Math] HINDUNILVR: ticks=426 | live_candles=4
  [Math] ITC: ticks=785 | live_candles=4
  [Math] BHARTIARTL: ticks=562 | live_candles=4
  [Math] LT: ticks=441 | live_candles=4
  [Math] HCLTECH: ticks=256 | live_candles=4
  [Math] MARUTI: ticks=289 | live_candles=4
  [Math] WIPRO: ticks=386 | live_candles=4
  [Math] NESTLEIND: ticks=240 | live_candles=4
  [Math] BAJAJFINSV: ticks=224 | live_candles=4
  [Math] DRREDDY: ticks=86 | live_candles=4
  [Math] EICHERMOT: ticks=171 | live_candles=4
  [Math] HEROMOTOCO: ticks=221 | live_candles=4
  [Math] HINDALCO: ticks=454 | live_candles=4
  [Math] JSWSTEEL: ticks=365 | live_candles=4
  [Math] M&M: ticks=497 | live_candles=4
  [Math] SBILIFE: ticks=184 | live_candles=4
  [Math] TATACONSUM: ticks=227 | live_candles=4
2026-06-10 11:59:34 [INFO] core.state_manager: [BRIEFING] Loading from data/session_briefing.json...
2026-06-10 11:59:34 [INFO] core.state_manager: [BRIEFING] Loaded Valid: 8 approved + 22 watchlist (MORNING_SCREENER)
2026-06-10 11:59:51 [INFO] core.data_fetcher: 📡 Live feed | ticks received: 30/30 symbols | active=['SUNPHARMA', 'DIVISLAB', 'TATASTEEL', 'SBIN', 'TITAN', 'RELIANCE', 'NTPC', 'HDFCLIFE']...
2026-06-10 12:00:00 [INFO] core.data_fetcher: 🕯️ Candle closed: HINDUNILVR | 2026-06-10 11:55 | O:2191.40 H:2192.90 L:2190.80 C:2191.20 V:8898.0
2026-06-10 12:00:00 [INFO] core.data_fetcher: 🕯️ Candle closed: NTPC | 2026-06-10 11:55 | O:356.35 H:356.65 L:356.20 C:356.30 V:39729.0
2026-06-10 12:00:00 [INFO] core.data_fetcher: 🕯️ Candle closed: TATASTEEL | 2026-06-10 11:55 | O:202.30 H:202.40 L:201.71 C:201.71 V:1286930.0
2026-06-10 12:00:00 [INFO] core.data_fetcher: 🕯️ Candle closed: ICICIBANK | 2026-06-10 11:55 | O:1302.50 H:1304.20 L:1302.20 C:1303.90 V:181294.0
2026-06-10 12:00:00 [INFO] core.data_fetcher: 🕯️ Candle closed: HDFCBANK | 2026-06-10 11:55 | O:742.00 H:743.10 L:742.00 C:742.85 V:248344.0
2026-06-10 12:00:00 [INFO] core.data_fetcher: 🕯️ Candle closed: TCS | 2026-06-10 11:55 | O:2165.70 H:2168.80 L:2164.50 C:2168.80 V:17890.0
2026-06-10 12:00:00 [INFO] core.data_fetcher: 🕯️ Candle closed: INFY | 2026-06-10 11:55 | O:1154.40 H:1157.80 L:1154.20 C:1157.30 V:76080.0
2026-06-10 12:00:00 [INFO] core.data_fetcher: 🕯️ Candle closed: SBIN | 2026-06-10 11:55 | O:1008.80 H:1009.95 L:1008.65 C:1009.95 V:118912.0
2026-06-10 12:00:00 [INFO] core.data_fetcher: 🕯️ Candle closed: HCLTECH | 2026-06-10 11:55 | O:1145.70 H:1147.90 L:1145.60 C:1147.90 V:24959.0
2026-06-10 12:00:00 [INFO] core.data_fetcher: 🕯️ Candle closed: ITC | 2026-06-10 11:55 | O:284.10 H:284.30 L:284.05 C:284.15 V:57944.0
2026-06-10 12:00:00 [INFO] core.data_fetcher: 🕯️ Candle closed: M&M | 2026-06-10 11:55 | O:2983.30 H:2983.90 L:2981.00 C:2982.90 V:15528.0
2026-06-10 12:00:00 [INFO] core.data_fetcher: 🕯️ Candle closed: LT | 2026-06-10 11:55 | O:3942.30 H:3945.20 L:3940.00 C:3945.20 V:9563.0
2026-06-10 12:00:00 [INFO] core.data_fetcher: 🕯️ Candle closed: NESTLEIND | 2026-06-10 11:55 | O:1443.00 H:1444.00 L:1441.30 C:1441.70 V:13848.0
2026-06-10 12:00:00 [INFO] core.data_fetcher: 🕯️ Candle closed: TITAN | 2026-06-10 11:55 | O:4093.50 H:4095.80 L:4087.00 C:4087.00 V:7249.0
2026-06-10 12:00:01 [INFO] core.data_fetcher: 🕯️ Candle closed: RELIANCE | 2026-06-10 11:55 | O:1277.60 H:1277.60 L:1276.20 C:1276.90 V:106272.0
2026-06-10 12:00:01 [INFO] core.data_fetcher: 🕯️ Candle closed: SUNPHARMA | 2026-06-10 11:55 | O:1793.20 H:1793.50 L:1792.00 C:1792.30 V:8607.0
2026-06-10 12:00:01 [INFO] core.data_fetcher: 🕯️ Candle closed: HDFCLIFE | 2026-06-10 11:55 | O:560.95 H:561.05 L:560.70 C:560.95 V:9022.0
2026-06-10 12:00:01 [INFO] core.data_fetcher: 🕯️ Candle closed: JSWSTEEL | 2026-06-10 11:55 | O:1289.70 H:1289.90 L:1286.60 C:1287.40 V:22585.0
2026-06-10 12:00:01 [INFO] core.data_fetcher: 🕯️ Candle closed: APOLLOHOSP | 2026-06-10 11:55 | O:8596.00 H:8599.50 L:8568.00 C:8577.00 V:9455.0
2026-06-10 12:00:01 [INFO] core.data_fetcher: 🕯️ Candle closed: BAJAJFINSV | 2026-06-10 11:55 | O:1694.00 H:1695.40 L:1693.20 C:1694.60 V:3461.0
2026-06-10 12:00:02 [INFO] core.data_fetcher: 🕯️ Candle closed: HINDALCO | 2026-06-10 11:55 | O:1052.10 H:1054.40 L:1051.90 C:1053.40 V:42389.0
2026-06-10 12:00:04 [INFO] core.data_fetcher: 🕯️ Candle closed: WIPRO | 2026-06-10 11:55 | O:181.12 H:181.22 L:181.01 C:181.22 V:164116.0
2026-06-10 12:00:05 [INFO] core.data_fetcher: 🕯️ Candle closed: EICHERMOT | 2026-06-10 11:55 | O:7234.00 H:7237.00 L:7230.00 C:7230.50 V:1076.0
2026-06-10 12:00:05 [INFO] core.data_fetcher: 🕯️ Candle closed: BHARTIARTL | 2026-06-10 11:55 | O:1793.10 H:1794.30 L:1791.90 C:1792.00 V:69625.0
2026-06-10 12:00:06 [INFO] core.data_fetcher: 🕯️ Candle closed: MARUTI | 2026-06-10 11:55 | O:13185.00 H:13195.00 L:13176.00 C:13180.00 V:1286.0
2026-06-10 12:00:10 [INFO] core.data_fetcher: 🕯️ Candle closed: DIVISLAB | 2026-06-10 11:55 | O:6795.00 H:6796.50 L:6790.00 C:6790.00 V:1439.0
2026-06-10 12:00:11 [INFO] core.data_fetcher: 🕯️ Candle closed: TATACONSUM | 2026-06-10 11:55 | O:1113.60 H:1116.50 L:1113.20 C:1114.70 V:23090.0
2026-06-10 12:00:13 [INFO] core.strategy: ─── Scan summary (30 subscribed) ───
  [Cognition] SUNPHARMA: ticks=401 | live_candles=5
  [Cognition] DIVISLAB: ticks=216 | live_candles=5
  [Cognition] TATASTEEL: ticks=657 | live_candles=5
  [Cognition] SBIN: ticks=686 | live_candles=5
  [Cognition] TITAN: ticks=329 | live_candles=5
  [Cognition] RELIANCE: ticks=764 | live_candles=5
  [Cognition] NTPC: ticks=430 | live_candles=5
  [Cognition] HDFCLIFE: ticks=243 | live_candles=5
  [Math] ICICIBANK: ticks=887 | live_candles=5
  [Math] APOLLOHOSP: ticks=246 | live_candles=5
  [Math] TCS: ticks=486 | live_candles=5
  [Math] HDFCBANK: ticks=759 | live_candles=5
  [Math] INFY: ticks=570 | live_candles=5
  [Math] HINDUNILVR: ticks=460 | live_candles=5
  [Math] ITC: ticks=853 | live_candles=5
  [Math] BHARTIARTL: ticks=600 | live_candles=5
  [Math] LT: ticks=482 | live_candles=5
  [Math] HCLTECH: ticks=287 | live_candles=5
  [Math] MARUTI: ticks=310 | live_candles=5
  [Math] WIPRO: ticks=418 | live_candles=5
  [Math] NESTLEIND: ticks=263 | live_candles=5
  [Math] BAJAJFINSV: ticks=240 | live_candles=5
  [Math] DRREDDY: ticks=94 | live_candles=4
  [Math] EICHERMOT: ticks=188 | live_candles=5
  [Math] HEROMOTOCO: ticks=235 | live_candles=4
  [Math] HINDALCO: ticks=501 | live_candles=5
  [Math] JSWSTEEL: ticks=395 | live_candles=5
  [Math] M&M: ticks=546 | live_candles=5
  [Math] SBILIFE: ticks=186 | live_candles=4
  [Math] TATACONSUM: ticks=239 | live_candles=5
2026-06-10 12:00:14 [INFO] core.data_fetcher: 🕯️ Candle closed: DRREDDY | 2026-06-10 11:55 | O:1276.10 H:1276.30 L:1276.10 C:1276.30 V:3250.0
2026-06-10 12:00:14 [INFO] core.data_fetcher: 🕯️ Candle closed: HEROMOTOCO | 2026-06-10 11:55 | O:4911.30 H:4913.10 L:4907.20 C:4908.90 V:3585.0
2026-06-10 12:00:15 [INFO] core.data_fetcher: 🕯️ Candle closed: SBILIFE | 2026-06-10 11:55 | O:1766.60 H:1766.60 L:1765.80 C:1766.40 V:6672.0
2026-06-10 12:00:36 [INFO] core.state_manager: [BRIEFING] Loading from data/session_briefing.json...
2026-06-10 12:00:36 [INFO] core.state_manager: [BRIEFING] Loaded Valid: 8 approved + 22 watchlist (MORNING_SCREENER)
2026-06-10 12:00:36 [WARNING] core.order_executor: 🔄 SL recovery attempt #3 for INFY | Qty: 2 | Trigger: ₹1149.82 | delay_was: 120s
2026-06-10 12:00:36 [INFO] core.order_executor: 🔄 [SL] Starting SL order placement | Symbol: INFY-EQ | Qty: 2 | Software SL: ₹1149.82 | Broker Trigger: ₹1138.3 | Broker Limit: ₹1137.75
2026-06-10 12:00:36 [INFO] core.order_executor: 📋 SL ORDER KWARGS (WILL SEND TO KOTAK):
2026-06-10 12:00:36 [INFO] core.order_executor:     exchange_segment     = nse_cm
2026-06-10 12:00:36 [INFO] core.order_executor:     product              = MIS
2026-06-10 12:00:36 [INFO] core.order_executor:     price                = 1137.75
2026-06-10 12:00:36 [INFO] core.order_executor:     order_type           = SL
2026-06-10 12:00:36 [INFO] core.order_executor:     quantity             = 2
2026-06-10 12:00:36 [INFO] core.order_executor:     validity             = DAY
2026-06-10 12:00:36 [INFO] core.order_executor:     trading_symbol       = INFY-EQ
2026-06-10 12:00:36 [INFO] core.order_executor:     transaction_type     = S
2026-06-10 12:00:36 [INFO] core.order_executor:     amo                  = NO
2026-06-10 12:00:36 [INFO] core.order_executor:     disclosed_quantity   = 0
2026-06-10 12:00:36 [INFO] core.order_executor:     market_protection    = 0
2026-06-10 12:00:36 [INFO] core.order_executor:     pf                   = N
2026-06-10 12:00:36 [INFO] core.order_executor:     trigger_price        = 1138.30
2026-06-10 12:00:36 [INFO] core.order_executor:    ℹ️ If Kotak rejects: Try exchange_segment='NSE' instead of 'nse_cm'
2026-06-10 12:00:36 [INFO] core.order_executor:    ℹ️ If Kotak rejects: Check if product 'MIS' supports SL orders (try 'CNC' if 'MIS' rejected)
2026-06-10 12:00:36 [INFO] core.token_validator: ✅ Trade token + sid confirmed and set on client (scope=['Trade'])
2026-06-10 12:00:36 [INFO] core.order_executor: 📋 PRE-ORDER CONFIG DUMP (SL-M) | host=PROD | access_token=SET | edit_token=SET | edit_sid=37104f33-534d-4ec1-a556-c8d7331d3cda | serverId=7bfac81f-1d10-46f8-b447-dabc0329bccf | base_url=https://e41.kotaksecurities.com
2026-06-10 12:00:38 [ERROR] core.order_verifier: Order 260610000253462 rejected: 16283 : Order price is not a multiple of tick size  
2026-06-10 12:00:38 [ERROR] core.order_executor: ❌ SL Recovery Order rejected by broker! Backing off...
2026-06-10 12:01:38 [INFO] core.state_manager: [BRIEFING] Loading from data/session_briefing.json...
2026-06-10 12:01:38 [INFO] core.state_manager: [BRIEFING] Loaded Valid: 8 approved + 22 watchlist (MORNING_SCREENER)
2026-06-10 12:01:45 [INFO] core.strategy: ─── Scan summary (30 subscribed) ───
  [Cognition] SUNPHARMA: ticks=436 | live_candles=5
  [Cognition] DIVISLAB: ticks=233 | live_candles=5
  [Cognition] TATASTEEL: ticks=703 | live_candles=5
  [Cognition] SBIN: ticks=744 | live_candles=5
  [Cognition] TITAN: ticks=365 | live_candles=5
  [Cognition] RELIANCE: ticks=821 | live_candles=5
  [Cognition] NTPC: ticks=475 | live_candles=5
  [Cognition] HDFCLIFE: ticks=267 | live_candles=5
  [Math] ICICIBANK: ticks=946 | live_candles=5
  [Math] APOLLOHOSP: ticks=278 | live_candles=5
  [Math] TCS: ticks=532 | live_candles=5
  [Math] HDFCBANK: ticks=822 | live_candles=5
  [Math] INFY: ticks=615 | live_candles=5
  [Math] HINDUNILVR: ticks=490 | live_candles=5
  [Math] ITC: ticks=912 | live_candles=5
  [Math] BHARTIARTL: ticks=648 | live_candles=5
  [Math] LT: ticks=524 | live_candles=5
  [Math] HCLTECH: ticks=321 | live_candles=5
  [Math] MARUTI: ticks=339 | live_candles=5
  [Math] WIPRO: ticks=458 | live_candles=5
  [Math] NESTLEIND: ticks=282 | live_candles=5
  [Math] BAJAJFINSV: ticks=263 | live_candles=5
  [Math] DRREDDY: ticks=103 | live_candles=5
  [Math] EICHERMOT: ticks=202 | live_candles=5
  [Math] HEROMOTOCO: ticks=252 | live_candles=5
  [Math] HINDALCO: ticks=542 | live_candles=5
  [Math] JSWSTEEL: ticks=421 | live_candles=5
  [Math] M&M: ticks=591 | live_candles=5
  [Math] SBILIFE: ticks=190 | live_candles=5
  [Math] TATACONSUM: ticks=256 | live_candles=5
2026-06-10 12:01:51 [INFO] core.data_fetcher: 📡 Live feed | ticks received: 30/30 symbols | active=['SUNPHARMA', 'DIVISLAB', 'TATASTEEL', 'SBIN', 'TITAN', 'RELIANCE', 'NTPC', 'HDFCLIFE']...
2026-06-10 12:02:39 [INFO] core.state_manager: [BRIEFING] Loading from data/session_briefing.json...
2026-06-10 12:02:39 [INFO] core.state_manager: [BRIEFING] Loaded Valid: 8 approved + 22 watchlist (MORNING_SCREENER)
2026-06-10 12:03:15 [INFO] core.strategy: ─── Scan summary (30 subscribed) ───
  [Cognition] SUNPHARMA: ticks=481 | live_candles=5
  [Cognition] DIVISLAB: ticks=266 | live_candles=5
  [Cognition] TATASTEEL: ticks=760 | live_candles=5
  [Cognition] SBIN: ticks=808 | live_candles=5
  [Cognition] TITAN: ticks=385 | live_candles=5
  [Cognition] RELIANCE: ticks=894 | live_candles=5
  [Cognition] NTPC: ticks=514 | live_candles=5
  [Cognition] HDFCLIFE: ticks=287 | live_candles=5
  [Math] ICICIBANK: ticks=1014 | live_candles=5
  [Math] APOLLOHOSP: ticks=302 | live_candles=5
  [Math] TCS: ticks=574 | live_candles=5
  [Math] HDFCBANK: ticks=898 | live_candles=5
  [Math] INFY: ticks=656 | live_candles=5
  [Math] HINDUNILVR: ticks=547 | live_candles=5
  [Math] ITC: ticks=981 | live_candles=5
  [Math] BHARTIARTL: ticks=695 | live_candles=5
  [Math] LT: ticks=567 | live_candles=5
  [Math] HCLTECH: ticks=349 | live_candles=5
  [Math] MARUTI: ticks=359 | live_candles=5
  [Math] WIPRO: ticks=509 | live_candles=5
  [Math] NESTLEIND: ticks=303 | live_candles=5
  [Math] BAJAJFINSV: ticks=289 | live_candles=5
  [Math] DRREDDY: ticks=115 | live_candles=5
  [Math] EICHERMOT: ticks=218 | live_candles=5
  [Math] HEROMOTOCO: ticks=272 | live_candles=5
  [Math] HINDALCO: ticks=575 | live_candles=5
  [Math] JSWSTEEL: ticks=443 | live_candles=5
  [Math] M&M: ticks=631 | live_candles=5
  [Math] SBILIFE: ticks=200 | live_candles=5
  [Math] TATACONSUM: ticks=275 | live_candles=5
2026-06-10 12:03:40 [INFO] core.state_manager: [BRIEFING] Loading from data/session_briefing.json...
2026-06-10 12:03:40 [INFO] core.state_manager: [BRIEFING] Loaded Valid: 8 approved + 22 watchlist (MORNING_SCREENER)
2026-06-10 12:03:51 [INFO] core.data_fetcher: 📡 Live feed | ticks received: 30/30 symbols | active=['SUNPHARMA', 'DIVISLAB', 'TATASTEEL', 'SBIN', 'TITAN', 'RELIANCE', 'NTPC', 'HDFCLIFE']...
2026-06-10 12:04:36 [WARNING] core.order_executor: 🔄 SL recovery attempt #4 for INFY | Qty: 2 | Trigger: ₹1149.82 | delay_was: 240s
2026-06-10 12:04:36 [INFO] core.order_executor: 🔄 [SL] Starting SL order placement | Symbol: INFY-EQ | Qty: 2 | Software SL: ₹1149.82 | Broker Trigger: ₹1138.3 | Broker Limit: ₹1137.75
2026-06-10 12:04:36 [INFO] core.order_executor: 📋 SL ORDER KWARGS (WILL SEND TO KOTAK):
2026-06-10 12:04:36 [INFO] core.order_executor:     exchange_segment     = nse_cm
2026-06-10 12:04:36 [INFO] core.order_executor:     product              = MIS
2026-06-10 12:04:36 [INFO] core.order_executor:     price                = 1137.75
2026-06-10 12:04:36 [INFO] core.order_executor:     order_type           = SL
2026-06-10 12:04:36 [INFO] core.order_executor:     quantity             = 2
2026-06-10 12:04:36 [INFO] core.order_executor:     validity             = DAY
2026-06-10 12:04:36 [INFO] core.order_executor:     trading_symbol       = INFY-EQ
2026-06-10 12:04:36 [INFO] core.order_executor:     transaction_type     = S
2026-06-10 12:04:36 [INFO] core.order_executor:     amo                  = NO
2026-06-10 12:04:36 [INFO] core.order_executor:     disclosed_quantity   = 0
2026-06-10 12:04:36 [INFO] core.order_executor:     market_protection    = 0
2026-06-10 12:04:36 [INFO] core.order_executor:     pf                   = N
2026-06-10 12:04:36 [INFO] core.order_executor:     trigger_price        = 1138.30
2026-06-10 12:04:36 [INFO] core.order_executor:    ℹ️ If Kotak rejects: Try exchange_segment='NSE' instead of 'nse_cm'
2026-06-10 12:04:36 [INFO] core.order_executor:    ℹ️ If Kotak rejects: Check if product 'MIS' supports SL orders (try 'CNC' if 'MIS' rejected)
2026-06-10 12:04:36 [INFO] core.token_validator: ✅ Trade token + sid confirmed and set on client (scope=['Trade'])
2026-06-10 12:04:36 [INFO] core.order_executor: 📋 PRE-ORDER CONFIG DUMP (SL-M) | host=PROD | access_token=SET | edit_token=SET | edit_sid=37104f33-534d-4ec1-a556-c8d7331d3cda | serverId=7bfac81f-1d10-46f8-b447-dabc0329bccf | base_url=https://e41.kotaksecurities.com
2026-06-10 12:04:38 [ERROR] core.order_verifier: Order 260610000257771 rejected: 16283 : Order price is not a multiple of tick size  
2026-06-10 12:04:38 [ERROR] core.order_executor: ❌ SL Recovery Order rejected by broker! Backing off...
2026-06-10 12:04:41 [INFO] core.state_manager: [BRIEFING] Loading from data/session_briefing.json...
2026-06-10 12:04:41 [INFO] core.state_manager: [BRIEFING] Loaded Valid: 8 approved + 22 watchlist (MORNING_SCREENER)
2026-06-10 12:04:45 [INFO] core.strategy: ─── Scan summary (30 subscribed) ───
  [Cognition] SUNPHARMA: ticks=514 | live_candles=5
  [Cognition] DIVISLAB: ticks=290 | live_candles=5
  [Cognition] TATASTEEL: ticks=816 | live_candles=5
  [Cognition] SBIN: ticks=869 | live_candles=5
  [Cognition] TITAN: ticks=439 | live_candles=5
  [Cognition] RELIANCE: ticks=980 | live_candles=5
  [Cognition] NTPC: ticks=553 | live_candles=5
  [Cognition] HDFCLIFE: ticks=302 | live_candles=5
  [Math] ICICIBANK: ticks=1086 | live_candles=5
  [Math] APOLLOHOSP: ticks=321 | live_candles=5
  [Math] TCS: ticks=617 | live_candles=5
  [Math] HDFCBANK: ticks=964 | live_candles=5
  [Math] INFY: ticks=683 | live_candles=5
  [Math] HINDUNILVR: ticks=589 | live_candles=5
  [Math] ITC: ticks=1051 | live_candles=5
  [Math] BHARTIARTL: ticks=729 | live_candles=5
  [Math] LT: ticks=613 | live_candles=5
  [Math] HCLTECH: ticks=378 | live_candles=5
  [Math] MARUTI: ticks=385 | live_candles=5
  [Math] WIPRO: ticks=545 | live_candles=5
  [Math] NESTLEIND: ticks=320 | live_candles=5
  [Math] BAJAJFINSV: ticks=302 | live_candles=5
  [Math] DRREDDY: ticks=125 | live_candles=5
  [Math] EICHERMOT: ticks=236 | live_candles=5
  [Math] HEROMOTOCO: ticks=291 | live_candles=5
  [Math] HINDALCO: ticks=606 | live_candles=5
  [Math] JSWSTEEL: ticks=468 | live_candles=5
  [Math] M&M: ticks=670 | live_candles=5
  [Math] SBILIFE: ticks=204 | live_candles=5
  [Math] TATACONSUM: ticks=284 | live_candles=5
2026-06-10 12:05:00 [INFO] core.data_fetcher: 🕯️ Candle closed: TATACONSUM | 2026-06-10 12:00 | O:1114.60 H:1116.60 L:1114.60 C:1116.60 V:47381.0
2026-06-10 12:05:00 [INFO] core.data_fetcher: 🕯️ Candle closed: TATASTEEL | 2026-06-10 12:00 | O:201.72 H:201.89 L:201.51 C:201.61 V:172501.0
2026-06-10 12:05:00 [INFO] core.data_fetcher: 🕯️ Candle closed: APOLLOHOSP | 2026-06-10 12:00 | O:8573.00 H:8587.50 L:8573.00 C:8580.00 V:4823.0
2026-06-10 12:05:00 [INFO] core.data_fetcher: 🕯️ Candle closed: SBIN | 2026-06-10 12:00 | O:1009.75 H:1009.95 L:1008.80 C:1009.15 V:62870.0
2026-06-10 12:05:00 [INFO] core.data_fetcher: 🕯️ Candle closed: WIPRO | 2026-06-10 12:00 | O:181.25 H:181.26 L:181.01 C:181.14 V:109863.0
2026-06-10 12:05:00 [INFO] core.data_fetcher: 🕯️ Candle closed: HCLTECH | 2026-06-10 12:00 | O:1147.70 H:1148.00 L:1145.60 C:1146.50 V:17443.0
2026-06-10 12:05:00 [INFO] core.data_fetcher: 🕯️ Candle closed: HDFCLIFE | 2026-06-10 12:00 | O:561.00 H:561.10 L:560.75 C:560.80 V:7507.0
2026-06-10 12:05:00 [INFO] core.data_fetcher: 🕯️ Candle closed: HINDUNILVR | 2026-06-10 12:00 | O:2191.00 H:2192.00 L:2187.70 C:2189.40 V:23813.0
2026-06-10 12:05:00 [INFO] core.data_fetcher: 🕯️ Candle closed: ICICIBANK | 2026-06-10 12:00 | O:1303.50 H:1304.00 L:1301.10 C:1301.20 V:235472.0
2026-06-10 12:05:00 [INFO] core.data_fetcher: 🕯️ Candle closed: HDFCBANK | 2026-06-10 12:00 | O:743.00 H:743.30 L:742.05 C:742.65 V:228580.0
2026-06-10 12:05:00 [INFO] core.data_fetcher: 🕯️ Candle closed: INFY | 2026-06-10 12:00 | O:1157.20 H:1157.30 L:1154.60 C:1155.30 V:30596.0
2026-06-10 12:05:00 [INFO] core.data_fetcher: 🕯️ Candle closed: NTPC | 2026-06-10 12:00 | O:356.45 H:356.45 L:356.00 C:356.00 V:42589.0
2026-06-10 12:05:00 [INFO] core.data_fetcher: 🕯️ Candle closed: ITC | 2026-06-10 12:00 | O:284.30 H:284.40 L:284.15 C:284.30 V:82548.0
2026-06-10 12:05:00 [INFO] core.data_fetcher: 🕯️ Candle closed: LT | 2026-06-10 12:00 | O:3945.90 H:3948.00 L:3942.10 C:3942.50 V:10965.0
2026-06-10 12:05:00 [INFO] core.data_fetcher: 🕯️ Candle closed: JSWSTEEL | 2026-06-10 12:00 | O:1286.80 H:1288.00 L:1286.20 C:1287.40 V:19222.0
2026-06-10 12:05:01 [INFO] core.data_fetcher: 🕯️ Candle closed: RELIANCE | 2026-06-10 12:00 | O:1277.00 H:1277.00 L:1274.30 C:1276.00 V:177809.0
2026-06-10 12:05:01 [INFO] core.data_fetcher: 🕯️ Candle closed: BAJAJFINSV | 2026-06-10 12:00 | O:1694.50 H:1695.00 L:1690.00 C:1690.90 V:2351.0
2026-06-10 12:05:01 [INFO] core.data_fetcher: 🕯️ Candle closed: HEROMOTOCO | 2026-06-10 12:00 | O:4906.50 H:4911.00 L:4902.10 C:4905.00 V:3192.0
2026-06-10 12:05:02 [INFO] core.data_fetcher: 🕯️ Candle closed: M&M | 2026-06-10 12:00 | O:2983.00 H:2985.60 L:2982.00 C:2983.00 V:18631.0
2026-06-10 12:05:02 [INFO] core.data_fetcher: 🕯️ Candle closed: TITAN | 2026-06-10 12:00 | O:4087.80 H:4091.20 L:4077.70 C:4080.20 V:14686.0
2026-06-10 12:05:02 [INFO] core.data_fetcher: 🕯️ Candle closed: BHARTIARTL | 2026-06-10 12:00 | O:1791.90 H:1792.60 L:1789.30 C:1789.70 V:46898.0
2026-06-10 12:05:02 [INFO] core.data_fetcher: 🕯️ Candle closed: SUNPHARMA | 2026-06-10 12:00 | O:1792.00 H:1792.30 L:1789.70 C:1789.70 V:12225.0
2026-06-10 12:05:02 [INFO] core.data_fetcher: 🕯️ Candle closed: SBILIFE | 2026-06-10 12:00 | O:1766.30 H:1766.40 L:1765.00 C:1765.10 V:1542.0
2026-06-10 12:05:02 [INFO] core.data_fetcher: 🕯️ Candle closed: TCS | 2026-06-10 12:00 | O:2168.50 H:2168.80 L:2166.50 C:2167.30 V:25395.0
2026-06-10 12:05:02 [INFO] core.data_fetcher: 🕯️ Candle closed: NESTLEIND | 2026-06-10 12:00 | O:1442.00 H:1442.80 L:1441.40 C:1441.50 V:12204.0
2026-06-10 12:05:04 [INFO] core.data_fetcher: 🕯️ Candle closed: DIVISLAB | 2026-06-10 12:00 | O:6789.50 H:6789.50 L:6762.50 C:6765.50 V:5704.0
2026-06-10 12:05:04 [INFO] core.data_fetcher: 🕯️ Candle closed: MARUTI | 2026-06-10 12:00 | O:13174.00 H:13190.00 L:13171.00 C:13172.00 V:1754.0
2026-06-10 12:05:05 [INFO] core.data_fetcher: 🕯️ Candle closed: EICHERMOT | 2026-06-10 12:00 | O:7231.00 H:7234.50 L:7228.50 C:7229.50 V:3208.0
2026-06-10 12:05:10 [INFO] core.data_fetcher: 🕯️ Candle closed: HINDALCO | 2026-06-10 12:00 | O:1053.50 H:1054.40 L:1052.30 C:1052.30 V:49947.0
2026-06-10 12:05:14 [INFO] core.data_fetcher: 🕯️ Candle closed: DRREDDY | 2026-06-10 12:00 | O:1276.20 H:1276.30 L:1274.50 C:1274.70 V:12237.0
2026-06-10 12:05:43 [INFO] core.state_manager: [BRIEFING] Loading from data/session_briefing.json...
2026-06-10 12:05:43 [INFO] core.state_manager: [BRIEFING] Loaded Valid: 8 approved + 22 watchlist (MORNING_SCREENER)
2026-06-10 12:05:51 [INFO] core.data_fetcher: 📡 Live feed | ticks received: 30/30 symbols | active=['SUNPHARMA', 'DIVISLAB', 'TATASTEEL', 'SBIN', 'TITAN', 'RELIANCE', 'NTPC', 'HDFCLIFE']...
